"Nome","Ocorrencias","Caminhos"
"page.js","12","C:\valente_conecta\.next\server\app\admin-master\cozinha-chef\estoque\page.js | C:\valente_conecta\.next\server\app\admin-master\cozinha-chef\preview\page.js | C:\valente_conecta\.next\server\app\admin-master\cozinha-chef\receitas\page.js | C:\valente_conecta\.next\server\app\admin-master\page.js | C:\valente_conecta\.next\server\app\cozinha\page.js | C:\valente_conecta\.next\server\app\_not-found\page.js | C:\valente_conecta\.next\static\chunks\app\admin-master\cozinha-chef\estoque\page.js | C:\valente_conecta\.next\static\chunks\app\admin-master\cozinha-chef\preview\page.js | C:\valente_conecta\.next\static\chunks\app\admin-master\cozinha-chef\receitas\page.js | C:\valente_conecta\.next\static\chunks\app\admin-master\page.js | C:\valente_conecta\.next\static\chunks\app\cozinha\page.js | C:\valente_conecta\.next\static\chunks\app\_not-found\page.js"
"page_client-reference-manifest.js","6","C:\valente_conecta\.next\server\app\admin-master\cozinha-chef\estoque\page_client-reference-manifest.js | C:\valente_conecta\.next\server\app\admin-master\cozinha-chef\preview\page_client-reference-manifest.js | C:\valente_conecta\.next\server\app\admin-master\cozinha-chef\receitas\page_client-reference-manifest.js | C:\valente_conecta\.next\server\app\admin-master\page_client-reference-manifest.js | C:\valente_conecta\.next\server\app\cozinha\page_client-reference-manifest.js | C:\valente_conecta\.next\server\app\_not-found\page_client-reference-manifest.js"
"route.js","10","C:\valente_conecta\.next\server\app\api\cozinha\cardapio\route.js | C:\valente_conecta\.next\server\app\api\cozinha\estoque\route.js | C:\valente_conecta\.next\server\app\api\cozinha\receitas\route.js | C:\valente_conecta\.next\server\app\api\cozinha\recipes\route.js | C:\valente_conecta\.next\server\app\api\moeda-conecta\transactions\route.js | C:\valente_conecta\.next\server\app\api\mototaxi\route.js | C:\valente_conecta\.next\server\app\api\planos-config\route.js | C:\valente_conecta\.next\server\app\api\profissionais\route.js | C:\valente_conecta\node_modules\lucide-react\dist\esm\icons\route.js | C:\valente_conecta\node_modules\router\lib\route.js"
"lucide-react.js","4","C:\valente_conecta\.next\server\vendor-chunks\lucide-react.js | C:\valente_conecta\node_modules\lucide-react\dist\cjs\lucide-react.js | C:\valente_conecta\node_modules\lucide-react\dist\esm\lucide-react.js | C:\valente_conecta\node_modules\lucide-react\dist\umd\lucide-react.js"
"next.js","7","C:\valente_conecta\.next\server\vendor-chunks\next.js | C:\valente_conecta\node_modules\lodash\fp\next.js | C:\valente_conecta\node_modules\lodash\next.js | C:\valente_conecta\node_modules\next\dist\client\next.js | C:\valente_conecta\node_modules\next\dist\esm\client\next.js | C:\valente_conecta\node_modules\next\dist\esm\server\next.js | C:\valente_conecta\node_modules\next\dist\server\next.js"
"tslib.js","2","C:\valente_conecta\.next\server\vendor-chunks\tslib.js | C:\valente_conecta\node_modules\tslib\tslib.js"
"middleware.js","5","C:\valente_conecta\.next\server\middleware.js | C:\valente_conecta\node_modules\next\dist\build\templates\middleware.js | C:\valente_conecta\node_modules\next\dist\client\components\react-dev-overlay\server\middleware.js | C:\valente_conecta\node_modules\next\dist\esm\build\templates\middleware.js | C:\valente_conecta\node_modules\next\dist\esm\client\components\react-dev-overlay\server\middleware.js"
"layout.js","3","C:\valente_conecta\.next\static\chunks\app\admin-master\layout.js | C:\valente_conecta\.next\static\chunks\app\layout.js | C:\valente_conecta\node_modules\lucide-react\dist\esm\icons\layout.js"
"polyfills.js","4","C:\valente_conecta\.next\static\chunks\polyfills.js | C:\valente_conecta\node_modules\@supabase\auth-js\dist\main\lib\polyfills.js | C:\valente_conecta\node_modules\@supabase\auth-js\dist\module\lib\polyfills.js | C:\valente_conecta\node_modules\graceful-fs\polyfills.js"
"webpack.js","5","C:\valente_conecta\.next\static\chunks\webpack.js | C:\valente_conecta\node_modules\next\dist\client\webpack.js | C:\valente_conecta\node_modules\next\dist\compiled\webpack\webpack.js | C:\valente_conecta\node_modules\next\dist\esm\client\webpack.js | C:\valente_conecta\node_modules\styled-jsx\webpack.js"
"page.ts","6","C:\valente_conecta\.next\types\app\admin-master\cozinha-chef\estoque\page.ts | C:\valente_conecta\.next\types\app\admin-master\cozinha-chef\preview\page.ts | C:\valente_conecta\.next\types\app\admin-master\cozinha-chef\receitas\page.ts | C:\valente_conecta\.next\types\app\admin-master\dashboard\page.ts | C:\valente_conecta\.next\types\app\admin-master\page.ts | C:\valente_conecta\.next\types\app\cozinha\page.ts"
"layout.ts","2","C:\valente_conecta\.next\types\app\admin-master\layout.ts | C:\valente_conecta\.next\types\app\layout.ts"
"route.ts","70","C:\valente_conecta\.next\types\app\api\cozinha\cardapio\route.ts | C:\valente_conecta\.next\types\app\api\cozinha\estoque\route.ts | C:\valente_conecta\.next\types\app\api\cozinha\receitas\route.ts | C:\valente_conecta\.next\types\app\api\cozinha\recipes\route.ts | C:\valente_conecta\.next\types\app\api\moeda-conecta\transactions\route.ts | C:\valente_conecta\.next\types\app\api\mototaxi\route.ts | C:\valente_conecta\.next\types\app\api\planos-config\route.ts | C:\valente_conecta\.next\types\app\api\profissionais\route.ts | C:\valente_conecta\app\api\academia\route.ts | C:\valente_conecta\app\api\admin\cambio\route.ts | C:\valente_conecta\app\api\admin\cidades\route.ts | C:\valente_conecta\app\api\admin\demandas-busca\route.ts | C:\valente_conecta\app\api\admin\ingredients\route.ts | C:\valente_conecta\app\api\admin\menu\route.ts | C:\valente_conecta\app\api\admin\purchases\route.ts | C:\valente_conecta\app\api\admin\recipes\route.ts | C:\valente_conecta\app\api\admin\suppliers\route.ts | C:\valente_conecta\app\api\agua-gas\route.ts | C:\valente_conecta\app\api\auth\route.ts | C:\valente_conecta\app\api\beneficios\route.ts | C:\valente_conecta\app\api\busca\route.ts | C:\valente_conecta\app\api\cambio\route.ts | C:\valente_conecta\app\api\comercio\route.ts | C:\valente_conecta\app\api\configuracoes\route.ts | C:\valente_conecta\app\api\cozinha\cardapio\route.ts | C:\valente_conecta\app\api\cozinha\estoque\[id]\route.ts | C:\valente_conecta\app\api\cozinha\estoque\route.ts | C:\valente_conecta\app\api\cozinha\financeiro\[id]\route.ts | C:\valente_conecta\app\api\cozinha\financeiro\route.ts | C:\valente_conecta\app\api\cozinha\receitas\[id]\route.ts | C:\valente_conecta\app\api\cozinha\receitas\route.ts | C:\valente_conecta\app\api\cozinha\recipes\route.ts | C:\valente_conecta\app\api\grupos\route.ts | C:\valente_conecta\app\api\ia\route.ts | C:\valente_conecta\app\api\ip-local\route.ts | C:\valente_conecta\app\api\moeda-conecta\transactions\route.ts | C:\valente_conecta\app\api\mototaxi\route.ts | C:\valente_conecta\app\api\notificacoes\enqueue\route.ts | C:\valente_conecta\app\api\notificacoes\route.ts | C:\valente_conecta\app\api\pagamentos\route.ts | C:\valente_conecta\app\api\planos-config\route.ts | C:\valente_conecta\app\api\profissionais\agendamentos\route.ts | C:\valente_conecta\app\api\profissionais\route.ts | C:\valente_conecta\app\api\push\send\route.ts | C:\valente_conecta\app\api\referrals\config\route.ts | C:\valente_conecta\app\api\referrals\payout-requests\route.ts | C:\valente_conecta\app\api\servicos\route.ts | C:\valente_conecta\app\api\telegram\send\route.ts | C:\valente_conecta\app\api\transacoes\route.ts | C:\valente_conecta\app\api\transferencia\receber\route.ts | C:\valente_conecta\app\api\upload\recipe\route.ts | C:\valente_conecta\app\api\upload\route.ts | C:\valente_conecta\app\api\user\access\from-token\route.ts | C:\valente_conecta\app\api\user\access\route.ts | C:\valente_conecta\app\api\webhooks\mercadopago\route.ts | C:\valente_conecta\backup_routes_2026-07-16_09-48\app\api\cozinha\cardapio\route.ts | C:\valente_conecta\backup_routes_2026-07-16_09-48\app\api\cozinha\compras\route.ts | C:\valente_conecta\backup_routes_2026-07-16_09-48\app\api\cozinha\compras-requests\route.ts | C:\valente_conecta\backup_routes_2026-07-16_09-48\app\api\cozinha\estoque\route.ts | C:\valente_conecta\backup_routes_2026-07-16_09-48\app\api\cozinha\financeiro\route.ts | C:\valente_conecta\backup_routes_2026-07-16_09-48\app\api\cozinha\fornecedores\route.ts | C:\valente_conecta\backup_routes_2026-07-16_09-48\app\api\cozinha\ingredients\route.ts | C:\valente_conecta\backup_routes_2026-07-16_09-48\app\api\cozinha\pedidos\route.ts | C:\valente_conecta\backup_routes_2026-07-16_09-48\app\api\cozinha\pratos\route.ts | C:\valente_conecta\backup_routes_2026-07-16_09-48\app\api\cozinha\producao\route.ts | C:\valente_conecta\backup_routes_2026-07-16_09-48\app\api\cozinha\receitas\route.ts | C:\valente_conecta\backup_routes_2026-07-16_09-48\app\api\cozinha\recipe-items\route.ts | C:\valente_conecta\backup_routes_2026-07-16_09-48\app\api\cozinha\recipes\route.ts | C:\valente_conecta\backup_routes_2026-07-16_09-48\app\api\cozinha\stock-movements\route.ts | C:\valente_conecta\backup_routes_2026-07-16_09-48\app\api\cozinha\upload\route.ts"
"page.tsx","315","C:\valente_conecta\app\academia\academia-local\page.tsx | C:\valente_conecta\app\academia\biblioteca\page.tsx | C:\valente_conecta\app\academia\cadastro-inicial\page.tsx | C:\valente_conecta\app\academia\dashboard\page.tsx | C:\valente_conecta\app\academia\esportes\page.tsx | C:\valente_conecta\app\academia\historico-carga\page.tsx | C:\valente_conecta\app\academia\ia\page.tsx | C:\valente_conecta\app\academia\perfil\page.tsx | C:\valente_conecta\app\academia\page.tsx | C:\valente_conecta\app\acesso-expirado\page.tsx | C:\valente_conecta\app\admin\academia\page.tsx | C:\valente_conecta\app\admin\beneficios\page.tsx | C:\valente_conecta\app\admin\comercio\page.tsx | C:\valente_conecta\app\admin\configuracoes\cambio\page.tsx | C:\valente_conecta\app\admin\configuracoes\notificacoes\page.tsx | C:\valente_conecta\app\admin\configuracoes\page.tsx | C:\valente_conecta\app\admin\dashboard\page.tsx | C:\valente_conecta\app\admin\demandas\page.tsx | C:\valente_conecta\app\admin\financeiro\page.tsx | C:\valente_conecta\app\admin\financeiro-pessoal\categorias\page.tsx | C:\valente_conecta\app\admin\financeiro-pessoal\configuracoes\page.tsx | C:\valente_conecta\app\admin\financeiro-pessoal\contas-pagar\page.tsx | C:\valente_conecta\app\admin\financeiro-pessoal\contas-receber\page.tsx | C:\valente_conecta\app\admin\financeiro-pessoal\extrato\page.tsx | C:\valente_conecta\app\admin\financeiro-pessoal\relatorios\page.tsx | C:\valente_conecta\app\admin\financeiro-pessoal\transacoes\page.tsx | C:\valente_conecta\app\admin\financeiro-pessoal\page.tsx | C:\valente_conecta\app\admin\ia\page.tsx | C:\valente_conecta\app\admin\mototaxi\page.tsx | C:\valente_conecta\app\admin\notificacoes\page.tsx | C:\valente_conecta\app\admin\planos\page.tsx | C:\valente_conecta\app\admin\servicos\page.tsx | C:\valente_conecta\app\admin\servicos-pagos\page.tsx | C:\valente_conecta\app\admin\sync\page.tsx | C:\valente_conecta\app\admin\usuarios\page.tsx | C:\valente_conecta\app\admin\page.tsx | C:\valente_conecta\app\admin-master\academia\aluno\page.tsx | C:\valente_conecta\app\admin-master\academia\crossfit\page.tsx | C:\valente_conecta\app\admin-master\academia\danca\page.tsx | C:\valente_conecta\app\admin-master\academia\empresa\page.tsx | C:\valente_conecta\app\admin-master\academia\funcional\page.tsx | C:\valente_conecta\app\admin-master\academia\personal\page.tsx | C:\valente_conecta\app\admin-master\academia\page.tsx | C:\valente_conecta\app\admin-master\academia-master\page.tsx | C:\valente_conecta\app\admin-master\agro\agropecuaria\page.tsx | C:\valente_conecta\app\admin-master\agro\ferramentas\page.tsx | C:\valente_conecta\app\admin-master\agro\insumos\page.tsx | C:\valente_conecta\app\admin-master\agro\irrigacao\page.tsx | C:\valente_conecta\app\admin-master\agro\produtos\page.tsx | C:\valente_conecta\app\admin-master\agro\racao\page.tsx | C:\valente_conecta\app\admin-master\agro\sisal\page.tsx | C:\valente_conecta\app\admin-master\agro\veterinario\page.tsx | C:\valente_conecta\app\admin-master\agro\page.tsx | C:\valente_conecta\app\admin-master\agua-gas\page.tsx | C:\valente_conecta\app\admin-master\alimentacao\acai\page.tsx | C:\valente_conecta\app\admin-master\alimentacao\cafeterias\page.tsx | C:\valente_conecta\app\admin-master\alimentacao\churrascarias\page.tsx | C:\valente_conecta\app\admin-master\alimentacao\delivery\page.tsx | C:\valente_conecta\app\admin-master\alimentacao\espetinhos\page.tsx | C:\valente_conecta\app\admin-master\alimentacao\fitness\page.tsx | C:\valente_conecta\app\admin-master\alimentacao\hamburguerias\page.tsx | C:\valente_conecta\app\admin-master\alimentacao\lanchonetes\page.tsx | C:\valente_conecta\app\admin-master\alimentacao\padarias\page.tsx | C:\valente_conecta\app\admin-master\alimentacao\pizzarias\page.tsx | C:\valente_conecta\app\admin-master\alimentacao\regional\page.tsx | C:\valente_conecta\app\admin-master\alimentacao\restaurantes\page.tsx | C:\valente_conecta\app\admin-master\alimentacao\[id]\page.tsx | C:\valente_conecta\app\admin-master\alimentacao\page.tsx | C:\valente_conecta\app\admin-master\automotivo\borracharia\page.tsx | C:\valente_conecta\app\admin-master\automotivo\eletrica\page.tsx | C:\valente_conecta\app\admin-master\automotivo\lava-jato\page.tsx | C:\valente_conecta\app\admin-master\automotivo\motos\page.tsx | C:\valente_conecta\app\admin-master\automotivo\oficina\page.tsx | C:\valente_conecta\app\admin-master\automotivo\pecas\page.tsx | C:\valente_conecta\app\admin-master\automotivo\som\page.tsx | C:\valente_conecta\app\admin-master\automotivo\page.tsx | C:\valente_conecta\app\admin-master\beleza\barbearia\page.tsx | C:\valente_conecta\app\admin-master\beleza\corporal\page.tsx | C:\valente_conecta\app\admin-master\beleza\cosmeticos\page.tsx | C:\valente_conecta\app\admin-master\beleza\facial\page.tsx | C:\valente_conecta\app\admin-master\beleza\manicure\page.tsx | C:\valente_conecta\app\admin-master\beleza\maquiagem\page.tsx | C:\valente_conecta\app\admin-master\beleza\perfumaria\page.tsx | C:\valente_conecta\app\admin-master\beleza\salao\page.tsx | C:\valente_conecta\app\admin-master\beleza\page.tsx | C:\valente_conecta\app\admin-master\bonus\page.tsx | C:\valente_conecta\app\admin-master\cardapio\compras\lista-compras\page.tsx | C:\valente_conecta\app\admin-master\cardapio\compras\page.tsx | C:\valente_conecta\app\admin-master\cardapio\configuracao\page.tsx | C:\valente_conecta\app\admin-master\cardapio\extrato-compras\page.tsx | C:\valente_conecta\app\admin-master\cardapio\pratos\page.tsx | C:\valente_conecta\app\admin-master\cardapio\page.tsx | C:\valente_conecta\app\admin-master\comercio\page.tsx | C:\valente_conecta\app\admin-master\components\page.tsx | C:\valente_conecta\app\admin-master\configuracoes\bonus\page.tsx | C:\valente_conecta\app\admin-master\configuracoes\planos-home\page.tsx | C:\valente_conecta\app\admin-master\configuracoes\page.tsx | C:\valente_conecta\app\admin-master\configuracoes-imoveis\page.tsx | C:\valente_conecta\app\admin-master\construcao\eletricista\page.tsx | C:\valente_conecta\app\admin-master\construcao\encanador\page.tsx | C:\valente_conecta\app\admin-master\construcao\marceneiro\page.tsx | C:\valente_conecta\app\admin-master\construcao\pedreiro\page.tsx | C:\valente_conecta\app\admin-master\construcao\pintor\page.tsx | C:\valente_conecta\app\admin-master\construcao\page.tsx | C:\valente_conecta\app\admin-master\contatos\page.tsx | C:\valente_conecta\app\admin-master\cozinha-admin\page.tsx | C:\valente_conecta\app\admin-master\cozinha-chef\compras\page.tsx | C:\valente_conecta\app\admin-master\cozinha-chef\estoque\page.tsx | C:\valente_conecta\app\admin-master\cozinha-chef\financeiro\page.tsx | C:\valente_conecta\app\admin-master\cozinha-chef\movimentacoes\page.tsx | C:\valente_conecta\app\admin-master\cozinha-chef\preview\page.tsx | C:\valente_conecta\app\admin-master\cozinha-chef\receitas\page.tsx | C:\valente_conecta\app\admin-master\cozinha-chef\page.tsx | C:\valente_conecta\app\admin-master\dashboard\page.tsx | C:\valente_conecta\app\admin-master\dashboard-graficos\page.tsx | C:\valente_conecta\app\admin-master\dashboard-inteligente\control-center\page.tsx | C:\valente_conecta\app\admin-master\dashboard-inteligente\page.tsx | C:\valente_conecta\app\admin-master\dashboard-metricas\page.tsx | C:\valente_conecta\app\admin-master\educacao\cursos\page.tsx | C:\valente_conecta\app\admin-master\educacao\escolas\page.tsx | C:\valente_conecta\app\admin-master\educacao\idiomas\page.tsx | C:\valente_conecta\app\admin-master\educacao\informatica\page.tsx | C:\valente_conecta\app\admin-master\educacao\musica\page.tsx | C:\valente_conecta\app\admin-master\educacao\reforco\page.tsx | C:\valente_conecta\app\admin-master\educacao\page.tsx | C:\valente_conecta\app\admin-master\em-construcao\page.tsx | C:\valente_conecta\app\admin-master\estoque\page.tsx | C:\valente_conecta\app\admin-master\eventos\buffet\page.tsx | C:\valente_conecta\app\admin-master\eventos\convites\page.tsx | C:\valente_conecta\app\admin-master\eventos\decoracao\page.tsx | C:\valente_conecta\app\admin-master\eventos\espacos\page.tsx | C:\valente_conecta\app\admin-master\eventos\eventos\page.tsx | C:\valente_conecta\app\admin-master\eventos\filme\page.tsx | C:\valente_conecta\app\admin-master\eventos\foto\page.tsx | C:\valente_conecta\app\admin-master\eventos\som\page.tsx | C:\valente_conecta\app\admin-master\eventos\page.tsx | C:\valente_conecta\app\admin-master\fabrica-videos\page.tsx | C:\valente_conecta\app\admin-master\ferramentas\fabrica-videos\page.tsx | C:\valente_conecta\app\admin-master\ferramentas\page.tsx | C:\valente_conecta\app\admin-master\financeiro\consultoria\page.tsx | C:\valente_conecta\app\admin-master\financeiro\contabilidade\page.tsx | C:\valente_conecta\app\admin-master\financeiro\corresp\page.tsx | C:\valente_conecta\app\admin-master\financeiro\emprestimos\page.tsx | C:\valente_conecta\app\admin-master\financeiro\seguros\page.tsx | C:\valente_conecta\app\admin-master\financeiro\page.tsx | C:\valente_conecta\app\admin-master\financeiro-pessoal\transacoes\page.tsx | C:\valente_conecta\app\admin-master\financeiro-pessoal\page.tsx | C:\valente_conecta\app\admin-master\gerenciar-transportes\page.tsx | C:\valente_conecta\app\admin-master\graficos\page.tsx | C:\valente_conecta\app\admin-master\ia\page.tsx | C:\valente_conecta\app\admin-master\imovel\aluguel\page.tsx | C:\valente_conecta\app\admin-master\imovel\dormitorio\page.tsx | C:\valente_conecta\app\admin-master\imovel\hotel\page.tsx | C:\valente_conecta\app\admin-master\imovel\pousada\page.tsx | C:\valente_conecta\app\admin-master\imovel\venda\page.tsx | C:\valente_conecta\app\admin-master\imovel\page.tsx | C:\valente_conecta\app\admin-master\instalador\page.tsx | C:\valente_conecta\app\admin-master\lista-compra\page.tsx | C:\valente_conecta\app\admin-master\login\page.tsx | C:\valente_conecta\app\admin-master\lojas\page.tsx | C:\valente_conecta\app\admin-master\maquinas\andaime\page.tsx | C:\valente_conecta\app\admin-master\maquinas\betoneira\page.tsx | C:\valente_conecta\app\admin-master\maquinas\rompedor\page.tsx | C:\valente_conecta\app\admin-master\maquinas\trator\page.tsx | C:\valente_conecta\app\admin-master\maquinas\page.tsx | C:\valente_conecta\app\admin-master\marketing\page.tsx | C:\valente_conecta\app\admin-master\marmita\bolos\page.tsx | C:\valente_conecta\app\admin-master\marmita\confeitarias\page.tsx | C:\valente_conecta\app\admin-master\marmita\delicatessen\page.tsx | C:\valente_conecta\app\admin-master\marmita\doces\page.tsx | C:\valente_conecta\app\admin-master\marmita\marmitaria\page.tsx | C:\valente_conecta\app\admin-master\marmita\salgados\page.tsx | C:\valente_conecta\app\admin-master\marmita\page.tsx | C:\valente_conecta\app\admin-master\mensagens\page.tsx | C:\valente_conecta\app\admin-master\mercados\acougues\page.tsx | C:\valente_conecta\app\admin-master\mercados\atacado\page.tsx | C:\valente_conecta\app\admin-master\mercados\conveniencia\page.tsx | C:\valente_conecta\app\admin-master\mercados\distribuidoras\page.tsx | C:\valente_conecta\app\admin-master\mercados\grandes\page.tsx | C:\valente_conecta\app\admin-master\mercados\hortifruti\page.tsx | C:\valente_conecta\app\admin-master\mercados\pequenos\page.tsx | C:\valente_conecta\app\admin-master\mercados\page.tsx | C:\valente_conecta\app\admin-master\metricas\page.tsx | C:\valente_conecta\app\admin-master\metricas-servicos\page.tsx | C:\valente_conecta\app\admin-master\moda-fem\acessorios\page.tsx | C:\valente_conecta\app\admin-master\moda-fem\bolsas\page.tsx | C:\valente_conecta\app\admin-master\moda-fem\calcados\page.tsx | C:\valente_conecta\app\admin-master\moda-fem\fitness\page.tsx | C:\valente_conecta\app\admin-master\moda-fem\infantil\page.tsx | C:\valente_conecta\app\admin-master\moda-fem\intima\page.tsx | C:\valente_conecta\app\admin-master\moda-fem\page.tsx | C:\valente_conecta\app\admin-master\moda-masc\bolsas\page.tsx | C:\valente_conecta\app\admin-master\moda-masc\calcados\page.tsx | C:\valente_conecta\app\admin-master\moda-masc\evangelica\page.tsx | C:\valente_conecta\app\admin-master\moda-masc\infantil\page.tsx | C:\valente_conecta\app\admin-master\moda-masc\intima\page.tsx | C:\valente_conecta\app\admin-master\moda-masc\page.tsx | C:\valente_conecta\app\admin-master\moeda-conecta\transacoes\page.tsx | C:\valente_conecta\app\admin-master\monitor\page.tsx | C:\valente_conecta\app\admin-master\mototaxi\page.tsx | C:\valente_conecta\app\admin-master\pdv-unificado\page.tsx | C:\valente_conecta\app\admin-master\pendentes\page.tsx | C:\valente_conecta\app\admin-master\pet\banho-tosa\page.tsx | C:\valente_conecta\app\admin-master\pet\medicamentos\page.tsx | C:\valente_conecta\app\admin-master\pet\racao\page.tsx | C:\valente_conecta\app\admin-master\pet\shop\page.tsx | C:\valente_conecta\app\admin-master\pet\veterinario\page.tsx | C:\valente_conecta\app\admin-master\pet\page.tsx | C:\valente_conecta\app\admin-master\planos\page.tsx | C:\valente_conecta\app\admin-master\preview\page.tsx | C:\valente_conecta\app\admin-master\producao\page.tsx | C:\valente_conecta\app\admin-master\produtos\page.tsx | C:\valente_conecta\app\admin-master\profissionais\page.tsx | C:\valente_conecta\app\admin-master\relatorios\page.tsx | C:\valente_conecta\app\admin-master\saude\clinicas\page.tsx | C:\valente_conecta\app\admin-master\saude\dentistas\page.tsx | C:\valente_conecta\app\admin-master\saude\farmacias\page.tsx | C:\valente_conecta\app\admin-master\saude\fisioterapia\page.tsx | C:\valente_conecta\app\admin-master\saude\laboratorios\page.tsx | C:\valente_conecta\app\admin-master\saude\nutricionistas\page.tsx | C:\valente_conecta\app\admin-master\saude\oticas\page.tsx | C:\valente_conecta\app\admin-master\saude\psicologos\page.tsx | C:\valente_conecta\app\admin-master\saude\page.tsx | C:\valente_conecta\app\admin-master\servicos\advogado\page.tsx | C:\valente_conecta\app\admin-master\servicos\celular\page.tsx | C:\valente_conecta\app\admin-master\servicos\info\page.tsx | C:\valente_conecta\app\admin-master\servicos\instalacoes\page.tsx | C:\valente_conecta\app\admin-master\servicos\montador\page.tsx | C:\valente_conecta\app\admin-master\servicos\refrigeracao\page.tsx | C:\valente_conecta\app\admin-master\servicos\serralheiro\page.tsx | C:\valente_conecta\app\admin-master\servicos\terapeuta\page.tsx | C:\valente_conecta\app\admin-master\servicos\page.tsx | C:\valente_conecta\app\admin-master\sugestoes\comercios\page.tsx | C:\valente_conecta\app\admin-master\sugestoes\page.tsx | C:\valente_conecta\app\admin-master\tecnologia\assistencia\page.tsx | C:\valente_conecta\app\admin-master\tecnologia\cameras\page.tsx | C:\valente_conecta\app\admin-master\tecnologia\informatica\page.tsx | C:\valente_conecta\app\admin-master\tecnologia\internet\page.tsx | C:\valente_conecta\app\admin-master\tecnologia\loja\page.tsx | C:\valente_conecta\app\admin-master\tecnologia\seguranca\page.tsx | C:\valente_conecta\app\admin-master\tecnologia\page.tsx | C:\valente_conecta\app\admin-master\transporte\entregadores\page.tsx | C:\valente_conecta\app\admin-master\transporte\escolar\page.tsx | C:\valente_conecta\app\admin-master\transporte\frete\page.tsx | C:\valente_conecta\app\admin-master\transporte\guincho\page.tsx | C:\valente_conecta\app\admin-master\transporte\moto-taxi\page.tsx | C:\valente_conecta\app\admin-master\transporte\mudancas\page.tsx | C:\valente_conecta\app\admin-master\transporte\page.tsx | C:\valente_conecta\app\admin-master\usuarios\cidades\page.tsx | C:\valente_conecta\app\admin-master\usuarios\planos\page.tsx | C:\valente_conecta\app\admin-master\usuarios\page.tsx | C:\valente_conecta\app\admin-master\utilidades\agua-gas\page.tsx | C:\valente_conecta\app\admin-master\utilidades\chaveiros\page.tsx | C:\valente_conecta\app\admin-master\utilidades\internet\page.tsx | C:\valente_conecta\app\admin-master\utilidades\page.tsx | C:\valente_conecta\app\admin-master\videos-ia\page.tsx | C:\valente_conecta\app\admin-master\page.tsx | C:\valente_conecta\app\agua-gas\fornecedor\page.tsx | C:\valente_conecta\app\agua-gas\page.tsx | C:\valente_conecta\app\ajuda\page.tsx | C:\valente_conecta\app\autenticacao-completa\page.tsx | C:\valente_conecta\app\busca\page.tsx | C:\valente_conecta\app\carteira\indicacoes\page.tsx | C:\valente_conecta\app\carteira\recarga\page.tsx | C:\valente_conecta\app\carteira\transacoes\page.tsx | C:\valente_conecta\app\carteira\page.tsx | C:\valente_conecta\app\catalogo\admin\novo\page.tsx | C:\valente_conecta\app\catalogo\admin\page.tsx | C:\valente_conecta\app\catalogo\produto\[id]\page.tsx | C:\valente_conecta\app\catalogo\publicar\page.tsx | C:\valente_conecta\app\catalogo\page.tsx | C:\valente_conecta\app\comercio\page.tsx | C:\valente_conecta\app\convite\[codigo]\admin\page.tsx | C:\valente_conecta\app\convite\[codigo]\page.tsx | C:\valente_conecta\app\cozinha\cardapio\page.tsx | C:\valente_conecta\app\cozinha\catalogo\page.tsx | C:\valente_conecta\app\cozinha\page.tsx | C:\valente_conecta\app\diagnostico\page.tsx | C:\valente_conecta\app\empregos\page.tsx | C:\valente_conecta\app\extrato\page.tsx | C:\valente_conecta\app\fornecedor\catalog\page.tsx | C:\valente_conecta\app\imoveis\page.tsx | C:\valente_conecta\app\indicacoes\page.tsx | C:\valente_conecta\app\indicar-estabelecimento\page.tsx | C:\valente_conecta\app\lancamento\page.tsx | C:\valente_conecta\app\login\page.tsx | C:\valente_conecta\app\mototaxi\page.tsx | C:\valente_conecta\app\pdv\caixa\page.tsx | C:\valente_conecta\app\pdv\estoque\page.tsx | C:\valente_conecta\app\pdv\fiado\page.tsx | C:\valente_conecta\app\pdv\relatorios\page.tsx | C:\valente_conecta\app\pdv\page.tsx | C:\valente_conecta\app\planos\page.tsx | C:\valente_conecta\app\profile\page.tsx | C:\valente_conecta\app\profissionais\cadastro\page.tsx | C:\valente_conecta\app\profissionais\page.tsx | C:\valente_conecta\app\publico\agro\page.tsx | C:\valente_conecta\app\publico\maquinas\page.tsx | C:\valente_conecta\app\qr-code\page.tsx | C:\valente_conecta\app\recarga\page.tsx | C:\valente_conecta\app\register\page.tsx | C:\valente_conecta\app\servico-indisponivel\page.tsx | C:\valente_conecta\app\servicos\page.tsx | C:\valente_conecta\app\teste-geo\page.tsx | C:\valente_conecta\app\page.tsx | C:\valente_conecta\backup_20260620_224213\page.tsx | C:\valente_conecta\backup_modulos_2026-07-16_09-43\app\admin\cozinha-novo\ingredientes\page.tsx | C:\valente_conecta\backup_modulos_2026-07-16_09-43\app\admin-master\cozinha-chef-neide\page.tsx | C:\valente_conecta\backup_modulos_2026-07-16_09-43\app\admin-master\financeiro-pessoal\cozinha\page.tsx | C:\valente_conecta\backup_modulos_2026-07-16_09-43\app\catalogo\cozinha-neide\page.tsx | C:\valente_conecta\backup_modulos_2026-07-16_09-43\app\cozinha\catalogo\page.tsx | C:\valente_conecta\backup_modulos_2026-07-16_09-43\app\cozinha\page.tsx | C:\valente_conecta\backup_modulos_2026-07-16_09-43\app\cozinha-chef-neide\admin\page.tsx | C:\valente_conecta\backup_modulos_2026-07-16_09-43\app\cozinha-chef-neide\public\page.tsx | C:\valente_conecta\hooks\cozinha\page.tsx"
"layout.tsx","3","C:\valente_conecta\app\admin\layout.tsx | C:\valente_conecta\app\admin-master\layout.tsx | C:\valente_conecta\app\layout.tsx"
"DemandView.tsx","64","C:\valente_conecta\app\admin-master\academia\components\DemandView.tsx | C:\valente_conecta\app\admin-master\academia-master\components\DemandView.tsx | C:\valente_conecta\app\admin-master\agro\components\DemandView.tsx | C:\valente_conecta\app\admin-master\alimentacao\components\DemandView.tsx | C:\valente_conecta\app\admin-master\automotivo\components\DemandView.tsx | C:\valente_conecta\app\admin-master\beleza\components\DemandView.tsx | C:\valente_conecta\app\admin-master\bonus\components\DemandView.tsx | C:\valente_conecta\app\admin-master\cardapio\components\DemandView.tsx | C:\valente_conecta\app\admin-master\comercio\components\DemandView.tsx | C:\valente_conecta\app\admin-master\components\components\DemandView.tsx | C:\valente_conecta\app\admin-master\configuracoes\components\DemandView.tsx | C:\valente_conecta\app\admin-master\configuracoes-imoveis\components\DemandView.tsx | C:\valente_conecta\app\admin-master\construcao\components\DemandView.tsx | C:\valente_conecta\app\admin-master\contatos\components\DemandView.tsx | C:\valente_conecta\app\admin-master\cozinha-admin\components\DemandView.tsx | C:\valente_conecta\app\admin-master\dashboard\components\DemandView.tsx | C:\valente_conecta\app\admin-master\dashboard-graficos\components\DemandView.tsx | C:\valente_conecta\app\admin-master\dashboard-inteligente\components\DemandView.tsx | C:\valente_conecta\app\admin-master\dashboard-metricas\components\DemandView.tsx | C:\valente_conecta\app\admin-master\educacao\components\DemandView.tsx | C:\valente_conecta\app\admin-master\em-construcao\components\DemandView.tsx | C:\valente_conecta\app\admin-master\estoque\components\DemandView.tsx | C:\valente_conecta\app\admin-master\eventos\components\DemandView.tsx | C:\valente_conecta\app\admin-master\fabrica-videos\components\DemandView.tsx | C:\valente_conecta\app\admin-master\ferramentas\components\DemandView.tsx | C:\valente_conecta\app\admin-master\financeiro\components\DemandView.tsx | C:\valente_conecta\app\admin-master\financeiro-pessoal\components\DemandView.tsx | C:\valente_conecta\app\admin-master\gerenciar-transportes\components\DemandView.tsx | C:\valente_conecta\app\admin-master\graficos\components\DemandView.tsx | C:\valente_conecta\app\admin-master\ia\components\DemandView.tsx | C:\valente_conecta\app\admin-master\imovel\components\DemandView.tsx | C:\valente_conecta\app\admin-master\instalador\components\DemandView.tsx | C:\valente_conecta\app\admin-master\lista-compra\components\DemandView.tsx | C:\valente_conecta\app\admin-master\login\components\DemandView.tsx | C:\valente_conecta\app\admin-master\lojas\components\DemandView.tsx | C:\valente_conecta\app\admin-master\maquinas\components\DemandView.tsx | C:\valente_conecta\app\admin-master\marketing\components\DemandView.tsx | C:\valente_conecta\app\admin-master\marmita\components\DemandView.tsx | C:\valente_conecta\app\admin-master\mensagens\components\DemandView.tsx | C:\valente_conecta\app\admin-master\mercados\components\DemandView.tsx | C:\valente_conecta\app\admin-master\metricas\components\DemandView.tsx | C:\valente_conecta\app\admin-master\metricas-servicos\components\DemandView.tsx | C:\valente_conecta\app\admin-master\moda-fem\components\DemandView.tsx | C:\valente_conecta\app\admin-master\moda-masc\components\DemandView.tsx | C:\valente_conecta\app\admin-master\monitor\components\DemandView.tsx | C:\valente_conecta\app\admin-master\mototaxi\components\DemandView.tsx | C:\valente_conecta\app\admin-master\pdv-unificado\components\DemandView.tsx | C:\valente_conecta\app\admin-master\pendentes\components\DemandView.tsx | C:\valente_conecta\app\admin-master\pet\components\DemandView.tsx | C:\valente_conecta\app\admin-master\planos\components\DemandView.tsx | C:\valente_conecta\app\admin-master\preview\components\DemandView.tsx | C:\valente_conecta\app\admin-master\producao\components\DemandView.tsx | C:\valente_conecta\app\admin-master\produtos\components\DemandView.tsx | C:\valente_conecta\app\admin-master\relatorios\components\DemandView.tsx | C:\valente_conecta\app\admin-master\saude\components\DemandView.tsx | C:\valente_conecta\app\admin-master\servicos\components\DemandView.tsx | C:\valente_conecta\app\admin-master\sugestoes\components\DemandView.tsx | C:\valente_conecta\app\admin-master\tecnologia\components\DemandView.tsx | C:\valente_conecta\app\admin-master\transporte\components\DemandView.tsx | C:\valente_conecta\app\admin-master\usuarios\components\DemandView.tsx | C:\valente_conecta\app\admin-master\utilidades\components\DemandView.tsx | C:\valente_conecta\app\admin-master\videos-ia\components\DemandView.tsx | C:\valente_conecta\components\cozinha\DemandView.tsx | C:\valente_conecta\components\DemandView.tsx"
"useDemandCapture.ts","61","C:\valente_conecta\app\admin-master\academia\hooks\useDemandCapture.ts | C:\valente_conecta\app\admin-master\academia-master\hooks\useDemandCapture.ts | C:\valente_conecta\app\admin-master\agro\hooks\useDemandCapture.ts | C:\valente_conecta\app\admin-master\alimentacao\hooks\useDemandCapture.ts | C:\valente_conecta\app\admin-master\automotivo\hooks\useDemandCapture.ts | C:\valente_conecta\app\admin-master\beleza\hooks\useDemandCapture.ts | C:\valente_conecta\app\admin-master\bonus\hooks\useDemandCapture.ts | C:\valente_conecta\app\admin-master\cardapio\hooks\useDemandCapture.ts | C:\valente_conecta\app\admin-master\comercio\hooks\useDemandCapture.ts | C:\valente_conecta\app\admin-master\components\hooks\useDemandCapture.ts | C:\valente_conecta\app\admin-master\configuracoes\hooks\useDemandCapture.ts | C:\valente_conecta\app\admin-master\configuracoes-imoveis\hooks\useDemandCapture.ts | C:\valente_conecta\app\admin-master\construcao\hooks\useDemandCapture.ts | C:\valente_conecta\app\admin-master\contatos\hooks\useDemandCapture.ts | C:\valente_conecta\app\admin-master\cozinha-admin\hooks\useDemandCapture.ts | C:\valente_conecta\app\admin-master\dashboard\hooks\useDemandCapture.ts | C:\valente_conecta\app\admin-master\dashboard-graficos\hooks\useDemandCapture.ts | C:\valente_conecta\app\admin-master\dashboard-inteligente\hooks\useDemandCapture.ts | C:\valente_conecta\app\admin-master\dashboard-metricas\hooks\useDemandCapture.ts | C:\valente_conecta\app\admin-master\educacao\hooks\useDemandCapture.ts | C:\valente_conecta\app\admin-master\em-construcao\hooks\useDemandCapture.ts | C:\valente_conecta\app\admin-master\estoque\hooks\useDemandCapture.ts | C:\valente_conecta\app\admin-master\eventos\hooks\useDemandCapture.ts | C:\valente_conecta\app\admin-master\fabrica-videos\hooks\useDemandCapture.ts | C:\valente_conecta\app\admin-master\ferramentas\hooks\useDemandCapture.ts | C:\valente_conecta\app\admin-master\financeiro-pessoal\hooks\useDemandCapture.ts | C:\valente_conecta\app\admin-master\gerenciar-transportes\hooks\useDemandCapture.ts | C:\valente_conecta\app\admin-master\graficos\hooks\useDemandCapture.ts | C:\valente_conecta\app\admin-master\hooks\useDemandCapture.ts | C:\valente_conecta\app\admin-master\ia\hooks\useDemandCapture.ts | C:\valente_conecta\app\admin-master\imovel\hooks\useDemandCapture.ts | C:\valente_conecta\app\admin-master\instalador\hooks\useDemandCapture.ts | C:\valente_conecta\app\admin-master\lista-compra\hooks\useDemandCapture.ts | C:\valente_conecta\app\admin-master\login\hooks\useDemandCapture.ts | C:\valente_conecta\app\admin-master\lojas\hooks\useDemandCapture.ts | C:\valente_conecta\app\admin-master\maquinas\hooks\useDemandCapture.ts | C:\valente_conecta\app\admin-master\marketing\hooks\useDemandCapture.ts | C:\valente_conecta\app\admin-master\marmita\hooks\useDemandCapture.ts | C:\valente_conecta\app\admin-master\mensagens\hooks\useDemandCapture.ts | C:\valente_conecta\app\admin-master\mercados\hooks\useDemandCapture.ts | C:\valente_conecta\app\admin-master\metricas\hooks\useDemandCapture.ts | C:\valente_conecta\app\admin-master\metricas-servicos\hooks\useDemandCapture.ts | C:\valente_conecta\app\admin-master\moda-fem\hooks\useDemandCapture.ts | C:\valente_conecta\app\admin-master\moda-masc\hooks\useDemandCapture.ts | C:\valente_conecta\app\admin-master\monitor\hooks\useDemandCapture.ts | C:\valente_conecta\app\admin-master\mototaxi\hooks\useDemandCapture.ts | C:\valente_conecta\app\admin-master\pendentes\hooks\useDemandCapture.ts | C:\valente_conecta\app\admin-master\pet\hooks\useDemandCapture.ts | C:\valente_conecta\app\admin-master\planos\hooks\useDemandCapture.ts | C:\valente_conecta\app\admin-master\preview\hooks\useDemandCapture.ts | C:\valente_conecta\app\admin-master\producao\hooks\useDemandCapture.ts | C:\valente_conecta\app\admin-master\produtos\hooks\useDemandCapture.ts | C:\valente_conecta\app\admin-master\relatorios\hooks\useDemandCapture.ts | C:\valente_conecta\app\admin-master\saude\hooks\useDemandCapture.ts | C:\valente_conecta\app\admin-master\servicos\hooks\useDemandCapture.ts | C:\valente_conecta\app\admin-master\sugestoes\hooks\useDemandCapture.ts | C:\valente_conecta\app\admin-master\tecnologia\hooks\useDemandCapture.ts | C:\valente_conecta\app\admin-master\transporte\hooks\useDemandCapture.ts | C:\valente_conecta\app\admin-master\usuarios\hooks\useDemandCapture.ts | C:\valente_conecta\app\admin-master\utilidades\hooks\useDemandCapture.ts | C:\valente_conecta\app\admin-master\videos-ia\hooks\useDemandCapture.ts"
"DashboardUI.tsx","2","C:\valente_conecta\app\admin-master\cozinha-chef\components\DashboardUI.tsx | C:\valente_conecta\components\cozinha\DashboardUI.tsx"
"design.config.ts","2","C:\valente_conecta\app\admin-master\cozinha-chef\estoque\design.config.ts | C:\valente_conecta\app\admin-master\cozinha-chef\preview\design.config.ts"
"useCardapio.ts","3","C:\valente_conecta\app\admin-master\cozinha-chef\hooks\useCardapio.ts | C:\valente_conecta\hooks\cozinha\useCardapio.ts | C:\valente_conecta\hooks\useCardapio.ts"
"useCatalogo.ts","2","C:\valente_conecta\app\admin-master\cozinha-chef\hooks\useCatalogo.ts | C:\valente_conecta\hooks\cozinha\useCatalogo.ts"
"useCompras.ts","2","C:\valente_conecta\app\admin-master\cozinha-chef\hooks\useCompras.ts | C:\valente_conecta\hooks\cozinha\useCompras.ts"
"useComprasRequests.ts","2","C:\valente_conecta\app\admin-master\cozinha-chef\hooks\useComprasRequests.ts | C:\valente_conecta\hooks\cozinha\useComprasRequests.ts"
"useDashboard.ts","2","C:\valente_conecta\app\admin-master\cozinha-chef\hooks\useDashboard.ts | C:\valente_conecta\hooks\cozinha\useDashboard.ts"
"useEditarReceita.ts","3","C:\valente_conecta\app\admin-master\cozinha-chef\hooks\useEditarReceita.ts | C:\valente_conecta\hooks\cozinha\useEditarReceita.ts | C:\valente_conecta\hooks\useEditarReceita.ts"
"useEstoque.ts","3","C:\valente_conecta\app\admin-master\cozinha-chef\hooks\useEstoque.ts | C:\valente_conecta\hooks\cozinha\useEstoque.ts | C:\valente_conecta\hooks\useEstoque.ts"
"useFinanceiro.ts","2","C:\valente_conecta\app\admin-master\cozinha-chef\hooks\useFinanceiro.ts | C:\valente_conecta\hooks\cozinha\useFinanceiro.ts"
"useFinanceiroPessoal.ts","2","C:\valente_conecta\app\admin-master\cozinha-chef\hooks\useFinanceiroPessoal.ts | C:\valente_conecta\hooks\cozinha\useFinanceiroPessoal.ts"
"useHybridData.ts","2","C:\valente_conecta\app\admin-master\cozinha-chef\hooks\useHybridData.ts | C:\valente_conecta\hooks\cozinha\useHybridData.ts"
"useIngredients.ts","3","C:\valente_conecta\app\admin-master\cozinha-chef\hooks\useIngredients.ts | C:\valente_conecta\hooks\cozinha\useIngredients.ts | C:\valente_conecta\hooks\cozinha-novo\useIngredients.ts"
"useMovimentacoes.ts","3","C:\valente_conecta\app\admin-master\cozinha-chef\hooks\useMovimentacoes.ts | C:\valente_conecta\hooks\cozinha\useMovimentacoes.ts | C:\valente_conecta\hooks\useMovimentacoes.ts"
"usePedidos.ts","2","C:\valente_conecta\app\admin-master\cozinha-chef\hooks\usePedidos.ts | C:\valente_conecta\hooks\usePedidos.ts"
"usePerfilCozinha.ts","2","C:\valente_conecta\app\admin-master\cozinha-chef\hooks\usePerfilCozinha.ts | C:\valente_conecta\hooks\cozinha\usePerfilCozinha.ts"
"useReceita.ts","3","C:\valente_conecta\app\admin-master\cozinha-chef\hooks\useReceita.ts | C:\valente_conecta\hooks\cozinha\useReceita.ts | C:\valente_conecta\hooks\useReceita.ts"
"useReceitas.ts","3","C:\valente_conecta\app\admin-master\cozinha-chef\hooks\useReceitas.ts | C:\valente_conecta\app\cozinha\hooks\useReceitas.ts | C:\valente_conecta\hooks\cozinha\useReceitas.ts"
"estoqueService.ts","2","C:\valente_conecta\app\admin-master\cozinha-chef\services\estoqueService.ts | C:\valente_conecta\services\estoqueService.ts"
"index.ts","38","C:\valente_conecta\app\admin-master\cozinha-chef\services\index.ts | C:\valente_conecta\app\admin-master\cozinha-chef\types\index.ts | C:\valente_conecta\app\admin-master\cozinha-chef\index.ts | C:\valente_conecta\app\catalogo\publicar\components\index.ts | C:\valente_conecta\app\empregos\components\index.ts | C:\valente_conecta\app\empregos\containers\index.ts | C:\valente_conecta\app\empregos\types\index.ts | C:\valente_conecta\config\index.ts | C:\valente_conecta\features\cozinha\types\index.ts | C:\valente_conecta\lib\storage\index.ts | C:\valente_conecta\node_modules\@reduxjs\toolkit\src\dynamicMiddleware\react\index.ts | C:\valente_conecta\node_modules\@reduxjs\toolkit\src\dynamicMiddleware\index.ts | C:\valente_conecta\node_modules\@reduxjs\toolkit\src\entities\index.ts | C:\valente_conecta\node_modules\@reduxjs\toolkit\src\listenerMiddleware\index.ts | C:\valente_conecta\node_modules\@reduxjs\toolkit\src\query\core\buildMiddleware\index.ts | C:\valente_conecta\node_modules\@reduxjs\toolkit\src\query\core\index.ts | C:\valente_conecta\node_modules\@reduxjs\toolkit\src\query\react\index.ts | C:\valente_conecta\node_modules\@reduxjs\toolkit\src\query\utils\index.ts | C:\valente_conecta\node_modules\@reduxjs\toolkit\src\query\index.ts | C:\valente_conecta\node_modules\@reduxjs\toolkit\src\react\index.ts | C:\valente_conecta\node_modules\@reduxjs\toolkit\src\index.ts | C:\valente_conecta\node_modules\@supabase\auth-js\src\index.ts | C:\valente_conecta\node_modules\@supabase\functions-js\src\index.ts | C:\valente_conecta\node_modules\@supabase\postgrest-js\src\index.ts | C:\valente_conecta\node_modules\@supabase\realtime-js\src\index.ts | C:\valente_conecta\node_modules\@supabase\storage-js\src\index.ts | C:\valente_conecta\node_modules\@supabase\supabase-js\src\index.ts | C:\valente_conecta\node_modules\fast-png\src\index.ts | C:\valente_conecta\node_modules\react-hot-toast\src\headless\index.ts | C:\valente_conecta\node_modules\react-hot-toast\src\index.ts | C:\valente_conecta\node_modules\react-redux\src\index.ts | C:\valente_conecta\node_modules\redux\src\index.ts | C:\valente_conecta\node_modules\redux-thunk\src\index.ts | C:\valente_conecta\node_modules\reselect\src\versionedTypes\index.ts | C:\valente_conecta\node_modules\reselect\src\index.ts | C:\valente_conecta\types\academia\index.ts | C:\valente_conecta\types\cozinha\index.ts | C:\valente_conecta\types\index.ts"
"receitaService.ts","3","C:\valente_conecta\app\admin-master\cozinha-chef\services\receitaService.ts | C:\valente_conecta\app\cozinha\services\receitaService.ts | C:\valente_conecta\services\receitaService.ts"
"estoque.ts","2","C:\valente_conecta\app\admin-master\cozinha-chef\types\estoque.ts | C:\valente_conecta\types\estoque.ts"
"AppContext.tsx","2","C:\valente_conecta\app\context\AppContext.tsx | C:\valente_conecta\context\AppContext.tsx"
"CatalogoUI.tsx","2","C:\valente_conecta\app\cozinha\components\CatalogoUI.tsx | C:\valente_conecta\components\cozinha\CatalogoUI.tsx"
"types.ts","23","C:\valente_conecta\components\admin\menu\types.ts | C:\valente_conecta\lib\catalogo\types.ts | C:\valente_conecta\lib\cozinha\types.ts | C:\valente_conecta\lib\cozinha-novo\types.ts | C:\valente_conecta\node_modules\@jridgewell\gen-mapping\src\types.ts | C:\valente_conecta\node_modules\@jridgewell\trace-mapping\src\types.ts | C:\valente_conecta\node_modules\@reduxjs\toolkit\src\dynamicMiddleware\types.ts | C:\valente_conecta\node_modules\@reduxjs\toolkit\src\listenerMiddleware\types.ts | C:\valente_conecta\node_modules\@reduxjs\toolkit\src\query\core\buildMiddleware\types.ts | C:\valente_conecta\node_modules\@supabase\auth-js\src\lib\types.ts | C:\valente_conecta\node_modules\@supabase\functions-js\src\types.ts | C:\valente_conecta\node_modules\@supabase\postgrest-js\src\select-query-parser\types.ts | C:\valente_conecta\node_modules\@supabase\postgrest-js\src\types\types.ts | C:\valente_conecta\node_modules\@supabase\realtime-js\src\phoenix\types.ts | C:\valente_conecta\node_modules\@supabase\storage-js\src\lib\types.ts | C:\valente_conecta\node_modules\@supabase\supabase-js\src\lib\types.ts | C:\valente_conecta\node_modules\dompurify\src\types.ts | C:\valente_conecta\node_modules\fast-png\src\types.ts | C:\valente_conecta\node_modules\react-hot-toast\src\core\types.ts | C:\valente_conecta\node_modules\react-redux\src\types.ts | C:\valente_conecta\node_modules\redux-thunk\src\types.ts | C:\valente_conecta\node_modules\reselect\src\types.ts | C:\valente_conecta\node_modules\svg-pathdata\src\types.ts"
"adminMenu.ts","2","C:\valente_conecta\components\admin\adminMenu.ts | C:\valente_conecta\config\adminMenu.ts"
"Sidebar.tsx","2","C:\valente_conecta\components\admin\Sidebar.tsx | C:\valente_conecta\components\ui\Sidebar.tsx"
"BuscaInteligente.tsx","3","C:\valente_conecta\components\busca\busca\BuscaInteligente.tsx | C:\valente_conecta\components\busca\BuscaInteligente.tsx | C:\valente_conecta\components\BuscaInteligente.tsx"
"modules.ts","2","C:\valente_conecta\config\modules.ts | C:\valente_conecta\modules-scaffold\types\modules.ts"
"localAdapter.ts","2","C:\valente_conecta\lib\storage\localAdapter.ts | C:\valente_conecta\lib\storage-novo\localAdapter.ts"
"client.ts","2","C:\valente_conecta\lib\supabase\client.ts | C:\valente_conecta\services\supabase\client.ts"
"auth.ts","2","C:\valente_conecta\lib\auth.ts | C:\valente_conecta\services\supabase\auth.ts"
"polyfills.ts","2","C:\valente_conecta\lib\polyfills.ts | C:\valente_conecta\node_modules\@supabase\auth-js\src\lib\polyfills.ts"
"index.d.ts","285","C:\valente_conecta\node_modules\@alloc\quick-lru\index.d.ts | C:\valente_conecta\node_modules\@bull-board\api\dist\index.d.ts | C:\valente_conecta\node_modules\@bull-board\express\dist\index.d.ts | C:\valente_conecta\node_modules\@fortawesome\fontawesome-common-types\index.d.ts | C:\valente_conecta\node_modules\@fortawesome\fontawesome-svg-core\index.d.ts | C:\valente_conecta\node_modules\@fortawesome\free-solid-svg-icons\index.d.ts | C:\valente_conecta\node_modules\@fortawesome\react-fontawesome\dist\index.d.ts | C:\valente_conecta\node_modules\@ioredis\commands\built\index.d.ts | C:\valente_conecta\node_modules\@next\env\dist\index.d.ts | C:\valente_conecta\node_modules\@nodelib\fs.scandir\out\types\index.d.ts | C:\valente_conecta\node_modules\@nodelib\fs.scandir\out\utils\index.d.ts | C:\valente_conecta\node_modules\@nodelib\fs.scandir\out\index.d.ts | C:\valente_conecta\node_modules\@nodelib\fs.stat\out\types\index.d.ts | C:\valente_conecta\node_modules\@nodelib\fs.stat\out\index.d.ts | C:\valente_conecta\node_modules\@nodelib\fs.walk\out\providers\index.d.ts | C:\valente_conecta\node_modules\@nodelib\fs.walk\out\types\index.d.ts | C:\valente_conecta\node_modules\@nodelib\fs.walk\out\index.d.ts | C:\valente_conecta\node_modules\@reduxjs\toolkit\dist\query\react\index.d.ts | C:\valente_conecta\node_modules\@reduxjs\toolkit\dist\query\index.d.ts | C:\valente_conecta\node_modules\@reduxjs\toolkit\dist\react\index.d.ts | C:\valente_conecta\node_modules\@reduxjs\toolkit\dist\index.d.ts | C:\valente_conecta\node_modules\@standard-schema\spec\dist\index.d.ts | C:\valente_conecta\node_modules\@standard-schema\utils\dist\index.d.ts | C:\valente_conecta\node_modules\@supabase\auth-js\dist\main\index.d.ts | C:\valente_conecta\node_modules\@supabase\auth-js\dist\module\index.d.ts | C:\valente_conecta\node_modules\@supabase\functions-js\dist\main\index.d.ts | C:\valente_conecta\node_modules\@supabase\functions-js\dist\module\index.d.ts | C:\valente_conecta\node_modules\@supabase\phoenix\priv\static\types\index.d.ts | C:\valente_conecta\node_modules\@supabase\realtime-js\dist\main\index.d.ts | C:\valente_conecta\node_modules\@supabase\realtime-js\dist\module\index.d.ts | C:\valente_conecta\node_modules\@types\d3-array\index.d.ts | C:\valente_conecta\node_modules\@types\d3-color\index.d.ts | C:\valente_conecta\node_modules\@types\d3-ease\index.d.ts | C:\valente_conecta\node_modules\@types\d3-interpolate\index.d.ts | C:\valente_conecta\node_modules\@types\d3-path\index.d.ts | C:\valente_conecta\node_modules\@types\d3-scale\index.d.ts | C:\valente_conecta\node_modules\@types\d3-shape\index.d.ts | C:\valente_conecta\node_modules\@types\d3-time\index.d.ts | C:\valente_conecta\node_modules\@types\d3-timer\index.d.ts | C:\valente_conecta\node_modules\@types\emscripten\index.d.ts | C:\valente_conecta\node_modules\@types\node\compatibility\index.d.ts | C:\valente_conecta\node_modules\@types\node\ts5.6\index.d.ts | C:\valente_conecta\node_modules\@types\node\index.d.ts | C:\valente_conecta\node_modules\@types\pako\index.d.ts | C:\valente_conecta\node_modules\@types\prop-types\index.d.ts | C:\valente_conecta\node_modules\@types\raf\index.d.ts | C:\valente_conecta\node_modules\@types\react\ts5.0\index.d.ts | C:\valente_conecta\node_modules\@types\react\index.d.ts | C:\valente_conecta\node_modules\@types\react-dom\test-utils\index.d.ts | C:\valente_conecta\node_modules\@types\react-dom\index.d.ts | C:\valente_conecta\node_modules\@types\trusted-types\lib\index.d.ts | C:\valente_conecta\node_modules\@types\trusted-types\index.d.ts | C:\valente_conecta\node_modules\@types\use-sync-external-store\shim\index.d.ts | C:\valente_conecta\node_modules\@types\use-sync-external-store\index.d.ts | C:\valente_conecta\node_modules\@types\web-push\index.d.ts | C:\valente_conecta\node_modules\@yudiel\react-qr-scanner\dist\misc\index.d.ts | C:\valente_conecta\node_modules\@yudiel\react-qr-scanner\dist\types\index.d.ts | C:\valente_conecta\node_modules\@yudiel\react-qr-scanner\dist\index.d.ts | C:\valente_conecta\node_modules\agent-base\dist\index.d.ts | C:\valente_conecta\node_modules\any-promise\index.d.ts | C:\valente_conecta\node_modules\anymatch\index.d.ts | C:\valente_conecta\node_modules\arg\index.d.ts | C:\valente_conecta\node_modules\barcode-detector\dist\cjs\index.d.ts | C:\valente_conecta\node_modules\barcode-detector\dist\es\index.d.ts | C:\valente_conecta\node_modules\base64-arraybuffer\dist\types\index.d.ts | C:\valente_conecta\node_modules\base64-js\index.d.ts | C:\valente_conecta\node_modules\baseline-browser-mapping\dist\index.d.ts | C:\valente_conecta\node_modules\binary-extensions\index.d.ts | C:\valente_conecta\node_modules\body-parser\node_modules\content-type\dist\index.d.ts | C:\valente_conecta\node_modules\browserslist\index.d.ts | C:\valente_conecta\node_modules\buffer\index.d.ts | C:\valente_conecta\node_modules\bull\index.d.ts | C:\valente_conecta\node_modules\call-bind-apply-helpers\index.d.ts | C:\valente_conecta\node_modules\call-bound\index.d.ts | C:\valente_conecta\node_modules\canvg\lib\Document\index.d.ts | C:\valente_conecta\node_modules\canvg\lib\presets\index.d.ts | C:\valente_conecta\node_modules\canvg\lib\Transform\index.d.ts | C:\valente_conecta\node_modules\canvg\lib\util\index.d.ts | C:\valente_conecta\node_modules\canvg\lib\index.d.ts | C:\valente_conecta\node_modules\chart.js\dist\controllers\index.d.ts | C:\valente_conecta\node_modules\chart.js\dist\core\index.d.ts | C:\valente_conecta\node_modules\chart.js\dist\elements\index.d.ts | C:\valente_conecta\node_modules\chart.js\dist\helpers\index.d.ts | C:\valente_conecta\node_modules\chart.js\dist\platform\index.d.ts | C:\valente_conecta\node_modules\chart.js\dist\plugins\plugin.filler\index.d.ts | C:\valente_conecta\node_modules\chart.js\dist\plugins\index.d.ts | C:\valente_conecta\node_modules\chart.js\dist\scales\index.d.ts | C:\valente_conecta\node_modules\chart.js\dist\types\index.d.ts | C:\valente_conecta\node_modules\chart.js\dist\index.d.ts | C:\valente_conecta\node_modules\chokidar\types\index.d.ts | C:\valente_conecta\node_modules\commander\typings\index.d.ts | C:\valente_conecta\node_modules\cron-parser\types\ts3\index.d.ts | C:\valente_conecta\node_modules\cron-parser\types\index.d.ts | C:\valente_conecta\node_modules\css-line-break\dist\types\index.d.ts | C:\valente_conecta\node_modules\csstype\index.d.ts | C:\valente_conecta\node_modules\decompress-response\index.d.ts | C:\valente_conecta\node_modules\denque\index.d.ts | C:\valente_conecta\node_modules\detect-libc\index.d.ts | C:\valente_conecta\node_modules\es-define-property\index.d.ts | C:\valente_conecta\node_modules\es-errors\index.d.ts | C:\valente_conecta\node_modules\es-object-atoms\index.d.ts | C:\valente_conecta\node_modules\es-toolkit\dist\array\index.d.ts | C:\valente_conecta\node_modules\es-toolkit\dist\compat\index.d.ts | C:\valente_conecta\node_modules\es-toolkit\dist\error\index.d.ts | C:\valente_conecta\node_modules\es-toolkit\dist\function\index.d.ts | C:\valente_conecta\node_modules\es-toolkit\dist\map\index.d.ts | C:\valente_conecta\node_modules\es-toolkit\dist\math\index.d.ts | C:\valente_conecta\node_modules\es-toolkit\dist\object\index.d.ts | C:\valente_conecta\node_modules\es-toolkit\dist\predicate\index.d.ts | C:\valente_conecta\node_modules\es-toolkit\dist\promise\index.d.ts | C:\valente_conecta\node_modules\es-toolkit\dist\server\colors\index.d.ts | C:\valente_conecta\node_modules\es-toolkit\dist\server\index.d.ts | C:\valente_conecta\node_modules\es-toolkit\dist\set\index.d.ts | C:\valente_conecta\node_modules\es-toolkit\dist\string\index.d.ts | C:\valente_conecta\node_modules\es-toolkit\dist\util\index.d.ts | C:\valente_conecta\node_modules\es-toolkit\dist\index.d.ts | C:\valente_conecta\node_modules\escalade\sync\index.d.ts | C:\valente_conecta\node_modules\escalade\index.d.ts | C:\valente_conecta\node_modules\eventemitter3\index.d.ts | C:\valente_conecta\node_modules\fast-glob\out\types\index.d.ts | C:\valente_conecta\node_modules\fast-glob\out\utils\index.d.ts | C:\valente_conecta\node_modules\fast-glob\out\index.d.ts | C:\valente_conecta\node_modules\fast-png\lib\index.d.ts | C:\valente_conecta\node_modules\fastq\index.d.ts | C:\valente_conecta\node_modules\fflate\lib\index.d.ts | C:\valente_conecta\node_modules\file-uri-to-path\index.d.ts | C:\valente_conecta\node_modules\framer-motion\dist\index.d.ts | C:\valente_conecta\node_modules\get-port\index.d.ts | C:\valente_conecta\node_modules\get-proto\index.d.ts | C:\valente_conecta\node_modules\gopd\index.d.ts | C:\valente_conecta\node_modules\has-symbols\index.d.ts | C:\valente_conecta\node_modules\hasown\index.d.ts | C:\valente_conecta\node_modules\html2canvas\dist\types\css\types\index.d.ts | C:\valente_conecta\node_modules\html2canvas\dist\types\css\index.d.ts | C:\valente_conecta\node_modules\html2canvas\dist\types\dom\replaced-elements\index.d.ts | C:\valente_conecta\node_modules\html2canvas\dist\types\__tests__\index.d.ts | C:\valente_conecta\node_modules\html2canvas\dist\types\index.d.ts | C:\valente_conecta\node_modules\https-proxy-agent\dist\index.d.ts | C:\valente_conecta\node_modules\iceberg-js\dist\index.d.ts | C:\valente_conecta\node_modules\iconv-lite\lib\index.d.ts | C:\valente_conecta\node_modules\ieee754\index.d.ts | C:\valente_conecta\node_modules\ioredis\built\cluster\index.d.ts | C:\valente_conecta\node_modules\ioredis\built\connectors\SentinelConnector\index.d.ts | C:\valente_conecta\node_modules\ioredis\built\connectors\index.d.ts | C:\valente_conecta\node_modules\ioredis\built\errors\index.d.ts | C:\valente_conecta\node_modules\ioredis\built\utils\index.d.ts | C:\valente_conecta\node_modules\ioredis\built\index.d.ts | C:\valente_conecta\node_modules\is-binary-path\index.d.ts | C:\valente_conecta\node_modules\is-promise\index.d.ts | C:\valente_conecta\node_modules\jspdf\types\index.d.ts | C:\valente_conecta\node_modules\jspdf-autotable\dist\index.d.ts | C:\valente_conecta\node_modules\lilconfig\src\index.d.ts | C:\valente_conecta\node_modules\lines-and-columns\build\index.d.ts | C:\valente_conecta\node_modules\merge-descriptors\index.d.ts | C:\valente_conecta\node_modules\mimic-response\index.d.ts | C:\valente_conecta\node_modules\motion-dom\dist\index.d.ts | C:\valente_conecta\node_modules\motion-utils\dist\index.d.ts | C:\valente_conecta\node_modules\msgpackr\index.d.ts | C:\valente_conecta\node_modules\nanoid\async\index.d.ts | C:\valente_conecta\node_modules\nanoid\non-secure\index.d.ts | C:\valente_conecta\node_modules\nanoid\index.d.ts | C:\valente_conecta\node_modules\next\dist\build\babel\loader\index.d.ts | C:\valente_conecta\node_modules\next\dist\build\output\index.d.ts | C:\valente_conecta\node_modules\next\dist\build\polyfills\fetch\index.d.ts | C:\valente_conecta\node_modules\next\dist\build\polyfills\object.assign\index.d.ts | C:\valente_conecta\node_modules\next\dist\build\swc\index.d.ts | C:\valente_conecta\node_modules\next\dist\build\turborepo-access-trace\index.d.ts | C:\valente_conecta\node_modules\next\dist\build\webpack\config\blocks\css\loaders\index.d.ts | C:\valente_conecta\node_modules\next\dist\build\webpack\config\blocks\css\index.d.ts | C:\valente_conecta\node_modules\next\dist\build\webpack\config\blocks\images\index.d.ts | C:\valente_conecta\node_modules\next\dist\build\webpack\config\index.d.ts | C:\valente_conecta\node_modules\next\dist\build\webpack\loaders\css-loader\src\plugins\index.d.ts | C:\valente_conecta\node_modules\next\dist\build\webpack\loaders\css-loader\src\index.d.ts | C:\valente_conecta\node_modules\next\dist\build\webpack\loaders\lightningcss-loader\src\index.d.ts | C:\valente_conecta\node_modules\next\dist\build\webpack\loaders\next-edge-app-route-loader\index.d.ts | C:\valente_conecta\node_modules\next\dist\build\webpack\loaders\next-edge-ssr-loader\index.d.ts | C:\valente_conecta\node_modules\next\dist\build\webpack\loaders\next-flight-loader\index.d.ts | C:\valente_conecta\node_modules\next\dist\build\webpack\loaders\next-font-loader\index.d.ts | C:\valente_conecta\node_modules\next\dist\build\webpack\loaders\next-image-loader\index.d.ts | C:\valente_conecta\node_modules\next\dist\build\webpack\loaders\next-route-loader\index.d.ts | C:\valente_conecta\node_modules\next\dist\build\webpack\loaders\next-style-loader\index.d.ts | C:\valente_conecta\node_modules\next\dist\build\webpack\loaders\postcss-loader\src\index.d.ts | C:\valente_conecta\node_modules\next\dist\build\webpack\loaders\resolve-url-loader\index.d.ts | C:\valente_conecta\node_modules\next\dist\build\webpack\plugins\next-types-plugin\index.d.ts | C:\valente_conecta\node_modules\next\dist\build\webpack\plugins\terser-webpack-plugin\src\index.d.ts | C:\valente_conecta\node_modules\next\dist\build\webpack\plugins\wellknown-errors-plugin\index.d.ts | C:\valente_conecta\node_modules\next\dist\build\webpack-build\index.d.ts | C:\valente_conecta\node_modules\next\dist\build\index.d.ts | C:\valente_conecta\node_modules\next\dist\client\components\react-dev-overlay\internal\components\CodeFrame\index.d.ts | C:\valente_conecta\node_modules\next\dist\client\components\react-dev-overlay\internal\components\Dialog\index.d.ts | C:\valente_conecta\node_modules\next\dist\client\components\react-dev-overlay\internal\components\hot-linked-text\index.d.ts | C:\valente_conecta\node_modules\next\dist\client\components\react-dev-overlay\internal\components\LeftRightDialogHeader\index.d.ts | C:\valente_conecta\node_modules\next\dist\client\components\react-dev-overlay\internal\components\Overlay\index.d.ts | C:\valente_conecta\node_modules\next\dist\client\components\react-dev-overlay\internal\components\Terminal\index.d.ts | C:\valente_conecta\node_modules\next\dist\client\components\react-dev-overlay\internal\components\Toast\index.d.ts | C:\valente_conecta\node_modules\next\dist\client\components\react-dev-overlay\internal\components\VersionStalenessInfo\index.d.ts | C:\valente_conecta\node_modules\next\dist\client\components\react-dev-overlay\internal\container\RuntimeError\index.d.ts | C:\valente_conecta\node_modules\next\dist\client\portal\index.d.ts | C:\valente_conecta\node_modules\next\dist\client\index.d.ts | C:\valente_conecta\node_modules\next\dist\compiled\@edge-runtime\cookies\index.d.ts | C:\valente_conecta\node_modules\next\dist\compiled\@edge-runtime\ponyfill\index.d.ts | C:\valente_conecta\node_modules\next\dist\compiled\@edge-runtime\primitives\index.d.ts | C:\valente_conecta\node_modules\next\dist\compiled\@next\font\dist\google\index.d.ts | C:\valente_conecta\node_modules\next\dist\compiled\@next\font\dist\local\index.d.ts | C:\valente_conecta\node_modules\next\dist\compiled\@next\font\google\index.d.ts | C:\valente_conecta\node_modules\next\dist\compiled\@next\font\local\index.d.ts | C:\valente_conecta\node_modules\next\dist\compiled\@vercel\og\emoji\index.d.ts | C:\valente_conecta\node_modules\next\dist\compiled\@vercel\og\figma\index.d.ts | C:\valente_conecta\node_modules\next\dist\compiled\@vercel\og\language\index.d.ts | C:\valente_conecta\node_modules\next\dist\compiled\@vercel\og\satori\index.d.ts | C:\valente_conecta\node_modules\next\dist\experimental\testmode\playwright\index.d.ts | C:\valente_conecta\node_modules\next\dist\experimental\testmode\proxy\index.d.ts | C:\valente_conecta\node_modules\next\dist\export\index.d.ts | C:\valente_conecta\node_modules\next\dist\server\api-utils\index.d.ts | C:\valente_conecta\node_modules\next\dist\server\base-http\index.d.ts | C:\valente_conecta\node_modules\next\dist\server\future\normalizers\built\app\index.d.ts | C:\valente_conecta\node_modules\next\dist\server\future\normalizers\built\pages\index.d.ts | C:\valente_conecta\node_modules\next\dist\server\lib\incremental-cache\index.d.ts | C:\valente_conecta\node_modules\next\dist\server\lib\server-ipc\index.d.ts | C:\valente_conecta\node_modules\next\dist\server\response-cache\index.d.ts | C:\valente_conecta\node_modules\next\dist\server\typescript\index.d.ts | C:\valente_conecta\node_modules\next\dist\server\web\exports\index.d.ts | C:\valente_conecta\node_modules\next\dist\server\web\sandbox\index.d.ts | C:\valente_conecta\node_modules\next\dist\shared\lib\router\utils\index.d.ts | C:\valente_conecta\node_modules\next\dist\styled-jsx\types\index.d.ts | C:\valente_conecta\node_modules\next\dist\telemetry\events\index.d.ts | C:\valente_conecta\node_modules\next\dist\trace\report\index.d.ts | C:\valente_conecta\node_modules\next\dist\trace\index.d.ts | C:\valente_conecta\node_modules\next\font\google\index.d.ts | C:\valente_conecta\node_modules\next\font\local\index.d.ts | C:\valente_conecta\node_modules\next\font\index.d.ts | C:\valente_conecta\node_modules\next\types\index.d.ts | C:\valente_conecta\node_modules\next\index.d.ts | C:\valente_conecta\node_modules\path-to-regexp\dist\index.d.ts | C:\valente_conecta\node_modules\performance-now\src\index.d.ts | C:\valente_conecta\node_modules\pirates\index.d.ts | C:\valente_conecta\node_modules\postcss-load-config\src\index.d.ts | C:\valente_conecta\node_modules\postcss-nested\index.d.ts | C:\valente_conecta\node_modules\postcss-value-parser\lib\index.d.ts | C:\valente_conecta\node_modules\queue-microtask\index.d.ts | C:\valente_conecta\node_modules\raw-body\index.d.ts | C:\valente_conecta\node_modules\react-chartjs-2\dist\index.d.ts | C:\valente_conecta\node_modules\react-hot-toast\dist\index.d.ts | C:\valente_conecta\node_modules\react-hot-toast\headless\index.d.ts | C:\valente_conecta\node_modules\readdirp\index.d.ts | C:\valente_conecta\node_modules\recharts\types\util\scale\index.d.ts | C:\valente_conecta\node_modules\recharts\types\index.d.ts | C:\valente_conecta\node_modules\safe-buffer\index.d.ts | C:\valente_conecta\node_modules\setprototypeof\index.d.ts | C:\valente_conecta\node_modules\side-channel\index.d.ts | C:\valente_conecta\node_modules\side-channel-list\index.d.ts | C:\valente_conecta\node_modules\side-channel-map\index.d.ts | C:\valente_conecta\node_modules\side-channel-weakmap\index.d.ts | C:\valente_conecta\node_modules\stackblur-canvas\index.d.ts | C:\valente_conecta\node_modules\standard-as-callback\built\index.d.ts | C:\valente_conecta\node_modules\styled-jsx\index.d.ts | C:\valente_conecta\node_modules\sucrase\dist\types\parser\plugins\jsx\index.d.ts | C:\valente_conecta\node_modules\sucrase\dist\types\parser\tokenizer\index.d.ts | C:\valente_conecta\node_modules\sucrase\dist\types\parser\traverser\index.d.ts | C:\valente_conecta\node_modules\sucrase\dist\types\parser\index.d.ts | C:\valente_conecta\node_modules\sucrase\dist\types\index.d.ts | C:\valente_conecta\node_modules\svg-pathdata\index.d.ts | C:\valente_conecta\node_modules\tagged-tag\index.d.ts | C:\valente_conecta\node_modules\tailwindcss\nesting\index.d.ts | C:\valente_conecta\node_modules\tailwindcss\src\value-parser\index.d.ts | C:\valente_conecta\node_modules\tailwindcss\types\index.d.ts | C:\valente_conecta\node_modules\text-segmentation\dist\types\index.d.ts | C:\valente_conecta\node_modules\ts-interface-checker\dist\index.d.ts | C:\valente_conecta\node_modules\tslib\modules\index.d.ts | C:\valente_conecta\node_modules\type-fest\source\globals\index.d.ts | C:\valente_conecta\node_modules\type-fest\source\internal\index.d.ts | C:\valente_conecta\node_modules\type-fest\index.d.ts | C:\valente_conecta\node_modules\type-is\node_modules\content-type\dist\index.d.ts | C:\valente_conecta\node_modules\undici-types\index.d.ts | C:\valente_conecta\node_modules\update-browserslist-db\index.d.ts | C:\valente_conecta\node_modules\utrie\dist\types\index.d.ts | C:\valente_conecta\node_modules\webrtc-adapter\index.d.ts | C:\valente_conecta\node_modules\zxing-wasm\dist\cjs\bindings\index.d.ts | C:\valente_conecta\node_modules\zxing-wasm\dist\cjs\full\index.d.ts | C:\valente_conecta\node_modules\zxing-wasm\dist\cjs\reader\index.d.ts | C:\valente_conecta\node_modules\zxing-wasm\dist\cjs\writer\index.d.ts | C:\valente_conecta\node_modules\zxing-wasm\dist\es\bindings\index.d.ts | C:\valente_conecta\node_modules\zxing-wasm\dist\es\full\index.d.ts | C:\valente_conecta\node_modules\zxing-wasm\dist\es\reader\index.d.ts | C:\valente_conecta\node_modules\zxing-wasm\dist\es\writer\index.d.ts"
"index.js","778","C:\valente_conecta\node_modules\@alloc\quick-lru\index.js | C:\valente_conecta\node_modules\@babel\runtime\regenerator\index.js | C:\valente_conecta\node_modules\@bull-board\api\dist\index.js | C:\valente_conecta\node_modules\@bull-board\express\dist\index.js | C:\valente_conecta\node_modules\@fortawesome\fontawesome-svg-core\index.js | C:\valente_conecta\node_modules\@fortawesome\free-solid-svg-icons\index.js | C:\valente_conecta\node_modules\@fortawesome\react-fontawesome\dist\index.js | C:\valente_conecta\node_modules\@ioredis\commands\built\index.js | C:\valente_conecta\node_modules\@msgpackr-extract\msgpackr-extract-win32-x64\index.js | C:\valente_conecta\node_modules\@next\env\dist\index.js | C:\valente_conecta\node_modules\@nodelib\fs.scandir\out\types\index.js | C:\valente_conecta\node_modules\@nodelib\fs.scandir\out\utils\index.js | C:\valente_conecta\node_modules\@nodelib\fs.scandir\out\index.js | C:\valente_conecta\node_modules\@nodelib\fs.stat\out\types\index.js | C:\valente_conecta\node_modules\@nodelib\fs.stat\out\index.js | C:\valente_conecta\node_modules\@nodelib\fs.walk\out\providers\index.js | C:\valente_conecta\node_modules\@nodelib\fs.walk\out\types\index.js | C:\valente_conecta\node_modules\@nodelib\fs.walk\out\index.js | C:\valente_conecta\node_modules\@reduxjs\toolkit\dist\cjs\index.js | C:\valente_conecta\node_modules\@reduxjs\toolkit\dist\query\cjs\index.js | C:\valente_conecta\node_modules\@reduxjs\toolkit\dist\query\react\cjs\index.js | C:\valente_conecta\node_modules\@reduxjs\toolkit\dist\react\cjs\index.js | C:\valente_conecta\node_modules\@reduxjs\toolkit\node_modules\immer\dist\cjs\index.js | C:\valente_conecta\node_modules\@standard-schema\spec\dist\index.js | C:\valente_conecta\node_modules\@standard-schema\utils\dist\index.js | C:\valente_conecta\node_modules\@supabase\auth-js\dist\main\index.js | C:\valente_conecta\node_modules\@supabase\auth-js\dist\module\index.js | C:\valente_conecta\node_modules\@supabase\functions-js\dist\main\index.js | C:\valente_conecta\node_modules\@supabase\functions-js\dist\module\index.js | C:\valente_conecta\node_modules\@supabase\phoenix\assets\js\phoenix\index.js | C:\valente_conecta\node_modules\@supabase\realtime-js\dist\main\index.js | C:\valente_conecta\node_modules\@supabase\realtime-js\dist\module\index.js | C:\valente_conecta\node_modules\@swc\counter\index.js | C:\valente_conecta\node_modules\@swc\helpers\esm\index.js | C:\valente_conecta\node_modules\accepts\index.js | C:\valente_conecta\node_modules\agent-base\dist\index.js | C:\valente_conecta\node_modules\any-promise\index.js | C:\valente_conecta\node_modules\anymatch\index.js | C:\valente_conecta\node_modules\arg\index.js | C:\valente_conecta\node_modules\asn1.js\lib\asn1\base\index.js | C:\valente_conecta\node_modules\asn1.js\lib\asn1\constants\index.js | C:\valente_conecta\node_modules\asn1.js\lib\asn1\decoders\index.js | C:\valente_conecta\node_modules\asn1.js\lib\asn1\encoders\index.js | C:\valente_conecta\node_modules\barcode-detector\dist\cjs\index.js | C:\valente_conecta\node_modules\barcode-detector\dist\es\index.js | C:\valente_conecta\node_modules\barcode-detector\dist\iife\index.js | C:\valente_conecta\node_modules\base64-arraybuffer\dist\lib\index.js | C:\valente_conecta\node_modules\base64-js\index.js | C:\valente_conecta\node_modules\baseline-browser-mapping\dist\index.js | C:\valente_conecta\node_modules\better-sqlite3\lib\index.js | C:\valente_conecta\node_modules\binary-extensions\index.js | C:\valente_conecta\node_modules\body-parser\node_modules\content-type\dist\index.js | C:\valente_conecta\node_modules\body-parser\index.js | C:\valente_conecta\node_modules\braces\index.js | C:\valente_conecta\node_modules\browserslist\index.js | C:\valente_conecta\node_modules\buffer\index.js | C:\valente_conecta\node_modules\buffer-equal-constant-time\index.js | C:\valente_conecta\node_modules\bull\lib\scripts\index.js | C:\valente_conecta\node_modules\bull\index.js | C:\valente_conecta\node_modules\busboy\lib\index.js | C:\valente_conecta\node_modules\bytes\index.js | C:\valente_conecta\node_modules\call-bind-apply-helpers\test\index.js | C:\valente_conecta\node_modules\call-bind-apply-helpers\index.js | C:\valente_conecta\node_modules\call-bound\test\index.js | C:\valente_conecta\node_modules\call-bound\index.js | C:\valente_conecta\node_modules\camelcase-css\index.js | C:\valente_conecta\node_modules\caniuse-lite\dist\unpacker\index.js | C:\valente_conecta\node_modules\chokidar\node_modules\glob-parent\index.js | C:\valente_conecta\node_modules\chokidar\index.js | C:\valente_conecta\node_modules\client-only\index.js | C:\valente_conecta\node_modules\cluster-key-slot\lib\index.js | C:\valente_conecta\node_modules\commander\index.js | C:\valente_conecta\node_modules\content-disposition\index.js | C:\valente_conecta\node_modules\content-type\index.js | C:\valente_conecta\node_modules\cookie\index.js | C:\valente_conecta\node_modules\cookie-signature\index.js | C:\valente_conecta\node_modules\core-js\actual\array\virtual\index.js | C:\valente_conecta\node_modules\core-js\actual\array\index.js | C:\valente_conecta\node_modules\core-js\actual\array-buffer\index.js | C:\valente_conecta\node_modules\core-js\actual\async-disposable-stack\index.js | C:\valente_conecta\node_modules\core-js\actual\async-iterator\index.js | C:\valente_conecta\node_modules\core-js\actual\data-view\index.js | C:\valente_conecta\node_modules\core-js\actual\date\index.js | C:\valente_conecta\node_modules\core-js\actual\disposable-stack\index.js | C:\valente_conecta\node_modules\core-js\actual\dom-collections\index.js | C:\valente_conecta\node_modules\core-js\actual\dom-exception\index.js | C:\valente_conecta\node_modules\core-js\actual\error\index.js | C:\valente_conecta\node_modules\core-js\actual\function\virtual\index.js | C:\valente_conecta\node_modules\core-js\actual\function\index.js | C:\valente_conecta\node_modules\core-js\actual\iterator\index.js | C:\valente_conecta\node_modules\core-js\actual\json\index.js | C:\valente_conecta\node_modules\core-js\actual\map\index.js | C:\valente_conecta\node_modules\core-js\actual\math\index.js | C:\valente_conecta\node_modules\core-js\actual\number\virtual\index.js | C:\valente_conecta\node_modules\core-js\actual\number\index.js | C:\valente_conecta\node_modules\core-js\actual\object\index.js | C:\valente_conecta\node_modules\core-js\actual\promise\index.js | C:\valente_conecta\node_modules\core-js\actual\reflect\index.js | C:\valente_conecta\node_modules\core-js\actual\regexp\index.js | C:\valente_conecta\node_modules\core-js\actual\set\index.js | C:\valente_conecta\node_modules\core-js\actual\string\virtual\index.js | C:\valente_conecta\node_modules\core-js\actual\string\index.js | C:\valente_conecta\node_modules\core-js\actual\symbol\index.js | C:\valente_conecta\node_modules\core-js\actual\typed-array\index.js | C:\valente_conecta\node_modules\core-js\actual\url\index.js | C:\valente_conecta\node_modules\core-js\actual\url-search-params\index.js | C:\valente_conecta\node_modules\core-js\actual\weak-map\index.js | C:\valente_conecta\node_modules\core-js\actual\weak-set\index.js | C:\valente_conecta\node_modules\core-js\actual\index.js | C:\valente_conecta\node_modules\core-js\es\array\virtual\index.js | C:\valente_conecta\node_modules\core-js\es\array\index.js | C:\valente_conecta\node_modules\core-js\es\array-buffer\index.js | C:\valente_conecta\node_modules\core-js\es\async-disposable-stack\index.js | C:\valente_conecta\node_modules\core-js\es\async-iterator\index.js | C:\valente_conecta\node_modules\core-js\es\data-view\index.js | C:\valente_conecta\node_modules\core-js\es\date\index.js | C:\valente_conecta\node_modules\core-js\es\disposable-stack\index.js | C:\valente_conecta\node_modules\core-js\es\error\index.js | C:\valente_conecta\node_modules\core-js\es\function\virtual\index.js | C:\valente_conecta\node_modules\core-js\es\function\index.js | C:\valente_conecta\node_modules\core-js\es\iterator\index.js | C:\valente_conecta\node_modules\core-js\es\json\index.js | C:\valente_conecta\node_modules\core-js\es\map\index.js | C:\valente_conecta\node_modules\core-js\es\math\index.js | C:\valente_conecta\node_modules\core-js\es\number\virtual\index.js | C:\valente_conecta\node_modules\core-js\es\number\index.js | C:\valente_conecta\node_modules\core-js\es\object\index.js | C:\valente_conecta\node_modules\core-js\es\promise\index.js | C:\valente_conecta\node_modules\core-js\es\reflect\index.js | C:\valente_conecta\node_modules\core-js\es\regexp\index.js | C:\valente_conecta\node_modules\core-js\es\set\index.js | C:\valente_conecta\node_modules\core-js\es\string\virtual\index.js | C:\valente_conecta\node_modules\core-js\es\string\index.js | C:\valente_conecta\node_modules\core-js\es\symbol\index.js | C:\valente_conecta\node_modules\core-js\es\typed-array\index.js | C:\valente_conecta\node_modules\core-js\es\weak-map\index.js | C:\valente_conecta\node_modules\core-js\es\weak-set\index.js | C:\valente_conecta\node_modules\core-js\es\index.js | C:\valente_conecta\node_modules\core-js\features\array\virtual\index.js | C:\valente_conecta\node_modules\core-js\features\array\index.js | C:\valente_conecta\node_modules\core-js\features\array-buffer\index.js | C:\valente_conecta\node_modules\core-js\features\async-disposable-stack\index.js | C:\valente_conecta\node_modules\core-js\features\async-iterator\index.js | C:\valente_conecta\node_modules\core-js\features\bigint\index.js | C:\valente_conecta\node_modules\core-js\features\data-view\index.js | C:\valente_conecta\node_modules\core-js\features\date\index.js | C:\valente_conecta\node_modules\core-js\features\disposable-stack\index.js | C:\valente_conecta\node_modules\core-js\features\dom-collections\index.js | C:\valente_conecta\node_modules\core-js\features\dom-exception\index.js | C:\valente_conecta\node_modules\core-js\features\error\index.js | C:\valente_conecta\node_modules\core-js\features\function\virtual\index.js | C:\valente_conecta\node_modules\core-js\features\function\index.js | C:\valente_conecta\node_modules\core-js\features\iterator\index.js | C:\valente_conecta\node_modules\core-js\features\json\index.js | C:\valente_conecta\node_modules\core-js\features\map\index.js | C:\valente_conecta\node_modules\core-js\features\math\index.js | C:\valente_conecta\node_modules\core-js\features\number\virtual\index.js | C:\valente_conecta\node_modules\core-js\features\number\index.js | C:\valente_conecta\node_modules\core-js\features\object\index.js | C:\valente_conecta\node_modules\core-js\features\observable\index.js | C:\valente_conecta\node_modules\core-js\features\promise\index.js | C:\valente_conecta\node_modules\core-js\features\reflect\index.js | C:\valente_conecta\node_modules\core-js\features\regexp\index.js | C:\valente_conecta\node_modules\core-js\features\set\index.js | C:\valente_conecta\node_modules\core-js\features\string\virtual\index.js | C:\valente_conecta\node_modules\core-js\features\string\index.js | C:\valente_conecta\node_modules\core-js\features\symbol\index.js | C:\valente_conecta\node_modules\core-js\features\typed-array\index.js | C:\valente_conecta\node_modules\core-js\features\url\index.js | C:\valente_conecta\node_modules\core-js\features\url-search-params\index.js | C:\valente_conecta\node_modules\core-js\features\weak-map\index.js | C:\valente_conecta\node_modules\core-js\features\weak-set\index.js | C:\valente_conecta\node_modules\core-js\features\index.js | C:\valente_conecta\node_modules\core-js\full\array\virtual\index.js | C:\valente_conecta\node_modules\core-js\full\array\index.js | C:\valente_conecta\node_modules\core-js\full\array-buffer\index.js | C:\valente_conecta\node_modules\core-js\full\async-disposable-stack\index.js | C:\valente_conecta\node_modules\core-js\full\async-iterator\index.js | C:\valente_conecta\node_modules\core-js\full\bigint\index.js | C:\valente_conecta\node_modules\core-js\full\data-view\index.js | C:\valente_conecta\node_modules\core-js\full\date\index.js | C:\valente_conecta\node_modules\core-js\full\disposable-stack\index.js | C:\valente_conecta\node_modules\core-js\full\dom-collections\index.js | C:\valente_conecta\node_modules\core-js\full\dom-exception\index.js | C:\valente_conecta\node_modules\core-js\full\error\index.js | C:\valente_conecta\node_modules\core-js\full\function\virtual\index.js | C:\valente_conecta\node_modules\core-js\full\function\index.js | C:\valente_conecta\node_modules\core-js\full\iterator\index.js | C:\valente_conecta\node_modules\core-js\full\json\index.js | C:\valente_conecta\node_modules\core-js\full\map\index.js | C:\valente_conecta\node_modules\core-js\full\math\index.js | C:\valente_conecta\node_modules\core-js\full\number\virtual\index.js | C:\valente_conecta\node_modules\core-js\full\number\index.js | C:\valente_conecta\node_modules\core-js\full\object\index.js | C:\valente_conecta\node_modules\core-js\full\observable\index.js | C:\valente_conecta\node_modules\core-js\full\promise\index.js | C:\valente_conecta\node_modules\core-js\full\reflect\index.js | C:\valente_conecta\node_modules\core-js\full\regexp\index.js | C:\valente_conecta\node_modules\core-js\full\set\index.js | C:\valente_conecta\node_modules\core-js\full\string\virtual\index.js | C:\valente_conecta\node_modules\core-js\full\string\index.js | C:\valente_conecta\node_modules\core-js\full\symbol\index.js | C:\valente_conecta\node_modules\core-js\full\typed-array\index.js | C:\valente_conecta\node_modules\core-js\full\url\index.js | C:\valente_conecta\node_modules\core-js\full\url-search-params\index.js | C:\valente_conecta\node_modules\core-js\full\weak-map\index.js | C:\valente_conecta\node_modules\core-js\full\weak-set\index.js | C:\valente_conecta\node_modules\core-js\full\index.js | C:\valente_conecta\node_modules\core-js\proposals\index.js | C:\valente_conecta\node_modules\core-js\stable\array\virtual\index.js | C:\valente_conecta\node_modules\core-js\stable\array\index.js | C:\valente_conecta\node_modules\core-js\stable\array-buffer\index.js | C:\valente_conecta\node_modules\core-js\stable\async-disposable-stack\index.js | C:\valente_conecta\node_modules\core-js\stable\async-iterator\index.js | C:\valente_conecta\node_modules\core-js\stable\data-view\index.js | C:\valente_conecta\node_modules\core-js\stable\date\index.js | C:\valente_conecta\node_modules\core-js\stable\disposable-stack\index.js | C:\valente_conecta\node_modules\core-js\stable\dom-collections\index.js | C:\valente_conecta\node_modules\core-js\stable\dom-exception\index.js | C:\valente_conecta\node_modules\core-js\stable\error\index.js | C:\valente_conecta\node_modules\core-js\stable\function\virtual\index.js | C:\valente_conecta\node_modules\core-js\stable\function\index.js | C:\valente_conecta\node_modules\core-js\stable\iterator\index.js | C:\valente_conecta\node_modules\core-js\stable\json\index.js | C:\valente_conecta\node_modules\core-js\stable\map\index.js | C:\valente_conecta\node_modules\core-js\stable\math\index.js | C:\valente_conecta\node_modules\core-js\stable\number\virtual\index.js | C:\valente_conecta\node_modules\core-js\stable\number\index.js | C:\valente_conecta\node_modules\core-js\stable\object\index.js | C:\valente_conecta\node_modules\core-js\stable\promise\index.js | C:\valente_conecta\node_modules\core-js\stable\reflect\index.js | C:\valente_conecta\node_modules\core-js\stable\regexp\index.js | C:\valente_conecta\node_modules\core-js\stable\set\index.js | C:\valente_conecta\node_modules\core-js\stable\string\virtual\index.js | C:\valente_conecta\node_modules\core-js\stable\string\index.js | C:\valente_conecta\node_modules\core-js\stable\symbol\index.js | C:\valente_conecta\node_modules\core-js\stable\typed-array\index.js | C:\valente_conecta\node_modules\core-js\stable\url\index.js | C:\valente_conecta\node_modules\core-js\stable\url-search-params\index.js | C:\valente_conecta\node_modules\core-js\stable\weak-map\index.js | C:\valente_conecta\node_modules\core-js\stable\weak-set\index.js | C:\valente_conecta\node_modules\core-js\stable\index.js | C:\valente_conecta\node_modules\core-js\stage\index.js | C:\valente_conecta\node_modules\core-js\web\index.js | C:\valente_conecta\node_modules\core-js\index.js | C:\valente_conecta\node_modules\css-line-break\dist\lib\index.js | C:\valente_conecta\node_modules\d3-array\src\index.js | C:\valente_conecta\node_modules\d3-color\src\index.js | C:\valente_conecta\node_modules\d3-ease\src\index.js | C:\valente_conecta\node_modules\d3-format\src\index.js | C:\valente_conecta\node_modules\d3-interpolate\src\transform\index.js | C:\valente_conecta\node_modules\d3-interpolate\src\index.js | C:\valente_conecta\node_modules\d3-path\src\index.js | C:\valente_conecta\node_modules\d3-scale\src\index.js | C:\valente_conecta\node_modules\d3-shape\src\index.js | C:\valente_conecta\node_modules\d3-time\src\index.js | C:\valente_conecta\node_modules\d3-time-format\src\index.js | C:\valente_conecta\node_modules\d3-timer\src\index.js | C:\valente_conecta\node_modules\debug\src\index.js | C:\valente_conecta\node_modules\decompress-response\index.js | C:\valente_conecta\node_modules\deep-extend\index.js | C:\valente_conecta\node_modules\denque\index.js | C:\valente_conecta\node_modules\depd\lib\browser\index.js | C:\valente_conecta\node_modules\depd\index.js | C:\valente_conecta\node_modules\dlv\index.js | C:\valente_conecta\node_modules\dunder-proto\test\index.js | C:\valente_conecta\node_modules\ee-first\index.js | C:\valente_conecta\node_modules\electron-to-chromium\index.js | C:\valente_conecta\node_modules\encodeurl\index.js | C:\valente_conecta\node_modules\end-of-stream\index.js | C:\valente_conecta\node_modules\es-define-property\test\index.js | C:\valente_conecta\node_modules\es-define-property\index.js | C:\valente_conecta\node_modules\es-errors\test\index.js | C:\valente_conecta\node_modules\es-errors\index.js | C:\valente_conecta\node_modules\es-object-atoms\test\index.js | C:\valente_conecta\node_modules\es-object-atoms\index.js | C:\valente_conecta\node_modules\es-toolkit\dist\array\index.js | C:\valente_conecta\node_modules\es-toolkit\dist\compat\index.js | C:\valente_conecta\node_modules\es-toolkit\dist\error\index.js | C:\valente_conecta\node_modules\es-toolkit\dist\function\index.js | C:\valente_conecta\node_modules\es-toolkit\dist\map\index.js | C:\valente_conecta\node_modules\es-toolkit\dist\math\index.js | C:\valente_conecta\node_modules\es-toolkit\dist\object\index.js | C:\valente_conecta\node_modules\es-toolkit\dist\predicate\index.js | C:\valente_conecta\node_modules\es-toolkit\dist\promise\index.js | C:\valente_conecta\node_modules\es-toolkit\dist\server\colors\index.js | C:\valente_conecta\node_modules\es-toolkit\dist\server\index.js | C:\valente_conecta\node_modules\es-toolkit\dist\set\index.js | C:\valente_conecta\node_modules\es-toolkit\dist\string\index.js | C:\valente_conecta\node_modules\es-toolkit\dist\util\index.js | C:\valente_conecta\node_modules\es-toolkit\dist\index.js | C:\valente_conecta\node_modules\escalade\dist\index.js | C:\valente_conecta\node_modules\escalade\sync\index.js | C:\valente_conecta\node_modules\escape-html\index.js | C:\valente_conecta\node_modules\etag\index.js | C:\valente_conecta\node_modules\eventemitter3\index.js | C:\valente_conecta\node_modules\expand-template\index.js | C:\valente_conecta\node_modules\express\index.js | C:\valente_conecta\node_modules\fast-glob\node_modules\glob-parent\index.js | C:\valente_conecta\node_modules\fast-glob\out\types\index.js | C:\valente_conecta\node_modules\fast-glob\out\utils\index.js | C:\valente_conecta\node_modules\fast-glob\out\index.js | C:\valente_conecta\node_modules\fast-png\lib\index.js | C:\valente_conecta\node_modules\fast-png\lib-esm\index.js | C:\valente_conecta\node_modules\fflate\umd\index.js | C:\valente_conecta\node_modules\file-uri-to-path\index.js | C:\valente_conecta\node_modules\fill-range\index.js | C:\valente_conecta\node_modules\finalhandler\index.js | C:\valente_conecta\node_modules\forwarded\index.js | C:\valente_conecta\node_modules\framer-motion\dist\cjs\index.js | C:\valente_conecta\node_modules\fresh\index.js | C:\valente_conecta\node_modules\fs-constants\index.js | C:\valente_conecta\node_modules\function-bind\test\index.js | C:\valente_conecta\node_modules\function-bind\index.js | C:\valente_conecta\node_modules\get-intrinsic\index.js | C:\valente_conecta\node_modules\get-port\index.js | C:\valente_conecta\node_modules\get-proto\test\index.js | C:\valente_conecta\node_modules\get-proto\index.js | C:\valente_conecta\node_modules\github-from-package\index.js | C:\valente_conecta\node_modules\glob-parent\index.js | C:\valente_conecta\node_modules\goober\global\src\index.js | C:\valente_conecta\node_modules\goober\macro\index.js | C:\valente_conecta\node_modules\goober\prefixer\src\index.js | C:\valente_conecta\node_modules\goober\should-forward-prop\src\index.js | C:\valente_conecta\node_modules\goober\src\index.js | C:\valente_conecta\node_modules\gopd\test\index.js | C:\valente_conecta\node_modules\gopd\index.js | C:\valente_conecta\node_modules\has-symbols\test\index.js | C:\valente_conecta\node_modules\has-symbols\index.js | C:\valente_conecta\node_modules\hasown\index.js | C:\valente_conecta\node_modules\html2canvas\dist\lib\css\types\index.js | C:\valente_conecta\node_modules\html2canvas\dist\lib\css\index.js | C:\valente_conecta\node_modules\html2canvas\dist\lib\dom\replaced-elements\index.js | C:\valente_conecta\node_modules\html2canvas\dist\lib\__tests__\index.js | C:\valente_conecta\node_modules\html2canvas\dist\lib\index.js | C:\valente_conecta\node_modules\http-errors\index.js | C:\valente_conecta\node_modules\https-proxy-agent\dist\index.js | C:\valente_conecta\node_modules\iconv-lite\encodings\index.js | C:\valente_conecta\node_modules\iconv-lite\lib\index.js | C:\valente_conecta\node_modules\ieee754\index.js | C:\valente_conecta\node_modules\immer\dist\cjs\index.js | C:\valente_conecta\node_modules\internmap\src\index.js | C:\valente_conecta\node_modules\ioredis\built\cluster\index.js | C:\valente_conecta\node_modules\ioredis\built\connectors\SentinelConnector\index.js | C:\valente_conecta\node_modules\ioredis\built\connectors\index.js | C:\valente_conecta\node_modules\ioredis\built\errors\index.js | C:\valente_conecta\node_modules\ioredis\built\utils\index.js | C:\valente_conecta\node_modules\ioredis\built\index.js | C:\valente_conecta\node_modules\is-binary-path\index.js | C:\valente_conecta\node_modules\is-core-module\test\index.js | C:\valente_conecta\node_modules\is-core-module\index.js | C:\valente_conecta\node_modules\is-extglob\index.js | C:\valente_conecta\node_modules\is-glob\index.js | C:\valente_conecta\node_modules\is-number\index.js | C:\valente_conecta\node_modules\is-promise\index.js | C:\valente_conecta\node_modules\jiti\lib\index.js | C:\valente_conecta\node_modules\js-tokens\index.js | C:\valente_conecta\node_modules\jwa\index.js | C:\valente_conecta\node_modules\jws\index.js | C:\valente_conecta\node_modules\lilconfig\src\index.js | C:\valente_conecta\node_modules\lines-and-columns\build\index.js | C:\valente_conecta\node_modules\lodash\index.js | C:\valente_conecta\node_modules\loose-envify\index.js | C:\valente_conecta\node_modules\lucide-react\dist\esm\icons\index.js | C:\valente_conecta\node_modules\math-intrinsics\test\index.js | C:\valente_conecta\node_modules\media-typer\index.js | C:\valente_conecta\node_modules\merge-descriptors\index.js | C:\valente_conecta\node_modules\merge2\index.js | C:\valente_conecta\node_modules\micromatch\index.js | C:\valente_conecta\node_modules\mime-db\index.js | C:\valente_conecta\node_modules\mime-types\index.js | C:\valente_conecta\node_modules\mimic-response\index.js | C:\valente_conecta\node_modules\minimalistic-assert\index.js | C:\valente_conecta\node_modules\minimist\index.js | C:\valente_conecta\node_modules\mkdirp-classic\index.js | C:\valente_conecta\node_modules\motion-dom\dist\cjs\index.js | C:\valente_conecta\node_modules\motion-utils\dist\cjs\index.js | C:\valente_conecta\node_modules\ms\index.js | C:\valente_conecta\node_modules\msgpackr\dist\index.js | C:\valente_conecta\node_modules\msgpackr\index.js | C:\valente_conecta\node_modules\msgpackr-extract\index.js | C:\valente_conecta\node_modules\mz\index.js | C:\valente_conecta\node_modules\nanoid\async\index.js | C:\valente_conecta\node_modules\nanoid\non-secure\index.js | C:\valente_conecta\node_modules\nanoid\url-alphabet\index.js | C:\valente_conecta\node_modules\nanoid\index.js | C:\valente_conecta\node_modules\napi-build-utils\index.js | C:\valente_conecta\node_modules\negotiator\index.js | C:\valente_conecta\node_modules\next\dist\build\babel\loader\index.js | C:\valente_conecta\node_modules\next\dist\build\output\index.js | C:\valente_conecta\node_modules\next\dist\build\polyfills\fetch\index.js | C:\valente_conecta\node_modules\next\dist\build\polyfills\object.assign\index.js | C:\valente_conecta\node_modules\next\dist\build\swc\index.js | C:\valente_conecta\node_modules\next\dist\build\turborepo-access-trace\index.js | C:\valente_conecta\node_modules\next\dist\build\webpack\config\blocks\css\loaders\index.js | C:\valente_conecta\node_modules\next\dist\build\webpack\config\blocks\css\index.js | C:\valente_conecta\node_modules\next\dist\build\webpack\config\blocks\images\index.js | C:\valente_conecta\node_modules\next\dist\build\webpack\config\index.js | C:\valente_conecta\node_modules\next\dist\build\webpack\loaders\css-loader\src\plugins\index.js | C:\valente_conecta\node_modules\next\dist\build\webpack\loaders\css-loader\src\index.js | C:\valente_conecta\node_modules\next\dist\build\webpack\loaders\lightningcss-loader\src\index.js | C:\valente_conecta\node_modules\next\dist\build\webpack\loaders\next-edge-app-route-loader\index.js | C:\valente_conecta\node_modules\next\dist\build\webpack\loaders\next-edge-ssr-loader\index.js | C:\valente_conecta\node_modules\next\dist\build\webpack\loaders\next-flight-loader\index.js | C:\valente_conecta\node_modules\next\dist\build\webpack\loaders\next-font-loader\index.js | C:\valente_conecta\node_modules\next\dist\build\webpack\loaders\next-image-loader\index.js | C:\valente_conecta\node_modules\next\dist\build\webpack\loaders\next-route-loader\index.js | C:\valente_conecta\node_modules\next\dist\build\webpack\loaders\next-style-loader\index.js | C:\valente_conecta\node_modules\next\dist\build\webpack\loaders\postcss-loader\src\index.js | C:\valente_conecta\node_modules\next\dist\build\webpack\loaders\resolve-url-loader\index.js | C:\valente_conecta\node_modules\next\dist\build\webpack\plugins\next-types-plugin\index.js | C:\valente_conecta\node_modules\next\dist\build\webpack\plugins\terser-webpack-plugin\src\index.js | C:\valente_conecta\node_modules\next\dist\build\webpack\plugins\wellknown-errors-plugin\index.js | C:\valente_conecta\node_modules\next\dist\build\webpack-build\index.js | C:\valente_conecta\node_modules\next\dist\build\index.js | C:\valente_conecta\node_modules\next\dist\client\components\react-dev-overlay\internal\components\CodeFrame\index.js | C:\valente_conecta\node_modules\next\dist\client\components\react-dev-overlay\internal\components\Dialog\index.js | C:\valente_conecta\node_modules\next\dist\client\components\react-dev-overlay\internal\components\hot-linked-text\index.js | C:\valente_conecta\node_modules\next\dist\client\components\react-dev-overlay\internal\components\LeftRightDialogHeader\index.js | C:\valente_conecta\node_modules\next\dist\client\components\react-dev-overlay\internal\components\Overlay\index.js | C:\valente_conecta\node_modules\next\dist\client\components\react-dev-overlay\internal\components\Terminal\index.js | C:\valente_conecta\node_modules\next\dist\client\components\react-dev-overlay\internal\components\Toast\index.js | C:\valente_conecta\node_modules\next\dist\client\components\react-dev-overlay\internal\components\VersionStalenessInfo\index.js | C:\valente_conecta\node_modules\next\dist\client\components\react-dev-overlay\internal\container\RuntimeError\index.js | C:\valente_conecta\node_modules\next\dist\client\portal\index.js | C:\valente_conecta\node_modules\next\dist\client\index.js | C:\valente_conecta\node_modules\next\dist\compiled\@ampproject\toolbox-optimizer\index.js | C:\valente_conecta\node_modules\next\dist\compiled\@babel\runtime\regenerator\index.js | C:\valente_conecta\node_modules\next\dist\compiled\@edge-runtime\cookies\index.js | C:\valente_conecta\node_modules\next\dist\compiled\@edge-runtime\ponyfill\index.js | C:\valente_conecta\node_modules\next\dist\compiled\@edge-runtime\primitives\index.js | C:\valente_conecta\node_modules\next\dist\compiled\@hapi\accept\index.js | C:\valente_conecta\node_modules\next\dist\compiled\@mswjs\interceptors\ClientRequest\index.js | C:\valente_conecta\node_modules\next\dist\compiled\@napi-rs\triples\index.js | C:\valente_conecta\node_modules\next\dist\compiled\@next\font\dist\fontkit\index.js | C:\valente_conecta\node_modules\next\dist\compiled\@next\font\dist\google\index.js | C:\valente_conecta\node_modules\next\dist\compiled\@next\font\dist\local\index.js | C:\valente_conecta\node_modules\next\dist\compiled\@next\font\google\index.js | C:\valente_conecta\node_modules\next\dist\compiled\@next\font\local\index.js | C:\valente_conecta\node_modules\next\dist\compiled\@opentelemetry\api\index.js | C:\valente_conecta\node_modules\next\dist\compiled\@vercel\nft\index.js | C:\valente_conecta\node_modules\next\dist\compiled\amphtml-validator\index.js | C:\valente_conecta\node_modules\next\dist\compiled\anser\index.js | C:\valente_conecta\node_modules\next\dist\compiled\arg\index.js | C:\valente_conecta\node_modules\next\dist\compiled\async-retry\index.js | C:\valente_conecta\node_modules\next\dist\compiled\async-sema\index.js | C:\valente_conecta\node_modules\next\dist\compiled\browserify-zlib\index.js | C:\valente_conecta\node_modules\next\dist\compiled\browserslist\index.js | C:\valente_conecta\node_modules\next\dist\compiled\buffer\index.js | C:\valente_conecta\node_modules\next\dist\compiled\bytes\index.js | C:\valente_conecta\node_modules\next\dist\compiled\ci-info\index.js | C:\valente_conecta\node_modules\next\dist\compiled\cli-select\index.js | C:\valente_conecta\node_modules\next\dist\compiled\client-only\index.js | C:\valente_conecta\node_modules\next\dist\compiled\commander\index.js | C:\valente_conecta\node_modules\next\dist\compiled\comment-json\index.js | C:\valente_conecta\node_modules\next\dist\compiled\compression\index.js | C:\valente_conecta\node_modules\next\dist\compiled\conf\index.js | C:\valente_conecta\node_modules\next\dist\compiled\content-disposition\index.js | C:\valente_conecta\node_modules\next\dist\compiled\content-type\index.js | C:\valente_conecta\node_modules\next\dist\compiled\cookie\index.js | C:\valente_conecta\node_modules\next\dist\compiled\cross-spawn\index.js | C:\valente_conecta\node_modules\next\dist\compiled\crypto-browserify\index.js | C:\valente_conecta\node_modules\next\dist\compiled\cssnano-simple\index.js | C:\valente_conecta\node_modules\next\dist\compiled\data-uri-to-buffer\index.js | C:\valente_conecta\node_modules\next\dist\compiled\debug\index.js | C:\valente_conecta\node_modules\next\dist\compiled\domain-browser\index.js | C:\valente_conecta\node_modules\next\dist\compiled\edge-runtime\index.js | C:\valente_conecta\node_modules\next\dist\compiled\find-cache-dir\index.js | C:\valente_conecta\node_modules\next\dist\compiled\find-up\index.js | C:\valente_conecta\node_modules\next\dist\compiled\fresh\index.js | C:\valente_conecta\node_modules\next\dist\compiled\get-orientation\index.js | C:\valente_conecta\node_modules\next\dist\compiled\gzip-size\index.js | C:\valente_conecta\node_modules\next\dist\compiled\http-proxy\index.js | C:\valente_conecta\node_modules\next\dist\compiled\http-proxy-agent\index.js | C:\valente_conecta\node_modules\next\dist\compiled\https-browserify\index.js | C:\valente_conecta\node_modules\next\dist\compiled\https-proxy-agent\index.js | C:\valente_conecta\node_modules\next\dist\compiled\icss-utils\index.js | C:\valente_conecta\node_modules\next\dist\compiled\ignore-loader\index.js | C:\valente_conecta\node_modules\next\dist\compiled\image-size\index.js | C:\valente_conecta\node_modules\next\dist\compiled\is-animated\index.js | C:\valente_conecta\node_modules\next\dist\compiled\is-docker\index.js | C:\valente_conecta\node_modules\next\dist\compiled\is-wsl\index.js | C:\valente_conecta\node_modules\next\dist\compiled\jest-worker\index.js | C:\valente_conecta\node_modules\next\dist\compiled\json5\index.js | C:\valente_conecta\node_modules\next\dist\compiled\jsonwebtoken\index.js | C:\valente_conecta\node_modules\next\dist\compiled\loader-utils2\index.js | C:\valente_conecta\node_modules\next\dist\compiled\loader-utils3\index.js | C:\valente_conecta\node_modules\next\dist\compiled\lodash.curry\index.js | C:\valente_conecta\node_modules\next\dist\compiled\lru-cache\index.js | C:\valente_conecta\node_modules\next\dist\compiled\mini-css-extract-plugin\index.js | C:\valente_conecta\node_modules\next\dist\compiled\native-url\index.js | C:\valente_conecta\node_modules\next\dist\compiled\node-fetch\index.js | C:\valente_conecta\node_modules\next\dist\compiled\node-html-parser\index.js | C:\valente_conecta\node_modules\next\dist\compiled\ora\index.js | C:\valente_conecta\node_modules\next\dist\compiled\p-limit\index.js | C:\valente_conecta\node_modules\next\dist\compiled\path-browserify\index.js | C:\valente_conecta\node_modules\next\dist\compiled\path-to-regexp\index.js | C:\valente_conecta\node_modules\next\dist\compiled\picomatch\index.js | C:\valente_conecta\node_modules\next\dist\compiled\postcss-flexbugs-fixes\index.js | C:\valente_conecta\node_modules\next\dist\compiled\postcss-modules-extract-imports\index.js | C:\valente_conecta\node_modules\next\dist\compiled\postcss-modules-local-by-default\index.js | C:\valente_conecta\node_modules\next\dist\compiled\postcss-modules-scope\index.js | C:\valente_conecta\node_modules\next\dist\compiled\postcss-modules-values\index.js | C:\valente_conecta\node_modules\next\dist\compiled\postcss-plugin-stub-for-cssnano-simple\index.js | C:\valente_conecta\node_modules\next\dist\compiled\postcss-value-parser\index.js | C:\valente_conecta\node_modules\next\dist\compiled\querystring-es3\index.js | C:\valente_conecta\node_modules\next\dist\compiled\raw-body\index.js | C:\valente_conecta\node_modules\next\dist\compiled\react\index.js | C:\valente_conecta\node_modules\next\dist\compiled\react-dom\index.js | C:\valente_conecta\node_modules\next\dist\compiled\react-dom-experimental\index.js | C:\valente_conecta\node_modules\next\dist\compiled\react-experimental\index.js | C:\valente_conecta\node_modules\next\dist\compiled\react-is\index.js | C:\valente_conecta\node_modules\next\dist\compiled\react-server-dom-turbopack\index.js | C:\valente_conecta\node_modules\next\dist\compiled\react-server-dom-turbopack-experimental\index.js | C:\valente_conecta\node_modules\next\dist\compiled\react-server-dom-webpack\index.js | C:\valente_conecta\node_modules\next\dist\compiled\react-server-dom-webpack-experimental\index.js | C:\valente_conecta\node_modules\next\dist\compiled\scheduler\index.js | C:\valente_conecta\node_modules\next\dist\compiled\scheduler-experimental\index.js | C:\valente_conecta\node_modules\next\dist\compiled\schema-utils2\index.js | C:\valente_conecta\node_modules\next\dist\compiled\schema-utils3\index.js | C:\valente_conecta\node_modules\next\dist\compiled\semver\index.js | C:\valente_conecta\node_modules\next\dist\compiled\send\index.js | C:\valente_conecta\node_modules\next\dist\compiled\server-only\index.js | C:\valente_conecta\node_modules\next\dist\compiled\shell-quote\index.js | C:\valente_conecta\node_modules\next\dist\compiled\stream-browserify\index.js | C:\valente_conecta\node_modules\next\dist\compiled\stream-http\index.js | C:\valente_conecta\node_modules\next\dist\compiled\string-hash\index.js | C:\valente_conecta\node_modules\next\dist\compiled\strip-ansi\index.js | C:\valente_conecta\node_modules\next\dist\compiled\tar\index.js | C:\valente_conecta\node_modules\next\dist\compiled\text-table\index.js | C:\valente_conecta\node_modules\next\dist\compiled\tty-browserify\index.js | C:\valente_conecta\node_modules\next\dist\compiled\vm-browserify\index.js | C:\valente_conecta\node_modules\next\dist\compiled\webpack-sources1\index.js | C:\valente_conecta\node_modules\next\dist\compiled\webpack-sources3\index.js | C:\valente_conecta\node_modules\next\dist\compiled\ws\index.js | C:\valente_conecta\node_modules\next\dist\compiled\zod\index.js | C:\valente_conecta\node_modules\next\dist\esm\build\babel\loader\index.js | C:\valente_conecta\node_modules\next\dist\esm\build\output\index.js | C:\valente_conecta\node_modules\next\dist\esm\build\polyfills\fetch\index.js | C:\valente_conecta\node_modules\next\dist\esm\build\polyfills\object.assign\index.js | C:\valente_conecta\node_modules\next\dist\esm\build\swc\index.js | C:\valente_conecta\node_modules\next\dist\esm\build\turborepo-access-trace\index.js | C:\valente_conecta\node_modules\next\dist\esm\build\webpack\config\blocks\css\loaders\index.js | C:\valente_conecta\node_modules\next\dist\esm\build\webpack\config\blocks\css\index.js | C:\valente_conecta\node_modules\next\dist\esm\build\webpack\config\blocks\images\index.js | C:\valente_conecta\node_modules\next\dist\esm\build\webpack\config\index.js | C:\valente_conecta\node_modules\next\dist\esm\build\webpack\loaders\css-loader\src\plugins\index.js | C:\valente_conecta\node_modules\next\dist\esm\build\webpack\loaders\css-loader\src\index.js | C:\valente_conecta\node_modules\next\dist\esm\build\webpack\loaders\lightningcss-loader\src\index.js | C:\valente_conecta\node_modules\next\dist\esm\build\webpack\loaders\next-edge-app-route-loader\index.js | C:\valente_conecta\node_modules\next\dist\esm\build\webpack\loaders\next-edge-ssr-loader\index.js | C:\valente_conecta\node_modules\next\dist\esm\build\webpack\loaders\next-flight-loader\index.js | C:\valente_conecta\node_modules\next\dist\esm\build\webpack\loaders\next-font-loader\index.js | C:\valente_conecta\node_modules\next\dist\esm\build\webpack\loaders\next-image-loader\index.js | C:\valente_conecta\node_modules\next\dist\esm\build\webpack\loaders\next-route-loader\index.js | C:\valente_conecta\node_modules\next\dist\esm\build\webpack\loaders\next-style-loader\index.js | C:\valente_conecta\node_modules\next\dist\esm\build\webpack\loaders\postcss-loader\src\index.js | C:\valente_conecta\node_modules\next\dist\esm\build\webpack\loaders\resolve-url-loader\index.js | C:\valente_conecta\node_modules\next\dist\esm\build\webpack\plugins\next-types-plugin\index.js | C:\valente_conecta\node_modules\next\dist\esm\build\webpack\plugins\terser-webpack-plugin\src\index.js | C:\valente_conecta\node_modules\next\dist\esm\build\webpack\plugins\wellknown-errors-plugin\index.js | C:\valente_conecta\node_modules\next\dist\esm\build\webpack-build\index.js | C:\valente_conecta\node_modules\next\dist\esm\build\index.js | C:\valente_conecta\node_modules\next\dist\esm\client\components\react-dev-overlay\internal\components\CodeFrame\index.js | C:\valente_conecta\node_modules\next\dist\esm\client\components\react-dev-overlay\internal\components\Dialog\index.js | C:\valente_conecta\node_modules\next\dist\esm\client\components\react-dev-overlay\internal\components\hot-linked-text\index.js | C:\valente_conecta\node_modules\next\dist\esm\client\components\react-dev-overlay\internal\components\LeftRightDialogHeader\index.js | C:\valente_conecta\node_modules\next\dist\esm\client\components\react-dev-overlay\internal\components\Overlay\index.js | C:\valente_conecta\node_modules\next\dist\esm\client\components\react-dev-overlay\internal\components\Terminal\index.js | C:\valente_conecta\node_modules\next\dist\esm\client\components\react-dev-overlay\internal\components\Toast\index.js | C:\valente_conecta\node_modules\next\dist\esm\client\components\react-dev-overlay\internal\components\VersionStalenessInfo\index.js | C:\valente_conecta\node_modules\next\dist\esm\client\components\react-dev-overlay\internal\container\RuntimeError\index.js | C:\valente_conecta\node_modules\next\dist\esm\client\portal\index.js | C:\valente_conecta\node_modules\next\dist\esm\client\index.js | C:\valente_conecta\node_modules\next\dist\esm\export\index.js | C:\valente_conecta\node_modules\next\dist\esm\server\api-utils\index.js | C:\valente_conecta\node_modules\next\dist\esm\server\base-http\index.js | C:\valente_conecta\node_modules\next\dist\esm\server\future\normalizers\built\app\index.js | C:\valente_conecta\node_modules\next\dist\esm\server\future\normalizers\built\pages\index.js | C:\valente_conecta\node_modules\next\dist\esm\server\lib\incremental-cache\index.js | C:\valente_conecta\node_modules\next\dist\esm\server\lib\server-ipc\index.js | C:\valente_conecta\node_modules\next\dist\esm\server\response-cache\index.js | C:\valente_conecta\node_modules\next\dist\esm\server\typescript\index.js | C:\valente_conecta\node_modules\next\dist\esm\server\web\exports\index.js | C:\valente_conecta\node_modules\next\dist\esm\server\web\sandbox\index.js | C:\valente_conecta\node_modules\next\dist\esm\shared\lib\router\utils\index.js | C:\valente_conecta\node_modules\next\dist\experimental\testmode\playwright\index.js | C:\valente_conecta\node_modules\next\dist\experimental\testmode\proxy\index.js | C:\valente_conecta\node_modules\next\dist\export\index.js | C:\valente_conecta\node_modules\next\dist\server\api-utils\index.js | C:\valente_conecta\node_modules\next\dist\server\base-http\index.js | C:\valente_conecta\node_modules\next\dist\server\future\normalizers\built\app\index.js | C:\valente_conecta\node_modules\next\dist\server\future\normalizers\built\pages\index.js | C:\valente_conecta\node_modules\next\dist\server\lib\incremental-cache\index.js | C:\valente_conecta\node_modules\next\dist\server\lib\server-ipc\index.js | C:\valente_conecta\node_modules\next\dist\server\response-cache\index.js | C:\valente_conecta\node_modules\next\dist\server\typescript\index.js | C:\valente_conecta\node_modules\next\dist\server\web\exports\index.js | C:\valente_conecta\node_modules\next\dist\server\web\sandbox\index.js | C:\valente_conecta\node_modules\next\dist\shared\lib\router\utils\index.js | C:\valente_conecta\node_modules\next\dist\telemetry\events\index.js | C:\valente_conecta\node_modules\next\dist\trace\report\index.js | C:\valente_conecta\node_modules\next\dist\trace\index.js | C:\valente_conecta\node_modules\next\font\google\index.js | C:\valente_conecta\node_modules\next\font\local\index.js | C:\valente_conecta\node_modules\node-abi\index.js | C:\valente_conecta\node_modules\node-gyp-build-optional-packages\index.js | C:\valente_conecta\node_modules\normalize-path\index.js | C:\valente_conecta\node_modules\object-assign\index.js | C:\valente_conecta\node_modules\object-hash\index.js | C:\valente_conecta\node_modules\object-inspect\index.js | C:\valente_conecta\node_modules\on-finished\index.js | C:\valente_conecta\node_modules\pako\index.js | C:\valente_conecta\node_modules\parseurl\index.js | C:\valente_conecta\node_modules\path-parse\index.js | C:\valente_conecta\node_modules\path-to-regexp\dist\index.js | C:\valente_conecta\node_modules\picomatch\index.js | C:\valente_conecta\node_modules\pify\index.js | C:\valente_conecta\node_modules\pirates\lib\index.js | C:\valente_conecta\node_modules\postcss-import\index.js | C:\valente_conecta\node_modules\postcss-js\index.js | C:\valente_conecta\node_modules\postcss-load-config\src\index.js | C:\valente_conecta\node_modules\postcss-nested\index.js | C:\valente_conecta\node_modules\postcss-selector-parser\dist\selectors\index.js | C:\valente_conecta\node_modules\postcss-selector-parser\dist\util\index.js | C:\valente_conecta\node_modules\postcss-selector-parser\dist\index.js | C:\valente_conecta\node_modules\postcss-value-parser\lib\index.js | C:\valente_conecta\node_modules\prebuild-install\index.js | C:\valente_conecta\node_modules\proxy-addr\index.js | C:\valente_conecta\node_modules\pump\index.js | C:\valente_conecta\node_modules\qs\lib\index.js | C:\valente_conecta\node_modules\queue-microtask\index.js | C:\valente_conecta\node_modules\raf\index.js | C:\valente_conecta\node_modules\range-parser\index.js | C:\valente_conecta\node_modules\raw-body\index.js | C:\valente_conecta\node_modules\rc\index.js | C:\valente_conecta\node_modules\react\index.js | C:\valente_conecta\node_modules\react-chartjs-2\dist\index.js | C:\valente_conecta\node_modules\react-dom\index.js | C:\valente_conecta\node_modules\react-hot-toast\dist\index.js | C:\valente_conecta\node_modules\react-hot-toast\headless\index.js | C:\valente_conecta\node_modules\react-is\index.js | C:\valente_conecta\node_modules\react-redux\dist\cjs\index.js | C:\valente_conecta\node_modules\read-cache\index.js | C:\valente_conecta\node_modules\readdirp\index.js | C:\valente_conecta\node_modules\recharts\es6\util\scale\index.js | C:\valente_conecta\node_modules\recharts\es6\index.js | C:\valente_conecta\node_modules\recharts\lib\util\scale\index.js | C:\valente_conecta\node_modules\recharts\lib\index.js | C:\valente_conecta\node_modules\redis-errors\index.js | C:\valente_conecta\node_modules\redis-info\test\fixtures\index.js | C:\valente_conecta\node_modules\redis-info\index.js | C:\valente_conecta\node_modules\redis-parser\index.js | C:\valente_conecta\node_modules\resolve\test\dotdot\abc\index.js | C:\valente_conecta\node_modules\resolve\test\dotdot\index.js | C:\valente_conecta\node_modules\resolve\test\module_dir\xmodules\aaa\index.js | C:\valente_conecta\node_modules\resolve\test\module_dir\ymodules\aaa\index.js | C:\valente_conecta\node_modules\resolve\test\node_path\x\aaa\index.js | C:\valente_conecta\node_modules\resolve\test\node_path\x\ccc\index.js | C:\valente_conecta\node_modules\resolve\test\node_path\y\bbb\index.js | C:\valente_conecta\node_modules\resolve\test\node_path\y\ccc\index.js | C:\valente_conecta\node_modules\resolve\test\precedence\aaa\index.js | C:\valente_conecta\node_modules\resolve\test\resolver\dot_main\index.js | C:\valente_conecta\node_modules\resolve\test\resolver\dot_slash_main\index.js | C:\valente_conecta\node_modules\resolve\test\resolver\false_main\index.js | C:\valente_conecta\node_modules\resolve\test\resolver\incorrect_main\index.js | C:\valente_conecta\node_modules\resolve\test\resolver\multirepo\packages\package-a\index.js | C:\valente_conecta\node_modules\resolve\test\resolver\multirepo\packages\package-b\index.js | C:\valente_conecta\node_modules\resolve\test\resolver\quux\foo\index.js | C:\valente_conecta\node_modules\resolve\test\resolver\same_names\foo\index.js | C:\valente_conecta\node_modules\resolve\test\shadowed_core\node_modules\util\index.js | C:\valente_conecta\node_modules\resolve\index.js | C:\valente_conecta\node_modules\rgbcolor\index.js | C:\valente_conecta\node_modules\router\index.js | C:\valente_conecta\node_modules\run-parallel\index.js | C:\valente_conecta\node_modules\safe-buffer\index.js | C:\valente_conecta\node_modules\scheduler\index.js | C:\valente_conecta\node_modules\semver\classes\index.js | C:\valente_conecta\node_modules\semver\index.js | C:\valente_conecta\node_modules\send\index.js | C:\valente_conecta\node_modules\serve-static\index.js | C:\valente_conecta\node_modules\setprototypeof\test\index.js | C:\valente_conecta\node_modules\setprototypeof\index.js | C:\valente_conecta\node_modules\side-channel\test\index.js | C:\valente_conecta\node_modules\side-channel\index.js | C:\valente_conecta\node_modules\side-channel-list\test\index.js | C:\valente_conecta\node_modules\side-channel-list\index.js | C:\valente_conecta\node_modules\side-channel-map\test\index.js | C:\valente_conecta\node_modules\side-channel-map\index.js | C:\valente_conecta\node_modules\side-channel-weakmap\test\index.js | C:\valente_conecta\node_modules\side-channel-weakmap\index.js | C:\valente_conecta\node_modules\simple-concat\index.js | C:\valente_conecta\node_modules\simple-get\index.js | C:\valente_conecta\node_modules\standard-as-callback\built\index.js | C:\valente_conecta\node_modules\statuses\index.js | C:\valente_conecta\node_modules\strip-json-comments\index.js | C:\valente_conecta\node_modules\styled-jsx\dist\babel\index.js | C:\valente_conecta\node_modules\styled-jsx\dist\index\index.js | C:\valente_conecta\node_modules\styled-jsx\dist\webpack\index.js | C:\valente_conecta\node_modules\styled-jsx\index.js | C:\valente_conecta\node_modules\sucrase\dist\esm\parser\plugins\jsx\index.js | C:\valente_conecta\node_modules\sucrase\dist\esm\parser\tokenizer\index.js | C:\valente_conecta\node_modules\sucrase\dist\esm\parser\traverser\index.js | C:\valente_conecta\node_modules\sucrase\dist\esm\parser\index.js | C:\valente_conecta\node_modules\sucrase\dist\esm\index.js | C:\valente_conecta\node_modules\sucrase\dist\parser\plugins\jsx\index.js | C:\valente_conecta\node_modules\sucrase\dist\parser\tokenizer\index.js | C:\valente_conecta\node_modules\sucrase\dist\parser\traverser\index.js | C:\valente_conecta\node_modules\sucrase\dist\parser\index.js | C:\valente_conecta\node_modules\sucrase\dist\index.js | C:\valente_conecta\node_modules\sucrase\register\index.js | C:\valente_conecta\node_modules\sucrase\ts-node-plugin\index.js | C:\valente_conecta\node_modules\supports-preserve-symlinks-flag\test\index.js | C:\valente_conecta\node_modules\supports-preserve-symlinks-flag\index.js | C:\valente_conecta\node_modules\tailwindcss\lib\cli\build\index.js | C:\valente_conecta\node_modules\tailwindcss\lib\cli\help\index.js | C:\valente_conecta\node_modules\tailwindcss\lib\cli\init\index.js | C:\valente_conecta\node_modules\tailwindcss\lib\cli\index.js | C:\valente_conecta\node_modules\tailwindcss\lib\postcss-plugins\nesting\index.js | C:\valente_conecta\node_modules\tailwindcss\lib\value-parser\index.js | C:\valente_conecta\node_modules\tailwindcss\lib\index.js | C:\valente_conecta\node_modules\tailwindcss\nesting\index.js | C:\valente_conecta\node_modules\tailwindcss\peers\index.js | C:\valente_conecta\node_modules\tailwindcss\src\cli\build\index.js | C:\valente_conecta\node_modules\tailwindcss\src\cli\help\index.js | C:\valente_conecta\node_modules\tailwindcss\src\cli\init\index.js | C:\valente_conecta\node_modules\tailwindcss\src\cli\index.js | C:\valente_conecta\node_modules\tailwindcss\src\postcss-plugins\nesting\index.js | C:\valente_conecta\node_modules\tailwindcss\src\value-parser\index.js | C:\valente_conecta\node_modules\tailwindcss\src\index.js | C:\valente_conecta\node_modules\tar-fs\test\index.js | C:\valente_conecta\node_modules\tar-fs\index.js | C:\valente_conecta\node_modules\tar-stream\index.js | C:\valente_conecta\node_modules\text-segmentation\dist\lib\index.js | C:\valente_conecta\node_modules\thenify\index.js | C:\valente_conecta\node_modules\thenify-all\index.js | C:\valente_conecta\node_modules\tinyglobby\node_modules\picomatch\index.js | C:\valente_conecta\node_modules\to-regex-range\index.js | C:\valente_conecta\node_modules\toidentifier\index.js | C:\valente_conecta\node_modules\ts-interface-checker\dist\index.js | C:\valente_conecta\node_modules\tslib\modules\index.js | C:\valente_conecta\node_modules\tunnel-agent\index.js | C:\valente_conecta\node_modules\type-is\node_modules\content-type\dist\index.js | C:\valente_conecta\node_modules\type-is\index.js | C:\valente_conecta\node_modules\unpipe\index.js | C:\valente_conecta\node_modules\update-browserslist-db\index.js | C:\valente_conecta\node_modules\use-sync-external-store\shim\index.js | C:\valente_conecta\node_modules\use-sync-external-store\index.js | C:\valente_conecta\node_modules\utrie\dist\lib\index.js | C:\valente_conecta\node_modules\uuid\dist\esm-browser\index.js | C:\valente_conecta\node_modules\uuid\dist\esm-node\index.js | C:\valente_conecta\node_modules\uuid\dist\index.js | C:\valente_conecta\node_modules\vary\index.js | C:\valente_conecta\node_modules\victory-vendor\lib-vendor\d3-array\src\index.js | C:\valente_conecta\node_modules\victory-vendor\lib-vendor\d3-color\src\index.js | C:\valente_conecta\node_modules\victory-vendor\lib-vendor\d3-ease\src\index.js | C:\valente_conecta\node_modules\victory-vendor\lib-vendor\d3-format\src\index.js | C:\valente_conecta\node_modules\victory-vendor\lib-vendor\d3-interpolate\src\transform\index.js | C:\valente_conecta\node_modules\victory-vendor\lib-vendor\d3-interpolate\src\index.js | C:\valente_conecta\node_modules\victory-vendor\lib-vendor\d3-path\src\index.js | C:\valente_conecta\node_modules\victory-vendor\lib-vendor\d3-scale\src\index.js | C:\valente_conecta\node_modules\victory-vendor\lib-vendor\d3-shape\src\index.js | C:\valente_conecta\node_modules\victory-vendor\lib-vendor\d3-time\src\index.js | C:\valente_conecta\node_modules\victory-vendor\lib-vendor\d3-time-format\src\index.js | C:\valente_conecta\node_modules\victory-vendor\lib-vendor\d3-timer\src\index.js | C:\valente_conecta\node_modules\victory-vendor\lib-vendor\d3-voronoi\src\index.js | C:\valente_conecta\node_modules\victory-vendor\lib-vendor\internmap\src\index.js | C:\valente_conecta\node_modules\web-push\src\index.js | C:\valente_conecta\node_modules\zxing-wasm\dist\cjs\full\index.js | C:\valente_conecta\node_modules\zxing-wasm\dist\cjs\reader\index.js | C:\valente_conecta\node_modules\zxing-wasm\dist\cjs\writer\index.js | C:\valente_conecta\node_modules\zxing-wasm\dist\es\full\index.js | C:\valente_conecta\node_modules\zxing-wasm\dist\es\reader\index.js | C:\valente_conecta\node_modules\zxing-wasm\dist\es\writer\index.js | C:\valente_conecta\node_modules\zxing-wasm\dist\iife\full\index.js | C:\valente_conecta\node_modules\zxing-wasm\dist\iife\reader\index.js | C:\valente_conecta\node_modules\zxing-wasm\dist\iife\writer\index.js | C:\valente_conecta\node_modules\zxing-wasm\dist\miniprogram\index.js"
"applyDecoratedDescriptor.js","4","C:\valente_conecta\node_modules\@babel\runtime\helpers\esm\applyDecoratedDescriptor.js | C:\valente_conecta\node_modules\@babel\runtime\helpers\applyDecoratedDescriptor.js | C:\valente_conecta\node_modules\next\dist\compiled\@babel\runtime\helpers\esm\applyDecoratedDescriptor.js | C:\valente_conecta\node_modules\next\dist\compiled\@babel\runtime\helpers\applyDecoratedDescriptor.js"
"applyDecs.js","4","C:\valente_conecta\node_modules\@babel\runtime\helpers\esm\applyDecs.js | C:\valente_conecta\node_modules\@babel\runtime\helpers\applyDecs.js | C:\valente_conecta\node_modules\next\dist\compiled\@babel\runtime\helpers\esm\applyDecs.js | C:\valente_conecta\node_modules\next\dist\compiled\@babel\runtime\helpers\applyDecs.js"
"applyDecs2203.js","4","C:\valente_conecta\node_modules\@babel\runtime\helpers\esm\applyDecs2203.js | C:\valente_conecta\node_modules\@babel\runtime\helpers\applyDecs2203.js | C:\valente_conecta\node_modules\next\dist\compiled\@babel\runtime\helpers\esm\applyDecs2203.js | C:\valente_conecta\node_modules\next\dist\compiled\@babel\runtime\helpers\applyDecs2203.js"
"applyDecs2203R.js","4","C:\valente_conecta\node_modules\@babel\runtime\helpers\esm\applyDecs2203R.js | C:\valente_conecta\node_modules\@babel\runtime\helpers\applyDecs2203R.js | C:\valente_conecta\node_modules\next\dist\compiled\@babel\runtime\helpers\esm\applyDecs2203R.js | C:\valente_conecta\node_modules\next\dist\compiled\@babel\runtime\helpers\applyDecs2203R.js"
"applyDecs2301.js","4","C:\valente_conecta\node_modules\@babel\runtime\helpers\esm\applyDecs2301.js | C:\valente_conecta\node_modules\@babel\runtime\helpers\applyDecs2301.js | C:\valente_conecta\node_modules\next\dist\compiled\@babel\runtime\helpers\esm\applyDecs2301.js | C:\valente_conecta\node_modules\next\dist\compiled\@babel\runtime\helpers\applyDecs2301.js"
"applyDecs2305.js","4","C:\valente_conecta\node_modules\@babel\runtime\helpers\esm\applyDecs2305.js | C:\valente_conecta\node_modules\@babel\runtime\helpers\applyDecs2305.js | C:\valente_conecta\node_modules\next\dist\compiled\@babel\runtime\helpers\esm\applyDecs2305.js | C:\valente_conecta\node_modules\next\dist\compiled\@babel\runtime\helpers\applyDecs2305.js"
"applyDecs2311.js","2","C:\valente_conecta\node_modules\@babel\runtime\helpers\esm\applyDecs2311.js | C:\valente_conecta\node_modules\@babel\runtime\helpers\applyDecs2311.js"
"arrayLikeToArray.js","4","C:\valente_conecta\node_modules\@babel\runtime\helpers\esm\arrayLikeToArray.js | C:\valente_conecta\node_modules\@babel\runtime\helpers\arrayLikeToArray.js | C:\valente_conecta\node_modules\next\dist\compiled\@babel\runtime\helpers\esm\arrayLikeToArray.js | C:\valente_conecta\node_modules\next\dist\compiled\@babel\runtime\helpers\arrayLikeToArray.js"
"arrayWithHoles.js","4","C:\valente_conecta\node_modules\@babel\runtime\helpers\esm\arrayWithHoles.js | C:\valente_conecta\node_modules\@babel\runtime\helpers\arrayWithHoles.js | C:\valente_conecta\node_modules\next\dist\compiled\@babel\runtime\helpers\esm\arrayWithHoles.js | C:\valente_conecta\node_modules\next\dist\compiled\@babel\runtime\helpers\arrayWithHoles.js"
"arrayWithoutHoles.js","4","C:\valente_conecta\node_modules\@babel\runtime\helpers\esm\arrayWithoutHoles.js | C:\valente_conecta\node_modules\@babel\runtime\helpers\arrayWithoutHoles.js | C:\valente_conecta\node_modules\next\dist\compiled\@babel\runtime\helpers\esm\arrayWithoutHoles.js | C:\valente_conecta\node_modules\next\dist\compiled\@babel\runtime\helpers\arrayWithoutHoles.js"
"assertClassBrand.js","2","C:\valente_conecta\node_modules\@babel\runtime\helpers\esm\assertClassBrand.js | C:\valente_conecta\node_modules\@babel\runtime\helpers\assertClassBrand.js"
"assertThisInitialized.js","4","C:\valente_conecta\node_modules\@babel\runtime\helpers\esm\assertThisInitialized.js | C:\valente_conecta\node_modules\@babel\runtime\helpers\assertThisInitialized.js | C:\valente_conecta\node_modules\next\dist\compiled\@babel\runtime\helpers\esm\assertThisInitialized.js | C:\valente_conecta\node_modules\next\dist\compiled\@babel\runtime\helpers\assertThisInitialized.js"
"asyncGeneratorDelegate.js","4","C:\valente_conecta\node_modules\@babel\runtime\helpers\esm\asyncGeneratorDelegate.js | C:\valente_conecta\node_modules\@babel\runtime\helpers\asyncGeneratorDelegate.js | C:\valente_conecta\node_modules\next\dist\compiled\@babel\runtime\helpers\esm\asyncGeneratorDelegate.js | C:\valente_conecta\node_modules\next\dist\compiled\@babel\runtime\helpers\asyncGeneratorDelegate.js"
"asyncIterator.js","4","C:\valente_conecta\node_modules\@babel\runtime\helpers\esm\asyncIterator.js | C:\valente_conecta\node_modules\@babel\runtime\helpers\asyncIterator.js | C:\valente_conecta\node_modules\next\dist\compiled\@babel\runtime\helpers\esm\asyncIterator.js | C:\valente_conecta\node_modules\next\dist\compiled\@babel\runtime\helpers\asyncIterator.js"
"asyncToGenerator.js","4","C:\valente_conecta\node_modules\@babel\runtime\helpers\esm\asyncToGenerator.js | C:\valente_conecta\node_modules\@babel\runtime\helpers\asyncToGenerator.js | C:\valente_conecta\node_modules\next\dist\compiled\@babel\runtime\helpers\esm\asyncToGenerator.js | C:\valente_conecta\node_modules\next\dist\compiled\@babel\runtime\helpers\asyncToGenerator.js"
"awaitAsyncGenerator.js","4","C:\valente_conecta\node_modules\@babel\runtime\helpers\esm\awaitAsyncGenerator.js | C:\valente_conecta\node_modules\@babel\runtime\helpers\awaitAsyncGenerator.js | C:\valente_conecta\node_modules\next\dist\compiled\@babel\runtime\helpers\esm\awaitAsyncGenerator.js | C:\valente_conecta\node_modules\next\dist\compiled\@babel\runtime\helpers\awaitAsyncGenerator.js"
"AwaitValue.js","4","C:\valente_conecta\node_modules\@babel\runtime\helpers\esm\AwaitValue.js | C:\valente_conecta\node_modules\@babel\runtime\helpers\AwaitValue.js | C:\valente_conecta\node_modules\next\dist\compiled\@babel\runtime\helpers\esm\AwaitValue.js | C:\valente_conecta\node_modules\next\dist\compiled\@babel\runtime\helpers\AwaitValue.js"
"callSuper.js","2","C:\valente_conecta\node_modules\@babel\runtime\helpers\esm\callSuper.js | C:\valente_conecta\node_modules\@babel\runtime\helpers\callSuper.js"
"checkInRHS.js","4","C:\valente_conecta\node_modules\@babel\runtime\helpers\esm\checkInRHS.js | C:\valente_conecta\node_modules\@babel\runtime\helpers\checkInRHS.js | C:\valente_conecta\node_modules\next\dist\compiled\@babel\runtime\helpers\esm\checkInRHS.js | C:\valente_conecta\node_modules\next\dist\compiled\@babel\runtime\helpers\checkInRHS.js"
"checkPrivateRedeclaration.js","4","C:\valente_conecta\node_modules\@babel\runtime\helpers\esm\checkPrivateRedeclaration.js | C:\valente_conecta\node_modules\@babel\runtime\helpers\checkPrivateRedeclaration.js | C:\valente_conecta\node_modules\next\dist\compiled\@babel\runtime\helpers\esm\checkPrivateRedeclaration.js | C:\valente_conecta\node_modules\next\dist\compiled\@babel\runtime\helpers\checkPrivateRedeclaration.js"
"classApplyDescriptorDestructureSet.js","4","C:\valente_conecta\node_modules\@babel\runtime\helpers\esm\classApplyDescriptorDestructureSet.js | C:\valente_conecta\node_modules\@babel\runtime\helpers\classApplyDescriptorDestructureSet.js | C:\valente_conecta\node_modules\next\dist\compiled\@babel\runtime\helpers\esm\classApplyDescriptorDestructureSet.js | C:\valente_conecta\node_modules\next\dist\compiled\@babel\runtime\helpers\classApplyDescriptorDestructureSet.js"
"classApplyDescriptorGet.js","4","C:\valente_conecta\node_modules\@babel\runtime\helpers\esm\classApplyDescriptorGet.js | C:\valente_conecta\node_modules\@babel\runtime\helpers\classApplyDescriptorGet.js | C:\valente_conecta\node_modules\next\dist\compiled\@babel\runtime\helpers\esm\classApplyDescriptorGet.js | C:\valente_conecta\node_modules\next\dist\compiled\@babel\runtime\helpers\classApplyDescriptorGet.js"
"classApplyDescriptorSet.js","4","C:\valente_conecta\node_modules\@babel\runtime\helpers\esm\classApplyDescriptorSet.js | C:\valente_conecta\node_modules\@babel\runtime\helpers\classApplyDescriptorSet.js | C:\valente_conecta\node_modules\next\dist\compiled\@babel\runtime\helpers\esm\classApplyDescriptorSet.js | C:\valente_conecta\node_modules\next\dist\compiled\@babel\runtime\helpers\classApplyDescriptorSet.js"
"classCallCheck.js","4","C:\valente_conecta\node_modules\@babel\runtime\helpers\esm\classCallCheck.js | C:\valente_conecta\node_modules\@babel\runtime\helpers\classCallCheck.js | C:\valente_conecta\node_modules\next\dist\compiled\@babel\runtime\helpers\esm\classCallCheck.js | C:\valente_conecta\node_modules\next\dist\compiled\@babel\runtime\helpers\classCallCheck.js"
"classCheckPrivateStaticAccess.js","4","C:\valente_conecta\node_modules\@babel\runtime\helpers\esm\classCheckPrivateStaticAccess.js | C:\valente_conecta\node_modules\@babel\runtime\helpers\classCheckPrivateStaticAccess.js | C:\valente_conecta\node_modules\next\dist\compiled\@babel\runtime\helpers\esm\classCheckPrivateStaticAccess.js | C:\valente_conecta\node_modules\next\dist\compiled\@babel\runtime\helpers\classCheckPrivateStaticAccess.js"
"classCheckPrivateStaticFieldDescriptor.js","4","C:\valente_conecta\node_modules\@babel\runtime\helpers\esm\classCheckPrivateStaticFieldDescriptor.js | C:\valente_conecta\node_modules\@babel\runtime\helpers\classCheckPrivateStaticFieldDescriptor.js | C:\valente_conecta\node_modules\next\dist\compiled\@babel\runtime\helpers\esm\classCheckPrivateStaticFieldDescriptor.js | C:\valente_conecta\node_modules\next\dist\compiled\@babel\runtime\helpers\classCheckPrivateStaticFieldDescriptor.js"
"classExtractFieldDescriptor.js","4","C:\valente_conecta\node_modules\@babel\runtime\helpers\esm\classExtractFieldDescriptor.js | C:\valente_conecta\node_modules\@babel\runtime\helpers\classExtractFieldDescriptor.js | C:\valente_conecta\node_modules\next\dist\compiled\@babel\runtime\helpers\esm\classExtractFieldDescriptor.js | C:\valente_conecta\node_modules\next\dist\compiled\@babel\runtime\helpers\classExtractFieldDescriptor.js"
"classNameTDZError.js","4","C:\valente_conecta\node_modules\@babel\runtime\helpers\esm\classNameTDZError.js | C:\valente_conecta\node_modules\@babel\runtime\helpers\classNameTDZError.js | C:\valente_conecta\node_modules\next\dist\compiled\@babel\runtime\helpers\esm\classNameTDZError.js | C:\valente_conecta\node_modules\next\dist\compiled\@babel\runtime\helpers\classNameTDZError.js"
"classPrivateFieldDestructureSet.js","4","C:\valente_conecta\node_modules\@babel\runtime\helpers\esm\classPrivateFieldDestructureSet.js | C:\valente_conecta\node_modules\@babel\runtime\helpers\classPrivateFieldDestructureSet.js | C:\valente_conecta\node_modules\next\dist\compiled\@babel\runtime\helpers\esm\classPrivateFieldDestructureSet.js | C:\valente_conecta\node_modules\next\dist\compiled\@babel\runtime\helpers\classPrivateFieldDestructureSet.js"
"classPrivateFieldGet.js","4","C:\valente_conecta\node_modules\@babel\runtime\helpers\esm\classPrivateFieldGet.js | C:\valente_conecta\node_modules\@babel\runtime\helpers\classPrivateFieldGet.js | C:\valente_conecta\node_modules\next\dist\compiled\@babel\runtime\helpers\esm\classPrivateFieldGet.js | C:\valente_conecta\node_modules\next\dist\compiled\@babel\runtime\helpers\classPrivateFieldGet.js"
"classPrivateFieldGet2.js","2","C:\valente_conecta\node_modules\@babel\runtime\helpers\esm\classPrivateFieldGet2.js | C:\valente_conecta\node_modules\@babel\runtime\helpers\classPrivateFieldGet2.js"
"classPrivateFieldInitSpec.js","4","C:\valente_conecta\node_modules\@babel\runtime\helpers\esm\classPrivateFieldInitSpec.js | C:\valente_conecta\node_modules\@babel\runtime\helpers\classPrivateFieldInitSpec.js | C:\valente_conecta\node_modules\next\dist\compiled\@babel\runtime\helpers\esm\classPrivateFieldInitSpec.js | C:\valente_conecta\node_modules\next\dist\compiled\@babel\runtime\helpers\classPrivateFieldInitSpec.js"
"classPrivateFieldLooseBase.js","4","C:\valente_conecta\node_modules\@babel\runtime\helpers\esm\classPrivateFieldLooseBase.js | C:\valente_conecta\node_modules\@babel\runtime\helpers\classPrivateFieldLooseBase.js | C:\valente_conecta\node_modules\next\dist\compiled\@babel\runtime\helpers\esm\classPrivateFieldLooseBase.js | C:\valente_conecta\node_modules\next\dist\compiled\@babel\runtime\helpers\classPrivateFieldLooseBase.js"
"classPrivateFieldLooseKey.js","4","C:\valente_conecta\node_modules\@babel\runtime\helpers\esm\classPrivateFieldLooseKey.js | C:\valente_conecta\node_modules\@babel\runtime\helpers\classPrivateFieldLooseKey.js | C:\valente_conecta\node_modules\next\dist\compiled\@babel\runtime\helpers\esm\classPrivateFieldLooseKey.js | C:\valente_conecta\node_modules\next\dist\compiled\@babel\runtime\helpers\classPrivateFieldLooseKey.js"
"classPrivateFieldSet.js","4","C:\valente_conecta\node_modules\@babel\runtime\helpers\esm\classPrivateFieldSet.js | C:\valente_conecta\node_modules\@babel\runtime\helpers\classPrivateFieldSet.js | C:\valente_conecta\node_modules\next\dist\compiled\@babel\runtime\helpers\esm\classPrivateFieldSet.js | C:\valente_conecta\node_modules\next\dist\compiled\@babel\runtime\helpers\classPrivateFieldSet.js"
"classPrivateFieldSet2.js","2","C:\valente_conecta\node_modules\@babel\runtime\helpers\esm\classPrivateFieldSet2.js | C:\valente_conecta\node_modules\@babel\runtime\helpers\classPrivateFieldSet2.js"
"classPrivateGetter.js","2","C:\valente_conecta\node_modules\@babel\runtime\helpers\esm\classPrivateGetter.js | C:\valente_conecta\node_modules\@babel\runtime\helpers\classPrivateGetter.js"
"classPrivateMethodGet.js","4","C:\valente_conecta\node_modules\@babel\runtime\helpers\esm\classPrivateMethodGet.js | C:\valente_conecta\node_modules\@babel\runtime\helpers\classPrivateMethodGet.js | C:\valente_conecta\node_modules\next\dist\compiled\@babel\runtime\helpers\esm\classPrivateMethodGet.js | C:\valente_conecta\node_modules\next\dist\compiled\@babel\runtime\helpers\classPrivateMethodGet.js"
"classPrivateMethodInitSpec.js","4","C:\valente_conecta\node_modules\@babel\runtime\helpers\esm\classPrivateMethodInitSpec.js | C:\valente_conecta\node_modules\@babel\runtime\helpers\classPrivateMethodInitSpec.js | C:\valente_conecta\node_modules\next\dist\compiled\@babel\runtime\helpers\esm\classPrivateMethodInitSpec.js | C:\valente_conecta\node_modules\next\dist\compiled\@babel\runtime\helpers\classPrivateMethodInitSpec.js"
"classPrivateMethodSet.js","4","C:\valente_conecta\node_modules\@babel\runtime\helpers\esm\classPrivateMethodSet.js | C:\valente_conecta\node_modules\@babel\runtime\helpers\classPrivateMethodSet.js | C:\valente_conecta\node_modules\next\dist\compiled\@babel\runtime\helpers\esm\classPrivateMethodSet.js | C:\valente_conecta\node_modules\next\dist\compiled\@babel\runtime\helpers\classPrivateMethodSet.js"
"classPrivateSetter.js","2","C:\valente_conecta\node_modules\@babel\runtime\helpers\esm\classPrivateSetter.js | C:\valente_conecta\node_modules\@babel\runtime\helpers\classPrivateSetter.js"
"classStaticPrivateFieldDestructureSet.js","4","C:\valente_conecta\node_modules\@babel\runtime\helpers\esm\classStaticPrivateFieldDestructureSet.js | C:\valente_conecta\node_modules\@babel\runtime\helpers\classStaticPrivateFieldDestructureSet.js | C:\valente_conecta\node_modules\next\dist\compiled\@babel\runtime\helpers\esm\classStaticPrivateFieldDestructureSet.js | C:\valente_conecta\node_modules\next\dist\compiled\@babel\runtime\helpers\classStaticPrivateFieldDestructureSet.js"
"classStaticPrivateFieldSpecGet.js","4","C:\valente_conecta\node_modules\@babel\runtime\helpers\esm\classStaticPrivateFieldSpecGet.js | C:\valente_conecta\node_modules\@babel\runtime\helpers\classStaticPrivateFieldSpecGet.js | C:\valente_conecta\node_modules\next\dist\compiled\@babel\runtime\helpers\esm\classStaticPrivateFieldSpecGet.js | C:\valente_conecta\node_modules\next\dist\compiled\@babel\runtime\helpers\classStaticPrivateFieldSpecGet.js"
"classStaticPrivateFieldSpecSet.js","4","C:\valente_conecta\node_modules\@babel\runtime\helpers\esm\classStaticPrivateFieldSpecSet.js | C:\valente_conecta\node_modules\@babel\runtime\helpers\classStaticPrivateFieldSpecSet.js | C:\valente_conecta\node_modules\next\dist\compiled\@babel\runtime\helpers\esm\classStaticPrivateFieldSpecSet.js | C:\valente_conecta\node_modules\next\dist\compiled\@babel\runtime\helpers\classStaticPrivateFieldSpecSet.js"
"classStaticPrivateMethodGet.js","4","C:\valente_conecta\node_modules\@babel\runtime\helpers\esm\classStaticPrivateMethodGet.js | C:\valente_conecta\node_modules\@babel\runtime\helpers\classStaticPrivateMethodGet.js | C:\valente_conecta\node_modules\next\dist\compiled\@babel\runtime\helpers\esm\classStaticPrivateMethodGet.js | C:\valente_conecta\node_modules\next\dist\compiled\@babel\runtime\helpers\classStaticPrivateMethodGet.js"
"classStaticPrivateMethodSet.js","4","C:\valente_conecta\node_modules\@babel\runtime\helpers\esm\classStaticPrivateMethodSet.js | C:\valente_conecta\node_modules\@babel\runtime\helpers\classStaticPrivateMethodSet.js | C:\valente_conecta\node_modules\next\dist\compiled\@babel\runtime\helpers\esm\classStaticPrivateMethodSet.js | C:\valente_conecta\node_modules\next\dist\compiled\@babel\runtime\helpers\classStaticPrivateMethodSet.js"
"construct.js","9","C:\valente_conecta\node_modules\@babel\runtime\helpers\esm\construct.js | C:\valente_conecta\node_modules\@babel\runtime\helpers\construct.js | C:\valente_conecta\node_modules\core-js\actual\reflect\construct.js | C:\valente_conecta\node_modules\core-js\es\reflect\construct.js | C:\valente_conecta\node_modules\core-js\features\reflect\construct.js | C:\valente_conecta\node_modules\core-js\full\reflect\construct.js | C:\valente_conecta\node_modules\core-js\stable\reflect\construct.js | C:\valente_conecta\node_modules\next\dist\compiled\@babel\runtime\helpers\esm\construct.js | C:\valente_conecta\node_modules\next\dist\compiled\@babel\runtime\helpers\construct.js"
"createClass.js","4","C:\valente_conecta\node_modules\@babel\runtime\helpers\esm\createClass.js | C:\valente_conecta\node_modules\@babel\runtime\helpers\createClass.js | C:\valente_conecta\node_modules\next\dist\compiled\@babel\runtime\helpers\esm\createClass.js | C:\valente_conecta\node_modules\next\dist\compiled\@babel\runtime\helpers\createClass.js"
"createForOfIteratorHelper.js","4","C:\valente_conecta\node_modules\@babel\runtime\helpers\esm\createForOfIteratorHelper.js | C:\valente_conecta\node_modules\@babel\runtime\helpers\createForOfIteratorHelper.js | C:\valente_conecta\node_modules\next\dist\compiled\@babel\runtime\helpers\esm\createForOfIteratorHelper.js | C:\valente_conecta\node_modules\next\dist\compiled\@babel\runtime\helpers\createForOfIteratorHelper.js"
"createForOfIteratorHelperLoose.js","4","C:\valente_conecta\node_modules\@babel\runtime\helpers\esm\createForOfIteratorHelperLoose.js | C:\valente_conecta\node_modules\@babel\runtime\helpers\createForOfIteratorHelperLoose.js | C:\valente_conecta\node_modules\next\dist\compiled\@babel\runtime\helpers\esm\createForOfIteratorHelperLoose.js | C:\valente_conecta\node_modules\next\dist\compiled\@babel\runtime\helpers\createForOfIteratorHelperLoose.js"
"createSuper.js","4","C:\valente_conecta\node_modules\@babel\runtime\helpers\esm\createSuper.js | C:\valente_conecta\node_modules\@babel\runtime\helpers\createSuper.js | C:\valente_conecta\node_modules\next\dist\compiled\@babel\runtime\helpers\esm\createSuper.js | C:\valente_conecta\node_modules\next\dist\compiled\@babel\runtime\helpers\createSuper.js"
"decorate.js","4","C:\valente_conecta\node_modules\@babel\runtime\helpers\esm\decorate.js | C:\valente_conecta\node_modules\@babel\runtime\helpers\decorate.js | C:\valente_conecta\node_modules\next\dist\compiled\@babel\runtime\helpers\esm\decorate.js | C:\valente_conecta\node_modules\next\dist\compiled\@babel\runtime\helpers\decorate.js"
"defaults.js","11","C:\valente_conecta\node_modules\@babel\runtime\helpers\esm\defaults.js | C:\valente_conecta\node_modules\@babel\runtime\helpers\defaults.js | C:\valente_conecta\node_modules\es-toolkit\compat\defaults.js | C:\valente_conecta\node_modules\es-toolkit\dist\compat\object\defaults.js | C:\valente_conecta\node_modules\ioredis\built\utils\defaults.js | C:\valente_conecta\node_modules\lodash\fp\defaults.js | C:\valente_conecta\node_modules\lodash\defaults.js | C:\valente_conecta\node_modules\next\dist\compiled\@babel\runtime\helpers\esm\defaults.js | C:\valente_conecta\node_modules\next\dist\compiled\@babel\runtime\helpers\defaults.js | C:\valente_conecta\node_modules\tailwindcss\lib\util\defaults.js | C:\valente_conecta\node_modules\tailwindcss\src\util\defaults.js"
"defineAccessor.js","4","C:\valente_conecta\node_modules\@babel\runtime\helpers\esm\defineAccessor.js | C:\valente_conecta\node_modules\@babel\runtime\helpers\defineAccessor.js | C:\valente_conecta\node_modules\next\dist\compiled\@babel\runtime\helpers\esm\defineAccessor.js | C:\valente_conecta\node_modules\next\dist\compiled\@babel\runtime\helpers\defineAccessor.js"
"defineEnumerableProperties.js","4","C:\valente_conecta\node_modules\@babel\runtime\helpers\esm\defineEnumerableProperties.js | C:\valente_conecta\node_modules\@babel\runtime\helpers\defineEnumerableProperties.js | C:\valente_conecta\node_modules\next\dist\compiled\@babel\runtime\helpers\esm\defineEnumerableProperties.js | C:\valente_conecta\node_modules\next\dist\compiled\@babel\runtime\helpers\defineEnumerableProperties.js"
"defineProperty.js","4","C:\valente_conecta\node_modules\@babel\runtime\helpers\esm\defineProperty.js | C:\valente_conecta\node_modules\@babel\runtime\helpers\defineProperty.js | C:\valente_conecta\node_modules\next\dist\compiled\@babel\runtime\helpers\esm\defineProperty.js | C:\valente_conecta\node_modules\next\dist\compiled\@babel\runtime\helpers\defineProperty.js"
"dispose.js","14","C:\valente_conecta\node_modules\@babel\runtime\helpers\esm\dispose.js | C:\valente_conecta\node_modules\@babel\runtime\helpers\dispose.js | C:\valente_conecta\node_modules\core-js\actual\iterator\dispose.js | C:\valente_conecta\node_modules\core-js\actual\symbol\dispose.js | C:\valente_conecta\node_modules\core-js\es\iterator\dispose.js | C:\valente_conecta\node_modules\core-js\es\symbol\dispose.js | C:\valente_conecta\node_modules\core-js\features\iterator\dispose.js | C:\valente_conecta\node_modules\core-js\features\symbol\dispose.js | C:\valente_conecta\node_modules\core-js\full\iterator\dispose.js | C:\valente_conecta\node_modules\core-js\full\symbol\dispose.js | C:\valente_conecta\node_modules\core-js\stable\iterator\dispose.js | C:\valente_conecta\node_modules\core-js\stable\symbol\dispose.js | C:\valente_conecta\node_modules\next\dist\compiled\@babel\runtime\helpers\esm\dispose.js | C:\valente_conecta\node_modules\next\dist\compiled\@babel\runtime\helpers\dispose.js"
"extends.js","4","C:\valente_conecta\node_modules\@babel\runtime\helpers\esm\extends.js | C:\valente_conecta\node_modules\@babel\runtime\helpers\extends.js | C:\valente_conecta\node_modules\next\dist\compiled\@babel\runtime\helpers\esm\extends.js | C:\valente_conecta\node_modules\next\dist\compiled\@babel\runtime\helpers\extends.js"
"get.js","15","C:\valente_conecta\node_modules\@babel\runtime\helpers\esm\get.js | C:\valente_conecta\node_modules\@babel\runtime\helpers\get.js | C:\valente_conecta\node_modules\core-js\actual\reflect\get.js | C:\valente_conecta\node_modules\core-js\es\reflect\get.js | C:\valente_conecta\node_modules\core-js\features\reflect\get.js | C:\valente_conecta\node_modules\core-js\full\reflect\get.js | C:\valente_conecta\node_modules\core-js\stable\reflect\get.js | C:\valente_conecta\node_modules\dunder-proto\test\get.js | C:\valente_conecta\node_modules\dunder-proto\get.js | C:\valente_conecta\node_modules\es-toolkit\compat\get.js | C:\valente_conecta\node_modules\es-toolkit\dist\compat\object\get.js | C:\valente_conecta\node_modules\lodash\fp\get.js | C:\valente_conecta\node_modules\lodash\get.js | C:\valente_conecta\node_modules\next\dist\compiled\@babel\runtime\helpers\esm\get.js | C:\valente_conecta\node_modules\next\dist\compiled\@babel\runtime\helpers\get.js"
"getPrototypeOf.js","4","C:\valente_conecta\node_modules\@babel\runtime\helpers\esm\getPrototypeOf.js | C:\valente_conecta\node_modules\@babel\runtime\helpers\getPrototypeOf.js | C:\valente_conecta\node_modules\next\dist\compiled\@babel\runtime\helpers\esm\getPrototypeOf.js | C:\valente_conecta\node_modules\next\dist\compiled\@babel\runtime\helpers\getPrototypeOf.js"
"identity.js","17","C:\valente_conecta\node_modules\@babel\runtime\helpers\esm\identity.js | C:\valente_conecta\node_modules\@babel\runtime\helpers\identity.js | C:\valente_conecta\node_modules\d3-array\src\identity.js | C:\valente_conecta\node_modules\d3-format\src\identity.js | C:\valente_conecta\node_modules\d3-scale\src\identity.js | C:\valente_conecta\node_modules\d3-shape\src\identity.js | C:\valente_conecta\node_modules\es-toolkit\compat\identity.js | C:\valente_conecta\node_modules\es-toolkit\dist\compat\function\identity.js | C:\valente_conecta\node_modules\es-toolkit\dist\function\identity.js | C:\valente_conecta\node_modules\lodash\fp\identity.js | C:\valente_conecta\node_modules\lodash\identity.js | C:\valente_conecta\node_modules\next\dist\compiled\@babel\runtime\helpers\esm\identity.js | C:\valente_conecta\node_modules\next\dist\compiled\@babel\runtime\helpers\identity.js | C:\valente_conecta\node_modules\victory-vendor\lib-vendor\d3-array\src\identity.js | C:\valente_conecta\node_modules\victory-vendor\lib-vendor\d3-format\src\identity.js | C:\valente_conecta\node_modules\victory-vendor\lib-vendor\d3-scale\src\identity.js | C:\valente_conecta\node_modules\victory-vendor\lib-vendor\d3-shape\src\identity.js"
"importDeferProxy.js","2","C:\valente_conecta\node_modules\@babel\runtime\helpers\esm\importDeferProxy.js | C:\valente_conecta\node_modules\@babel\runtime\helpers\importDeferProxy.js"
"inherits.js","5","C:\valente_conecta\node_modules\@babel\runtime\helpers\esm\inherits.js | C:\valente_conecta\node_modules\@babel\runtime\helpers\inherits.js | C:\valente_conecta\node_modules\inherits\inherits.js | C:\valente_conecta\node_modules\next\dist\compiled\@babel\runtime\helpers\esm\inherits.js | C:\valente_conecta\node_modules\next\dist\compiled\@babel\runtime\helpers\inherits.js"
"inheritsLoose.js","4","C:\valente_conecta\node_modules\@babel\runtime\helpers\esm\inheritsLoose.js | C:\valente_conecta\node_modules\@babel\runtime\helpers\inheritsLoose.js | C:\valente_conecta\node_modules\next\dist\compiled\@babel\runtime\helpers\esm\inheritsLoose.js | C:\valente_conecta\node_modules\next\dist\compiled\@babel\runtime\helpers\inheritsLoose.js"
"initializerDefineProperty.js","4","C:\valente_conecta\node_modules\@babel\runtime\helpers\esm\initializerDefineProperty.js | C:\valente_conecta\node_modules\@babel\runtime\helpers\initializerDefineProperty.js | C:\valente_conecta\node_modules\next\dist\compiled\@babel\runtime\helpers\esm\initializerDefineProperty.js | C:\valente_conecta\node_modules\next\dist\compiled\@babel\runtime\helpers\initializerDefineProperty.js"
"initializerWarningHelper.js","4","C:\valente_conecta\node_modules\@babel\runtime\helpers\esm\initializerWarningHelper.js | C:\valente_conecta\node_modules\@babel\runtime\helpers\initializerWarningHelper.js | C:\valente_conecta\node_modules\next\dist\compiled\@babel\runtime\helpers\esm\initializerWarningHelper.js | C:\valente_conecta\node_modules\next\dist\compiled\@babel\runtime\helpers\initializerWarningHelper.js"
"instanceof.js","4","C:\valente_conecta\node_modules\@babel\runtime\helpers\esm\instanceof.js | C:\valente_conecta\node_modules\@babel\runtime\helpers\instanceof.js | C:\valente_conecta\node_modules\next\dist\compiled\@babel\runtime\helpers\esm\instanceof.js | C:\valente_conecta\node_modules\next\dist\compiled\@babel\runtime\helpers\instanceof.js"
"interopRequireDefault.js","4","C:\valente_conecta\node_modules\@babel\runtime\helpers\esm\interopRequireDefault.js | C:\valente_conecta\node_modules\@babel\runtime\helpers\interopRequireDefault.js | C:\valente_conecta\node_modules\next\dist\compiled\@babel\runtime\helpers\esm\interopRequireDefault.js | C:\valente_conecta\node_modules\next\dist\compiled\@babel\runtime\helpers\interopRequireDefault.js"
"interopRequireWildcard.js","4","C:\valente_conecta\node_modules\@babel\runtime\helpers\esm\interopRequireWildcard.js | C:\valente_conecta\node_modules\@babel\runtime\helpers\interopRequireWildcard.js | C:\valente_conecta\node_modules\next\dist\compiled\@babel\runtime\helpers\esm\interopRequireWildcard.js | C:\valente_conecta\node_modules\next\dist\compiled\@babel\runtime\helpers\interopRequireWildcard.js"
"isNativeFunction.js","4","C:\valente_conecta\node_modules\@babel\runtime\helpers\esm\isNativeFunction.js | C:\valente_conecta\node_modules\@babel\runtime\helpers\isNativeFunction.js | C:\valente_conecta\node_modules\next\dist\compiled\@babel\runtime\helpers\esm\isNativeFunction.js | C:\valente_conecta\node_modules\next\dist\compiled\@babel\runtime\helpers\isNativeFunction.js"
"isNativeReflectConstruct.js","4","C:\valente_conecta\node_modules\@babel\runtime\helpers\esm\isNativeReflectConstruct.js | C:\valente_conecta\node_modules\@babel\runtime\helpers\isNativeReflectConstruct.js | C:\valente_conecta\node_modules\next\dist\compiled\@babel\runtime\helpers\esm\isNativeReflectConstruct.js | C:\valente_conecta\node_modules\next\dist\compiled\@babel\runtime\helpers\isNativeReflectConstruct.js"
"iterableToArray.js","4","C:\valente_conecta\node_modules\@babel\runtime\helpers\esm\iterableToArray.js | C:\valente_conecta\node_modules\@babel\runtime\helpers\iterableToArray.js | C:\valente_conecta\node_modules\next\dist\compiled\@babel\runtime\helpers\esm\iterableToArray.js | C:\valente_conecta\node_modules\next\dist\compiled\@babel\runtime\helpers\iterableToArray.js"
"iterableToArrayLimit.js","4","C:\valente_conecta\node_modules\@babel\runtime\helpers\esm\iterableToArrayLimit.js | C:\valente_conecta\node_modules\@babel\runtime\helpers\iterableToArrayLimit.js | C:\valente_conecta\node_modules\next\dist\compiled\@babel\runtime\helpers\esm\iterableToArrayLimit.js | C:\valente_conecta\node_modules\next\dist\compiled\@babel\runtime\helpers\iterableToArrayLimit.js"
"jsx.js","5","C:\valente_conecta\node_modules\@babel\runtime\helpers\esm\jsx.js | C:\valente_conecta\node_modules\@babel\runtime\helpers\jsx.js | C:\valente_conecta\node_modules\next\dist\compiled\@babel\runtime\helpers\esm\jsx.js | C:\valente_conecta\node_modules\next\dist\compiled\@babel\runtime\helpers\jsx.js | C:\valente_conecta\node_modules\sucrase\register\jsx.js"
"maybeArrayLike.js","4","C:\valente_conecta\node_modules\@babel\runtime\helpers\esm\maybeArrayLike.js | C:\valente_conecta\node_modules\@babel\runtime\helpers\maybeArrayLike.js | C:\valente_conecta\node_modules\next\dist\compiled\@babel\runtime\helpers\esm\maybeArrayLike.js | C:\valente_conecta\node_modules\next\dist\compiled\@babel\runtime\helpers\maybeArrayLike.js"
"newArrowCheck.js","4","C:\valente_conecta\node_modules\@babel\runtime\helpers\esm\newArrowCheck.js | C:\valente_conecta\node_modules\@babel\runtime\helpers\newArrowCheck.js | C:\valente_conecta\node_modules\next\dist\compiled\@babel\runtime\helpers\esm\newArrowCheck.js | C:\valente_conecta\node_modules\next\dist\compiled\@babel\runtime\helpers\newArrowCheck.js"
"nonIterableRest.js","4","C:\valente_conecta\node_modules\@babel\runtime\helpers\esm\nonIterableRest.js | C:\valente_conecta\node_modules\@babel\runtime\helpers\nonIterableRest.js | C:\valente_conecta\node_modules\next\dist\compiled\@babel\runtime\helpers\esm\nonIterableRest.js | C:\valente_conecta\node_modules\next\dist\compiled\@babel\runtime\helpers\nonIterableRest.js"
"nonIterableSpread.js","4","C:\valente_conecta\node_modules\@babel\runtime\helpers\esm\nonIterableSpread.js | C:\valente_conecta\node_modules\@babel\runtime\helpers\nonIterableSpread.js | C:\valente_conecta\node_modules\next\dist\compiled\@babel\runtime\helpers\esm\nonIterableSpread.js | C:\valente_conecta\node_modules\next\dist\compiled\@babel\runtime\helpers\nonIterableSpread.js"
"nullishReceiverError.js","2","C:\valente_conecta\node_modules\@babel\runtime\helpers\esm\nullishReceiverError.js | C:\valente_conecta\node_modules\@babel\runtime\helpers\nullishReceiverError.js"
"objectDestructuringEmpty.js","4","C:\valente_conecta\node_modules\@babel\runtime\helpers\esm\objectDestructuringEmpty.js | C:\valente_conecta\node_modules\@babel\runtime\helpers\objectDestructuringEmpty.js | C:\valente_conecta\node_modules\next\dist\compiled\@babel\runtime\helpers\esm\objectDestructuringEmpty.js | C:\valente_conecta\node_modules\next\dist\compiled\@babel\runtime\helpers\objectDestructuringEmpty.js"
"objectSpread.js","4","C:\valente_conecta\node_modules\@babel\runtime\helpers\esm\objectSpread.js | C:\valente_conecta\node_modules\@babel\runtime\helpers\objectSpread.js | C:\valente_conecta\node_modules\next\dist\compiled\@babel\runtime\helpers\esm\objectSpread.js | C:\valente_conecta\node_modules\next\dist\compiled\@babel\runtime\helpers\objectSpread.js"
"objectSpread2.js","4","C:\valente_conecta\node_modules\@babel\runtime\helpers\esm\objectSpread2.js | C:\valente_conecta\node_modules\@babel\runtime\helpers\objectSpread2.js | C:\valente_conecta\node_modules\next\dist\compiled\@babel\runtime\helpers\esm\objectSpread2.js | C:\valente_conecta\node_modules\next\dist\compiled\@babel\runtime\helpers\objectSpread2.js"
"objectWithoutProperties.js","4","C:\valente_conecta\node_modules\@babel\runtime\helpers\esm\objectWithoutProperties.js | C:\valente_conecta\node_modules\@babel\runtime\helpers\objectWithoutProperties.js | C:\valente_conecta\node_modules\next\dist\compiled\@babel\runtime\helpers\esm\objectWithoutProperties.js | C:\valente_conecta\node_modules\next\dist\compiled\@babel\runtime\helpers\objectWithoutProperties.js"
"objectWithoutPropertiesLoose.js","4","C:\valente_conecta\node_modules\@babel\runtime\helpers\esm\objectWithoutPropertiesLoose.js | C:\valente_conecta\node_modules\@babel\runtime\helpers\objectWithoutPropertiesLoose.js | C:\valente_conecta\node_modules\next\dist\compiled\@babel\runtime\helpers\esm\objectWithoutPropertiesLoose.js | C:\valente_conecta\node_modules\next\dist\compiled\@babel\runtime\helpers\objectWithoutPropertiesLoose.js"
"OverloadYield.js","4","C:\valente_conecta\node_modules\@babel\runtime\helpers\esm\OverloadYield.js | C:\valente_conecta\node_modules\@babel\runtime\helpers\OverloadYield.js | C:\valente_conecta\node_modules\next\dist\compiled\@babel\runtime\helpers\esm\OverloadYield.js | C:\valente_conecta\node_modules\next\dist\compiled\@babel\runtime\helpers\OverloadYield.js"
"possibleConstructorReturn.js","4","C:\valente_conecta\node_modules\@babel\runtime\helpers\esm\possibleConstructorReturn.js | C:\valente_conecta\node_modules\@babel\runtime\helpers\possibleConstructorReturn.js | C:\valente_conecta\node_modules\next\dist\compiled\@babel\runtime\helpers\esm\possibleConstructorReturn.js | C:\valente_conecta\node_modules\next\dist\compiled\@babel\runtime\helpers\possibleConstructorReturn.js"
"readOnlyError.js","4","C:\valente_conecta\node_modules\@babel\runtime\helpers\esm\readOnlyError.js | C:\valente_conecta\node_modules\@babel\runtime\helpers\readOnlyError.js | C:\valente_conecta\node_modules\next\dist\compiled\@babel\runtime\helpers\esm\readOnlyError.js | C:\valente_conecta\node_modules\next\dist\compiled\@babel\runtime\helpers\readOnlyError.js"
"regenerator.js","2","C:\valente_conecta\node_modules\@babel\runtime\helpers\esm\regenerator.js | C:\valente_conecta\node_modules\@babel\runtime\helpers\regenerator.js"
"regeneratorAsync.js","2","C:\valente_conecta\node_modules\@babel\runtime\helpers\esm\regeneratorAsync.js | C:\valente_conecta\node_modules\@babel\runtime\helpers\regeneratorAsync.js"
"regeneratorAsyncGen.js","2","C:\valente_conecta\node_modules\@babel\runtime\helpers\esm\regeneratorAsyncGen.js | C:\valente_conecta\node_modules\@babel\runtime\helpers\regeneratorAsyncGen.js"
"regeneratorAsyncIterator.js","2","C:\valente_conecta\node_modules\@babel\runtime\helpers\esm\regeneratorAsyncIterator.js | C:\valente_conecta\node_modules\@babel\runtime\helpers\regeneratorAsyncIterator.js"
"regeneratorDefine.js","2","C:\valente_conecta\node_modules\@babel\runtime\helpers\esm\regeneratorDefine.js | C:\valente_conecta\node_modules\@babel\runtime\helpers\regeneratorDefine.js"
"regeneratorKeys.js","2","C:\valente_conecta\node_modules\@babel\runtime\helpers\esm\regeneratorKeys.js | C:\valente_conecta\node_modules\@babel\runtime\helpers\regeneratorKeys.js"
"regeneratorRuntime.js","4","C:\valente_conecta\node_modules\@babel\runtime\helpers\esm\regeneratorRuntime.js | C:\valente_conecta\node_modules\@babel\runtime\helpers\regeneratorRuntime.js | C:\valente_conecta\node_modules\next\dist\compiled\@babel\runtime\helpers\esm\regeneratorRuntime.js | C:\valente_conecta\node_modules\next\dist\compiled\@babel\runtime\helpers\regeneratorRuntime.js"
"regeneratorValues.js","2","C:\valente_conecta\node_modules\@babel\runtime\helpers\esm\regeneratorValues.js | C:\valente_conecta\node_modules\@babel\runtime\helpers\regeneratorValues.js"
"set.js","21","C:\valente_conecta\node_modules\@babel\runtime\helpers\esm\set.js | C:\valente_conecta\node_modules\@babel\runtime\helpers\set.js | C:\valente_conecta\node_modules\core-js\actual\reflect\set.js | C:\valente_conecta\node_modules\core-js\actual\typed-array\set.js | C:\valente_conecta\node_modules\core-js\es\reflect\set.js | C:\valente_conecta\node_modules\core-js\es\typed-array\set.js | C:\valente_conecta\node_modules\core-js\features\reflect\set.js | C:\valente_conecta\node_modules\core-js\features\typed-array\set.js | C:\valente_conecta\node_modules\core-js\full\reflect\set.js | C:\valente_conecta\node_modules\core-js\full\typed-array\set.js | C:\valente_conecta\node_modules\core-js\stable\reflect\set.js | C:\valente_conecta\node_modules\core-js\stable\typed-array\set.js | C:\valente_conecta\node_modules\dunder-proto\test\set.js | C:\valente_conecta\node_modules\dunder-proto\set.js | C:\valente_conecta\node_modules\es-toolkit\compat\set.js | C:\valente_conecta\node_modules\es-toolkit\dist\compat\object\set.js | C:\valente_conecta\node_modules\es-toolkit\set.js | C:\valente_conecta\node_modules\lodash\fp\set.js | C:\valente_conecta\node_modules\lodash\set.js | C:\valente_conecta\node_modules\next\dist\compiled\@babel\runtime\helpers\esm\set.js | C:\valente_conecta\node_modules\next\dist\compiled\@babel\runtime\helpers\set.js"
"setFunctionName.js","2","C:\valente_conecta\node_modules\@babel\runtime\helpers\esm\setFunctionName.js | C:\valente_conecta\node_modules\@babel\runtime\helpers\setFunctionName.js"
"setPrototypeOf.js","4","C:\valente_conecta\node_modules\@babel\runtime\helpers\esm\setPrototypeOf.js | C:\valente_conecta\node_modules\@babel\runtime\helpers\setPrototypeOf.js | C:\valente_conecta\node_modules\next\dist\compiled\@babel\runtime\helpers\esm\setPrototypeOf.js | C:\valente_conecta\node_modules\next\dist\compiled\@babel\runtime\helpers\setPrototypeOf.js"
"skipFirstGeneratorNext.js","4","C:\valente_conecta\node_modules\@babel\runtime\helpers\esm\skipFirstGeneratorNext.js | C:\valente_conecta\node_modules\@babel\runtime\helpers\skipFirstGeneratorNext.js | C:\valente_conecta\node_modules\next\dist\compiled\@babel\runtime\helpers\esm\skipFirstGeneratorNext.js | C:\valente_conecta\node_modules\next\dist\compiled\@babel\runtime\helpers\skipFirstGeneratorNext.js"
"slicedToArray.js","4","C:\valente_conecta\node_modules\@babel\runtime\helpers\esm\slicedToArray.js | C:\valente_conecta\node_modules\@babel\runtime\helpers\slicedToArray.js | C:\valente_conecta\node_modules\next\dist\compiled\@babel\runtime\helpers\esm\slicedToArray.js | C:\valente_conecta\node_modules\next\dist\compiled\@babel\runtime\helpers\slicedToArray.js"
"superPropBase.js","4","C:\valente_conecta\node_modules\@babel\runtime\helpers\esm\superPropBase.js | C:\valente_conecta\node_modules\@babel\runtime\helpers\superPropBase.js | C:\valente_conecta\node_modules\next\dist\compiled\@babel\runtime\helpers\esm\superPropBase.js | C:\valente_conecta\node_modules\next\dist\compiled\@babel\runtime\helpers\superPropBase.js"
"superPropGet.js","2","C:\valente_conecta\node_modules\@babel\runtime\helpers\esm\superPropGet.js | C:\valente_conecta\node_modules\@babel\runtime\helpers\superPropGet.js"
"superPropSet.js","2","C:\valente_conecta\node_modules\@babel\runtime\helpers\esm\superPropSet.js | C:\valente_conecta\node_modules\@babel\runtime\helpers\superPropSet.js"
"taggedTemplateLiteral.js","4","C:\valente_conecta\node_modules\@babel\runtime\helpers\esm\taggedTemplateLiteral.js | C:\valente_conecta\node_modules\@babel\runtime\helpers\taggedTemplateLiteral.js | C:\valente_conecta\node_modules\next\dist\compiled\@babel\runtime\helpers\esm\taggedTemplateLiteral.js | C:\valente_conecta\node_modules\next\dist\compiled\@babel\runtime\helpers\taggedTemplateLiteral.js"
"taggedTemplateLiteralLoose.js","4","C:\valente_conecta\node_modules\@babel\runtime\helpers\esm\taggedTemplateLiteralLoose.js | C:\valente_conecta\node_modules\@babel\runtime\helpers\taggedTemplateLiteralLoose.js | C:\valente_conecta\node_modules\next\dist\compiled\@babel\runtime\helpers\esm\taggedTemplateLiteralLoose.js | C:\valente_conecta\node_modules\next\dist\compiled\@babel\runtime\helpers\taggedTemplateLiteralLoose.js"
"tdz.js","4","C:\valente_conecta\node_modules\@babel\runtime\helpers\esm\tdz.js | C:\valente_conecta\node_modules\@babel\runtime\helpers\tdz.js | C:\valente_conecta\node_modules\next\dist\compiled\@babel\runtime\helpers\esm\tdz.js | C:\valente_conecta\node_modules\next\dist\compiled\@babel\runtime\helpers\tdz.js"
"temporalRef.js","4","C:\valente_conecta\node_modules\@babel\runtime\helpers\esm\temporalRef.js | C:\valente_conecta\node_modules\@babel\runtime\helpers\temporalRef.js | C:\valente_conecta\node_modules\next\dist\compiled\@babel\runtime\helpers\esm\temporalRef.js | C:\valente_conecta\node_modules\next\dist\compiled\@babel\runtime\helpers\temporalRef.js"
"temporalUndefined.js","4","C:\valente_conecta\node_modules\@babel\runtime\helpers\esm\temporalUndefined.js | C:\valente_conecta\node_modules\@babel\runtime\helpers\temporalUndefined.js | C:\valente_conecta\node_modules\next\dist\compiled\@babel\runtime\helpers\esm\temporalUndefined.js | C:\valente_conecta\node_modules\next\dist\compiled\@babel\runtime\helpers\temporalUndefined.js"
"toArray.js","9","C:\valente_conecta\node_modules\@babel\runtime\helpers\esm\toArray.js | C:\valente_conecta\node_modules\@babel\runtime\helpers\toArray.js | C:\valente_conecta\node_modules\es-toolkit\compat\toArray.js | C:\valente_conecta\node_modules\es-toolkit\dist\compat\util\toArray.js | C:\valente_conecta\node_modules\es-toolkit\dist\compat\_internal\toArray.js | C:\valente_conecta\node_modules\lodash\fp\toArray.js | C:\valente_conecta\node_modules\lodash\toArray.js | C:\valente_conecta\node_modules\next\dist\compiled\@babel\runtime\helpers\esm\toArray.js | C:\valente_conecta\node_modules\next\dist\compiled\@babel\runtime\helpers\toArray.js"
"toConsumableArray.js","4","C:\valente_conecta\node_modules\@babel\runtime\helpers\esm\toConsumableArray.js | C:\valente_conecta\node_modules\@babel\runtime\helpers\toConsumableArray.js | C:\valente_conecta\node_modules\next\dist\compiled\@babel\runtime\helpers\esm\toConsumableArray.js | C:\valente_conecta\node_modules\next\dist\compiled\@babel\runtime\helpers\toConsumableArray.js"
"toPrimitive.js","4","C:\valente_conecta\node_modules\@babel\runtime\helpers\esm\toPrimitive.js | C:\valente_conecta\node_modules\@babel\runtime\helpers\toPrimitive.js | C:\valente_conecta\node_modules\next\dist\compiled\@babel\runtime\helpers\esm\toPrimitive.js | C:\valente_conecta\node_modules\next\dist\compiled\@babel\runtime\helpers\toPrimitive.js"
"toPropertyKey.js","4","C:\valente_conecta\node_modules\@babel\runtime\helpers\esm\toPropertyKey.js | C:\valente_conecta\node_modules\@babel\runtime\helpers\toPropertyKey.js | C:\valente_conecta\node_modules\next\dist\compiled\@babel\runtime\helpers\esm\toPropertyKey.js | C:\valente_conecta\node_modules\next\dist\compiled\@babel\runtime\helpers\toPropertyKey.js"
"toSetter.js","2","C:\valente_conecta\node_modules\@babel\runtime\helpers\esm\toSetter.js | C:\valente_conecta\node_modules\@babel\runtime\helpers\toSetter.js"
"tsRewriteRelativeImportExtensions.js","2","C:\valente_conecta\node_modules\@babel\runtime\helpers\esm\tsRewriteRelativeImportExtensions.js | C:\valente_conecta\node_modules\@babel\runtime\helpers\tsRewriteRelativeImportExtensions.js"
"typeof.js","4","C:\valente_conecta\node_modules\@babel\runtime\helpers\esm\typeof.js | C:\valente_conecta\node_modules\@babel\runtime\helpers\typeof.js | C:\valente_conecta\node_modules\next\dist\compiled\@babel\runtime\helpers\esm\typeof.js | C:\valente_conecta\node_modules\next\dist\compiled\@babel\runtime\helpers\typeof.js"
"unsupportedIterableToArray.js","4","C:\valente_conecta\node_modules\@babel\runtime\helpers\esm\unsupportedIterableToArray.js | C:\valente_conecta\node_modules\@babel\runtime\helpers\unsupportedIterableToArray.js | C:\valente_conecta\node_modules\next\dist\compiled\@babel\runtime\helpers\esm\unsupportedIterableToArray.js | C:\valente_conecta\node_modules\next\dist\compiled\@babel\runtime\helpers\unsupportedIterableToArray.js"
"using.js","4","C:\valente_conecta\node_modules\@babel\runtime\helpers\esm\using.js | C:\valente_conecta\node_modules\@babel\runtime\helpers\using.js | C:\valente_conecta\node_modules\next\dist\compiled\@babel\runtime\helpers\esm\using.js | C:\valente_conecta\node_modules\next\dist\compiled\@babel\runtime\helpers\using.js"
"usingCtx.js","2","C:\valente_conecta\node_modules\@babel\runtime\helpers\esm\usingCtx.js | C:\valente_conecta\node_modules\@babel\runtime\helpers\usingCtx.js"
"wrapAsyncGenerator.js","4","C:\valente_conecta\node_modules\@babel\runtime\helpers\esm\wrapAsyncGenerator.js | C:\valente_conecta\node_modules\@babel\runtime\helpers\wrapAsyncGenerator.js | C:\valente_conecta\node_modules\next\dist\compiled\@babel\runtime\helpers\esm\wrapAsyncGenerator.js | C:\valente_conecta\node_modules\next\dist\compiled\@babel\runtime\helpers\wrapAsyncGenerator.js"
"wrapNativeSuper.js","4","C:\valente_conecta\node_modules\@babel\runtime\helpers\esm\wrapNativeSuper.js | C:\valente_conecta\node_modules\@babel\runtime\helpers\wrapNativeSuper.js | C:\valente_conecta\node_modules\next\dist\compiled\@babel\runtime\helpers\esm\wrapNativeSuper.js | C:\valente_conecta\node_modules\next\dist\compiled\@babel\runtime\helpers\wrapNativeSuper.js"
"wrapRegExp.js","4","C:\valente_conecta\node_modules\@babel\runtime\helpers\esm\wrapRegExp.js | C:\valente_conecta\node_modules\@babel\runtime\helpers\wrapRegExp.js | C:\valente_conecta\node_modules\next\dist\compiled\@babel\runtime\helpers\esm\wrapRegExp.js | C:\valente_conecta\node_modules\next\dist\compiled\@babel\runtime\helpers\wrapRegExp.js"
"writeOnlyError.js","4","C:\valente_conecta\node_modules\@babel\runtime\helpers\esm\writeOnlyError.js | C:\valente_conecta\node_modules\@babel\runtime\helpers\writeOnlyError.js | C:\valente_conecta\node_modules\next\dist\compiled\@babel\runtime\helpers\esm\writeOnlyError.js | C:\valente_conecta\node_modules\next\dist\compiled\@babel\runtime\helpers\writeOnlyError.js"
"statuses.js","2","C:\valente_conecta\node_modules\@bull-board\api\dist\constants\statuses.js | C:\valente_conecta\node_modules\caniuse-lite\dist\lib\statuses.js"
"error.d.ts","8","C:\valente_conecta\node_modules\@bull-board\api\dist\handlers\error.d.ts | C:\valente_conecta\node_modules\browserslist\error.d.ts | C:\valente_conecta\node_modules\es-toolkit\error.d.ts | C:\valente_conecta\node_modules\fast-glob\out\providers\filters\error.d.ts | C:\valente_conecta\node_modules\next\dist\build\webpack\loaders\postcss-loader\src\Error.d.ts | C:\valente_conecta\node_modules\next\dist\server\typescript\rules\error.d.ts | C:\valente_conecta\node_modules\next\dist\server\web\error.d.ts | C:\valente_conecta\node_modules\next\error.d.ts"
"error.js","14","C:\valente_conecta\node_modules\@bull-board\api\dist\handlers\error.js | C:\valente_conecta\node_modules\browserslist\error.js | C:\valente_conecta\node_modules\client-only\error.js | C:\valente_conecta\node_modules\es-toolkit\error.js | C:\valente_conecta\node_modules\fast-glob\out\providers\filters\error.js | C:\valente_conecta\node_modules\next\dist\build\webpack\loaders\postcss-loader\src\Error.js | C:\valente_conecta\node_modules\next\dist\compiled\client-only\error.js | C:\valente_conecta\node_modules\next\dist\esm\build\webpack\loaders\postcss-loader\src\Error.js | C:\valente_conecta\node_modules\next\dist\esm\server\typescript\rules\error.js | C:\valente_conecta\node_modules\next\dist\esm\server\web\error.js | C:\valente_conecta\node_modules\next\dist\server\typescript\rules\error.js | C:\valente_conecta\node_modules\next\dist\server\web\error.js | C:\valente_conecta\node_modules\next\error.js | C:\valente_conecta\node_modules\prebuild-install\error.js"
"job.d.ts","2","C:\valente_conecta\node_modules\@bull-board\api\dist\handlers\job.d.ts | C:\valente_conecta\node_modules\@bull-board\api\dist\providers\job.d.ts"
"job.js","3","C:\valente_conecta\node_modules\@bull-board\api\dist\handlers\job.js | C:\valente_conecta\node_modules\@bull-board\api\dist\providers\job.js | C:\valente_conecta\node_modules\bull\lib\job.js"
"flow.d.ts","5","C:\valente_conecta\node_modules\@bull-board\api\dist\providers\flow.d.ts | C:\valente_conecta\node_modules\es-toolkit\compat\flow.d.ts | C:\valente_conecta\node_modules\es-toolkit\dist\compat\function\flow.d.ts | C:\valente_conecta\node_modules\es-toolkit\dist\function\flow.d.ts | C:\valente_conecta\node_modules\sucrase\dist\types\parser\plugins\flow.d.ts"
"flow.js","8","C:\valente_conecta\node_modules\@bull-board\api\dist\providers\flow.js | C:\valente_conecta\node_modules\es-toolkit\compat\flow.js | C:\valente_conecta\node_modules\es-toolkit\dist\compat\function\flow.js | C:\valente_conecta\node_modules\es-toolkit\dist\function\flow.js | C:\valente_conecta\node_modules\lodash\fp\flow.js | C:\valente_conecta\node_modules\lodash\flow.js | C:\valente_conecta\node_modules\sucrase\dist\esm\parser\plugins\flow.js | C:\valente_conecta\node_modules\sucrase\dist\parser\plugins\flow.js"
"queue.js","4","C:\valente_conecta\node_modules\@bull-board\api\dist\providers\queue.js | C:\valente_conecta\node_modules\bull\lib\queue.js | C:\valente_conecta\node_modules\core-js\internals\queue.js | C:\valente_conecta\node_modules\fastq\queue.js"
"base.d.ts","4","C:\valente_conecta\node_modules\@bull-board\api\dist\queueAdapters\base.d.ts | C:\valente_conecta\node_modules\next\dist\build\webpack\config\blocks\base.d.ts | C:\valente_conecta\node_modules\next\dist\client\components\react-dev-overlay\internal\styles\Base.d.ts | C:\valente_conecta\node_modules\sucrase\dist\types\parser\traverser\base.d.ts"
"base.js","7","C:\valente_conecta\node_modules\@bull-board\api\dist\queueAdapters\base.js | C:\valente_conecta\node_modules\next\dist\build\webpack\config\blocks\base.js | C:\valente_conecta\node_modules\next\dist\client\components\react-dev-overlay\internal\styles\Base.js | C:\valente_conecta\node_modules\next\dist\esm\build\webpack\config\blocks\base.js | C:\valente_conecta\node_modules\next\dist\esm\client\components\react-dev-overlay\internal\styles\Base.js | C:\valente_conecta\node_modules\sucrase\dist\esm\parser\traverser\base.js | C:\valente_conecta\node_modules\sucrase\dist\parser\traverser\base.js"
"app.d.ts","4","C:\valente_conecta\node_modules\@bull-board\api\typings\app.d.ts | C:\valente_conecta\node_modules\@bull-board\ui\typings\app.d.ts | C:\valente_conecta\node_modules\next\dist\api\app.d.ts | C:\valente_conecta\node_modules\next\app.d.ts"
"utils.d.ts","24","C:\valente_conecta\node_modules\@bull-board\api\typings\utils.d.ts | C:\valente_conecta\node_modules\@supabase\phoenix\priv\static\types\utils.d.ts | C:\valente_conecta\node_modules\barcode-detector\dist\cjs\utils.d.ts | C:\valente_conecta\node_modules\barcode-detector\dist\es\utils.d.ts | C:\valente_conecta\node_modules\chart.js\dist\types\utils.d.ts | C:\valente_conecta\node_modules\jiti\dist\utils.d.ts | C:\valente_conecta\node_modules\next\dist\build\webpack\config\utils.d.ts | C:\valente_conecta\node_modules\next\dist\build\webpack\loaders\css-loader\src\utils.d.ts | C:\valente_conecta\node_modules\next\dist\build\webpack\loaders\lightningcss-loader\src\utils.d.ts | C:\valente_conecta\node_modules\next\dist\build\webpack\loaders\postcss-loader\src\utils.d.ts | C:\valente_conecta\node_modules\next\dist\build\webpack\loaders\utils.d.ts | C:\valente_conecta\node_modules\next\dist\build\webpack\utils.d.ts | C:\valente_conecta\node_modules\next\dist\build\utils.d.ts | C:\valente_conecta\node_modules\next\dist\export\utils.d.ts | C:\valente_conecta\node_modules\next\dist\lib\metadata\generate\utils.d.ts | C:\valente_conecta\node_modules\next\dist\server\lib\server-ipc\utils.d.ts | C:\valente_conecta\node_modules\next\dist\server\lib\utils.d.ts | C:\valente_conecta\node_modules\next\dist\server\response-cache\utils.d.ts | C:\valente_conecta\node_modules\next\dist\server\typescript\utils.d.ts | C:\valente_conecta\node_modules\next\dist\server\web\utils.d.ts | C:\valente_conecta\node_modules\next\dist\server\utils.d.ts | C:\valente_conecta\node_modules\next\dist\shared\lib\utils.d.ts | C:\valente_conecta\node_modules\react-chartjs-2\dist\utils.d.ts | C:\valente_conecta\node_modules\standard-as-callback\built\utils.d.ts"
"global.d.ts","10","C:\valente_conecta\node_modules\@bull-board\ui\typings\global.d.ts | C:\valente_conecta\node_modules\@types\react\ts5.0\global.d.ts | C:\valente_conecta\node_modules\@types\react\global.d.ts | C:\valente_conecta\node_modules\goober\global\global.d.ts | C:\valente_conecta\node_modules\next\dist\build\webpack\config\blocks\css\loaders\global.d.ts | C:\valente_conecta\node_modules\next\dist\styled-jsx\types\global.d.ts | C:\valente_conecta\node_modules\next\image-types\global.d.ts | C:\valente_conecta\node_modules\next\types\global.d.ts | C:\valente_conecta\node_modules\recharts\types\util\Global.d.ts | C:\valente_conecta\node_modules\styled-jsx\global.d.ts"
"faIls.js","2","C:\valente_conecta\node_modules\@fortawesome\free-solid-svg-icons\faIls.js | C:\valente_conecta\node_modules\core-js\internals\fails.js"
"faN.js","2","C:\valente_conecta\node_modules\@fortawesome\free-solid-svg-icons\faN.js | C:\valente_conecta\node_modules\lucide-react\dist\esm\icons\fan.js"
"types.d.ts","46","C:\valente_conecta\node_modules\@jridgewell\gen-mapping\dist\types\types.d.ts | C:\valente_conecta\node_modules\@supabase\auth-js\dist\main\lib\types.d.ts | C:\valente_conecta\node_modules\@supabase\auth-js\dist\module\lib\types.d.ts | C:\valente_conecta\node_modules\@supabase\functions-js\dist\main\types.d.ts | C:\valente_conecta\node_modules\@supabase\functions-js\dist\module\types.d.ts | C:\valente_conecta\node_modules\@supabase\phoenix\priv\static\types\types.d.ts | C:\valente_conecta\node_modules\@supabase\realtime-js\dist\main\phoenix\types.d.ts | C:\valente_conecta\node_modules\@supabase\realtime-js\dist\module\phoenix\types.d.ts | C:\valente_conecta\node_modules\canvg\lib\presets\types.d.ts | C:\valente_conecta\node_modules\canvg\lib\Transform\types.d.ts | C:\valente_conecta\node_modules\canvg\lib\types.d.ts | C:\valente_conecta\node_modules\chart.js\dist\types.d.ts | C:\valente_conecta\node_modules\es-toolkit\dist\server\colors\types.d.ts | C:\valente_conecta\node_modules\fast-png\lib\types.d.ts | C:\valente_conecta\node_modules\ioredis\built\connectors\SentinelConnector\types.d.ts | C:\valente_conecta\node_modules\ioredis\built\types.d.ts | C:\valente_conecta\node_modules\jiti\dist\types.d.ts | C:\valente_conecta\node_modules\next\dist\build\babel\loader\types.d.ts | C:\valente_conecta\node_modules\next\dist\build\turborepo-access-trace\types.d.ts | C:\valente_conecta\node_modules\next\dist\build\webpack\loaders\metadata\types.d.ts | C:\valente_conecta\node_modules\next\dist\compiled\@next\font\dist\types.d.ts | C:\valente_conecta\node_modules\next\dist\compiled\@vercel\og\types.d.ts | C:\valente_conecta\node_modules\next\dist\esm\build\babel\loader\types.d.ts | C:\valente_conecta\node_modules\next\dist\experimental\testmode\proxy\types.d.ts | C:\valente_conecta\node_modules\next\dist\export\routes\types.d.ts | C:\valente_conecta\node_modules\next\dist\export\types.d.ts | C:\valente_conecta\node_modules\next\dist\server\app-render\types.d.ts | C:\valente_conecta\node_modules\next\dist\server\dev\turbopack\types.d.ts | C:\valente_conecta\node_modules\next\dist\server\lib\router-utils\types.d.ts | C:\valente_conecta\node_modules\next\dist\server\lib\types.d.ts | C:\valente_conecta\node_modules\next\dist\server\response-cache\types.d.ts | C:\valente_conecta\node_modules\next\dist\server\web\types.d.ts | C:\valente_conecta\node_modules\next\dist\shared\lib\lazy-dynamic\types.d.ts | C:\valente_conecta\node_modules\next\dist\trace\report\types.d.ts | C:\valente_conecta\node_modules\next\dist\trace\types.d.ts | C:\valente_conecta\node_modules\picocolors\types.d.ts | C:\valente_conecta\node_modules\react-chartjs-2\dist\types.d.ts | C:\valente_conecta\node_modules\recharts\types\chart\types.d.ts | C:\valente_conecta\node_modules\recharts\types\synchronisation\types.d.ts | C:\valente_conecta\node_modules\recharts\types\util\types.d.ts | C:\valente_conecta\node_modules\recharts\types\types.d.ts | C:\valente_conecta\node_modules\standard-as-callback\built\types.d.ts | C:\valente_conecta\node_modules\sucrase\dist\types\parser\plugins\types.d.ts | C:\valente_conecta\node_modules\sucrase\dist\types\parser\tokenizer\types.d.ts | C:\valente_conecta\node_modules\svg-pathdata\lib\types.d.ts | C:\valente_conecta\node_modules\ts-interface-checker\dist\types.d.ts"
"sourcemap-segment.ts","2","C:\valente_conecta\node_modules\@jridgewell\gen-mapping\src\sourcemap-segment.ts | C:\valente_conecta\node_modules\@jridgewell\trace-mapping\src\sourcemap-segment.ts"
"color.d.ts","4","C:\valente_conecta\node_modules\@kurkle\color\dist\color.d.ts | C:\valente_conecta\node_modules\chart.js\dist\types\color.d.ts | C:\valente_conecta\node_modules\html2canvas\dist\types\css\property-descriptors\color.d.ts | C:\valente_conecta\node_modules\html2canvas\dist\types\css\types\color.d.ts"
"fs.d.ts","5","C:\valente_conecta\node_modules\@nodelib\fs.scandir\out\adapters\fs.d.ts | C:\valente_conecta\node_modules\@nodelib\fs.scandir\out\utils\fs.d.ts | C:\valente_conecta\node_modules\@nodelib\fs.stat\out\adapters\fs.d.ts | C:\valente_conecta\node_modules\@types\node\fs.d.ts | C:\valente_conecta\node_modules\fast-glob\out\utils\fs.d.ts"
"fs.js","5","C:\valente_conecta\node_modules\@nodelib\fs.scandir\out\adapters\fs.js | C:\valente_conecta\node_modules\@nodelib\fs.scandir\out\utils\fs.js | C:\valente_conecta\node_modules\@nodelib\fs.stat\out\adapters\fs.js | C:\valente_conecta\node_modules\fast-glob\out\utils\fs.js | C:\valente_conecta\node_modules\mz\fs.js"
"async.d.ts","6","C:\valente_conecta\node_modules\@nodelib\fs.scandir\out\providers\async.d.ts | C:\valente_conecta\node_modules\@nodelib\fs.stat\out\providers\async.d.ts | C:\valente_conecta\node_modules\@nodelib\fs.walk\out\providers\async.d.ts | C:\valente_conecta\node_modules\@nodelib\fs.walk\out\readers\async.d.ts | C:\valente_conecta\node_modules\fast-glob\out\providers\async.d.ts | C:\valente_conecta\node_modules\fast-glob\out\readers\async.d.ts"
"async.js","12","C:\valente_conecta\node_modules\@nodelib\fs.scandir\out\providers\async.js | C:\valente_conecta\node_modules\@nodelib\fs.stat\out\providers\async.js | C:\valente_conecta\node_modules\@nodelib\fs.walk\out\providers\async.js | C:\valente_conecta\node_modules\@nodelib\fs.walk\out\readers\async.js | C:\valente_conecta\node_modules\fast-glob\out\providers\async.js | C:\valente_conecta\node_modules\fast-glob\out\readers\async.js | C:\valente_conecta\node_modules\next\dist\compiled\neo-async\async.js | C:\valente_conecta\node_modules\postcss-js\async.js | C:\valente_conecta\node_modules\resolve\example\async.js | C:\valente_conecta\node_modules\resolve\lib\async.js | C:\valente_conecta\node_modules\resolve\test\resolver\nested_symlinks\mylib\async.js | C:\valente_conecta\node_modules\resolve\async.js"
"common.d.ts","3","C:\valente_conecta\node_modules\@nodelib\fs.scandir\out\providers\common.d.ts | C:\valente_conecta\node_modules\@nodelib\fs.walk\out\readers\common.d.ts | C:\valente_conecta\node_modules\cron-parser\types\common.d.ts"
"common.js","5","C:\valente_conecta\node_modules\@nodelib\fs.scandir\out\providers\common.js | C:\valente_conecta\node_modules\@nodelib\fs.walk\out\readers\common.js | C:\valente_conecta\node_modules\busboy\test\common.js | C:\valente_conecta\node_modules\debug\src\common.js | C:\valente_conecta\node_modules\pako\lib\utils\common.js"
"sync.d.ts","6","C:\valente_conecta\node_modules\@nodelib\fs.scandir\out\providers\sync.d.ts | C:\valente_conecta\node_modules\@nodelib\fs.stat\out\providers\sync.d.ts | C:\valente_conecta\node_modules\@nodelib\fs.walk\out\providers\sync.d.ts | C:\valente_conecta\node_modules\@nodelib\fs.walk\out\readers\sync.d.ts | C:\valente_conecta\node_modules\fast-glob\out\providers\sync.d.ts | C:\valente_conecta\node_modules\fast-glob\out\readers\sync.d.ts"
"sync.js","11","C:\valente_conecta\node_modules\@nodelib\fs.scandir\out\providers\sync.js | C:\valente_conecta\node_modules\@nodelib\fs.stat\out\providers\sync.js | C:\valente_conecta\node_modules\@nodelib\fs.walk\out\providers\sync.js | C:\valente_conecta\node_modules\@nodelib\fs.walk\out\readers\sync.js | C:\valente_conecta\node_modules\fast-glob\out\providers\sync.js | C:\valente_conecta\node_modules\fast-glob\out\readers\sync.js | C:\valente_conecta\node_modules\postcss-js\sync.js | C:\valente_conecta\node_modules\resolve\example\sync.js | C:\valente_conecta\node_modules\resolve\lib\sync.js | C:\valente_conecta\node_modules\resolve\test\resolver\nested_symlinks\mylib\sync.js | C:\valente_conecta\node_modules\resolve\sync.js"
"constants.d.ts","15","C:\valente_conecta\node_modules\@nodelib\fs.scandir\out\constants.d.ts | C:\valente_conecta\node_modules\@supabase\auth-js\dist\main\lib\constants.d.ts | C:\valente_conecta\node_modules\@supabase\auth-js\dist\module\lib\constants.d.ts | C:\valente_conecta\node_modules\@supabase\phoenix\priv\static\types\constants.d.ts | C:\valente_conecta\node_modules\@supabase\realtime-js\dist\main\lib\constants.d.ts | C:\valente_conecta\node_modules\@supabase\realtime-js\dist\module\lib\constants.d.ts | C:\valente_conecta\node_modules\@types\node\constants.d.ts | C:\valente_conecta\node_modules\next\dist\api\constants.d.ts | C:\valente_conecta\node_modules\next\dist\compiled\@next\font\dist\constants.d.ts | C:\valente_conecta\node_modules\next\dist\lib\metadata\constants.d.ts | C:\valente_conecta\node_modules\next\dist\lib\constants.d.ts | C:\valente_conecta\node_modules\next\dist\server\lib\trace\constants.d.ts | C:\valente_conecta\node_modules\next\dist\shared\lib\constants.d.ts | C:\valente_conecta\node_modules\next\constants.d.ts | C:\valente_conecta\node_modules\recharts\types\util\Constants.d.ts"
"constants.js","26","C:\valente_conecta\node_modules\@nodelib\fs.scandir\out\constants.js | C:\valente_conecta\node_modules\@supabase\auth-js\dist\main\lib\constants.js | C:\valente_conecta\node_modules\@supabase\auth-js\dist\module\lib\constants.js | C:\valente_conecta\node_modules\@supabase\phoenix\assets\js\phoenix\constants.js | C:\valente_conecta\node_modules\@supabase\realtime-js\dist\main\lib\constants.js | C:\valente_conecta\node_modules\@supabase\realtime-js\dist\module\lib\constants.js | C:\valente_conecta\node_modules\braces\lib\constants.js | C:\valente_conecta\node_modules\chokidar\lib\constants.js | C:\valente_conecta\node_modules\next\dist\api\constants.js | C:\valente_conecta\node_modules\next\dist\compiled\@next\font\dist\constants.js | C:\valente_conecta\node_modules\next\dist\esm\api\constants.js | C:\valente_conecta\node_modules\next\dist\esm\lib\metadata\constants.js | C:\valente_conecta\node_modules\next\dist\esm\lib\constants.js | C:\valente_conecta\node_modules\next\dist\esm\server\lib\trace\constants.js | C:\valente_conecta\node_modules\next\dist\esm\shared\lib\constants.js | C:\valente_conecta\node_modules\next\dist\lib\metadata\constants.js | C:\valente_conecta\node_modules\next\dist\lib\constants.js | C:\valente_conecta\node_modules\next\dist\server\lib\trace\constants.js | C:\valente_conecta\node_modules\next\dist\shared\lib\constants.js | C:\valente_conecta\node_modules\next\constants.js | C:\valente_conecta\node_modules\pako\lib\zlib\constants.js | C:\valente_conecta\node_modules\picomatch\lib\constants.js | C:\valente_conecta\node_modules\recharts\es6\util\Constants.js | C:\valente_conecta\node_modules\recharts\lib\util\Constants.js | C:\valente_conecta\node_modules\semver\internal\constants.js | C:\valente_conecta\node_modules\tinyglobby\node_modules\picomatch\lib\constants.js"
"settings.d.ts","4","C:\valente_conecta\node_modules\@nodelib\fs.scandir\out\settings.d.ts | C:\valente_conecta\node_modules\@nodelib\fs.stat\out\settings.d.ts | C:\valente_conecta\node_modules\@nodelib\fs.walk\out\settings.d.ts | C:\valente_conecta\node_modules\fast-glob\out\settings.d.ts"
"settings.js","6","C:\valente_conecta\node_modules\@nodelib\fs.scandir\out\settings.js | C:\valente_conecta\node_modules\@nodelib\fs.stat\out\settings.js | C:\valente_conecta\node_modules\@nodelib\fs.walk\out\settings.js | C:\valente_conecta\node_modules\fast-glob\out\settings.js | C:\valente_conecta\node_modules\lucide-react\dist\esm\icons\settings.js | C:\valente_conecta\node_modules\luxon\src\settings.js"
"stream.d.ts","5","C:\valente_conecta\node_modules\@nodelib\fs.walk\out\providers\stream.d.ts | C:\valente_conecta\node_modules\@types\node\stream.d.ts | C:\valente_conecta\node_modules\fast-glob\out\providers\stream.d.ts | C:\valente_conecta\node_modules\fast-glob\out\readers\stream.d.ts | C:\valente_conecta\node_modules\fast-glob\out\utils\stream.d.ts"
"stream.js","7","C:\valente_conecta\node_modules\@nodelib\fs.walk\out\providers\stream.js | C:\valente_conecta\node_modules\caniuse-lite\data\features\stream.js | C:\valente_conecta\node_modules\fast-glob\out\providers\stream.js | C:\valente_conecta\node_modules\fast-glob\out\readers\stream.js | C:\valente_conecta\node_modules\fast-glob\out\utils\stream.js | C:\valente_conecta\node_modules\msgpackr\stream.js | C:\valente_conecta\node_modules\readable-stream\lib\internal\streams\stream.js"
"reader.d.ts","2","C:\valente_conecta\node_modules\@nodelib\fs.walk\out\readers\reader.d.ts | C:\valente_conecta\node_modules\fast-glob\out\readers\reader.d.ts"
"reader.js","2","C:\valente_conecta\node_modules\@nodelib\fs.walk\out\readers\reader.js | C:\valente_conecta\node_modules\fast-glob\out\readers\reader.js"
"uncheckedindexed.ts","2","C:\valente_conecta\node_modules\@reduxjs\toolkit\dist\uncheckedindexed.ts | C:\valente_conecta\node_modules\@reduxjs\toolkit\src\uncheckedindexed.ts"
"immer.cjs.development.js","2","C:\valente_conecta\node_modules\@reduxjs\toolkit\node_modules\immer\dist\cjs\immer.cjs.development.js | C:\valente_conecta\node_modules\immer\dist\cjs\immer.cjs.development.js"
"immer.cjs.production.js","2","C:\valente_conecta\node_modules\@reduxjs\toolkit\node_modules\immer\dist\cjs\immer.cjs.production.js | C:\valente_conecta\node_modules\immer\dist\cjs\immer.cjs.production.js"
"immer.d.ts","2","C:\valente_conecta\node_modules\@reduxjs\toolkit\node_modules\immer\dist\immer.d.ts | C:\valente_conecta\node_modules\immer\dist\immer.d.ts"
"immer.legacy-esm.js","2","C:\valente_conecta\node_modules\@reduxjs\toolkit\node_modules\immer\dist\immer.legacy-esm.js | C:\valente_conecta\node_modules\immer\dist\immer.legacy-esm.js"
"current.ts","2","C:\valente_conecta\node_modules\@reduxjs\toolkit\node_modules\immer\src\core\current.ts | C:\valente_conecta\node_modules\immer\src\core\current.ts"
"finalize.ts","2","C:\valente_conecta\node_modules\@reduxjs\toolkit\node_modules\immer\src\core\finalize.ts | C:\valente_conecta\node_modules\immer\src\core\finalize.ts"
"immerClass.ts","2","C:\valente_conecta\node_modules\@reduxjs\toolkit\node_modules\immer\src\core\immerClass.ts | C:\valente_conecta\node_modules\immer\src\core\immerClass.ts"
"proxy.ts","3","C:\valente_conecta\node_modules\@reduxjs\toolkit\node_modules\immer\src\core\proxy.ts | C:\valente_conecta\node_modules\immer\src\core\proxy.ts | C:\valente_conecta\node_modules\reselect\src\autotrackMemoize\proxy.ts"
"scope.ts","2","C:\valente_conecta\node_modules\@reduxjs\toolkit\node_modules\immer\src\core\scope.ts | C:\valente_conecta\node_modules\immer\src\core\scope.ts"
"mapset.ts","2","C:\valente_conecta\node_modules\@reduxjs\toolkit\node_modules\immer\src\plugins\mapset.ts | C:\valente_conecta\node_modules\immer\src\plugins\mapset.ts"
"patches.ts","2","C:\valente_conecta\node_modules\@reduxjs\toolkit\node_modules\immer\src\plugins\patches.ts | C:\valente_conecta\node_modules\immer\src\plugins\patches.ts"
"globals.d.ts","4","C:\valente_conecta\node_modules\@reduxjs\toolkit\node_modules\immer\src\types\globals.d.ts | C:\valente_conecta\node_modules\@types\node\globals.d.ts | C:\valente_conecta\node_modules\immer\src\types\globals.d.ts | C:\valente_conecta\node_modules\next\dist\server\web\globals.d.ts"
"types-external.ts","2","C:\valente_conecta\node_modules\@reduxjs\toolkit\node_modules\immer\src\types\types-external.ts | C:\valente_conecta\node_modules\immer\src\types\types-external.ts"
"types-internal.ts","2","C:\valente_conecta\node_modules\@reduxjs\toolkit\node_modules\immer\src\types\types-internal.ts | C:\valente_conecta\node_modules\immer\src\types\types-internal.ts"
"common.ts","4","C:\valente_conecta\node_modules\@reduxjs\toolkit\node_modules\immer\src\utils\common.ts | C:\valente_conecta\node_modules\@supabase\postgrest-js\src\types\common\common.ts | C:\valente_conecta\node_modules\@supabase\supabase-js\src\lib\rest\types\common\common.ts | C:\valente_conecta\node_modules\immer\src\utils\common.ts"
"env.ts","2","C:\valente_conecta\node_modules\@reduxjs\toolkit\node_modules\immer\src\utils\env.ts | C:\valente_conecta\node_modules\immer\src\utils\env.ts"
"errors.ts","4","C:\valente_conecta\node_modules\@reduxjs\toolkit\node_modules\immer\src\utils\errors.ts | C:\valente_conecta\node_modules\@supabase\auth-js\src\lib\errors.ts | C:\valente_conecta\node_modules\@supabase\storage-js\src\lib\common\errors.ts | C:\valente_conecta\node_modules\immer\src\utils\errors.ts"
"plugins.ts","2","C:\valente_conecta\node_modules\@reduxjs\toolkit\node_modules\immer\src\utils\plugins.ts | C:\valente_conecta\node_modules\immer\src\utils\plugins.ts"
"immer.ts","2","C:\valente_conecta\node_modules\@reduxjs\toolkit\node_modules\immer\src\immer.ts | C:\valente_conecta\node_modules\immer\src\immer.ts"
"internal.ts","2","C:\valente_conecta\node_modules\@reduxjs\toolkit\node_modules\immer\src\internal.ts | C:\valente_conecta\node_modules\immer\src\internal.ts"
"utils.ts","8","C:\valente_conecta\node_modules\@reduxjs\toolkit\src\entities\utils.ts | C:\valente_conecta\node_modules\@reduxjs\toolkit\src\listenerMiddleware\utils.ts | C:\valente_conecta\node_modules\@reduxjs\toolkit\src\utils.ts | C:\valente_conecta\node_modules\@supabase\postgrest-js\src\select-query-parser\utils.ts | C:\valente_conecta\node_modules\dompurify\src\utils.ts | C:\valente_conecta\node_modules\react-hot-toast\src\core\utils.ts | C:\valente_conecta\node_modules\reselect\src\autotrackMemoize\utils.ts | C:\valente_conecta\node_modules\reselect\src\utils.ts"
"module.ts","2","C:\valente_conecta\node_modules\@reduxjs\toolkit\src\query\core\module.ts | C:\valente_conecta\node_modules\@reduxjs\toolkit\src\query\react\module.ts"
"constants.ts","7","C:\valente_conecta\node_modules\@reduxjs\toolkit\src\query\react\constants.ts | C:\valente_conecta\node_modules\@supabase\auth-js\src\lib\constants.ts | C:\valente_conecta\node_modules\@supabase\postgrest-js\src\constants.ts | C:\valente_conecta\node_modules\@supabase\realtime-js\src\lib\constants.ts | C:\valente_conecta\node_modules\@supabase\storage-js\src\lib\constants.ts | C:\valente_conecta\node_modules\@supabase\supabase-js\src\lib\constants.ts | C:\valente_conecta\utils\constants.ts"
"immerImports.ts","2","C:\valente_conecta\node_modules\@reduxjs\toolkit\src\query\utils\immerImports.ts | C:\valente_conecta\node_modules\@reduxjs\toolkit\src\immerImports.ts"
"tsHelpers.ts","2","C:\valente_conecta\node_modules\@reduxjs\toolkit\src\query\tsHelpers.ts | C:\valente_conecta\node_modules\@reduxjs\toolkit\src\tsHelpers.ts"
"formatProdErrorMessage.ts","2","C:\valente_conecta\node_modules\@reduxjs\toolkit\src\formatProdErrorMessage.ts | C:\valente_conecta\node_modules\redux\src\utils\formatProdErrorMessage.ts"
"ethereum.d.ts","2","C:\valente_conecta\node_modules\@supabase\auth-js\dist\main\lib\web3\ethereum.d.ts | C:\valente_conecta\node_modules\@supabase\auth-js\dist\module\lib\web3\ethereum.d.ts"
"ethereum.js","2","C:\valente_conecta\node_modules\@supabase\auth-js\dist\main\lib\web3\ethereum.js | C:\valente_conecta\node_modules\@supabase\auth-js\dist\module\lib\web3\ethereum.js"
"solana.d.ts","2","C:\valente_conecta\node_modules\@supabase\auth-js\dist\main\lib\web3\solana.d.ts | C:\valente_conecta\node_modules\@supabase\auth-js\dist\module\lib\web3\solana.d.ts"
"solana.js","2","C:\valente_conecta\node_modules\@supabase\auth-js\dist\main\lib\web3\solana.js | C:\valente_conecta\node_modules\@supabase\auth-js\dist\module\lib\web3\solana.js"
"base64url.d.ts","2","C:\valente_conecta\node_modules\@supabase\auth-js\dist\main\lib\base64url.d.ts | C:\valente_conecta\node_modules\@supabase\auth-js\dist\module\lib\base64url.d.ts"
"base64url.js","2","C:\valente_conecta\node_modules\@supabase\auth-js\dist\main\lib\base64url.js | C:\valente_conecta\node_modules\@supabase\auth-js\dist\module\lib\base64url.js"
"error-codes.d.ts","2","C:\valente_conecta\node_modules\@supabase\auth-js\dist\main\lib\error-codes.d.ts | C:\valente_conecta\node_modules\@supabase\auth-js\dist\module\lib\error-codes.d.ts"
"error-codes.js","2","C:\valente_conecta\node_modules\@supabase\auth-js\dist\main\lib\error-codes.js | C:\valente_conecta\node_modules\@supabase\auth-js\dist\module\lib\error-codes.js"
"errors.d.ts","4","C:\valente_conecta\node_modules\@supabase\auth-js\dist\main\lib\errors.d.ts | C:\valente_conecta\node_modules\@supabase\auth-js\dist\module\lib\errors.d.ts | C:\valente_conecta\node_modules\next\dist\client\components\react-dev-overlay\internal\container\Errors.d.ts | C:\valente_conecta\node_modules\undici-types\errors.d.ts"
"errors.js","8","C:\valente_conecta\node_modules\@supabase\auth-js\dist\main\lib\errors.js | C:\valente_conecta\node_modules\@supabase\auth-js\dist\module\lib\errors.js | C:\valente_conecta\node_modules\@swc\helpers\scripts\errors.js | C:\valente_conecta\node_modules\bull\lib\errors.js | C:\valente_conecta\node_modules\luxon\src\errors.js | C:\valente_conecta\node_modules\next\dist\client\components\react-dev-overlay\internal\container\Errors.js | C:\valente_conecta\node_modules\next\dist\esm\client\components\react-dev-overlay\internal\container\Errors.js | C:\valente_conecta\node_modules\readable-stream\errors.js"
"fetch.d.ts","6","C:\valente_conecta\node_modules\@supabase\auth-js\dist\main\lib\fetch.d.ts | C:\valente_conecta\node_modules\@supabase\auth-js\dist\module\lib\fetch.d.ts | C:\valente_conecta\node_modules\@types\node\web-globals\fetch.d.ts | C:\valente_conecta\node_modules\next\dist\compiled\@edge-runtime\primitives\fetch.d.ts | C:\valente_conecta\node_modules\next\dist\experimental\testmode\fetch.d.ts | C:\valente_conecta\node_modules\undici-types\fetch.d.ts"
"fetch.js","4","C:\valente_conecta\node_modules\@supabase\auth-js\dist\main\lib\fetch.js | C:\valente_conecta\node_modules\@supabase\auth-js\dist\module\lib\fetch.js | C:\valente_conecta\node_modules\caniuse-lite\data\features\fetch.js | C:\valente_conecta\node_modules\next\dist\experimental\testmode\fetch.js"
"helpers.d.ts","8","C:\valente_conecta\node_modules\@supabase\auth-js\dist\main\lib\helpers.d.ts | C:\valente_conecta\node_modules\@supabase\auth-js\dist\module\lib\helpers.d.ts | C:\valente_conecta\node_modules\agent-base\dist\helpers.d.ts | C:\valente_conecta\node_modules\chart.js\helpers\helpers.d.ts | C:\valente_conecta\node_modules\next\dist\build\swc\helpers.d.ts | C:\valente_conecta\node_modules\next\dist\build\templates\helpers.d.ts | C:\valente_conecta\node_modules\next\dist\build\turborepo-access-trace\helpers.d.ts | C:\valente_conecta\node_modules\next\dist\build\webpack\config\helpers.d.ts"
"helpers.js","14","C:\valente_conecta\node_modules\@supabase\auth-js\dist\main\lib\helpers.js | C:\valente_conecta\node_modules\@supabase\auth-js\dist\module\lib\helpers.js | C:\valente_conecta\node_modules\agent-base\dist\helpers.js | C:\valente_conecta\node_modules\chart.js\dist\helpers.js | C:\valente_conecta\node_modules\chart.js\helpers\helpers.js | C:\valente_conecta\node_modules\next\dist\build\swc\helpers.js | C:\valente_conecta\node_modules\next\dist\build\templates\helpers.js | C:\valente_conecta\node_modules\next\dist\build\turborepo-access-trace\helpers.js | C:\valente_conecta\node_modules\next\dist\build\webpack\config\helpers.js | C:\valente_conecta\node_modules\next\dist\compiled\@next\react-refresh-utils\dist\internal\helpers.js | C:\valente_conecta\node_modules\next\dist\esm\build\swc\helpers.js | C:\valente_conecta\node_modules\next\dist\esm\build\templates\helpers.js | C:\valente_conecta\node_modules\next\dist\esm\build\turborepo-access-trace\helpers.js | C:\valente_conecta\node_modules\next\dist\esm\build\webpack\config\helpers.js"
"local-storage.d.ts","2","C:\valente_conecta\node_modules\@supabase\auth-js\dist\main\lib\local-storage.d.ts | C:\valente_conecta\node_modules\@supabase\auth-js\dist\module\lib\local-storage.d.ts"
"local-storage.js","2","C:\valente_conecta\node_modules\@supabase\auth-js\dist\main\lib\local-storage.js | C:\valente_conecta\node_modules\@supabase\auth-js\dist\module\lib\local-storage.js"
"locks.d.ts","2","C:\valente_conecta\node_modules\@supabase\auth-js\dist\main\lib\locks.d.ts | C:\valente_conecta\node_modules\@supabase\auth-js\dist\module\lib\locks.d.ts"
"locks.js","2","C:\valente_conecta\node_modules\@supabase\auth-js\dist\main\lib\locks.js | C:\valente_conecta\node_modules\@supabase\auth-js\dist\module\lib\locks.js"
"polyfills.d.ts","2","C:\valente_conecta\node_modules\@supabase\auth-js\dist\main\lib\polyfills.d.ts | C:\valente_conecta\node_modules\@supabase\auth-js\dist\module\lib\polyfills.d.ts"
"types.js","53","C:\valente_conecta\node_modules\@supabase\auth-js\dist\main\lib\types.js | C:\valente_conecta\node_modules\@supabase\auth-js\dist\module\lib\types.js | C:\valente_conecta\node_modules\@supabase\functions-js\dist\main\types.js | C:\valente_conecta\node_modules\@supabase\functions-js\dist\module\types.js | C:\valente_conecta\node_modules\@supabase\phoenix\assets\js\phoenix\types.js | C:\valente_conecta\node_modules\@supabase\realtime-js\dist\main\phoenix\types.js | C:\valente_conecta\node_modules\@supabase\realtime-js\dist\module\phoenix\types.js | C:\valente_conecta\node_modules\fast-png\lib\types.js | C:\valente_conecta\node_modules\fast-png\lib-esm\types.js | C:\valente_conecta\node_modules\ioredis\built\connectors\SentinelConnector\types.js | C:\valente_conecta\node_modules\ioredis\built\types.js | C:\valente_conecta\node_modules\next\dist\build\turborepo-access-trace\types.js | C:\valente_conecta\node_modules\next\dist\build\webpack\loaders\metadata\types.js | C:\valente_conecta\node_modules\next\dist\compiled\@next\font\dist\types.js | C:\valente_conecta\node_modules\next\dist\compiled\babel\types.js | C:\valente_conecta\node_modules\next\dist\esm\build\turborepo-access-trace\types.js | C:\valente_conecta\node_modules\next\dist\esm\build\webpack\loaders\metadata\types.js | C:\valente_conecta\node_modules\next\dist\esm\export\routes\types.js | C:\valente_conecta\node_modules\next\dist\esm\export\types.js | C:\valente_conecta\node_modules\next\dist\esm\server\app-render\types.js | C:\valente_conecta\node_modules\next\dist\esm\server\dev\turbopack\types.js | C:\valente_conecta\node_modules\next\dist\esm\server\lib\router-utils\types.js | C:\valente_conecta\node_modules\next\dist\esm\server\lib\types.js | C:\valente_conecta\node_modules\next\dist\esm\server\response-cache\types.js | C:\valente_conecta\node_modules\next\dist\esm\server\web\types.js | C:\valente_conecta\node_modules\next\dist\esm\shared\lib\lazy-dynamic\types.js | C:\valente_conecta\node_modules\next\dist\experimental\testmode\proxy\types.js | C:\valente_conecta\node_modules\next\dist\export\routes\types.js | C:\valente_conecta\node_modules\next\dist\export\types.js | C:\valente_conecta\node_modules\next\dist\server\app-render\types.js | C:\valente_conecta\node_modules\next\dist\server\dev\turbopack\types.js | C:\valente_conecta\node_modules\next\dist\server\lib\router-utils\types.js | C:\valente_conecta\node_modules\next\dist\server\lib\types.js | C:\valente_conecta\node_modules\next\dist\server\response-cache\types.js | C:\valente_conecta\node_modules\next\dist\server\web\types.js | C:\valente_conecta\node_modules\next\dist\shared\lib\lazy-dynamic\types.js | C:\valente_conecta\node_modules\next\dist\trace\report\types.js | C:\valente_conecta\node_modules\next\dist\trace\types.js | C:\valente_conecta\node_modules\postcss-selector-parser\dist\selectors\types.js | C:\valente_conecta\node_modules\recharts\es6\chart\types.js | C:\valente_conecta\node_modules\recharts\es6\synchronisation\types.js | C:\valente_conecta\node_modules\recharts\es6\util\types.js | C:\valente_conecta\node_modules\recharts\es6\types.js | C:\valente_conecta\node_modules\recharts\lib\chart\types.js | C:\valente_conecta\node_modules\recharts\lib\synchronisation\types.js | C:\valente_conecta\node_modules\recharts\lib\util\types.js | C:\valente_conecta\node_modules\recharts\lib\types.js | C:\valente_conecta\node_modules\standard-as-callback\built\types.js | C:\valente_conecta\node_modules\sucrase\dist\esm\parser\plugins\types.js | C:\valente_conecta\node_modules\sucrase\dist\esm\parser\tokenizer\types.js | C:\valente_conecta\node_modules\sucrase\dist\parser\plugins\types.js | C:\valente_conecta\node_modules\sucrase\dist\parser\tokenizer\types.js | C:\valente_conecta\node_modules\ts-interface-checker\dist\types.js"
"version.d.ts","7","C:\valente_conecta\node_modules\@supabase\auth-js\dist\main\lib\version.d.ts | C:\valente_conecta\node_modules\@supabase\auth-js\dist\module\lib\version.d.ts | C:\valente_conecta\node_modules\@supabase\functions-js\dist\main\version.d.ts | C:\valente_conecta\node_modules\@supabase\functions-js\dist\module\version.d.ts | C:\valente_conecta\node_modules\@supabase\realtime-js\dist\main\lib\version.d.ts | C:\valente_conecta\node_modules\@supabase\realtime-js\dist\module\lib\version.d.ts | C:\valente_conecta\node_modules\next\dist\telemetry\events\version.d.ts"
"version.js","10","C:\valente_conecta\node_modules\@supabase\auth-js\dist\main\lib\version.js | C:\valente_conecta\node_modules\@supabase\auth-js\dist\module\lib\version.js | C:\valente_conecta\node_modules\@supabase\functions-js\dist\main\version.js | C:\valente_conecta\node_modules\@supabase\functions-js\dist\module\version.js | C:\valente_conecta\node_modules\@supabase\realtime-js\dist\main\lib\version.js | C:\valente_conecta\node_modules\@supabase\realtime-js\dist\module\lib\version.js | C:\valente_conecta\node_modules\next\dist\telemetry\events\version.js | C:\valente_conecta\node_modules\uuid\dist\esm-browser\version.js | C:\valente_conecta\node_modules\uuid\dist\esm-node\version.js | C:\valente_conecta\node_modules\uuid\dist\version.js"
"webauthn.d.ts","2","C:\valente_conecta\node_modules\@supabase\auth-js\dist\main\lib\webauthn.d.ts | C:\valente_conecta\node_modules\@supabase\auth-js\dist\module\lib\webauthn.d.ts"
"webauthn.dom.d.ts","2","C:\valente_conecta\node_modules\@supabase\auth-js\dist\main\lib\webauthn.dom.d.ts | C:\valente_conecta\node_modules\@supabase\auth-js\dist\module\lib\webauthn.dom.d.ts"
"webauthn.dom.js","2","C:\valente_conecta\node_modules\@supabase\auth-js\dist\main\lib\webauthn.dom.js | C:\valente_conecta\node_modules\@supabase\auth-js\dist\module\lib\webauthn.dom.js"
"webauthn.errors.d.ts","2","C:\valente_conecta\node_modules\@supabase\auth-js\dist\main\lib\webauthn.errors.d.ts | C:\valente_conecta\node_modules\@supabase\auth-js\dist\module\lib\webauthn.errors.d.ts"
"webauthn.errors.js","2","C:\valente_conecta\node_modules\@supabase\auth-js\dist\main\lib\webauthn.errors.js | C:\valente_conecta\node_modules\@supabase\auth-js\dist\module\lib\webauthn.errors.js"
"webauthn.js","3","C:\valente_conecta\node_modules\@supabase\auth-js\dist\main\lib\webauthn.js | C:\valente_conecta\node_modules\@supabase\auth-js\dist\module\lib\webauthn.js | C:\valente_conecta\node_modules\caniuse-lite\data\features\webauthn.js"
"AuthAdminApi.d.ts","2","C:\valente_conecta\node_modules\@supabase\auth-js\dist\main\AuthAdminApi.d.ts | C:\valente_conecta\node_modules\@supabase\auth-js\dist\module\AuthAdminApi.d.ts"
"AuthAdminApi.js","2","C:\valente_conecta\node_modules\@supabase\auth-js\dist\main\AuthAdminApi.js | C:\valente_conecta\node_modules\@supabase\auth-js\dist\module\AuthAdminApi.js"
"AuthClient.d.ts","2","C:\valente_conecta\node_modules\@supabase\auth-js\dist\main\AuthClient.d.ts | C:\valente_conecta\node_modules\@supabase\auth-js\dist\module\AuthClient.d.ts"
"AuthClient.js","2","C:\valente_conecta\node_modules\@supabase\auth-js\dist\main\AuthClient.js | C:\valente_conecta\node_modules\@supabase\auth-js\dist\module\AuthClient.js"
"GoTrueAdminApi.d.ts","2","C:\valente_conecta\node_modules\@supabase\auth-js\dist\main\GoTrueAdminApi.d.ts | C:\valente_conecta\node_modules\@supabase\auth-js\dist\module\GoTrueAdminApi.d.ts"
"GoTrueAdminApi.js","2","C:\valente_conecta\node_modules\@supabase\auth-js\dist\main\GoTrueAdminApi.js | C:\valente_conecta\node_modules\@supabase\auth-js\dist\module\GoTrueAdminApi.js"
"GoTrueClient.d.ts","2","C:\valente_conecta\node_modules\@supabase\auth-js\dist\main\GoTrueClient.d.ts | C:\valente_conecta\node_modules\@supabase\auth-js\dist\module\GoTrueClient.d.ts"
"GoTrueClient.js","2","C:\valente_conecta\node_modules\@supabase\auth-js\dist\main\GoTrueClient.js | C:\valente_conecta\node_modules\@supabase\auth-js\dist\module\GoTrueClient.js"
"fetch.ts","3","C:\valente_conecta\node_modules\@supabase\auth-js\src\lib\fetch.ts | C:\valente_conecta\node_modules\@supabase\storage-js\src\lib\common\fetch.ts | C:\valente_conecta\node_modules\@supabase\supabase-js\src\lib\fetch.ts"
"helpers.ts","3","C:\valente_conecta\node_modules\@supabase\auth-js\src\lib\helpers.ts | C:\valente_conecta\node_modules\@supabase\storage-js\src\lib\common\helpers.ts | C:\valente_conecta\node_modules\@supabase\supabase-js\src\lib\helpers.ts"
"version.ts","6","C:\valente_conecta\node_modules\@supabase\auth-js\src\lib\version.ts | C:\valente_conecta\node_modules\@supabase\functions-js\src\version.ts | C:\valente_conecta\node_modules\@supabase\postgrest-js\src\version.ts | C:\valente_conecta\node_modules\@supabase\realtime-js\src\lib\version.ts | C:\valente_conecta\node_modules\@supabase\storage-js\src\lib\version.ts | C:\valente_conecta\node_modules\@supabase\supabase-js\src\lib\version.ts"
"FunctionsClient.d.ts","2","C:\valente_conecta\node_modules\@supabase\functions-js\dist\main\FunctionsClient.d.ts | C:\valente_conecta\node_modules\@supabase\functions-js\dist\module\FunctionsClient.d.ts"
"FunctionsClient.js","2","C:\valente_conecta\node_modules\@supabase\functions-js\dist\main\FunctionsClient.js | C:\valente_conecta\node_modules\@supabase\functions-js\dist\module\FunctionsClient.js"
"helper.d.ts","2","C:\valente_conecta\node_modules\@supabase\functions-js\dist\main\helper.d.ts | C:\valente_conecta\node_modules\@supabase\functions-js\dist\module\helper.d.ts"
"helper.js","2","C:\valente_conecta\node_modules\@supabase\functions-js\dist\main\helper.js | C:\valente_conecta\node_modules\@supabase\functions-js\dist\module\helper.js"
"push.js","16","C:\valente_conecta\node_modules\@supabase\phoenix\assets\js\phoenix\push.js | C:\valente_conecta\node_modules\core-js\actual\array\virtual\push.js | C:\valente_conecta\node_modules\core-js\actual\array\push.js | C:\valente_conecta\node_modules\core-js\actual\instance\push.js | C:\valente_conecta\node_modules\core-js\es\array\virtual\push.js | C:\valente_conecta\node_modules\core-js\es\array\push.js | C:\valente_conecta\node_modules\core-js\es\instance\push.js | C:\valente_conecta\node_modules\core-js\features\array\virtual\push.js | C:\valente_conecta\node_modules\core-js\features\array\push.js | C:\valente_conecta\node_modules\core-js\features\instance\push.js | C:\valente_conecta\node_modules\core-js\full\array\virtual\push.js | C:\valente_conecta\node_modules\core-js\full\array\push.js | C:\valente_conecta\node_modules\core-js\full\instance\push.js | C:\valente_conecta\node_modules\core-js\stable\array\virtual\push.js | C:\valente_conecta\node_modules\core-js\stable\array\push.js | C:\valente_conecta\node_modules\core-js\stable\instance\push.js"
"serializer.js","3","C:\valente_conecta\node_modules\@supabase\phoenix\assets\js\phoenix\serializer.js | C:\valente_conecta\node_modules\@supabase\realtime-js\dist\main\lib\serializer.js | C:\valente_conecta\node_modules\@supabase\realtime-js\dist\module\lib\serializer.js"
"timer.js","4","C:\valente_conecta\node_modules\@supabase\phoenix\assets\js\phoenix\timer.js | C:\valente_conecta\node_modules\d3-timer\src\timer.js | C:\valente_conecta\node_modules\lucide-react\dist\esm\icons\timer.js | C:\valente_conecta\node_modules\victory-vendor\lib-vendor\d3-timer\src\timer.js"
"utils.js","55","C:\valente_conecta\node_modules\@supabase\phoenix\assets\js\phoenix\utils.js | C:\valente_conecta\node_modules\@swc\helpers\scripts\utils.js | C:\valente_conecta\node_modules\autoprefixer\lib\utils.js | C:\valente_conecta\node_modules\body-parser\lib\utils.js | C:\valente_conecta\node_modules\braces\lib\utils.js | C:\valente_conecta\node_modules\bull\lib\process\utils.js | C:\valente_conecta\node_modules\bull\lib\utils.js | C:\valente_conecta\node_modules\busboy\lib\utils.js | C:\valente_conecta\node_modules\ejs\lib\cjs\utils.js | C:\valente_conecta\node_modules\ejs\lib\esm\utils.js | C:\valente_conecta\node_modules\express\lib\utils.js | C:\valente_conecta\node_modules\lucide-react\dist\esm\shared\src\utils.js | C:\valente_conecta\node_modules\next\dist\build\webpack\config\utils.js | C:\valente_conecta\node_modules\next\dist\build\webpack\loaders\css-loader\src\utils.js | C:\valente_conecta\node_modules\next\dist\build\webpack\loaders\lightningcss-loader\src\utils.js | C:\valente_conecta\node_modules\next\dist\build\webpack\loaders\postcss-loader\src\utils.js | C:\valente_conecta\node_modules\next\dist\build\webpack\loaders\utils.js | C:\valente_conecta\node_modules\next\dist\build\webpack\utils.js | C:\valente_conecta\node_modules\next\dist\build\utils.js | C:\valente_conecta\node_modules\next\dist\esm\build\webpack\config\utils.js | C:\valente_conecta\node_modules\next\dist\esm\build\webpack\loaders\css-loader\src\utils.js | C:\valente_conecta\node_modules\next\dist\esm\build\webpack\loaders\lightningcss-loader\src\utils.js | C:\valente_conecta\node_modules\next\dist\esm\build\webpack\loaders\postcss-loader\src\utils.js | C:\valente_conecta\node_modules\next\dist\esm\build\webpack\loaders\utils.js | C:\valente_conecta\node_modules\next\dist\esm\build\webpack\utils.js | C:\valente_conecta\node_modules\next\dist\esm\build\utils.js | C:\valente_conecta\node_modules\next\dist\esm\export\utils.js | C:\valente_conecta\node_modules\next\dist\esm\lib\metadata\generate\utils.js | C:\valente_conecta\node_modules\next\dist\esm\server\lib\server-ipc\utils.js | C:\valente_conecta\node_modules\next\dist\esm\server\lib\utils.js | C:\valente_conecta\node_modules\next\dist\esm\server\response-cache\utils.js | C:\valente_conecta\node_modules\next\dist\esm\server\typescript\utils.js | C:\valente_conecta\node_modules\next\dist\esm\server\web\utils.js | C:\valente_conecta\node_modules\next\dist\esm\server\utils.js | C:\valente_conecta\node_modules\next\dist\esm\shared\lib\utils.js | C:\valente_conecta\node_modules\next\dist\export\utils.js | C:\valente_conecta\node_modules\next\dist\lib\metadata\generate\utils.js | C:\valente_conecta\node_modules\next\dist\server\lib\server-ipc\utils.js | C:\valente_conecta\node_modules\next\dist\server\lib\utils.js | C:\valente_conecta\node_modules\next\dist\server\response-cache\utils.js | C:\valente_conecta\node_modules\next\dist\server\typescript\utils.js | C:\valente_conecta\node_modules\next\dist\server\web\utils.js | C:\valente_conecta\node_modules\next\dist\server\utils.js | C:\valente_conecta\node_modules\next\dist\shared\lib\utils.js | C:\valente_conecta\node_modules\picomatch\lib\utils.js | C:\valente_conecta\node_modules\qs\lib\utils.js | C:\valente_conecta\node_modules\qs\test\utils.js | C:\valente_conecta\node_modules\rc\lib\utils.js | C:\valente_conecta\node_modules\standard-as-callback\built\utils.js | C:\valente_conecta\node_modules\tailwindcss\lib\cli\build\utils.js | C:\valente_conecta\node_modules\tailwindcss\src\cli\build\utils.js | C:\valente_conecta\node_modules\tinyglobby\node_modules\picomatch\lib\utils.js | C:\valente_conecta\node_modules\update-browserslist-db\utils.js | C:\valente_conecta\node_modules\webrtc-adapter\dist\utils.js | C:\valente_conecta\node_modules\webrtc-adapter\src\js\utils.js"
"serializer.d.ts","3","C:\valente_conecta\node_modules\@supabase\phoenix\priv\static\types\serializer.d.ts | C:\valente_conecta\node_modules\@supabase\realtime-js\dist\main\lib\serializer.d.ts | C:\valente_conecta\node_modules\@supabase\realtime-js\dist\module\lib\serializer.d.ts"
"rpc.ts","2","C:\valente_conecta\node_modules\@supabase\postgrest-js\src\types\common\rpc.ts | C:\valente_conecta\node_modules\@supabase\supabase-js\src\lib\rest\types\common\rpc.ts"
"normalizeChannelError.d.ts","2","C:\valente_conecta\node_modules\@supabase\realtime-js\dist\main\lib\normalizeChannelError.d.ts | C:\valente_conecta\node_modules\@supabase\realtime-js\dist\module\lib\normalizeChannelError.d.ts"
"normalizeChannelError.js","2","C:\valente_conecta\node_modules\@supabase\realtime-js\dist\main\lib\normalizeChannelError.js | C:\valente_conecta\node_modules\@supabase\realtime-js\dist\module\lib\normalizeChannelError.js"
"transformers.d.ts","2","C:\valente_conecta\node_modules\@supabase\realtime-js\dist\main\lib\transformers.d.ts | C:\valente_conecta\node_modules\@supabase\realtime-js\dist\module\lib\transformers.d.ts"
"transformers.js","2","C:\valente_conecta\node_modules\@supabase\realtime-js\dist\main\lib\transformers.js | C:\valente_conecta\node_modules\@supabase\realtime-js\dist\module\lib\transformers.js"
"websocket-factory.d.ts","2","C:\valente_conecta\node_modules\@supabase\realtime-js\dist\main\lib\websocket-factory.d.ts | C:\valente_conecta\node_modules\@supabase\realtime-js\dist\module\lib\websocket-factory.d.ts"
"websocket-factory.js","2","C:\valente_conecta\node_modules\@supabase\realtime-js\dist\main\lib\websocket-factory.js | C:\valente_conecta\node_modules\@supabase\realtime-js\dist\module\lib\websocket-factory.js"
"channelAdapter.d.ts","2","C:\valente_conecta\node_modules\@supabase\realtime-js\dist\main\phoenix\channelAdapter.d.ts | C:\valente_conecta\node_modules\@supabase\realtime-js\dist\module\phoenix\channelAdapter.d.ts"
"channelAdapter.js","2","C:\valente_conecta\node_modules\@supabase\realtime-js\dist\main\phoenix\channelAdapter.js | C:\valente_conecta\node_modules\@supabase\realtime-js\dist\module\phoenix\channelAdapter.js"
"presenceAdapter.d.ts","2","C:\valente_conecta\node_modules\@supabase\realtime-js\dist\main\phoenix\presenceAdapter.d.ts | C:\valente_conecta\node_modules\@supabase\realtime-js\dist\module\phoenix\presenceAdapter.d.ts"
"presenceAdapter.js","2","C:\valente_conecta\node_modules\@supabase\realtime-js\dist\main\phoenix\presenceAdapter.js | C:\valente_conecta\node_modules\@supabase\realtime-js\dist\module\phoenix\presenceAdapter.js"
"socketAdapter.d.ts","2","C:\valente_conecta\node_modules\@supabase\realtime-js\dist\main\phoenix\socketAdapter.d.ts | C:\valente_conecta\node_modules\@supabase\realtime-js\dist\module\phoenix\socketAdapter.d.ts"
"socketAdapter.js","2","C:\valente_conecta\node_modules\@supabase\realtime-js\dist\main\phoenix\socketAdapter.js | C:\valente_conecta\node_modules\@supabase\realtime-js\dist\module\phoenix\socketAdapter.js"
"RealtimeChannel.d.ts","2","C:\valente_conecta\node_modules\@supabase\realtime-js\dist\main\RealtimeChannel.d.ts | C:\valente_conecta\node_modules\@supabase\realtime-js\dist\module\RealtimeChannel.d.ts"
"RealtimeChannel.js","2","C:\valente_conecta\node_modules\@supabase\realtime-js\dist\main\RealtimeChannel.js | C:\valente_conecta\node_modules\@supabase\realtime-js\dist\module\RealtimeChannel.js"
"RealtimeClient.d.ts","2","C:\valente_conecta\node_modules\@supabase\realtime-js\dist\main\RealtimeClient.d.ts | C:\valente_conecta\node_modules\@supabase\realtime-js\dist\module\RealtimeClient.d.ts"
"RealtimeClient.js","2","C:\valente_conecta\node_modules\@supabase\realtime-js\dist\main\RealtimeClient.js | C:\valente_conecta\node_modules\@supabase\realtime-js\dist\module\RealtimeClient.js"
"RealtimePostgresFilterBuilder.d.ts","2","C:\valente_conecta\node_modules\@supabase\realtime-js\dist\main\RealtimePostgresFilterBuilder.d.ts | C:\valente_conecta\node_modules\@supabase\realtime-js\dist\module\RealtimePostgresFilterBuilder.d.ts"
"RealtimePostgresFilterBuilder.js","2","C:\valente_conecta\node_modules\@supabase\realtime-js\dist\main\RealtimePostgresFilterBuilder.js | C:\valente_conecta\node_modules\@supabase\realtime-js\dist\module\RealtimePostgresFilterBuilder.js"
"RealtimePresence.d.ts","2","C:\valente_conecta\node_modules\@supabase\realtime-js\dist\main\RealtimePresence.d.ts | C:\valente_conecta\node_modules\@supabase\realtime-js\dist\module\RealtimePresence.d.ts"
"RealtimePresence.js","2","C:\valente_conecta\node_modules\@supabase\realtime-js\dist\main\RealtimePresence.js | C:\valente_conecta\node_modules\@supabase\realtime-js\dist\module\RealtimePresence.js"
"supabase.js","2","C:\valente_conecta\node_modules\@supabase\storage-js\dist\umd\supabase.js | C:\valente_conecta\node_modules\@supabase\supabase-js\dist\umd\supabase.js"
"_set.js","2","C:\valente_conecta\node_modules\@swc\helpers\esm\_set.js | C:\valente_conecta\node_modules\lodash\_Set.js"
"build.js","2","C:\valente_conecta\node_modules\@swc\helpers\scripts\build.js | C:\valente_conecta\node_modules\next\dist\telemetry\events\build.js"
"promises.d.ts","5","C:\valente_conecta\node_modules\@types\node\dns\promises.d.ts | C:\valente_conecta\node_modules\@types\node\fs\promises.d.ts | C:\valente_conecta\node_modules\@types\node\readline\promises.d.ts | C:\valente_conecta\node_modules\@types\node\stream\promises.d.ts | C:\valente_conecta\node_modules\@types\node\timers\promises.d.ts"
"web.d.ts","4","C:\valente_conecta\node_modules\@types\node\stream\web.d.ts | C:\valente_conecta\node_modules\next\dist\server\api-utils\web.d.ts | C:\valente_conecta\node_modules\next\dist\server\base-http\web.d.ts | C:\valente_conecta\node_modules\next\dist\server\response-cache\web.d.ts"
"buffer.buffer.d.ts","2","C:\valente_conecta\node_modules\@types\node\ts5.6\buffer.buffer.d.ts | C:\valente_conecta\node_modules\@types\node\buffer.buffer.d.ts"
"globals.typedarray.d.ts","2","C:\valente_conecta\node_modules\@types\node\ts5.6\globals.typedarray.d.ts | C:\valente_conecta\node_modules\@types\node\globals.typedarray.d.ts"
"domexception.d.ts","2","C:\valente_conecta\node_modules\@types\node\web-globals\domexception.d.ts | C:\valente_conecta\node_modules\es-toolkit\dist\_internal\DOMException.d.ts"
"events.d.ts","4","C:\valente_conecta\node_modules\@types\node\web-globals\events.d.ts | C:\valente_conecta\node_modules\@types\node\events.d.ts | C:\valente_conecta\node_modules\next\dist\compiled\@edge-runtime\primitives\events.d.ts | C:\valente_conecta\node_modules\recharts\types\util\Events.d.ts"
"console.d.ts","2","C:\valente_conecta\node_modules\@types\node\console.d.ts | C:\valente_conecta\node_modules\next\dist\compiled\@edge-runtime\primitives\console.d.ts"
"crypto.d.ts","2","C:\valente_conecta\node_modules\@types\node\crypto.d.ts | C:\valente_conecta\node_modules\next\dist\compiled\@edge-runtime\primitives\crypto.d.ts"
"http.d.ts","2","C:\valente_conecta\node_modules\@types\node\http.d.ts | C:\valente_conecta\node_modules\next\dist\server\web\http.d.ts"
"module.d.ts","5","C:\valente_conecta\node_modules\@types\node\module.d.ts | C:\valente_conecta\node_modules\next\dist\server\future\route-modules\app-page\module.d.ts | C:\valente_conecta\node_modules\next\dist\server\future\route-modules\app-route\module.d.ts | C:\valente_conecta\node_modules\next\dist\server\future\route-modules\pages\module.d.ts | C:\valente_conecta\node_modules\next\dist\server\future\route-modules\pages-api\module.d.ts"
"path.d.ts","5","C:\valente_conecta\node_modules\@types\node\path.d.ts | C:\valente_conecta\node_modules\fast-glob\out\utils\path.d.ts | C:\valente_conecta\node_modules\html2canvas\dist\types\render\path.d.ts | C:\valente_conecta\node_modules\next\dist\esm\shared\lib\isomorphic\path.d.ts | C:\valente_conecta\node_modules\next\dist\shared\lib\isomorphic\path.d.ts"
"process.d.ts","2","C:\valente_conecta\node_modules\@types\node\process.d.ts | C:\valente_conecta\node_modules\next\dist\build\polyfills\process.d.ts"
"querystring.d.ts","2","C:\valente_conecta\node_modules\@types\node\querystring.d.ts | C:\valente_conecta\node_modules\next\dist\shared\lib\router\utils\querystring.d.ts"
"timers.d.ts","2","C:\valente_conecta\node_modules\@types\node\timers.d.ts | C:\valente_conecta\node_modules\next\dist\compiled\@edge-runtime\primitives\timers.d.ts"
"url.d.ts","3","C:\valente_conecta\node_modules\@types\node\url.d.ts | C:\valente_conecta\node_modules\next\dist\compiled\@edge-runtime\primitives\url.d.ts | C:\valente_conecta\node_modules\next\dist\lib\url.d.ts"
"util.d.ts","11","C:\valente_conecta\node_modules\@types\node\util.d.ts | C:\valente_conecta\node_modules\css-line-break\dist\types\Util.d.ts | C:\valente_conecta\node_modules\es-toolkit\util.d.ts | C:\valente_conecta\node_modules\html2canvas\dist\types\core\util.d.ts | C:\valente_conecta\node_modules\ioredis\built\cluster\util.d.ts | C:\valente_conecta\node_modules\next\dist\build\babel\loader\util.d.ts | C:\valente_conecta\node_modules\recharts\types\animation\util.d.ts | C:\valente_conecta\node_modules\sucrase\dist\types\parser\traverser\util.d.ts | C:\valente_conecta\node_modules\ts-interface-checker\dist\util.d.ts | C:\valente_conecta\node_modules\undici-types\util.d.ts | C:\valente_conecta\node_modules\utrie\dist\types\Util.d.ts"
"canary.d.ts","3","C:\valente_conecta\node_modules\@types\react\ts5.0\canary.d.ts | C:\valente_conecta\node_modules\@types\react\canary.d.ts | C:\valente_conecta\node_modules\@types\react-dom\canary.d.ts"
"experimental.d.ts","3","C:\valente_conecta\node_modules\@types\react\ts5.0\experimental.d.ts | C:\valente_conecta\node_modules\@types\react\experimental.d.ts | C:\valente_conecta\node_modules\@types\react-dom\experimental.d.ts"
"jsx-dev-runtime.d.ts","2","C:\valente_conecta\node_modules\@types\react\ts5.0\jsx-dev-runtime.d.ts | C:\valente_conecta\node_modules\@types\react\jsx-dev-runtime.d.ts"
"jsx-runtime.d.ts","2","C:\valente_conecta\node_modules\@types\react\ts5.0\jsx-runtime.d.ts | C:\valente_conecta\node_modules\@types\react\jsx-runtime.d.ts"
"client.d.ts","6","C:\valente_conecta\node_modules\@types\react-dom\client.d.ts | C:\valente_conecta\node_modules\framer-motion\dist\client.d.ts | C:\valente_conecta\node_modules\next\dist\build\webpack\config\blocks\css\loaders\client.d.ts | C:\valente_conecta\node_modules\next\dist\client\components\react-dev-overlay\pages\client.d.ts | C:\valente_conecta\node_modules\next\client.d.ts | C:\valente_conecta\node_modules\undici-types\client.d.ts"
"server.d.ts","7","C:\valente_conecta\node_modules\@types\react-dom\server.d.ts | C:\valente_conecta\node_modules\es-toolkit\server.d.ts | C:\valente_conecta\node_modules\next\dist\api\server.d.ts | C:\valente_conecta\node_modules\next\dist\experimental\testmode\proxy\server.d.ts | C:\valente_conecta\node_modules\next\dist\experimental\testmode\server.d.ts | C:\valente_conecta\node_modules\next\dist\server\typescript\rules\server.d.ts | C:\valente_conecta\node_modules\next\server.d.ts"
"with-selector.d.ts","2","C:\valente_conecta\node_modules\@types\use-sync-external-store\shim\with-selector.d.ts | C:\valente_conecta\node_modules\@types\use-sync-external-store\with-selector.d.ts"
"isObject.d.ts","4","C:\valente_conecta\node_modules\@yudiel\react-qr-scanner\dist\utilities\isObject.d.ts | C:\valente_conecta\node_modules\es-object-atoms\isObject.d.ts | C:\valente_conecta\node_modules\es-toolkit\compat\isObject.d.ts | C:\valente_conecta\node_modules\es-toolkit\dist\compat\predicate\isObject.d.ts"
"isPrimitive.d.ts","2","C:\valente_conecta\node_modules\@yudiel\react-qr-scanner\dist\utilities\isPrimitive.d.ts | C:\valente_conecta\node_modules\es-toolkit\dist\predicate\isPrimitive.d.ts"
"promise.d.ts","2","C:\valente_conecta\node_modules\any-promise\register\promise.d.ts | C:\valente_conecta\node_modules\es-toolkit\promise.d.ts"
"promise.js","3","C:\valente_conecta\node_modules\any-promise\register\promise.js | C:\valente_conecta\node_modules\es-toolkit\promise.js | C:\valente_conecta\node_modules\fastq\test\promise.js"
"implementation.d.ts","2","C:\valente_conecta\node_modules\any-promise\implementation.d.ts | C:\valente_conecta\node_modules\next\dist\build\polyfills\object.assign\implementation.d.ts"
"implementation.js","4","C:\valente_conecta\node_modules\any-promise\implementation.js | C:\valente_conecta\node_modules\function-bind\implementation.js | C:\valente_conecta\node_modules\next\dist\build\polyfills\object.assign\implementation.js | C:\valente_conecta\node_modules\next\dist\esm\build\polyfills\object.assign\implementation.js"
"loader.js","10","C:\valente_conecta\node_modules\any-promise\loader.js | C:\valente_conecta\node_modules\lucide-react\dist\esm\icons\loader.js | C:\valente_conecta\node_modules\next\dist\build\webpack\loaders\lightningcss-loader\src\loader.js | C:\valente_conecta\node_modules\next\dist\compiled\@next\font\dist\google\loader.js | C:\valente_conecta\node_modules\next\dist\compiled\@next\font\dist\local\loader.js | C:\valente_conecta\node_modules\next\dist\compiled\@next\font\google\loader.js | C:\valente_conecta\node_modules\next\dist\compiled\@next\font\local\loader.js | C:\valente_conecta\node_modules\next\dist\compiled\@next\react-refresh-utils\dist\loader.js | C:\valente_conecta\node_modules\next\dist\compiled\mini-css-extract-plugin\loader.js | C:\valente_conecta\node_modules\next\dist\esm\build\webpack\loaders\lightningcss-loader\src\loader.js"
"optional.js","2","C:\valente_conecta\node_modules\any-promise\optional.js | C:\valente_conecta\node_modules\node-gyp-build-optional-packages\optional.js"
"register.d.ts","2","C:\valente_conecta\node_modules\any-promise\register.d.ts | C:\valente_conecta\node_modules\sucrase\dist\types\register.d.ts"
"register.js","4","C:\valente_conecta\node_modules\any-promise\register.js | C:\valente_conecta\node_modules\jiti\register.js | C:\valente_conecta\node_modules\sucrase\dist\esm\register.js | C:\valente_conecta\node_modules\sucrase\dist\register.js"
"node.js","9","C:\valente_conecta\node_modules\asn1.js\lib\asn1\base\node.js | C:\valente_conecta\node_modules\browserslist\node.js | C:\valente_conecta\node_modules\debug\src\node.js | C:\valente_conecta\node_modules\next\dist\esm\server\base-http\node.js | C:\valente_conecta\node_modules\next\dist\server\base-http\node.js | C:\valente_conecta\node_modules\next\node_modules\postcss\lib\node.js | C:\valente_conecta\node_modules\postcss\lib\node.js | C:\valente_conecta\node_modules\postcss-selector-parser\dist\selectors\node.js | C:\valente_conecta\node_modules\util-deprecate\node.js"
"der.js","3","C:\valente_conecta\node_modules\asn1.js\lib\asn1\constants\der.js | C:\valente_conecta\node_modules\asn1.js\lib\asn1\decoders\der.js | C:\valente_conecta\node_modules\asn1.js\lib\asn1\encoders\der.js"
"pem.js","2","C:\valente_conecta\node_modules\asn1.js\lib\asn1\decoders\pem.js | C:\valente_conecta\node_modules\asn1.js\lib\asn1\encoders\pem.js"
"api.js","3","C:\valente_conecta\node_modules\asn1.js\lib\asn1\api.js | C:\valente_conecta\node_modules\next\dist\build\webpack\loaders\css-loader\src\runtime\api.js | C:\valente_conecta\node_modules\next\dist\esm\build\webpack\loaders\css-loader\src\runtime\api.js"
".eslintrc.js","4","C:\valente_conecta\node_modules\asn1.js\.eslintrc.js | C:\valente_conecta\node_modules\busboy\.eslintrc.js | C:\valente_conecta\node_modules\stackblur-canvas\.eslintrc.js | C:\valente_conecta\node_modules\streamsearch\.eslintrc.js"
"prefixes.js","2","C:\valente_conecta\node_modules\autoprefixer\data\prefixes.js | C:\valente_conecta\node_modules\autoprefixer\lib\prefixes.js"
"appearance.js","3","C:\valente_conecta\node_modules\autoprefixer\lib\hacks\appearance.js | C:\valente_conecta\node_modules\d3-shape\src\order\appearance.js | C:\valente_conecta\node_modules\victory-vendor\lib-vendor\d3-shape\src\order\appearance.js"
"background-clip.js","2","C:\valente_conecta\node_modules\autoprefixer\lib\hacks\background-clip.js | C:\valente_conecta\node_modules\html2canvas\dist\lib\css\property-descriptors\background-clip.js"
"background-size.js","2","C:\valente_conecta\node_modules\autoprefixer\lib\hacks\background-size.js | C:\valente_conecta\node_modules\html2canvas\dist\lib\css\property-descriptors\background-size.js"
"border-image.js","2","C:\valente_conecta\node_modules\autoprefixer\lib\hacks\border-image.js | C:\valente_conecta\node_modules\caniuse-lite\data\features\border-image.js"
"border-radius.js","3","C:\valente_conecta\node_modules\autoprefixer\lib\hacks\border-radius.js | C:\valente_conecta\node_modules\caniuse-lite\data\features\border-radius.js | C:\valente_conecta\node_modules\html2canvas\dist\lib\css\property-descriptors\border-radius.js"
"filter.js","43","C:\valente_conecta\node_modules\autoprefixer\lib\hacks\filter.js | C:\valente_conecta\node_modules\core-js\actual\array\virtual\filter.js | C:\valente_conecta\node_modules\core-js\actual\array\filter.js | C:\valente_conecta\node_modules\core-js\actual\async-iterator\filter.js | C:\valente_conecta\node_modules\core-js\actual\instance\filter.js | C:\valente_conecta\node_modules\core-js\actual\iterator\filter.js | C:\valente_conecta\node_modules\core-js\actual\typed-array\filter.js | C:\valente_conecta\node_modules\core-js\es\array\virtual\filter.js | C:\valente_conecta\node_modules\core-js\es\array\filter.js | C:\valente_conecta\node_modules\core-js\es\instance\filter.js | C:\valente_conecta\node_modules\core-js\es\iterator\filter.js | C:\valente_conecta\node_modules\core-js\es\typed-array\filter.js | C:\valente_conecta\node_modules\core-js\features\array\virtual\filter.js | C:\valente_conecta\node_modules\core-js\features\array\filter.js | C:\valente_conecta\node_modules\core-js\features\async-iterator\filter.js | C:\valente_conecta\node_modules\core-js\features\instance\filter.js | C:\valente_conecta\node_modules\core-js\features\iterator\filter.js | C:\valente_conecta\node_modules\core-js\features\map\filter.js | C:\valente_conecta\node_modules\core-js\features\set\filter.js | C:\valente_conecta\node_modules\core-js\features\typed-array\filter.js | C:\valente_conecta\node_modules\core-js\full\array\virtual\filter.js | C:\valente_conecta\node_modules\core-js\full\array\filter.js | C:\valente_conecta\node_modules\core-js\full\async-iterator\filter.js | C:\valente_conecta\node_modules\core-js\full\instance\filter.js | C:\valente_conecta\node_modules\core-js\full\iterator\filter.js | C:\valente_conecta\node_modules\core-js\full\map\filter.js | C:\valente_conecta\node_modules\core-js\full\set\filter.js | C:\valente_conecta\node_modules\core-js\full\typed-array\filter.js | C:\valente_conecta\node_modules\core-js\stable\array\virtual\filter.js | C:\valente_conecta\node_modules\core-js\stable\array\filter.js | C:\valente_conecta\node_modules\core-js\stable\instance\filter.js | C:\valente_conecta\node_modules\core-js\stable\iterator\filter.js | C:\valente_conecta\node_modules\core-js\stable\typed-array\filter.js | C:\valente_conecta\node_modules\d3-array\src\filter.js | C:\valente_conecta\node_modules\es-toolkit\compat\filter.js | C:\valente_conecta\node_modules\es-toolkit\dist\compat\array\filter.js | C:\valente_conecta\node_modules\es-toolkit\dist\map\filter.js | C:\valente_conecta\node_modules\es-toolkit\dist\set\filter.js | C:\valente_conecta\node_modules\lodash\fp\filter.js | C:\valente_conecta\node_modules\lodash\filter.js | C:\valente_conecta\node_modules\lucide-react\dist\esm\icons\filter.js | C:\valente_conecta\node_modules\resolve\test\filter.js | C:\valente_conecta\node_modules\victory-vendor\lib-vendor\d3-array\src\filter.js"
"fullscreen.js","3","C:\valente_conecta\node_modules\autoprefixer\lib\hacks\fullscreen.js | C:\valente_conecta\node_modules\caniuse-lite\data\features\fullscreen.js | C:\valente_conecta\node_modules\lucide-react\dist\esm\icons\fullscreen.js"
"gradient.js","2","C:\valente_conecta\node_modules\autoprefixer\lib\hacks\gradient.js | C:\valente_conecta\node_modules\html2canvas\dist\lib\css\types\functions\gradient.js"
"placeholder.js","2","C:\valente_conecta\node_modules\autoprefixer\lib\hacks\placeholder.js | C:\valente_conecta\node_modules\lodash\fp\placeholder.js"
"text-decoration.js","2","C:\valente_conecta\node_modules\autoprefixer\lib\hacks\text-decoration.js | C:\valente_conecta\node_modules\caniuse-lite\data\features\text-decoration.js"
"at-rule.js","3","C:\valente_conecta\node_modules\autoprefixer\lib\at-rule.js | C:\valente_conecta\node_modules\next\node_modules\postcss\lib\at-rule.js | C:\valente_conecta\node_modules\postcss\lib\at-rule.js"
"autoprefixer.d.ts","2","C:\valente_conecta\node_modules\autoprefixer\lib\autoprefixer.d.ts | C:\valente_conecta\node_modules\goober\prefixer\autoprefixer.d.ts"
"brackets.js","2","C:\valente_conecta\node_modules\autoprefixer\lib\brackets.js | C:\valente_conecta\node_modules\lucide-react\dist\esm\icons\brackets.js"
"browsers.js","3","C:\valente_conecta\node_modules\autoprefixer\lib\browsers.js | C:\valente_conecta\node_modules\caniuse-lite\data\browsers.js | C:\valente_conecta\node_modules\caniuse-lite\dist\unpacker\browsers.js"
"declaration.js","3","C:\valente_conecta\node_modules\autoprefixer\lib\declaration.js | C:\valente_conecta\node_modules\next\node_modules\postcss\lib\declaration.js | C:\valente_conecta\node_modules\postcss\lib\declaration.js"
"info.js","3","C:\valente_conecta\node_modules\autoprefixer\lib\info.js | C:\valente_conecta\node_modules\lucide-react\dist\esm\icons\info.js | C:\valente_conecta\node_modules\luxon\src\info.js"
"processor.js","4","C:\valente_conecta\node_modules\autoprefixer\lib\processor.js | C:\valente_conecta\node_modules\next\node_modules\postcss\lib\processor.js | C:\valente_conecta\node_modules\postcss\lib\processor.js | C:\valente_conecta\node_modules\postcss-selector-parser\dist\processor.js"
"selector.js","2","C:\valente_conecta\node_modules\autoprefixer\lib\selector.js | C:\valente_conecta\node_modules\postcss-selector-parser\dist\selectors\selector.js"
"value.js","5","C:\valente_conecta\node_modules\autoprefixer\lib\value.js | C:\valente_conecta\node_modules\d3-interpolate\src\value.js | C:\valente_conecta\node_modules\lodash\fp\value.js | C:\valente_conecta\node_modules\lodash\value.js | C:\valente_conecta\node_modules\victory-vendor\lib-vendor\d3-interpolate\src\value.js"
"core.d.ts","2","C:\valente_conecta\node_modules\barcode-detector\dist\cjs\core.d.ts | C:\valente_conecta\node_modules\barcode-detector\dist\es\core.d.ts"
"polyfill.d.ts","3","C:\valente_conecta\node_modules\barcode-detector\dist\cjs\polyfill.d.ts | C:\valente_conecta\node_modules\barcode-detector\dist\es\polyfill.d.ts | C:\valente_conecta\node_modules\next\dist\build\polyfills\object.assign\polyfill.d.ts"
"polyfill.js","6","C:\valente_conecta\node_modules\barcode-detector\dist\cjs\polyfill.js | C:\valente_conecta\node_modules\barcode-detector\dist\es\polyfill.js | C:\valente_conecta\node_modules\barcode-detector\dist\iife\polyfill.js | C:\valente_conecta\node_modules\next\dist\build\polyfills\object.assign\polyfill.js | C:\valente_conecta\node_modules\next\dist\esm\build\polyfills\object.assign\polyfill.js | C:\valente_conecta\node_modules\raf\polyfill.js"
"ponyfill.d.ts","2","C:\valente_conecta\node_modules\barcode-detector\dist\cjs\ponyfill.d.ts | C:\valente_conecta\node_modules\barcode-detector\dist\es\ponyfill.d.ts"
"ponyfill.js","3","C:\valente_conecta\node_modules\barcode-detector\dist\cjs\ponyfill.js | C:\valente_conecta\node_modules\barcode-detector\dist\es\ponyfill.js | C:\valente_conecta\node_modules\barcode-detector\dist\iife\ponyfill.js"
"zxing-exported.d.ts","2","C:\valente_conecta\node_modules\barcode-detector\dist\cjs\zxing-exported.d.ts | C:\valente_conecta\node_modules\barcode-detector\dist\es\zxing-exported.d.ts"
"zxing-exported.js","2","C:\valente_conecta\node_modules\barcode-detector\dist\cjs\zxing-exported.js | C:\valente_conecta\node_modules\barcode-detector\dist\es\zxing-exported.js"
"rollup.config.ts","4","C:\valente_conecta\node_modules\base64-arraybuffer\rollup.config.ts | C:\valente_conecta\node_modules\css-line-break\rollup.config.ts | C:\valente_conecta\node_modules\text-segmentation\rollup.config.ts | C:\valente_conecta\node_modules\utrie\rollup.config.ts"
"copy.js","2","C:\valente_conecta\node_modules\better-sqlite3\deps\copy.js | C:\valente_conecta\node_modules\lucide-react\dist\esm\icons\copy.js"
"function.js","4","C:\valente_conecta\node_modules\better-sqlite3\lib\methods\function.js | C:\valente_conecta\node_modules\es-toolkit\function.js | C:\valente_conecta\node_modules\lodash\fp\function.js | C:\valente_conecta\node_modules\lodash\function.js"
"inspect.js","4","C:\valente_conecta\node_modules\better-sqlite3\lib\methods\inspect.js | C:\valente_conecta\node_modules\lucide-react\dist\esm\icons\inspect.js | C:\valente_conecta\node_modules\object-inspect\example\inspect.js | C:\valente_conecta\node_modules\object-inspect\test\inspect.js"
"table.js","2","C:\valente_conecta\node_modules\better-sqlite3\lib\methods\table.js | C:\valente_conecta\node_modules\lucide-react\dist\esm\icons\table.js"
"transaction.js","2","C:\valente_conecta\node_modules\better-sqlite3\lib\methods\transaction.js | C:\valente_conecta\node_modules\ioredis\built\transaction.js"
"database.js","2","C:\valente_conecta\node_modules\better-sqlite3\lib\database.js | C:\valente_conecta\node_modules\lucide-react\dist\esm\icons\database.js"
"util.js","19","C:\valente_conecta\node_modules\better-sqlite3\lib\util.js | C:\valente_conecta\node_modules\css-line-break\dist\lib\Util.js | C:\valente_conecta\node_modules\es-toolkit\util.js | C:\valente_conecta\node_modules\html2canvas\dist\lib\core\util.js | C:\valente_conecta\node_modules\ioredis\built\cluster\util.js | C:\valente_conecta\node_modules\lodash\fp\util.js | C:\valente_conecta\node_modules\lodash\util.js | C:\valente_conecta\node_modules\luxon\src\impl\util.js | C:\valente_conecta\node_modules\next\dist\build\babel\loader\util.js | C:\valente_conecta\node_modules\next\dist\compiled\util\util.js | C:\valente_conecta\node_modules\next\dist\esm\build\babel\loader\util.js | C:\valente_conecta\node_modules\prebuild-install\util.js | C:\valente_conecta\node_modules\recharts\es6\animation\util.js | C:\valente_conecta\node_modules\recharts\lib\animation\util.js | C:\valente_conecta\node_modules\source-map-js\lib\util.js | C:\valente_conecta\node_modules\sucrase\dist\esm\parser\traverser\util.js | C:\valente_conecta\node_modules\sucrase\dist\parser\traverser\util.js | C:\valente_conecta\node_modules\ts-interface-checker\dist\util.js | C:\valente_conecta\node_modules\utrie\dist\lib\Util.js"
"convert.js","2","C:\valente_conecta\node_modules\bl\test\convert.js | C:\valente_conecta\node_modules\lodash\fp\convert.js"
"indexOf.js","5","C:\valente_conecta\node_modules\bl\test\indexOf.js | C:\valente_conecta\node_modules\es-toolkit\compat\indexOf.js | C:\valente_conecta\node_modules\es-toolkit\dist\compat\array\indexOf.js | C:\valente_conecta\node_modules\lodash\fp\indexOf.js | C:\valente_conecta\node_modules\lodash\indexOf.js"
"test.js","16","C:\valente_conecta\node_modules\bl\test\test.js | C:\valente_conecta\node_modules\buffer-equal-constant-time\test.js | C:\valente_conecta\node_modules\busboy\test\test.js | C:\valente_conecta\node_modules\core-js\actual\regexp\test.js | C:\valente_conecta\node_modules\core-js\es\regexp\test.js | C:\valente_conecta\node_modules\core-js\features\regexp\test.js | C:\valente_conecta\node_modules\core-js\full\regexp\test.js | C:\valente_conecta\node_modules\core-js\stable\regexp\test.js | C:\valente_conecta\node_modules\expand-template\test.js | C:\valente_conecta\node_modules\fastq\test\test.js | C:\valente_conecta\node_modules\file-uri-to-path\test\test.js | C:\valente_conecta\node_modules\msgpackr\dist\test.js | C:\valente_conecta\node_modules\raf\test.js | C:\valente_conecta\node_modules\rc\test\test.js | C:\valente_conecta\node_modules\reusify\test.js | C:\valente_conecta\node_modules\streamsearch\test\test.js"
"bn.js","2","C:\valente_conecta\node_modules\bn.js\lib\bn.js | C:\valente_conecta\node_modules\caniuse-lite\data\regions\BN.js"
"json.js","2","C:\valente_conecta\node_modules\body-parser\lib\types\json.js | C:\valente_conecta\node_modules\caniuse-lite\data\features\json.js"
"raw.js","6","C:\valente_conecta\node_modules\body-parser\lib\types\raw.js | C:\valente_conecta\node_modules\core-js\actual\string\raw.js | C:\valente_conecta\node_modules\core-js\es\string\raw.js | C:\valente_conecta\node_modules\core-js\features\string\raw.js | C:\valente_conecta\node_modules\core-js\full\string\raw.js | C:\valente_conecta\node_modules\core-js\stable\string\raw.js"
"text.js","9","C:\valente_conecta\node_modules\body-parser\lib\types\text.js | C:\valente_conecta\node_modules\fast-png\lib\helpers\text.js | C:\valente_conecta\node_modules\fast-png\lib-esm\helpers\text.js | C:\valente_conecta\node_modules\html2canvas\dist\lib\css\layout\text.js | C:\valente_conecta\node_modules\iobuffer\lib\text.js | C:\valente_conecta\node_modules\iobuffer\lib-esm\text.js | C:\valente_conecta\node_modules\lucide-react\dist\esm\icons\text.js | C:\valente_conecta\node_modules\recharts\es6\component\Text.js | C:\valente_conecta\node_modules\recharts\lib\component\Text.js"
"urlencoded.js","2","C:\valente_conecta\node_modules\body-parser\lib\types\urlencoded.js | C:\valente_conecta\node_modules\busboy\lib\types\urlencoded.js"
"compile.js","2","C:\valente_conecta\node_modules\braces\lib\compile.js | C:\valente_conecta\node_modules\goober\src\core\compile.js"
"expand.js","4","C:\valente_conecta\node_modules\braces\lib\expand.js | C:\valente_conecta\node_modules\d3-shape\src\offset\expand.js | C:\valente_conecta\node_modules\lucide-react\dist\esm\icons\expand.js | C:\valente_conecta\node_modules\victory-vendor\lib-vendor\d3-shape\src\offset\expand.js"
"parse.js","29","C:\valente_conecta\node_modules\braces\lib\parse.js | C:\valente_conecta\node_modules\browserslist\parse.js | C:\valente_conecta\node_modules\core-js\actual\json\parse.js | C:\valente_conecta\node_modules\core-js\actual\url\parse.js | C:\valente_conecta\node_modules\core-js\es\json\parse.js | C:\valente_conecta\node_modules\core-js\features\json\parse.js | C:\valente_conecta\node_modules\core-js\features\url\parse.js | C:\valente_conecta\node_modules\core-js\full\json\parse.js | C:\valente_conecta\node_modules\core-js\full\url\parse.js | C:\valente_conecta\node_modules\core-js\stable\json\parse.js | C:\valente_conecta\node_modules\core-js\stable\url\parse.js | C:\valente_conecta\node_modules\d3-interpolate\src\transform\parse.js | C:\valente_conecta\node_modules\goober\src\core\parse.js | C:\valente_conecta\node_modules\minimist\example\parse.js | C:\valente_conecta\node_modules\minimist\test\parse.js | C:\valente_conecta\node_modules\next\node_modules\postcss\lib\parse.js | C:\valente_conecta\node_modules\picomatch\lib\parse.js | C:\valente_conecta\node_modules\postcss\lib\parse.js | C:\valente_conecta\node_modules\postcss-value-parser\lib\parse.js | C:\valente_conecta\node_modules\qs\lib\parse.js | C:\valente_conecta\node_modules\qs\test\parse.js | C:\valente_conecta\node_modules\semver\functions\parse.js | C:\valente_conecta\node_modules\tailwindcss\lib\value-parser\parse.js | C:\valente_conecta\node_modules\tailwindcss\src\value-parser\parse.js | C:\valente_conecta\node_modules\tinyglobby\node_modules\picomatch\lib\parse.js | C:\valente_conecta\node_modules\uuid\dist\esm-browser\parse.js | C:\valente_conecta\node_modules\uuid\dist\esm-node\parse.js | C:\valente_conecta\node_modules\uuid\dist\parse.js | C:\valente_conecta\node_modules\victory-vendor\lib-vendor\d3-interpolate\src\transform\parse.js"
"stringify.js","16","C:\valente_conecta\node_modules\braces\lib\stringify.js | C:\valente_conecta\node_modules\core-js\actual\json\stringify.js | C:\valente_conecta\node_modules\core-js\es\json\stringify.js | C:\valente_conecta\node_modules\core-js\features\json\stringify.js | C:\valente_conecta\node_modules\core-js\full\json\stringify.js | C:\valente_conecta\node_modules\core-js\stable\json\stringify.js | C:\valente_conecta\node_modules\next\node_modules\postcss\lib\stringify.js | C:\valente_conecta\node_modules\postcss\lib\stringify.js | C:\valente_conecta\node_modules\postcss-value-parser\lib\stringify.js | C:\valente_conecta\node_modules\qs\lib\stringify.js | C:\valente_conecta\node_modules\qs\test\stringify.js | C:\valente_conecta\node_modules\tailwindcss\lib\value-parser\stringify.js | C:\valente_conecta\node_modules\tailwindcss\src\value-parser\stringify.js | C:\valente_conecta\node_modules\uuid\dist\esm-browser\stringify.js | C:\valente_conecta\node_modules\uuid\dist\esm-node\stringify.js | C:\valente_conecta\node_modules\uuid\dist\stringify.js"
"browser.js","9","C:\valente_conecta\node_modules\browserslist\browser.js | C:\valente_conecta\node_modules\debug\src\browser.js | C:\valente_conecta\node_modules\fflate\esm\browser.js | C:\valente_conecta\node_modules\fs-constants\browser.js | C:\valente_conecta\node_modules\next\dist\compiled\os-browserify\browser.js | C:\valente_conecta\node_modules\next\dist\compiled\process\browser.js | C:\valente_conecta\node_modules\rc\browser.js | C:\valente_conecta\node_modules\supports-preserve-symlinks-flag\browser.js | C:\valente_conecta\node_modules\util-deprecate\browser.js"
"cli.js","10","C:\valente_conecta\node_modules\browserslist\cli.js | C:\valente_conecta\node_modules\ejs\bin\cli.js | C:\valente_conecta\node_modules\loose-envify\cli.js | C:\valente_conecta\node_modules\rc\cli.js | C:\valente_conecta\node_modules\sucrase\dist\esm\cli.js | C:\valente_conecta\node_modules\sucrase\dist\cli.js | C:\valente_conecta\node_modules\tailwindcss\lib\cli.js | C:\valente_conecta\node_modules\tailwindcss\src\cli.js | C:\valente_conecta\node_modules\update-browserslist-db\cli.js | C:\valente_conecta\node_modules\web-push\src\cli.js"
"sandbox.js","4","C:\valente_conecta\node_modules\bull\lib\process\sandbox.js | C:\valente_conecta\node_modules\next\dist\esm\server\web\sandbox\sandbox.js | C:\valente_conecta\node_modules\next\dist\server\web\sandbox\sandbox.js | C:\valente_conecta\node_modules\tar-stream\sandbox.js"
"worker.js","7","C:\valente_conecta\node_modules\bull\lib\worker.js | C:\valente_conecta\node_modules\next\dist\build\worker.js | C:\valente_conecta\node_modules\next\dist\esm\build\worker.js | C:\valente_conecta\node_modules\next\dist\esm\export\worker.js | C:\valente_conecta\node_modules\next\dist\esm\lib\worker.js | C:\valente_conecta\node_modules\next\dist\export\worker.js | C:\valente_conecta\node_modules\next\dist\lib\worker.js"
"array-includes.js","3","C:\valente_conecta\node_modules\caniuse-lite\data\features\array-includes.js | C:\valente_conecta\node_modules\core-js\internals\array-includes.js | C:\valente_conecta\node_modules\core-js\proposals\array-includes.js"
"bigint.js","2","C:\valente_conecta\node_modules\caniuse-lite\data\features\bigint.js | C:\valente_conecta\node_modules\object-inspect\test\bigint.js"
"clipboard.js","2","C:\valente_conecta\node_modules\caniuse-lite\data\features\clipboard.js | C:\valente_conecta\node_modules\lucide-react\dist\esm\icons\clipboard.js"
"decorators.js","2","C:\valente_conecta\node_modules\caniuse-lite\data\features\decorators.js | C:\valente_conecta\node_modules\core-js\proposals\decorators.js"
"dialog.js","3","C:\valente_conecta\node_modules\caniuse-lite\data\features\dialog.js | C:\valente_conecta\node_modules\next\dist\client\components\react-dev-overlay\internal\components\Dialog\Dialog.js | C:\valente_conecta\node_modules\next\dist\esm\client\components\react-dev-overlay\internal\components\Dialog\Dialog.js"
"download.js","3","C:\valente_conecta\node_modules\caniuse-lite\data\features\download.js | C:\valente_conecta\node_modules\lucide-react\dist\esm\icons\download.js | C:\valente_conecta\node_modules\prebuild-install\download.js"
"filesystem.js","4","C:\valente_conecta\node_modules\caniuse-lite\data\features\filesystem.js | C:\valente_conecta\node_modules\detect-libc\lib\filesystem.js | C:\valente_conecta\node_modules\next\dist\esm\server\lib\router-utils\filesystem.js | C:\valente_conecta\node_modules\next\dist\server\lib\router-utils\filesystem.js"
"gamepad.js","2","C:\valente_conecta\node_modules\caniuse-lite\data\features\gamepad.js | C:\valente_conecta\node_modules\lucide-react\dist\esm\icons\gamepad.js"
"hidden.js","2","C:\valente_conecta\node_modules\caniuse-lite\data\features\hidden.js | C:\valente_conecta\node_modules\es-toolkit\dist\server\colors\hidden.js"
"history.js","2","C:\valente_conecta\node_modules\caniuse-lite\data\features\history.js | C:\valente_conecta\node_modules\lucide-react\dist\esm\icons\history.js"
"menu.js","2","C:\valente_conecta\node_modules\caniuse-lite\data\features\menu.js | C:\valente_conecta\node_modules\lucide-react\dist\esm\icons\menu.js"
"picture-in-picture.js","2","C:\valente_conecta\node_modules\caniuse-lite\data\features\picture-in-picture.js | C:\valente_conecta\node_modules\lucide-react\dist\esm\icons\picture-in-picture.js"
"pointer.js","2","C:\valente_conecta\node_modules\caniuse-lite\data\features\pointer.js | C:\valente_conecta\node_modules\lucide-react\dist\esm\icons\pointer.js"
"progress.js","3","C:\valente_conecta\node_modules\caniuse-lite\data\features\progress.js | C:\valente_conecta\node_modules\next\dist\build\progress.js | C:\valente_conecta\node_modules\next\dist\esm\build\progress.js"
"promise-finally.js","2","C:\valente_conecta\node_modules\caniuse-lite\data\features\promise-finally.js | C:\valente_conecta\node_modules\core-js\proposals\promise-finally.js"
"proxy.js","3","C:\valente_conecta\node_modules\caniuse-lite\data\features\proxy.js | C:\valente_conecta\node_modules\next\experimental\testmode\proxy.js | C:\valente_conecta\node_modules\prebuild-install\proxy.js"
"setimmediate.js","2","C:\valente_conecta\node_modules\caniuse-lite\data\features\setimmediate.js | C:\valente_conecta\node_modules\next\dist\compiled\setimmediate\setImmediate.js"
"streams.js","2","C:\valente_conecta\node_modules\caniuse-lite\data\features\streams.js | C:\valente_conecta\node_modules\iconv-lite\lib\streams.js"
"template.js","5","C:\valente_conecta\node_modules\caniuse-lite\data\features\template.js | C:\valente_conecta\node_modules\es-toolkit\compat\template.js | C:\valente_conecta\node_modules\es-toolkit\dist\compat\string\template.js | C:\valente_conecta\node_modules\lodash\fp\template.js | C:\valente_conecta\node_modules\lodash\template.js"
"trusted-types.js","3","C:\valente_conecta\node_modules\caniuse-lite\data\features\trusted-types.js | C:\valente_conecta\node_modules\next\dist\client\trusted-types.js | C:\valente_conecta\node_modules\next\dist\esm\client\trusted-types.js"
"url.js","7","C:\valente_conecta\node_modules\caniuse-lite\data\features\url.js | C:\valente_conecta\node_modules\core-js\proposals\url.js | C:\valente_conecta\node_modules\core-js\web\url.js | C:\valente_conecta\node_modules\github-from-package\example\url.js | C:\valente_conecta\node_modules\github-from-package\test\url.js | C:\valente_conecta\node_modules\next\dist\esm\lib\url.js | C:\valente_conecta\node_modules\next\dist\lib\url.js"
"video.js","2","C:\valente_conecta\node_modules\caniuse-lite\data\features\video.js | C:\valente_conecta\node_modules\lucide-react\dist\esm\icons\video.js"
"word-break.js","2","C:\valente_conecta\node_modules\caniuse-lite\data\features\word-break.js | C:\valente_conecta\node_modules\html2canvas\dist\lib\css\property-descriptors\word-break.js"
"xhtml.js","3","C:\valente_conecta\node_modules\caniuse-lite\data\features\xhtml.js | C:\valente_conecta\node_modules\sucrase\dist\esm\parser\plugins\jsx\xhtml.js | C:\valente_conecta\node_modules\sucrase\dist\parser\plugins\jsx\xhtml.js"
"AT.js","36","C:\valente_conecta\node_modules\caniuse-lite\data\regions\AT.js | C:\valente_conecta\node_modules\core-js\actual\array\virtual\at.js | C:\valente_conecta\node_modules\core-js\actual\array\at.js | C:\valente_conecta\node_modules\core-js\actual\instance\at.js | C:\valente_conecta\node_modules\core-js\actual\string\virtual\at.js | C:\valente_conecta\node_modules\core-js\actual\string\at.js | C:\valente_conecta\node_modules\core-js\actual\typed-array\at.js | C:\valente_conecta\node_modules\core-js\es\array\virtual\at.js | C:\valente_conecta\node_modules\core-js\es\array\at.js | C:\valente_conecta\node_modules\core-js\es\instance\at.js | C:\valente_conecta\node_modules\core-js\es\string\virtual\at.js | C:\valente_conecta\node_modules\core-js\es\string\at.js | C:\valente_conecta\node_modules\core-js\es\typed-array\at.js | C:\valente_conecta\node_modules\core-js\features\array\virtual\at.js | C:\valente_conecta\node_modules\core-js\features\array\at.js | C:\valente_conecta\node_modules\core-js\features\instance\at.js | C:\valente_conecta\node_modules\core-js\features\string\virtual\at.js | C:\valente_conecta\node_modules\core-js\features\string\at.js | C:\valente_conecta\node_modules\core-js\features\typed-array\at.js | C:\valente_conecta\node_modules\core-js\full\array\virtual\at.js | C:\valente_conecta\node_modules\core-js\full\array\at.js | C:\valente_conecta\node_modules\core-js\full\instance\at.js | C:\valente_conecta\node_modules\core-js\full\string\virtual\at.js | C:\valente_conecta\node_modules\core-js\full\string\at.js | C:\valente_conecta\node_modules\core-js\full\typed-array\at.js | C:\valente_conecta\node_modules\core-js\stable\array\virtual\at.js | C:\valente_conecta\node_modules\core-js\stable\array\at.js | C:\valente_conecta\node_modules\core-js\stable\instance\at.js | C:\valente_conecta\node_modules\core-js\stable\string\virtual\at.js | C:\valente_conecta\node_modules\core-js\stable\string\at.js | C:\valente_conecta\node_modules\core-js\stable\typed-array\at.js | C:\valente_conecta\node_modules\es-toolkit\compat\at.js | C:\valente_conecta\node_modules\es-toolkit\dist\array\at.js | C:\valente_conecta\node_modules\es-toolkit\dist\compat\object\at.js | C:\valente_conecta\node_modules\lodash\fp\at.js | C:\valente_conecta\node_modules\lodash\at.js"
"GT.js","6","C:\valente_conecta\node_modules\caniuse-lite\data\regions\GT.js | C:\valente_conecta\node_modules\es-toolkit\compat\gt.js | C:\valente_conecta\node_modules\es-toolkit\dist\compat\util\gt.js | C:\valente_conecta\node_modules\lodash\fp\gt.js | C:\valente_conecta\node_modules\lodash\gt.js | C:\valente_conecta\node_modules\semver\functions\gt.js"
"ID.js","2","C:\valente_conecta\node_modules\caniuse-lite\data\regions\ID.js | C:\valente_conecta\node_modules\postcss-selector-parser\dist\selectors\id.js"
"IS.js","6","C:\valente_conecta\node_modules\caniuse-lite\data\regions\IS.js | C:\valente_conecta\node_modules\core-js\actual\object\is.js | C:\valente_conecta\node_modules\core-js\es\object\is.js | C:\valente_conecta\node_modules\core-js\features\object\is.js | C:\valente_conecta\node_modules\core-js\full\object\is.js | C:\valente_conecta\node_modules\core-js\stable\object\is.js"
"LT.js","6","C:\valente_conecta\node_modules\caniuse-lite\data\regions\LT.js | C:\valente_conecta\node_modules\es-toolkit\compat\lt.js | C:\valente_conecta\node_modules\es-toolkit\dist\compat\util\lt.js | C:\valente_conecta\node_modules\lodash\fp\lt.js | C:\valente_conecta\node_modules\lodash\lt.js | C:\valente_conecta\node_modules\semver\functions\lt.js"
"RE.js","2","C:\valente_conecta\node_modules\caniuse-lite\data\regions\RE.js | C:\valente_conecta\node_modules\semver\internal\re.js"
"TV.js","2","C:\valente_conecta\node_modules\caniuse-lite\data\regions\TV.js | C:\valente_conecta\node_modules\lucide-react\dist\esm\icons\tv.js"
"agents.js","2","C:\valente_conecta\node_modules\caniuse-lite\data\agents.js | C:\valente_conecta\node_modules\caniuse-lite\dist\unpacker\agents.js"
"browserVersions.js","2","C:\valente_conecta\node_modules\caniuse-lite\data\browserVersions.js | C:\valente_conecta\node_modules\caniuse-lite\dist\unpacker\browserVersions.js"
"features.js","4","C:\valente_conecta\node_modules\caniuse-lite\data\features.js | C:\valente_conecta\node_modules\caniuse-lite\dist\unpacker\features.js | C:\valente_conecta\node_modules\html2canvas\dist\lib\core\__mocks__\features.js | C:\valente_conecta\node_modules\html2canvas\dist\lib\core\features.js"
"Document.d.ts","5","C:\valente_conecta\node_modules\canvg\lib\Document\Document.d.ts | C:\valente_conecta\node_modules\next\dist\api\document.d.ts | C:\valente_conecta\node_modules\next\node_modules\postcss\lib\document.d.ts | C:\valente_conecta\node_modules\next\document.d.ts | C:\valente_conecta\node_modules\postcss\lib\document.d.ts"
"node.d.ts","4","C:\valente_conecta\node_modules\canvg\lib\presets\node.d.ts | C:\valente_conecta\node_modules\next\dist\server\base-http\node.d.ts | C:\valente_conecta\node_modules\next\node_modules\postcss\lib\node.d.ts | C:\valente_conecta\node_modules\postcss\lib\node.d.ts"
"Transform.d.ts","5","C:\valente_conecta\node_modules\canvg\lib\Transform\Transform.d.ts | C:\valente_conecta\node_modules\es-toolkit\compat\transform.d.ts | C:\valente_conecta\node_modules\es-toolkit\dist\compat\object\transform.d.ts | C:\valente_conecta\node_modules\html2canvas\dist\types\css\property-descriptors\transform.d.ts | C:\valente_conecta\node_modules\next\dist\build\babel\loader\transform.d.ts"
"Translate.d.ts","2","C:\valente_conecta\node_modules\canvg\lib\Transform\Translate.d.ts | C:\valente_conecta\node_modules\recharts\types\util\tooltip\translate.d.ts"
"debug.d.ts","2","C:\valente_conecta\node_modules\canvg\lib\util\debug.d.ts | C:\valente_conecta\node_modules\ioredis\built\utils\debug.d.ts"
"math.d.ts","2","C:\valente_conecta\node_modules\canvg\lib\util\math.d.ts | C:\valente_conecta\node_modules\es-toolkit\math.d.ts"
"string.d.ts","4","C:\valente_conecta\node_modules\canvg\lib\util\string.d.ts | C:\valente_conecta\node_modules\es-toolkit\string.d.ts | C:\valente_conecta\node_modules\fast-glob\out\utils\string.d.ts | C:\valente_conecta\node_modules\type-fest\source\internal\string.d.ts"
"styles.d.ts","8","C:\valente_conecta\node_modules\canvg\lib\util\styles.d.ts | C:\valente_conecta\node_modules\next\dist\client\components\react-dev-overlay\internal\components\CodeFrame\styles.d.ts | C:\valente_conecta\node_modules\next\dist\client\components\react-dev-overlay\internal\components\Dialog\styles.d.ts | C:\valente_conecta\node_modules\next\dist\client\components\react-dev-overlay\internal\components\LeftRightDialogHeader\styles.d.ts | C:\valente_conecta\node_modules\next\dist\client\components\react-dev-overlay\internal\components\Overlay\styles.d.ts | C:\valente_conecta\node_modules\next\dist\client\components\react-dev-overlay\internal\components\Terminal\styles.d.ts | C:\valente_conecta\node_modules\next\dist\client\components\react-dev-overlay\internal\components\Toast\styles.d.ts | C:\valente_conecta\node_modules\next\dist\client\components\react-dev-overlay\internal\components\VersionStalenessInfo\styles.d.ts"
"Parser.d.ts","2","C:\valente_conecta\node_modules\canvg\lib\Parser.d.ts | C:\valente_conecta\node_modules\html2canvas\dist\types\css\syntax\parser.d.ts"
"Property.d.ts","3","C:\valente_conecta\node_modules\canvg\lib\Property.d.ts | C:\valente_conecta\node_modules\es-toolkit\compat\property.d.ts | C:\valente_conecta\node_modules\es-toolkit\dist\compat\object\property.d.ts"
"auto.d.ts","2","C:\valente_conecta\node_modules\chart.js\auto\auto.d.ts | C:\valente_conecta\node_modules\next\dist\build\polyfills\object.assign\auto.d.ts"
"auto.js","3","C:\valente_conecta\node_modules\chart.js\auto\auto.js | C:\valente_conecta\node_modules\next\dist\build\polyfills\object.assign\auto.js | C:\valente_conecta\node_modules\next\dist\esm\build\polyfills\object.assign\auto.js"
"basic.d.ts","3","C:\valente_conecta\node_modules\chart.js\dist\types\basic.d.ts | C:\valente_conecta\node_modules\next\dist\lib\metadata\generate\basic.d.ts | C:\valente_conecta\node_modules\type-fest\source\basic.d.ts"
"concat.js","24","C:\valente_conecta\node_modules\core-js\actual\array\virtual\concat.js | C:\valente_conecta\node_modules\core-js\actual\array\concat.js | C:\valente_conecta\node_modules\core-js\actual\instance\concat.js | C:\valente_conecta\node_modules\core-js\actual\iterator\concat.js | C:\valente_conecta\node_modules\core-js\es\array\virtual\concat.js | C:\valente_conecta\node_modules\core-js\es\array\concat.js | C:\valente_conecta\node_modules\core-js\es\instance\concat.js | C:\valente_conecta\node_modules\core-js\es\iterator\concat.js | C:\valente_conecta\node_modules\core-js\features\array\virtual\concat.js | C:\valente_conecta\node_modules\core-js\features\array\concat.js | C:\valente_conecta\node_modules\core-js\features\instance\concat.js | C:\valente_conecta\node_modules\core-js\features\iterator\concat.js | C:\valente_conecta\node_modules\core-js\full\array\virtual\concat.js | C:\valente_conecta\node_modules\core-js\full\array\concat.js | C:\valente_conecta\node_modules\core-js\full\instance\concat.js | C:\valente_conecta\node_modules\core-js\full\iterator\concat.js | C:\valente_conecta\node_modules\core-js\stable\array\virtual\concat.js | C:\valente_conecta\node_modules\core-js\stable\array\concat.js | C:\valente_conecta\node_modules\core-js\stable\instance\concat.js | C:\valente_conecta\node_modules\core-js\stable\iterator\concat.js | C:\valente_conecta\node_modules\es-toolkit\compat\concat.js | C:\valente_conecta\node_modules\es-toolkit\dist\compat\array\concat.js | C:\valente_conecta\node_modules\lodash\fp\concat.js | C:\valente_conecta\node_modules\lodash\concat.js"
"copy-within.js","20","C:\valente_conecta\node_modules\core-js\actual\array\virtual\copy-within.js | C:\valente_conecta\node_modules\core-js\actual\array\copy-within.js | C:\valente_conecta\node_modules\core-js\actual\instance\copy-within.js | C:\valente_conecta\node_modules\core-js\actual\typed-array\copy-within.js | C:\valente_conecta\node_modules\core-js\es\array\virtual\copy-within.js | C:\valente_conecta\node_modules\core-js\es\array\copy-within.js | C:\valente_conecta\node_modules\core-js\es\instance\copy-within.js | C:\valente_conecta\node_modules\core-js\es\typed-array\copy-within.js | C:\valente_conecta\node_modules\core-js\features\array\virtual\copy-within.js | C:\valente_conecta\node_modules\core-js\features\array\copy-within.js | C:\valente_conecta\node_modules\core-js\features\instance\copy-within.js | C:\valente_conecta\node_modules\core-js\features\typed-array\copy-within.js | C:\valente_conecta\node_modules\core-js\full\array\virtual\copy-within.js | C:\valente_conecta\node_modules\core-js\full\array\copy-within.js | C:\valente_conecta\node_modules\core-js\full\instance\copy-within.js | C:\valente_conecta\node_modules\core-js\full\typed-array\copy-within.js | C:\valente_conecta\node_modules\core-js\stable\array\virtual\copy-within.js | C:\valente_conecta\node_modules\core-js\stable\array\copy-within.js | C:\valente_conecta\node_modules\core-js\stable\instance\copy-within.js | C:\valente_conecta\node_modules\core-js\stable\typed-array\copy-within.js"
"entries.js","29","C:\valente_conecta\node_modules\core-js\actual\array\virtual\entries.js | C:\valente_conecta\node_modules\core-js\actual\array\entries.js | C:\valente_conecta\node_modules\core-js\actual\instance\entries.js | C:\valente_conecta\node_modules\core-js\actual\object\entries.js | C:\valente_conecta\node_modules\core-js\actual\typed-array\entries.js | C:\valente_conecta\node_modules\core-js\es\array\virtual\entries.js | C:\valente_conecta\node_modules\core-js\es\array\entries.js | C:\valente_conecta\node_modules\core-js\es\instance\entries.js | C:\valente_conecta\node_modules\core-js\es\object\entries.js | C:\valente_conecta\node_modules\core-js\es\typed-array\entries.js | C:\valente_conecta\node_modules\core-js\features\array\virtual\entries.js | C:\valente_conecta\node_modules\core-js\features\array\entries.js | C:\valente_conecta\node_modules\core-js\features\instance\entries.js | C:\valente_conecta\node_modules\core-js\features\object\entries.js | C:\valente_conecta\node_modules\core-js\features\typed-array\entries.js | C:\valente_conecta\node_modules\core-js\full\array\virtual\entries.js | C:\valente_conecta\node_modules\core-js\full\array\entries.js | C:\valente_conecta\node_modules\core-js\full\instance\entries.js | C:\valente_conecta\node_modules\core-js\full\object\entries.js | C:\valente_conecta\node_modules\core-js\full\typed-array\entries.js | C:\valente_conecta\node_modules\core-js\stable\array\virtual\entries.js | C:\valente_conecta\node_modules\core-js\stable\array\entries.js | C:\valente_conecta\node_modules\core-js\stable\instance\entries.js | C:\valente_conecta\node_modules\core-js\stable\object\entries.js | C:\valente_conecta\node_modules\core-js\stable\typed-array\entries.js | C:\valente_conecta\node_modules\lodash\fp\entries.js | C:\valente_conecta\node_modules\lodash\entries.js | C:\valente_conecta\node_modules\next\dist\build\entries.js | C:\valente_conecta\node_modules\next\dist\esm\build\entries.js"
"every.js","40","C:\valente_conecta\node_modules\core-js\actual\array\virtual\every.js | C:\valente_conecta\node_modules\core-js\actual\array\every.js | C:\valente_conecta\node_modules\core-js\actual\async-iterator\every.js | C:\valente_conecta\node_modules\core-js\actual\instance\every.js | C:\valente_conecta\node_modules\core-js\actual\iterator\every.js | C:\valente_conecta\node_modules\core-js\actual\typed-array\every.js | C:\valente_conecta\node_modules\core-js\es\array\virtual\every.js | C:\valente_conecta\node_modules\core-js\es\array\every.js | C:\valente_conecta\node_modules\core-js\es\instance\every.js | C:\valente_conecta\node_modules\core-js\es\iterator\every.js | C:\valente_conecta\node_modules\core-js\es\typed-array\every.js | C:\valente_conecta\node_modules\core-js\features\array\virtual\every.js | C:\valente_conecta\node_modules\core-js\features\array\every.js | C:\valente_conecta\node_modules\core-js\features\async-iterator\every.js | C:\valente_conecta\node_modules\core-js\features\instance\every.js | C:\valente_conecta\node_modules\core-js\features\iterator\every.js | C:\valente_conecta\node_modules\core-js\features\map\every.js | C:\valente_conecta\node_modules\core-js\features\set\every.js | C:\valente_conecta\node_modules\core-js\features\typed-array\every.js | C:\valente_conecta\node_modules\core-js\full\array\virtual\every.js | C:\valente_conecta\node_modules\core-js\full\array\every.js | C:\valente_conecta\node_modules\core-js\full\async-iterator\every.js | C:\valente_conecta\node_modules\core-js\full\instance\every.js | C:\valente_conecta\node_modules\core-js\full\iterator\every.js | C:\valente_conecta\node_modules\core-js\full\map\every.js | C:\valente_conecta\node_modules\core-js\full\set\every.js | C:\valente_conecta\node_modules\core-js\full\typed-array\every.js | C:\valente_conecta\node_modules\core-js\stable\array\virtual\every.js | C:\valente_conecta\node_modules\core-js\stable\array\every.js | C:\valente_conecta\node_modules\core-js\stable\instance\every.js | C:\valente_conecta\node_modules\core-js\stable\iterator\every.js | C:\valente_conecta\node_modules\core-js\stable\typed-array\every.js | C:\valente_conecta\node_modules\d3-array\src\every.js | C:\valente_conecta\node_modules\es-toolkit\compat\every.js | C:\valente_conecta\node_modules\es-toolkit\dist\compat\array\every.js | C:\valente_conecta\node_modules\es-toolkit\dist\map\every.js | C:\valente_conecta\node_modules\es-toolkit\dist\set\every.js | C:\valente_conecta\node_modules\lodash\fp\every.js | C:\valente_conecta\node_modules\lodash\every.js | C:\valente_conecta\node_modules\victory-vendor\lib-vendor\d3-array\src\every.js"
"fill.js","25","C:\valente_conecta\node_modules\core-js\actual\array\virtual\fill.js | C:\valente_conecta\node_modules\core-js\actual\array\fill.js | C:\valente_conecta\node_modules\core-js\actual\instance\fill.js | C:\valente_conecta\node_modules\core-js\actual\typed-array\fill.js | C:\valente_conecta\node_modules\core-js\es\array\virtual\fill.js | C:\valente_conecta\node_modules\core-js\es\array\fill.js | C:\valente_conecta\node_modules\core-js\es\instance\fill.js | C:\valente_conecta\node_modules\core-js\es\typed-array\fill.js | C:\valente_conecta\node_modules\core-js\features\array\virtual\fill.js | C:\valente_conecta\node_modules\core-js\features\array\fill.js | C:\valente_conecta\node_modules\core-js\features\instance\fill.js | C:\valente_conecta\node_modules\core-js\features\typed-array\fill.js | C:\valente_conecta\node_modules\core-js\full\array\virtual\fill.js | C:\valente_conecta\node_modules\core-js\full\array\fill.js | C:\valente_conecta\node_modules\core-js\full\instance\fill.js | C:\valente_conecta\node_modules\core-js\full\typed-array\fill.js | C:\valente_conecta\node_modules\core-js\stable\array\virtual\fill.js | C:\valente_conecta\node_modules\core-js\stable\array\fill.js | C:\valente_conecta\node_modules\core-js\stable\instance\fill.js | C:\valente_conecta\node_modules\core-js\stable\typed-array\fill.js | C:\valente_conecta\node_modules\es-toolkit\compat\fill.js | C:\valente_conecta\node_modules\es-toolkit\dist\array\fill.js | C:\valente_conecta\node_modules\es-toolkit\dist\compat\array\fill.js | C:\valente_conecta\node_modules\lodash\fp\fill.js | C:\valente_conecta\node_modules\lodash\fill.js"
"find-index.js","20","C:\valente_conecta\node_modules\core-js\actual\array\virtual\find-index.js | C:\valente_conecta\node_modules\core-js\actual\array\find-index.js | C:\valente_conecta\node_modules\core-js\actual\instance\find-index.js | C:\valente_conecta\node_modules\core-js\actual\typed-array\find-index.js | C:\valente_conecta\node_modules\core-js\es\array\virtual\find-index.js | C:\valente_conecta\node_modules\core-js\es\array\find-index.js | C:\valente_conecta\node_modules\core-js\es\instance\find-index.js | C:\valente_conecta\node_modules\core-js\es\typed-array\find-index.js | C:\valente_conecta\node_modules\core-js\features\array\virtual\find-index.js | C:\valente_conecta\node_modules\core-js\features\array\find-index.js | C:\valente_conecta\node_modules\core-js\features\instance\find-index.js | C:\valente_conecta\node_modules\core-js\features\typed-array\find-index.js | C:\valente_conecta\node_modules\core-js\full\array\virtual\find-index.js | C:\valente_conecta\node_modules\core-js\full\array\find-index.js | C:\valente_conecta\node_modules\core-js\full\instance\find-index.js | C:\valente_conecta\node_modules\core-js\full\typed-array\find-index.js | C:\valente_conecta\node_modules\core-js\stable\array\virtual\find-index.js | C:\valente_conecta\node_modules\core-js\stable\array\find-index.js | C:\valente_conecta\node_modules\core-js\stable\instance\find-index.js | C:\valente_conecta\node_modules\core-js\stable\typed-array\find-index.js"
"find-last-index.js","20","C:\valente_conecta\node_modules\core-js\actual\array\virtual\find-last-index.js | C:\valente_conecta\node_modules\core-js\actual\array\find-last-index.js | C:\valente_conecta\node_modules\core-js\actual\instance\find-last-index.js | C:\valente_conecta\node_modules\core-js\actual\typed-array\find-last-index.js | C:\valente_conecta\node_modules\core-js\es\array\virtual\find-last-index.js | C:\valente_conecta\node_modules\core-js\es\array\find-last-index.js | C:\valente_conecta\node_modules\core-js\es\instance\find-last-index.js | C:\valente_conecta\node_modules\core-js\es\typed-array\find-last-index.js | C:\valente_conecta\node_modules\core-js\features\array\virtual\find-last-index.js | C:\valente_conecta\node_modules\core-js\features\array\find-last-index.js | C:\valente_conecta\node_modules\core-js\features\instance\find-last-index.js | C:\valente_conecta\node_modules\core-js\features\typed-array\find-last-index.js | C:\valente_conecta\node_modules\core-js\full\array\virtual\find-last-index.js | C:\valente_conecta\node_modules\core-js\full\array\find-last-index.js | C:\valente_conecta\node_modules\core-js\full\instance\find-last-index.js | C:\valente_conecta\node_modules\core-js\full\typed-array\find-last-index.js | C:\valente_conecta\node_modules\core-js\stable\array\virtual\find-last-index.js | C:\valente_conecta\node_modules\core-js\stable\array\find-last-index.js | C:\valente_conecta\node_modules\core-js\stable\instance\find-last-index.js | C:\valente_conecta\node_modules\core-js\stable\typed-array\find-last-index.js"
"find-last.js","20","C:\valente_conecta\node_modules\core-js\actual\array\virtual\find-last.js | C:\valente_conecta\node_modules\core-js\actual\array\find-last.js | C:\valente_conecta\node_modules\core-js\actual\instance\find-last.js | C:\valente_conecta\node_modules\core-js\actual\typed-array\find-last.js | C:\valente_conecta\node_modules\core-js\es\array\virtual\find-last.js | C:\valente_conecta\node_modules\core-js\es\array\find-last.js | C:\valente_conecta\node_modules\core-js\es\instance\find-last.js | C:\valente_conecta\node_modules\core-js\es\typed-array\find-last.js | C:\valente_conecta\node_modules\core-js\features\array\virtual\find-last.js | C:\valente_conecta\node_modules\core-js\features\array\find-last.js | C:\valente_conecta\node_modules\core-js\features\instance\find-last.js | C:\valente_conecta\node_modules\core-js\features\typed-array\find-last.js | C:\valente_conecta\node_modules\core-js\full\array\virtual\find-last.js | C:\valente_conecta\node_modules\core-js\full\array\find-last.js | C:\valente_conecta\node_modules\core-js\full\instance\find-last.js | C:\valente_conecta\node_modules\core-js\full\typed-array\find-last.js | C:\valente_conecta\node_modules\core-js\stable\array\virtual\find-last.js | C:\valente_conecta\node_modules\core-js\stable\array\find-last.js | C:\valente_conecta\node_modules\core-js\stable\instance\find-last.js | C:\valente_conecta\node_modules\core-js\stable\typed-array\find-last.js"
"find.js","37","C:\valente_conecta\node_modules\core-js\actual\array\virtual\find.js | C:\valente_conecta\node_modules\core-js\actual\array\find.js | C:\valente_conecta\node_modules\core-js\actual\async-iterator\find.js | C:\valente_conecta\node_modules\core-js\actual\instance\find.js | C:\valente_conecta\node_modules\core-js\actual\iterator\find.js | C:\valente_conecta\node_modules\core-js\actual\typed-array\find.js | C:\valente_conecta\node_modules\core-js\es\array\virtual\find.js | C:\valente_conecta\node_modules\core-js\es\array\find.js | C:\valente_conecta\node_modules\core-js\es\instance\find.js | C:\valente_conecta\node_modules\core-js\es\iterator\find.js | C:\valente_conecta\node_modules\core-js\es\typed-array\find.js | C:\valente_conecta\node_modules\core-js\features\array\virtual\find.js | C:\valente_conecta\node_modules\core-js\features\array\find.js | C:\valente_conecta\node_modules\core-js\features\async-iterator\find.js | C:\valente_conecta\node_modules\core-js\features\instance\find.js | C:\valente_conecta\node_modules\core-js\features\iterator\find.js | C:\valente_conecta\node_modules\core-js\features\map\find.js | C:\valente_conecta\node_modules\core-js\features\set\find.js | C:\valente_conecta\node_modules\core-js\features\typed-array\find.js | C:\valente_conecta\node_modules\core-js\full\array\virtual\find.js | C:\valente_conecta\node_modules\core-js\full\array\find.js | C:\valente_conecta\node_modules\core-js\full\async-iterator\find.js | C:\valente_conecta\node_modules\core-js\full\instance\find.js | C:\valente_conecta\node_modules\core-js\full\iterator\find.js | C:\valente_conecta\node_modules\core-js\full\map\find.js | C:\valente_conecta\node_modules\core-js\full\set\find.js | C:\valente_conecta\node_modules\core-js\full\typed-array\find.js | C:\valente_conecta\node_modules\core-js\stable\array\virtual\find.js | C:\valente_conecta\node_modules\core-js\stable\array\find.js | C:\valente_conecta\node_modules\core-js\stable\instance\find.js | C:\valente_conecta\node_modules\core-js\stable\iterator\find.js | C:\valente_conecta\node_modules\core-js\stable\typed-array\find.js | C:\valente_conecta\node_modules\es-toolkit\compat\find.js | C:\valente_conecta\node_modules\es-toolkit\dist\compat\array\find.js | C:\valente_conecta\node_modules\es-toolkit\dist\set\find.js | C:\valente_conecta\node_modules\lodash\fp\find.js | C:\valente_conecta\node_modules\lodash\find.js"
"flat-map.js","23","C:\valente_conecta\node_modules\core-js\actual\array\virtual\flat-map.js | C:\valente_conecta\node_modules\core-js\actual\array\flat-map.js | C:\valente_conecta\node_modules\core-js\actual\async-iterator\flat-map.js | C:\valente_conecta\node_modules\core-js\actual\instance\flat-map.js | C:\valente_conecta\node_modules\core-js\actual\iterator\flat-map.js | C:\valente_conecta\node_modules\core-js\es\array\virtual\flat-map.js | C:\valente_conecta\node_modules\core-js\es\array\flat-map.js | C:\valente_conecta\node_modules\core-js\es\instance\flat-map.js | C:\valente_conecta\node_modules\core-js\es\iterator\flat-map.js | C:\valente_conecta\node_modules\core-js\features\array\virtual\flat-map.js | C:\valente_conecta\node_modules\core-js\features\array\flat-map.js | C:\valente_conecta\node_modules\core-js\features\async-iterator\flat-map.js | C:\valente_conecta\node_modules\core-js\features\instance\flat-map.js | C:\valente_conecta\node_modules\core-js\features\iterator\flat-map.js | C:\valente_conecta\node_modules\core-js\full\array\virtual\flat-map.js | C:\valente_conecta\node_modules\core-js\full\array\flat-map.js | C:\valente_conecta\node_modules\core-js\full\async-iterator\flat-map.js | C:\valente_conecta\node_modules\core-js\full\instance\flat-map.js | C:\valente_conecta\node_modules\core-js\full\iterator\flat-map.js | C:\valente_conecta\node_modules\core-js\stable\array\virtual\flat-map.js | C:\valente_conecta\node_modules\core-js\stable\array\flat-map.js | C:\valente_conecta\node_modules\core-js\stable\instance\flat-map.js | C:\valente_conecta\node_modules\core-js\stable\iterator\flat-map.js"
"flat.js","15","C:\valente_conecta\node_modules\core-js\actual\array\virtual\flat.js | C:\valente_conecta\node_modules\core-js\actual\array\flat.js | C:\valente_conecta\node_modules\core-js\actual\instance\flat.js | C:\valente_conecta\node_modules\core-js\es\array\virtual\flat.js | C:\valente_conecta\node_modules\core-js\es\array\flat.js | C:\valente_conecta\node_modules\core-js\es\instance\flat.js | C:\valente_conecta\node_modules\core-js\features\array\virtual\flat.js | C:\valente_conecta\node_modules\core-js\features\array\flat.js | C:\valente_conecta\node_modules\core-js\features\instance\flat.js | C:\valente_conecta\node_modules\core-js\full\array\virtual\flat.js | C:\valente_conecta\node_modules\core-js\full\array\flat.js | C:\valente_conecta\node_modules\core-js\full\instance\flat.js | C:\valente_conecta\node_modules\core-js\stable\array\virtual\flat.js | C:\valente_conecta\node_modules\core-js\stable\array\flat.js | C:\valente_conecta\node_modules\core-js\stable\instance\flat.js"
"for-each.js","32","C:\valente_conecta\node_modules\core-js\actual\array\virtual\for-each.js | C:\valente_conecta\node_modules\core-js\actual\array\for-each.js | C:\valente_conecta\node_modules\core-js\actual\async-iterator\for-each.js | C:\valente_conecta\node_modules\core-js\actual\dom-collections\for-each.js | C:\valente_conecta\node_modules\core-js\actual\instance\for-each.js | C:\valente_conecta\node_modules\core-js\actual\iterator\for-each.js | C:\valente_conecta\node_modules\core-js\actual\typed-array\for-each.js | C:\valente_conecta\node_modules\core-js\es\array\virtual\for-each.js | C:\valente_conecta\node_modules\core-js\es\array\for-each.js | C:\valente_conecta\node_modules\core-js\es\instance\for-each.js | C:\valente_conecta\node_modules\core-js\es\iterator\for-each.js | C:\valente_conecta\node_modules\core-js\es\typed-array\for-each.js | C:\valente_conecta\node_modules\core-js\features\array\virtual\for-each.js | C:\valente_conecta\node_modules\core-js\features\array\for-each.js | C:\valente_conecta\node_modules\core-js\features\async-iterator\for-each.js | C:\valente_conecta\node_modules\core-js\features\dom-collections\for-each.js | C:\valente_conecta\node_modules\core-js\features\instance\for-each.js | C:\valente_conecta\node_modules\core-js\features\iterator\for-each.js | C:\valente_conecta\node_modules\core-js\features\typed-array\for-each.js | C:\valente_conecta\node_modules\core-js\full\array\virtual\for-each.js | C:\valente_conecta\node_modules\core-js\full\array\for-each.js | C:\valente_conecta\node_modules\core-js\full\async-iterator\for-each.js | C:\valente_conecta\node_modules\core-js\full\dom-collections\for-each.js | C:\valente_conecta\node_modules\core-js\full\instance\for-each.js | C:\valente_conecta\node_modules\core-js\full\iterator\for-each.js | C:\valente_conecta\node_modules\core-js\full\typed-array\for-each.js | C:\valente_conecta\node_modules\core-js\stable\array\virtual\for-each.js | C:\valente_conecta\node_modules\core-js\stable\array\for-each.js | C:\valente_conecta\node_modules\core-js\stable\dom-collections\for-each.js | C:\valente_conecta\node_modules\core-js\stable\instance\for-each.js | C:\valente_conecta\node_modules\core-js\stable\iterator\for-each.js | C:\valente_conecta\node_modules\core-js\stable\typed-array\for-each.js"
"group-by-to-map.js","9","C:\valente_conecta\node_modules\core-js\actual\array\virtual\group-by-to-map.js | C:\valente_conecta\node_modules\core-js\actual\array\group-by-to-map.js | C:\valente_conecta\node_modules\core-js\actual\instance\group-by-to-map.js | C:\valente_conecta\node_modules\core-js\features\array\virtual\group-by-to-map.js | C:\valente_conecta\node_modules\core-js\features\array\group-by-to-map.js | C:\valente_conecta\node_modules\core-js\features\instance\group-by-to-map.js | C:\valente_conecta\node_modules\core-js\full\array\virtual\group-by-to-map.js | C:\valente_conecta\node_modules\core-js\full\array\group-by-to-map.js | C:\valente_conecta\node_modules\core-js\full\instance\group-by-to-map.js"
"group-by.js","21","C:\valente_conecta\node_modules\core-js\actual\array\virtual\group-by.js | C:\valente_conecta\node_modules\core-js\actual\array\group-by.js | C:\valente_conecta\node_modules\core-js\actual\instance\group-by.js | C:\valente_conecta\node_modules\core-js\actual\map\group-by.js | C:\valente_conecta\node_modules\core-js\actual\object\group-by.js | C:\valente_conecta\node_modules\core-js\es\map\group-by.js | C:\valente_conecta\node_modules\core-js\es\object\group-by.js | C:\valente_conecta\node_modules\core-js\features\array\virtual\group-by.js | C:\valente_conecta\node_modules\core-js\features\array\group-by.js | C:\valente_conecta\node_modules\core-js\features\instance\group-by.js | C:\valente_conecta\node_modules\core-js\features\map\group-by.js | C:\valente_conecta\node_modules\core-js\features\object\group-by.js | C:\valente_conecta\node_modules\core-js\features\typed-array\group-by.js | C:\valente_conecta\node_modules\core-js\full\array\virtual\group-by.js | C:\valente_conecta\node_modules\core-js\full\array\group-by.js | C:\valente_conecta\node_modules\core-js\full\instance\group-by.js | C:\valente_conecta\node_modules\core-js\full\map\group-by.js | C:\valente_conecta\node_modules\core-js\full\object\group-by.js | C:\valente_conecta\node_modules\core-js\full\typed-array\group-by.js | C:\valente_conecta\node_modules\core-js\stable\map\group-by.js | C:\valente_conecta\node_modules\core-js\stable\object\group-by.js"
"group-to-map.js","9","C:\valente_conecta\node_modules\core-js\actual\array\virtual\group-to-map.js | C:\valente_conecta\node_modules\core-js\actual\array\group-to-map.js | C:\valente_conecta\node_modules\core-js\actual\instance\group-to-map.js | C:\valente_conecta\node_modules\core-js\features\array\virtual\group-to-map.js | C:\valente_conecta\node_modules\core-js\features\array\group-to-map.js | C:\valente_conecta\node_modules\core-js\features\instance\group-to-map.js | C:\valente_conecta\node_modules\core-js\full\array\virtual\group-to-map.js | C:\valente_conecta\node_modules\core-js\full\array\group-to-map.js | C:\valente_conecta\node_modules\core-js\full\instance\group-to-map.js"
"group.js","12","C:\valente_conecta\node_modules\core-js\actual\array\virtual\group.js | C:\valente_conecta\node_modules\core-js\actual\array\group.js | C:\valente_conecta\node_modules\core-js\actual\instance\group.js | C:\valente_conecta\node_modules\core-js\features\array\virtual\group.js | C:\valente_conecta\node_modules\core-js\features\array\group.js | C:\valente_conecta\node_modules\core-js\features\instance\group.js | C:\valente_conecta\node_modules\core-js\full\array\virtual\group.js | C:\valente_conecta\node_modules\core-js\full\array\group.js | C:\valente_conecta\node_modules\core-js\full\instance\group.js | C:\valente_conecta\node_modules\d3-array\src\group.js | C:\valente_conecta\node_modules\lucide-react\dist\esm\icons\group.js | C:\valente_conecta\node_modules\victory-vendor\lib-vendor\d3-array\src\group.js"
"includes.js","36","C:\valente_conecta\node_modules\core-js\actual\array\virtual\includes.js | C:\valente_conecta\node_modules\core-js\actual\array\includes.js | C:\valente_conecta\node_modules\core-js\actual\instance\includes.js | C:\valente_conecta\node_modules\core-js\actual\string\virtual\includes.js | C:\valente_conecta\node_modules\core-js\actual\string\includes.js | C:\valente_conecta\node_modules\core-js\actual\typed-array\includes.js | C:\valente_conecta\node_modules\core-js\es\array\virtual\includes.js | C:\valente_conecta\node_modules\core-js\es\array\includes.js | C:\valente_conecta\node_modules\core-js\es\instance\includes.js | C:\valente_conecta\node_modules\core-js\es\string\virtual\includes.js | C:\valente_conecta\node_modules\core-js\es\string\includes.js | C:\valente_conecta\node_modules\core-js\es\typed-array\includes.js | C:\valente_conecta\node_modules\core-js\features\array\virtual\includes.js | C:\valente_conecta\node_modules\core-js\features\array\includes.js | C:\valente_conecta\node_modules\core-js\features\instance\includes.js | C:\valente_conecta\node_modules\core-js\features\map\includes.js | C:\valente_conecta\node_modules\core-js\features\string\virtual\includes.js | C:\valente_conecta\node_modules\core-js\features\string\includes.js | C:\valente_conecta\node_modules\core-js\features\typed-array\includes.js | C:\valente_conecta\node_modules\core-js\full\array\virtual\includes.js | C:\valente_conecta\node_modules\core-js\full\array\includes.js | C:\valente_conecta\node_modules\core-js\full\instance\includes.js | C:\valente_conecta\node_modules\core-js\full\map\includes.js | C:\valente_conecta\node_modules\core-js\full\string\virtual\includes.js | C:\valente_conecta\node_modules\core-js\full\string\includes.js | C:\valente_conecta\node_modules\core-js\full\typed-array\includes.js | C:\valente_conecta\node_modules\core-js\stable\array\virtual\includes.js | C:\valente_conecta\node_modules\core-js\stable\array\includes.js | C:\valente_conecta\node_modules\core-js\stable\instance\includes.js | C:\valente_conecta\node_modules\core-js\stable\string\virtual\includes.js | C:\valente_conecta\node_modules\core-js\stable\string\includes.js | C:\valente_conecta\node_modules\core-js\stable\typed-array\includes.js | C:\valente_conecta\node_modules\es-toolkit\compat\includes.js | C:\valente_conecta\node_modules\es-toolkit\dist\compat\array\includes.js | C:\valente_conecta\node_modules\lodash\fp\includes.js | C:\valente_conecta\node_modules\lodash\includes.js"
"index-of.js","20","C:\valente_conecta\node_modules\core-js\actual\array\virtual\index-of.js | C:\valente_conecta\node_modules\core-js\actual\array\index-of.js | C:\valente_conecta\node_modules\core-js\actual\instance\index-of.js | C:\valente_conecta\node_modules\core-js\actual\typed-array\index-of.js | C:\valente_conecta\node_modules\core-js\es\array\virtual\index-of.js | C:\valente_conecta\node_modules\core-js\es\array\index-of.js | C:\valente_conecta\node_modules\core-js\es\instance\index-of.js | C:\valente_conecta\node_modules\core-js\es\typed-array\index-of.js | C:\valente_conecta\node_modules\core-js\features\array\virtual\index-of.js | C:\valente_conecta\node_modules\core-js\features\array\index-of.js | C:\valente_conecta\node_modules\core-js\features\instance\index-of.js | C:\valente_conecta\node_modules\core-js\features\typed-array\index-of.js | C:\valente_conecta\node_modules\core-js\full\array\virtual\index-of.js | C:\valente_conecta\node_modules\core-js\full\array\index-of.js | C:\valente_conecta\node_modules\core-js\full\instance\index-of.js | C:\valente_conecta\node_modules\core-js\full\typed-array\index-of.js | C:\valente_conecta\node_modules\core-js\stable\array\virtual\index-of.js | C:\valente_conecta\node_modules\core-js\stable\array\index-of.js | C:\valente_conecta\node_modules\core-js\stable\instance\index-of.js | C:\valente_conecta\node_modules\core-js\stable\typed-array\index-of.js"
"iterator.js","34","C:\valente_conecta\node_modules\core-js\actual\array\virtual\iterator.js | C:\valente_conecta\node_modules\core-js\actual\array\iterator.js | C:\valente_conecta\node_modules\core-js\actual\dom-collections\iterator.js | C:\valente_conecta\node_modules\core-js\actual\string\virtual\iterator.js | C:\valente_conecta\node_modules\core-js\actual\string\iterator.js | C:\valente_conecta\node_modules\core-js\actual\symbol\iterator.js | C:\valente_conecta\node_modules\core-js\actual\typed-array\iterator.js | C:\valente_conecta\node_modules\core-js\es\array\virtual\iterator.js | C:\valente_conecta\node_modules\core-js\es\array\iterator.js | C:\valente_conecta\node_modules\core-js\es\string\virtual\iterator.js | C:\valente_conecta\node_modules\core-js\es\string\iterator.js | C:\valente_conecta\node_modules\core-js\es\symbol\iterator.js | C:\valente_conecta\node_modules\core-js\es\typed-array\iterator.js | C:\valente_conecta\node_modules\core-js\features\array\virtual\iterator.js | C:\valente_conecta\node_modules\core-js\features\array\iterator.js | C:\valente_conecta\node_modules\core-js\features\dom-collections\iterator.js | C:\valente_conecta\node_modules\core-js\features\string\virtual\iterator.js | C:\valente_conecta\node_modules\core-js\features\string\iterator.js | C:\valente_conecta\node_modules\core-js\features\symbol\iterator.js | C:\valente_conecta\node_modules\core-js\features\typed-array\iterator.js | C:\valente_conecta\node_modules\core-js\full\array\virtual\iterator.js | C:\valente_conecta\node_modules\core-js\full\array\iterator.js | C:\valente_conecta\node_modules\core-js\full\dom-collections\iterator.js | C:\valente_conecta\node_modules\core-js\full\string\virtual\iterator.js | C:\valente_conecta\node_modules\core-js\full\string\iterator.js | C:\valente_conecta\node_modules\core-js\full\symbol\iterator.js | C:\valente_conecta\node_modules\core-js\full\typed-array\iterator.js | C:\valente_conecta\node_modules\core-js\stable\array\virtual\iterator.js | C:\valente_conecta\node_modules\core-js\stable\array\iterator.js | C:\valente_conecta\node_modules\core-js\stable\dom-collections\iterator.js | C:\valente_conecta\node_modules\core-js\stable\string\virtual\iterator.js | C:\valente_conecta\node_modules\core-js\stable\string\iterator.js | C:\valente_conecta\node_modules\core-js\stable\symbol\iterator.js | C:\valente_conecta\node_modules\core-js\stable\typed-array\iterator.js"
"join.js","21","C:\valente_conecta\node_modules\core-js\actual\array\virtual\join.js | C:\valente_conecta\node_modules\core-js\actual\array\join.js | C:\valente_conecta\node_modules\core-js\actual\typed-array\join.js | C:\valente_conecta\node_modules\core-js\es\array\virtual\join.js | C:\valente_conecta\node_modules\core-js\es\array\join.js | C:\valente_conecta\node_modules\core-js\es\typed-array\join.js | C:\valente_conecta\node_modules\core-js\features\array\virtual\join.js | C:\valente_conecta\node_modules\core-js\features\array\join.js | C:\valente_conecta\node_modules\core-js\features\set\join.js | C:\valente_conecta\node_modules\core-js\features\typed-array\join.js | C:\valente_conecta\node_modules\core-js\full\array\virtual\join.js | C:\valente_conecta\node_modules\core-js\full\array\join.js | C:\valente_conecta\node_modules\core-js\full\set\join.js | C:\valente_conecta\node_modules\core-js\full\typed-array\join.js | C:\valente_conecta\node_modules\core-js\stable\array\virtual\join.js | C:\valente_conecta\node_modules\core-js\stable\array\join.js | C:\valente_conecta\node_modules\core-js\stable\typed-array\join.js | C:\valente_conecta\node_modules\es-toolkit\compat\join.js | C:\valente_conecta\node_modules\es-toolkit\dist\compat\array\join.js | C:\valente_conecta\node_modules\lodash\fp\join.js | C:\valente_conecta\node_modules\lodash\join.js"
"keys.js","29","C:\valente_conecta\node_modules\core-js\actual\array\virtual\keys.js | C:\valente_conecta\node_modules\core-js\actual\array\keys.js | C:\valente_conecta\node_modules\core-js\actual\instance\keys.js | C:\valente_conecta\node_modules\core-js\actual\object\keys.js | C:\valente_conecta\node_modules\core-js\actual\typed-array\keys.js | C:\valente_conecta\node_modules\core-js\es\array\virtual\keys.js | C:\valente_conecta\node_modules\core-js\es\array\keys.js | C:\valente_conecta\node_modules\core-js\es\instance\keys.js | C:\valente_conecta\node_modules\core-js\es\object\keys.js | C:\valente_conecta\node_modules\core-js\es\typed-array\keys.js | C:\valente_conecta\node_modules\core-js\features\array\virtual\keys.js | C:\valente_conecta\node_modules\core-js\features\array\keys.js | C:\valente_conecta\node_modules\core-js\features\instance\keys.js | C:\valente_conecta\node_modules\core-js\features\object\keys.js | C:\valente_conecta\node_modules\core-js\features\typed-array\keys.js | C:\valente_conecta\node_modules\core-js\full\array\virtual\keys.js | C:\valente_conecta\node_modules\core-js\full\array\keys.js | C:\valente_conecta\node_modules\core-js\full\instance\keys.js | C:\valente_conecta\node_modules\core-js\full\object\keys.js | C:\valente_conecta\node_modules\core-js\full\typed-array\keys.js | C:\valente_conecta\node_modules\core-js\stable\array\virtual\keys.js | C:\valente_conecta\node_modules\core-js\stable\array\keys.js | C:\valente_conecta\node_modules\core-js\stable\instance\keys.js | C:\valente_conecta\node_modules\core-js\stable\object\keys.js | C:\valente_conecta\node_modules\core-js\stable\typed-array\keys.js | C:\valente_conecta\node_modules\es-toolkit\compat\keys.js | C:\valente_conecta\node_modules\es-toolkit\dist\compat\object\keys.js | C:\valente_conecta\node_modules\lodash\fp\keys.js | C:\valente_conecta\node_modules\lodash\keys.js"
"last-index-of.js","20","C:\valente_conecta\node_modules\core-js\actual\array\virtual\last-index-of.js | C:\valente_conecta\node_modules\core-js\actual\array\last-index-of.js | C:\valente_conecta\node_modules\core-js\actual\instance\last-index-of.js | C:\valente_conecta\node_modules\core-js\actual\typed-array\last-index-of.js | C:\valente_conecta\node_modules\core-js\es\array\virtual\last-index-of.js | C:\valente_conecta\node_modules\core-js\es\array\last-index-of.js | C:\valente_conecta\node_modules\core-js\es\instance\last-index-of.js | C:\valente_conecta\node_modules\core-js\es\typed-array\last-index-of.js | C:\valente_conecta\node_modules\core-js\features\array\virtual\last-index-of.js | C:\valente_conecta\node_modules\core-js\features\array\last-index-of.js | C:\valente_conecta\node_modules\core-js\features\instance\last-index-of.js | C:\valente_conecta\node_modules\core-js\features\typed-array\last-index-of.js | C:\valente_conecta\node_modules\core-js\full\array\virtual\last-index-of.js | C:\valente_conecta\node_modules\core-js\full\array\last-index-of.js | C:\valente_conecta\node_modules\core-js\full\instance\last-index-of.js | C:\valente_conecta\node_modules\core-js\full\typed-array\last-index-of.js | C:\valente_conecta\node_modules\core-js\stable\array\virtual\last-index-of.js | C:\valente_conecta\node_modules\core-js\stable\array\last-index-of.js | C:\valente_conecta\node_modules\core-js\stable\instance\last-index-of.js | C:\valente_conecta\node_modules\core-js\stable\typed-array\last-index-of.js"
"map.js","39","C:\valente_conecta\node_modules\core-js\actual\array\virtual\map.js | C:\valente_conecta\node_modules\core-js\actual\array\map.js | C:\valente_conecta\node_modules\core-js\actual\async-iterator\map.js | C:\valente_conecta\node_modules\core-js\actual\instance\map.js | C:\valente_conecta\node_modules\core-js\actual\iterator\map.js | C:\valente_conecta\node_modules\core-js\actual\typed-array\map.js | C:\valente_conecta\node_modules\core-js\es\array\virtual\map.js | C:\valente_conecta\node_modules\core-js\es\array\map.js | C:\valente_conecta\node_modules\core-js\es\instance\map.js | C:\valente_conecta\node_modules\core-js\es\iterator\map.js | C:\valente_conecta\node_modules\core-js\es\typed-array\map.js | C:\valente_conecta\node_modules\core-js\features\array\virtual\map.js | C:\valente_conecta\node_modules\core-js\features\array\map.js | C:\valente_conecta\node_modules\core-js\features\async-iterator\map.js | C:\valente_conecta\node_modules\core-js\features\instance\map.js | C:\valente_conecta\node_modules\core-js\features\iterator\map.js | C:\valente_conecta\node_modules\core-js\features\set\map.js | C:\valente_conecta\node_modules\core-js\features\typed-array\map.js | C:\valente_conecta\node_modules\core-js\full\array\virtual\map.js | C:\valente_conecta\node_modules\core-js\full\array\map.js | C:\valente_conecta\node_modules\core-js\full\async-iterator\map.js | C:\valente_conecta\node_modules\core-js\full\instance\map.js | C:\valente_conecta\node_modules\core-js\full\iterator\map.js | C:\valente_conecta\node_modules\core-js\full\set\map.js | C:\valente_conecta\node_modules\core-js\full\typed-array\map.js | C:\valente_conecta\node_modules\core-js\stable\array\virtual\map.js | C:\valente_conecta\node_modules\core-js\stable\array\map.js | C:\valente_conecta\node_modules\core-js\stable\instance\map.js | C:\valente_conecta\node_modules\core-js\stable\iterator\map.js | C:\valente_conecta\node_modules\core-js\stable\typed-array\map.js | C:\valente_conecta\node_modules\d3-array\src\map.js | C:\valente_conecta\node_modules\es-toolkit\compat\map.js | C:\valente_conecta\node_modules\es-toolkit\dist\compat\array\map.js | C:\valente_conecta\node_modules\es-toolkit\dist\set\map.js | C:\valente_conecta\node_modules\es-toolkit\map.js | C:\valente_conecta\node_modules\lodash\fp\map.js | C:\valente_conecta\node_modules\lodash\map.js | C:\valente_conecta\node_modules\lucide-react\dist\esm\icons\map.js | C:\valente_conecta\node_modules\victory-vendor\lib-vendor\d3-array\src\map.js"
"reduce-right.js","20","C:\valente_conecta\node_modules\core-js\actual\array\virtual\reduce-right.js | C:\valente_conecta\node_modules\core-js\actual\array\reduce-right.js | C:\valente_conecta\node_modules\core-js\actual\instance\reduce-right.js | C:\valente_conecta\node_modules\core-js\actual\typed-array\reduce-right.js | C:\valente_conecta\node_modules\core-js\es\array\virtual\reduce-right.js | C:\valente_conecta\node_modules\core-js\es\array\reduce-right.js | C:\valente_conecta\node_modules\core-js\es\instance\reduce-right.js | C:\valente_conecta\node_modules\core-js\es\typed-array\reduce-right.js | C:\valente_conecta\node_modules\core-js\features\array\virtual\reduce-right.js | C:\valente_conecta\node_modules\core-js\features\array\reduce-right.js | C:\valente_conecta\node_modules\core-js\features\instance\reduce-right.js | C:\valente_conecta\node_modules\core-js\features\typed-array\reduce-right.js | C:\valente_conecta\node_modules\core-js\full\array\virtual\reduce-right.js | C:\valente_conecta\node_modules\core-js\full\array\reduce-right.js | C:\valente_conecta\node_modules\core-js\full\instance\reduce-right.js | C:\valente_conecta\node_modules\core-js\full\typed-array\reduce-right.js | C:\valente_conecta\node_modules\core-js\stable\array\virtual\reduce-right.js | C:\valente_conecta\node_modules\core-js\stable\array\reduce-right.js | C:\valente_conecta\node_modules\core-js\stable\instance\reduce-right.js | C:\valente_conecta\node_modules\core-js\stable\typed-array\reduce-right.js"
"reduce.js","40","C:\valente_conecta\node_modules\core-js\actual\array\virtual\reduce.js | C:\valente_conecta\node_modules\core-js\actual\array\reduce.js | C:\valente_conecta\node_modules\core-js\actual\async-iterator\reduce.js | C:\valente_conecta\node_modules\core-js\actual\instance\reduce.js | C:\valente_conecta\node_modules\core-js\actual\iterator\reduce.js | C:\valente_conecta\node_modules\core-js\actual\typed-array\reduce.js | C:\valente_conecta\node_modules\core-js\es\array\virtual\reduce.js | C:\valente_conecta\node_modules\core-js\es\array\reduce.js | C:\valente_conecta\node_modules\core-js\es\instance\reduce.js | C:\valente_conecta\node_modules\core-js\es\iterator\reduce.js | C:\valente_conecta\node_modules\core-js\es\typed-array\reduce.js | C:\valente_conecta\node_modules\core-js\features\array\virtual\reduce.js | C:\valente_conecta\node_modules\core-js\features\array\reduce.js | C:\valente_conecta\node_modules\core-js\features\async-iterator\reduce.js | C:\valente_conecta\node_modules\core-js\features\instance\reduce.js | C:\valente_conecta\node_modules\core-js\features\iterator\reduce.js | C:\valente_conecta\node_modules\core-js\features\map\reduce.js | C:\valente_conecta\node_modules\core-js\features\set\reduce.js | C:\valente_conecta\node_modules\core-js\features\typed-array\reduce.js | C:\valente_conecta\node_modules\core-js\full\array\virtual\reduce.js | C:\valente_conecta\node_modules\core-js\full\array\reduce.js | C:\valente_conecta\node_modules\core-js\full\async-iterator\reduce.js | C:\valente_conecta\node_modules\core-js\full\instance\reduce.js | C:\valente_conecta\node_modules\core-js\full\iterator\reduce.js | C:\valente_conecta\node_modules\core-js\full\map\reduce.js | C:\valente_conecta\node_modules\core-js\full\set\reduce.js | C:\valente_conecta\node_modules\core-js\full\typed-array\reduce.js | C:\valente_conecta\node_modules\core-js\stable\array\virtual\reduce.js | C:\valente_conecta\node_modules\core-js\stable\array\reduce.js | C:\valente_conecta\node_modules\core-js\stable\instance\reduce.js | C:\valente_conecta\node_modules\core-js\stable\iterator\reduce.js | C:\valente_conecta\node_modules\core-js\stable\typed-array\reduce.js | C:\valente_conecta\node_modules\d3-array\src\reduce.js | C:\valente_conecta\node_modules\es-toolkit\compat\reduce.js | C:\valente_conecta\node_modules\es-toolkit\dist\compat\array\reduce.js | C:\valente_conecta\node_modules\es-toolkit\dist\map\reduce.js | C:\valente_conecta\node_modules\es-toolkit\dist\set\reduce.js | C:\valente_conecta\node_modules\lodash\fp\reduce.js | C:\valente_conecta\node_modules\lodash\reduce.js | C:\valente_conecta\node_modules\victory-vendor\lib-vendor\d3-array\src\reduce.js"
"reverse.js","28","C:\valente_conecta\node_modules\core-js\actual\array\virtual\reverse.js | C:\valente_conecta\node_modules\core-js\actual\array\reverse.js | C:\valente_conecta\node_modules\core-js\actual\instance\reverse.js | C:\valente_conecta\node_modules\core-js\actual\typed-array\reverse.js | C:\valente_conecta\node_modules\core-js\es\array\virtual\reverse.js | C:\valente_conecta\node_modules\core-js\es\array\reverse.js | C:\valente_conecta\node_modules\core-js\es\instance\reverse.js | C:\valente_conecta\node_modules\core-js\es\typed-array\reverse.js | C:\valente_conecta\node_modules\core-js\features\array\virtual\reverse.js | C:\valente_conecta\node_modules\core-js\features\array\reverse.js | C:\valente_conecta\node_modules\core-js\features\instance\reverse.js | C:\valente_conecta\node_modules\core-js\features\typed-array\reverse.js | C:\valente_conecta\node_modules\core-js\full\array\virtual\reverse.js | C:\valente_conecta\node_modules\core-js\full\array\reverse.js | C:\valente_conecta\node_modules\core-js\full\instance\reverse.js | C:\valente_conecta\node_modules\core-js\full\typed-array\reverse.js | C:\valente_conecta\node_modules\core-js\stable\array\virtual\reverse.js | C:\valente_conecta\node_modules\core-js\stable\array\reverse.js | C:\valente_conecta\node_modules\core-js\stable\instance\reverse.js | C:\valente_conecta\node_modules\core-js\stable\typed-array\reverse.js | C:\valente_conecta\node_modules\d3-array\src\reverse.js | C:\valente_conecta\node_modules\d3-shape\src\order\reverse.js | C:\valente_conecta\node_modules\es-toolkit\compat\reverse.js | C:\valente_conecta\node_modules\es-toolkit\dist\compat\array\reverse.js | C:\valente_conecta\node_modules\lodash\fp\reverse.js | C:\valente_conecta\node_modules\lodash\reverse.js | C:\valente_conecta\node_modules\victory-vendor\lib-vendor\d3-array\src\reverse.js | C:\valente_conecta\node_modules\victory-vendor\lib-vendor\d3-shape\src\order\reverse.js"
"slice.js","30","C:\valente_conecta\node_modules\core-js\actual\array\virtual\slice.js | C:\valente_conecta\node_modules\core-js\actual\array\slice.js | C:\valente_conecta\node_modules\core-js\actual\array-buffer\slice.js | C:\valente_conecta\node_modules\core-js\actual\instance\slice.js | C:\valente_conecta\node_modules\core-js\actual\typed-array\slice.js | C:\valente_conecta\node_modules\core-js\es\array\virtual\slice.js | C:\valente_conecta\node_modules\core-js\es\array\slice.js | C:\valente_conecta\node_modules\core-js\es\array-buffer\slice.js | C:\valente_conecta\node_modules\core-js\es\instance\slice.js | C:\valente_conecta\node_modules\core-js\es\typed-array\slice.js | C:\valente_conecta\node_modules\core-js\features\array\virtual\slice.js | C:\valente_conecta\node_modules\core-js\features\array\slice.js | C:\valente_conecta\node_modules\core-js\features\array-buffer\slice.js | C:\valente_conecta\node_modules\core-js\features\instance\slice.js | C:\valente_conecta\node_modules\core-js\features\typed-array\slice.js | C:\valente_conecta\node_modules\core-js\full\array\virtual\slice.js | C:\valente_conecta\node_modules\core-js\full\array\slice.js | C:\valente_conecta\node_modules\core-js\full\array-buffer\slice.js | C:\valente_conecta\node_modules\core-js\full\instance\slice.js | C:\valente_conecta\node_modules\core-js\full\typed-array\slice.js | C:\valente_conecta\node_modules\core-js\stable\array\virtual\slice.js | C:\valente_conecta\node_modules\core-js\stable\array\slice.js | C:\valente_conecta\node_modules\core-js\stable\array-buffer\slice.js | C:\valente_conecta\node_modules\core-js\stable\instance\slice.js | C:\valente_conecta\node_modules\core-js\stable\typed-array\slice.js | C:\valente_conecta\node_modules\es-toolkit\compat\slice.js | C:\valente_conecta\node_modules\es-toolkit\dist\compat\array\slice.js | C:\valente_conecta\node_modules\lodash\fp\slice.js | C:\valente_conecta\node_modules\lodash\slice.js | C:\valente_conecta\node_modules\lucide-react\dist\esm\icons\slice.js"
"some.js","40","C:\valente_conecta\node_modules\core-js\actual\array\virtual\some.js | C:\valente_conecta\node_modules\core-js\actual\array\some.js | C:\valente_conecta\node_modules\core-js\actual\async-iterator\some.js | C:\valente_conecta\node_modules\core-js\actual\instance\some.js | C:\valente_conecta\node_modules\core-js\actual\iterator\some.js | C:\valente_conecta\node_modules\core-js\actual\typed-array\some.js | C:\valente_conecta\node_modules\core-js\es\array\virtual\some.js | C:\valente_conecta\node_modules\core-js\es\array\some.js | C:\valente_conecta\node_modules\core-js\es\instance\some.js | C:\valente_conecta\node_modules\core-js\es\iterator\some.js | C:\valente_conecta\node_modules\core-js\es\typed-array\some.js | C:\valente_conecta\node_modules\core-js\features\array\virtual\some.js | C:\valente_conecta\node_modules\core-js\features\array\some.js | C:\valente_conecta\node_modules\core-js\features\async-iterator\some.js | C:\valente_conecta\node_modules\core-js\features\instance\some.js | C:\valente_conecta\node_modules\core-js\features\iterator\some.js | C:\valente_conecta\node_modules\core-js\features\map\some.js | C:\valente_conecta\node_modules\core-js\features\set\some.js | C:\valente_conecta\node_modules\core-js\features\typed-array\some.js | C:\valente_conecta\node_modules\core-js\full\array\virtual\some.js | C:\valente_conecta\node_modules\core-js\full\array\some.js | C:\valente_conecta\node_modules\core-js\full\async-iterator\some.js | C:\valente_conecta\node_modules\core-js\full\instance\some.js | C:\valente_conecta\node_modules\core-js\full\iterator\some.js | C:\valente_conecta\node_modules\core-js\full\map\some.js | C:\valente_conecta\node_modules\core-js\full\set\some.js | C:\valente_conecta\node_modules\core-js\full\typed-array\some.js | C:\valente_conecta\node_modules\core-js\stable\array\virtual\some.js | C:\valente_conecta\node_modules\core-js\stable\array\some.js | C:\valente_conecta\node_modules\core-js\stable\instance\some.js | C:\valente_conecta\node_modules\core-js\stable\iterator\some.js | C:\valente_conecta\node_modules\core-js\stable\typed-array\some.js | C:\valente_conecta\node_modules\d3-array\src\some.js | C:\valente_conecta\node_modules\es-toolkit\compat\some.js | C:\valente_conecta\node_modules\es-toolkit\dist\compat\array\some.js | C:\valente_conecta\node_modules\es-toolkit\dist\map\some.js | C:\valente_conecta\node_modules\es-toolkit\dist\set\some.js | C:\valente_conecta\node_modules\lodash\fp\some.js | C:\valente_conecta\node_modules\lodash\some.js | C:\valente_conecta\node_modules\victory-vendor\lib-vendor\d3-array\src\some.js"
"sort.js","23","C:\valente_conecta\node_modules\core-js\actual\array\virtual\sort.js | C:\valente_conecta\node_modules\core-js\actual\array\sort.js | C:\valente_conecta\node_modules\core-js\actual\instance\sort.js | C:\valente_conecta\node_modules\core-js\actual\typed-array\sort.js | C:\valente_conecta\node_modules\core-js\es\array\virtual\sort.js | C:\valente_conecta\node_modules\core-js\es\array\sort.js | C:\valente_conecta\node_modules\core-js\es\instance\sort.js | C:\valente_conecta\node_modules\core-js\es\typed-array\sort.js | C:\valente_conecta\node_modules\core-js\features\array\virtual\sort.js | C:\valente_conecta\node_modules\core-js\features\array\sort.js | C:\valente_conecta\node_modules\core-js\features\instance\sort.js | C:\valente_conecta\node_modules\core-js\features\typed-array\sort.js | C:\valente_conecta\node_modules\core-js\full\array\virtual\sort.js | C:\valente_conecta\node_modules\core-js\full\array\sort.js | C:\valente_conecta\node_modules\core-js\full\instance\sort.js | C:\valente_conecta\node_modules\core-js\full\typed-array\sort.js | C:\valente_conecta\node_modules\core-js\stable\array\virtual\sort.js | C:\valente_conecta\node_modules\core-js\stable\array\sort.js | C:\valente_conecta\node_modules\core-js\stable\instance\sort.js | C:\valente_conecta\node_modules\core-js\stable\typed-array\sort.js | C:\valente_conecta\node_modules\d3-array\src\sort.js | C:\valente_conecta\node_modules\semver\functions\sort.js | C:\valente_conecta\node_modules\victory-vendor\lib-vendor\d3-array\src\sort.js"
"splice.js","15","C:\valente_conecta\node_modules\core-js\actual\array\virtual\splice.js | C:\valente_conecta\node_modules\core-js\actual\array\splice.js | C:\valente_conecta\node_modules\core-js\actual\instance\splice.js | C:\valente_conecta\node_modules\core-js\es\array\virtual\splice.js | C:\valente_conecta\node_modules\core-js\es\array\splice.js | C:\valente_conecta\node_modules\core-js\es\instance\splice.js | C:\valente_conecta\node_modules\core-js\features\array\virtual\splice.js | C:\valente_conecta\node_modules\core-js\features\array\splice.js | C:\valente_conecta\node_modules\core-js\features\instance\splice.js | C:\valente_conecta\node_modules\core-js\full\array\virtual\splice.js | C:\valente_conecta\node_modules\core-js\full\array\splice.js | C:\valente_conecta\node_modules\core-js\full\instance\splice.js | C:\valente_conecta\node_modules\core-js\stable\array\virtual\splice.js | C:\valente_conecta\node_modules\core-js\stable\array\splice.js | C:\valente_conecta\node_modules\core-js\stable\instance\splice.js"
"to-reversed.js","20","C:\valente_conecta\node_modules\core-js\actual\array\virtual\to-reversed.js | C:\valente_conecta\node_modules\core-js\actual\array\to-reversed.js | C:\valente_conecta\node_modules\core-js\actual\instance\to-reversed.js | C:\valente_conecta\node_modules\core-js\actual\typed-array\to-reversed.js | C:\valente_conecta\node_modules\core-js\es\array\virtual\to-reversed.js | C:\valente_conecta\node_modules\core-js\es\array\to-reversed.js | C:\valente_conecta\node_modules\core-js\es\instance\to-reversed.js | C:\valente_conecta\node_modules\core-js\es\typed-array\to-reversed.js | C:\valente_conecta\node_modules\core-js\features\array\virtual\to-reversed.js | C:\valente_conecta\node_modules\core-js\features\array\to-reversed.js | C:\valente_conecta\node_modules\core-js\features\instance\to-reversed.js | C:\valente_conecta\node_modules\core-js\features\typed-array\to-reversed.js | C:\valente_conecta\node_modules\core-js\full\array\virtual\to-reversed.js | C:\valente_conecta\node_modules\core-js\full\array\to-reversed.js | C:\valente_conecta\node_modules\core-js\full\instance\to-reversed.js | C:\valente_conecta\node_modules\core-js\full\typed-array\to-reversed.js | C:\valente_conecta\node_modules\core-js\stable\array\virtual\to-reversed.js | C:\valente_conecta\node_modules\core-js\stable\array\to-reversed.js | C:\valente_conecta\node_modules\core-js\stable\instance\to-reversed.js | C:\valente_conecta\node_modules\core-js\stable\typed-array\to-reversed.js"
"to-sorted.js","20","C:\valente_conecta\node_modules\core-js\actual\array\virtual\to-sorted.js | C:\valente_conecta\node_modules\core-js\actual\array\to-sorted.js | C:\valente_conecta\node_modules\core-js\actual\instance\to-sorted.js | C:\valente_conecta\node_modules\core-js\actual\typed-array\to-sorted.js | C:\valente_conecta\node_modules\core-js\es\array\virtual\to-sorted.js | C:\valente_conecta\node_modules\core-js\es\array\to-sorted.js | C:\valente_conecta\node_modules\core-js\es\instance\to-sorted.js | C:\valente_conecta\node_modules\core-js\es\typed-array\to-sorted.js | C:\valente_conecta\node_modules\core-js\features\array\virtual\to-sorted.js | C:\valente_conecta\node_modules\core-js\features\array\to-sorted.js | C:\valente_conecta\node_modules\core-js\features\instance\to-sorted.js | C:\valente_conecta\node_modules\core-js\features\typed-array\to-sorted.js | C:\valente_conecta\node_modules\core-js\full\array\virtual\to-sorted.js | C:\valente_conecta\node_modules\core-js\full\array\to-sorted.js | C:\valente_conecta\node_modules\core-js\full\instance\to-sorted.js | C:\valente_conecta\node_modules\core-js\full\typed-array\to-sorted.js | C:\valente_conecta\node_modules\core-js\stable\array\virtual\to-sorted.js | C:\valente_conecta\node_modules\core-js\stable\array\to-sorted.js | C:\valente_conecta\node_modules\core-js\stable\instance\to-sorted.js | C:\valente_conecta\node_modules\core-js\stable\typed-array\to-sorted.js"
"to-spliced.js","18","C:\valente_conecta\node_modules\core-js\actual\array\virtual\to-spliced.js | C:\valente_conecta\node_modules\core-js\actual\array\to-spliced.js | C:\valente_conecta\node_modules\core-js\actual\instance\to-spliced.js | C:\valente_conecta\node_modules\core-js\actual\typed-array\to-spliced.js | C:\valente_conecta\node_modules\core-js\es\array\virtual\to-spliced.js | C:\valente_conecta\node_modules\core-js\es\array\to-spliced.js | C:\valente_conecta\node_modules\core-js\es\instance\to-spliced.js | C:\valente_conecta\node_modules\core-js\features\array\virtual\to-spliced.js | C:\valente_conecta\node_modules\core-js\features\array\to-spliced.js | C:\valente_conecta\node_modules\core-js\features\instance\to-spliced.js | C:\valente_conecta\node_modules\core-js\features\typed-array\to-spliced.js | C:\valente_conecta\node_modules\core-js\full\array\virtual\to-spliced.js | C:\valente_conecta\node_modules\core-js\full\array\to-spliced.js | C:\valente_conecta\node_modules\core-js\full\instance\to-spliced.js | C:\valente_conecta\node_modules\core-js\full\typed-array\to-spliced.js | C:\valente_conecta\node_modules\core-js\stable\array\virtual\to-spliced.js | C:\valente_conecta\node_modules\core-js\stable\array\to-spliced.js | C:\valente_conecta\node_modules\core-js\stable\instance\to-spliced.js"
"unshift.js","15","C:\valente_conecta\node_modules\core-js\actual\array\virtual\unshift.js | C:\valente_conecta\node_modules\core-js\actual\array\unshift.js | C:\valente_conecta\node_modules\core-js\actual\instance\unshift.js | C:\valente_conecta\node_modules\core-js\es\array\virtual\unshift.js | C:\valente_conecta\node_modules\core-js\es\array\unshift.js | C:\valente_conecta\node_modules\core-js\es\instance\unshift.js | C:\valente_conecta\node_modules\core-js\features\array\virtual\unshift.js | C:\valente_conecta\node_modules\core-js\features\array\unshift.js | C:\valente_conecta\node_modules\core-js\features\instance\unshift.js | C:\valente_conecta\node_modules\core-js\full\array\virtual\unshift.js | C:\valente_conecta\node_modules\core-js\full\array\unshift.js | C:\valente_conecta\node_modules\core-js\full\instance\unshift.js | C:\valente_conecta\node_modules\core-js\stable\array\virtual\unshift.js | C:\valente_conecta\node_modules\core-js\stable\array\unshift.js | C:\valente_conecta\node_modules\core-js\stable\instance\unshift.js"
"values.js","30","C:\valente_conecta\node_modules\core-js\actual\array\virtual\values.js | C:\valente_conecta\node_modules\core-js\actual\array\values.js | C:\valente_conecta\node_modules\core-js\actual\instance\values.js | C:\valente_conecta\node_modules\core-js\actual\object\values.js | C:\valente_conecta\node_modules\core-js\actual\typed-array\values.js | C:\valente_conecta\node_modules\core-js\es\array\virtual\values.js | C:\valente_conecta\node_modules\core-js\es\array\values.js | C:\valente_conecta\node_modules\core-js\es\instance\values.js | C:\valente_conecta\node_modules\core-js\es\object\values.js | C:\valente_conecta\node_modules\core-js\es\typed-array\values.js | C:\valente_conecta\node_modules\core-js\features\array\virtual\values.js | C:\valente_conecta\node_modules\core-js\features\array\values.js | C:\valente_conecta\node_modules\core-js\features\instance\values.js | C:\valente_conecta\node_modules\core-js\features\object\values.js | C:\valente_conecta\node_modules\core-js\features\typed-array\values.js | C:\valente_conecta\node_modules\core-js\full\array\virtual\values.js | C:\valente_conecta\node_modules\core-js\full\array\values.js | C:\valente_conecta\node_modules\core-js\full\instance\values.js | C:\valente_conecta\node_modules\core-js\full\object\values.js | C:\valente_conecta\node_modules\core-js\full\typed-array\values.js | C:\valente_conecta\node_modules\core-js\stable\array\virtual\values.js | C:\valente_conecta\node_modules\core-js\stable\array\values.js | C:\valente_conecta\node_modules\core-js\stable\instance\values.js | C:\valente_conecta\node_modules\core-js\stable\object\values.js | C:\valente_conecta\node_modules\core-js\stable\typed-array\values.js | C:\valente_conecta\node_modules\es-toolkit\compat\values.js | C:\valente_conecta\node_modules\es-toolkit\dist\compat\object\values.js | C:\valente_conecta\node_modules\lodash\fp\values.js | C:\valente_conecta\node_modules\lodash\values.js | C:\valente_conecta\node_modules\object-inspect\test\values.js"
"with.js","20","C:\valente_conecta\node_modules\core-js\actual\array\virtual\with.js | C:\valente_conecta\node_modules\core-js\actual\array\with.js | C:\valente_conecta\node_modules\core-js\actual\instance\with.js | C:\valente_conecta\node_modules\core-js\actual\typed-array\with.js | C:\valente_conecta\node_modules\core-js\es\array\virtual\with.js | C:\valente_conecta\node_modules\core-js\es\array\with.js | C:\valente_conecta\node_modules\core-js\es\instance\with.js | C:\valente_conecta\node_modules\core-js\es\typed-array\with.js | C:\valente_conecta\node_modules\core-js\features\array\virtual\with.js | C:\valente_conecta\node_modules\core-js\features\array\with.js | C:\valente_conecta\node_modules\core-js\features\instance\with.js | C:\valente_conecta\node_modules\core-js\features\typed-array\with.js | C:\valente_conecta\node_modules\core-js\full\array\virtual\with.js | C:\valente_conecta\node_modules\core-js\full\array\with.js | C:\valente_conecta\node_modules\core-js\full\instance\with.js | C:\valente_conecta\node_modules\core-js\full\typed-array\with.js | C:\valente_conecta\node_modules\core-js\stable\array\virtual\with.js | C:\valente_conecta\node_modules\core-js\stable\array\with.js | C:\valente_conecta\node_modules\core-js\stable\instance\with.js | C:\valente_conecta\node_modules\core-js\stable\typed-array\with.js"
"from-async.js","7","C:\valente_conecta\node_modules\core-js\actual\array\from-async.js | C:\valente_conecta\node_modules\core-js\es\array\from-async.js | C:\valente_conecta\node_modules\core-js\features\array\from-async.js | C:\valente_conecta\node_modules\core-js\features\typed-array\from-async.js | C:\valente_conecta\node_modules\core-js\full\array\from-async.js | C:\valente_conecta\node_modules\core-js\full\typed-array\from-async.js | C:\valente_conecta\node_modules\core-js\stable\array\from-async.js"
"from.js","27","C:\valente_conecta\node_modules\core-js\actual\array\from.js | C:\valente_conecta\node_modules\core-js\actual\async-iterator\from.js | C:\valente_conecta\node_modules\core-js\actual\iterator\from.js | C:\valente_conecta\node_modules\core-js\actual\typed-array\from.js | C:\valente_conecta\node_modules\core-js\es\array\from.js | C:\valente_conecta\node_modules\core-js\es\iterator\from.js | C:\valente_conecta\node_modules\core-js\es\typed-array\from.js | C:\valente_conecta\node_modules\core-js\features\array\from.js | C:\valente_conecta\node_modules\core-js\features\async-iterator\from.js | C:\valente_conecta\node_modules\core-js\features\iterator\from.js | C:\valente_conecta\node_modules\core-js\features\map\from.js | C:\valente_conecta\node_modules\core-js\features\set\from.js | C:\valente_conecta\node_modules\core-js\features\typed-array\from.js | C:\valente_conecta\node_modules\core-js\features\weak-map\from.js | C:\valente_conecta\node_modules\core-js\features\weak-set\from.js | C:\valente_conecta\node_modules\core-js\full\array\from.js | C:\valente_conecta\node_modules\core-js\full\async-iterator\from.js | C:\valente_conecta\node_modules\core-js\full\iterator\from.js | C:\valente_conecta\node_modules\core-js\full\map\from.js | C:\valente_conecta\node_modules\core-js\full\set\from.js | C:\valente_conecta\node_modules\core-js\full\typed-array\from.js | C:\valente_conecta\node_modules\core-js\full\weak-map\from.js | C:\valente_conecta\node_modules\core-js\full\weak-set\from.js | C:\valente_conecta\node_modules\core-js\stable\array\from.js | C:\valente_conecta\node_modules\core-js\stable\iterator\from.js | C:\valente_conecta\node_modules\core-js\stable\typed-array\from.js | C:\valente_conecta\node_modules\readable-stream\lib\internal\streams\from.js"
"is-array.js","6","C:\valente_conecta\node_modules\core-js\actual\array\is-array.js | C:\valente_conecta\node_modules\core-js\es\array\is-array.js | C:\valente_conecta\node_modules\core-js\features\array\is-array.js | C:\valente_conecta\node_modules\core-js\full\array\is-array.js | C:\valente_conecta\node_modules\core-js\internals\is-array.js | C:\valente_conecta\node_modules\core-js\stable\array\is-array.js"
"of.js","18","C:\valente_conecta\node_modules\core-js\actual\array\of.js | C:\valente_conecta\node_modules\core-js\actual\typed-array\of.js | C:\valente_conecta\node_modules\core-js\es\array\of.js | C:\valente_conecta\node_modules\core-js\es\typed-array\of.js | C:\valente_conecta\node_modules\core-js\features\array\of.js | C:\valente_conecta\node_modules\core-js\features\map\of.js | C:\valente_conecta\node_modules\core-js\features\set\of.js | C:\valente_conecta\node_modules\core-js\features\typed-array\of.js | C:\valente_conecta\node_modules\core-js\features\weak-map\of.js | C:\valente_conecta\node_modules\core-js\features\weak-set\of.js | C:\valente_conecta\node_modules\core-js\full\array\of.js | C:\valente_conecta\node_modules\core-js\full\map\of.js | C:\valente_conecta\node_modules\core-js\full\set\of.js | C:\valente_conecta\node_modules\core-js\full\typed-array\of.js | C:\valente_conecta\node_modules\core-js\full\weak-map\of.js | C:\valente_conecta\node_modules\core-js\full\weak-set\of.js | C:\valente_conecta\node_modules\core-js\stable\array\of.js | C:\valente_conecta\node_modules\core-js\stable\typed-array\of.js"
"constructor.js","34","C:\valente_conecta\node_modules\core-js\actual\array-buffer\constructor.js | C:\valente_conecta\node_modules\core-js\actual\async-disposable-stack\constructor.js | C:\valente_conecta\node_modules\core-js\actual\disposable-stack\constructor.js | C:\valente_conecta\node_modules\core-js\actual\dom-exception\constructor.js | C:\valente_conecta\node_modules\core-js\actual\error\constructor.js | C:\valente_conecta\node_modules\core-js\actual\number\constructor.js | C:\valente_conecta\node_modules\core-js\actual\regexp\constructor.js | C:\valente_conecta\node_modules\core-js\es\array-buffer\constructor.js | C:\valente_conecta\node_modules\core-js\es\async-disposable-stack\constructor.js | C:\valente_conecta\node_modules\core-js\es\disposable-stack\constructor.js | C:\valente_conecta\node_modules\core-js\es\error\constructor.js | C:\valente_conecta\node_modules\core-js\es\number\constructor.js | C:\valente_conecta\node_modules\core-js\es\regexp\constructor.js | C:\valente_conecta\node_modules\core-js\features\array-buffer\constructor.js | C:\valente_conecta\node_modules\core-js\features\async-disposable-stack\constructor.js | C:\valente_conecta\node_modules\core-js\features\disposable-stack\constructor.js | C:\valente_conecta\node_modules\core-js\features\dom-exception\constructor.js | C:\valente_conecta\node_modules\core-js\features\error\constructor.js | C:\valente_conecta\node_modules\core-js\features\number\constructor.js | C:\valente_conecta\node_modules\core-js\features\regexp\constructor.js | C:\valente_conecta\node_modules\core-js\full\array-buffer\constructor.js | C:\valente_conecta\node_modules\core-js\full\async-disposable-stack\constructor.js | C:\valente_conecta\node_modules\core-js\full\disposable-stack\constructor.js | C:\valente_conecta\node_modules\core-js\full\dom-exception\constructor.js | C:\valente_conecta\node_modules\core-js\full\error\constructor.js | C:\valente_conecta\node_modules\core-js\full\number\constructor.js | C:\valente_conecta\node_modules\core-js\full\regexp\constructor.js | C:\valente_conecta\node_modules\core-js\stable\array-buffer\constructor.js | C:\valente_conecta\node_modules\core-js\stable\async-disposable-stack\constructor.js | C:\valente_conecta\node_modules\core-js\stable\disposable-stack\constructor.js | C:\valente_conecta\node_modules\core-js\stable\dom-exception\constructor.js | C:\valente_conecta\node_modules\core-js\stable\error\constructor.js | C:\valente_conecta\node_modules\core-js\stable\number\constructor.js | C:\valente_conecta\node_modules\core-js\stable\regexp\constructor.js"
"detached.js","5","C:\valente_conecta\node_modules\core-js\actual\array-buffer\detached.js | C:\valente_conecta\node_modules\core-js\es\array-buffer\detached.js | C:\valente_conecta\node_modules\core-js\features\array-buffer\detached.js | C:\valente_conecta\node_modules\core-js\full\array-buffer\detached.js | C:\valente_conecta\node_modules\core-js\stable\array-buffer\detached.js"
"is-view.js","5","C:\valente_conecta\node_modules\core-js\actual\array-buffer\is-view.js | C:\valente_conecta\node_modules\core-js\es\array-buffer\is-view.js | C:\valente_conecta\node_modules\core-js\features\array-buffer\is-view.js | C:\valente_conecta\node_modules\core-js\full\array-buffer\is-view.js | C:\valente_conecta\node_modules\core-js\stable\array-buffer\is-view.js"
"transfer-to-fixed-length.js","5","C:\valente_conecta\node_modules\core-js\actual\array-buffer\transfer-to-fixed-length.js | C:\valente_conecta\node_modules\core-js\es\array-buffer\transfer-to-fixed-length.js | C:\valente_conecta\node_modules\core-js\features\array-buffer\transfer-to-fixed-length.js | C:\valente_conecta\node_modules\core-js\full\array-buffer\transfer-to-fixed-length.js | C:\valente_conecta\node_modules\core-js\stable\array-buffer\transfer-to-fixed-length.js"
"transfer.js","5","C:\valente_conecta\node_modules\core-js\actual\array-buffer\transfer.js | C:\valente_conecta\node_modules\core-js\es\array-buffer\transfer.js | C:\valente_conecta\node_modules\core-js\features\array-buffer\transfer.js | C:\valente_conecta\node_modules\core-js\full\array-buffer\transfer.js | C:\valente_conecta\node_modules\core-js\stable\array-buffer\transfer.js"
"async-dispose.js","10","C:\valente_conecta\node_modules\core-js\actual\async-iterator\async-dispose.js | C:\valente_conecta\node_modules\core-js\actual\symbol\async-dispose.js | C:\valente_conecta\node_modules\core-js\es\async-iterator\async-dispose.js | C:\valente_conecta\node_modules\core-js\es\symbol\async-dispose.js | C:\valente_conecta\node_modules\core-js\features\async-iterator\async-dispose.js | C:\valente_conecta\node_modules\core-js\features\symbol\async-dispose.js | C:\valente_conecta\node_modules\core-js\full\async-iterator\async-dispose.js | C:\valente_conecta\node_modules\core-js\full\symbol\async-dispose.js | C:\valente_conecta\node_modules\core-js\stable\async-iterator\async-dispose.js | C:\valente_conecta\node_modules\core-js\stable\symbol\async-dispose.js"
"drop.js","13","C:\valente_conecta\node_modules\core-js\actual\async-iterator\drop.js | C:\valente_conecta\node_modules\core-js\actual\iterator\drop.js | C:\valente_conecta\node_modules\core-js\es\iterator\drop.js | C:\valente_conecta\node_modules\core-js\features\async-iterator\drop.js | C:\valente_conecta\node_modules\core-js\features\iterator\drop.js | C:\valente_conecta\node_modules\core-js\full\async-iterator\drop.js | C:\valente_conecta\node_modules\core-js\full\iterator\drop.js | C:\valente_conecta\node_modules\core-js\stable\iterator\drop.js | C:\valente_conecta\node_modules\es-toolkit\compat\drop.js | C:\valente_conecta\node_modules\es-toolkit\dist\array\drop.js | C:\valente_conecta\node_modules\es-toolkit\dist\compat\array\drop.js | C:\valente_conecta\node_modules\lodash\fp\drop.js | C:\valente_conecta\node_modules\lodash\drop.js"
"take.js","13","C:\valente_conecta\node_modules\core-js\actual\async-iterator\take.js | C:\valente_conecta\node_modules\core-js\actual\iterator\take.js | C:\valente_conecta\node_modules\core-js\es\iterator\take.js | C:\valente_conecta\node_modules\core-js\features\async-iterator\take.js | C:\valente_conecta\node_modules\core-js\features\iterator\take.js | C:\valente_conecta\node_modules\core-js\full\async-iterator\take.js | C:\valente_conecta\node_modules\core-js\full\iterator\take.js | C:\valente_conecta\node_modules\core-js\stable\iterator\take.js | C:\valente_conecta\node_modules\es-toolkit\compat\take.js | C:\valente_conecta\node_modules\es-toolkit\dist\array\take.js | C:\valente_conecta\node_modules\es-toolkit\dist\compat\array\take.js | C:\valente_conecta\node_modules\lodash\fp\take.js | C:\valente_conecta\node_modules\lodash\take.js"
"to-array.js","8","C:\valente_conecta\node_modules\core-js\actual\async-iterator\to-array.js | C:\valente_conecta\node_modules\core-js\actual\iterator\to-array.js | C:\valente_conecta\node_modules\core-js\es\iterator\to-array.js | C:\valente_conecta\node_modules\core-js\features\async-iterator\to-array.js | C:\valente_conecta\node_modules\core-js\features\iterator\to-array.js | C:\valente_conecta\node_modules\core-js\full\async-iterator\to-array.js | C:\valente_conecta\node_modules\core-js\full\iterator\to-array.js | C:\valente_conecta\node_modules\core-js\stable\iterator\to-array.js"
"get-float16.js","5","C:\valente_conecta\node_modules\core-js\actual\data-view\get-float16.js | C:\valente_conecta\node_modules\core-js\es\data-view\get-float16.js | C:\valente_conecta\node_modules\core-js\features\data-view\get-float16.js | C:\valente_conecta\node_modules\core-js\full\data-view\get-float16.js | C:\valente_conecta\node_modules\core-js\stable\data-view\get-float16.js"
"set-float16.js","5","C:\valente_conecta\node_modules\core-js\actual\data-view\set-float16.js | C:\valente_conecta\node_modules\core-js\es\data-view\set-float16.js | C:\valente_conecta\node_modules\core-js\features\data-view\set-float16.js | C:\valente_conecta\node_modules\core-js\full\data-view\set-float16.js | C:\valente_conecta\node_modules\core-js\stable\data-view\set-float16.js"
"get-year.js","5","C:\valente_conecta\node_modules\core-js\actual\date\get-year.js | C:\valente_conecta\node_modules\core-js\es\date\get-year.js | C:\valente_conecta\node_modules\core-js\features\date\get-year.js | C:\valente_conecta\node_modules\core-js\full\date\get-year.js | C:\valente_conecta\node_modules\core-js\stable\date\get-year.js"
"now.js","9","C:\valente_conecta\node_modules\core-js\actual\date\now.js | C:\valente_conecta\node_modules\core-js\es\date\now.js | C:\valente_conecta\node_modules\core-js\features\date\now.js | C:\valente_conecta\node_modules\core-js\full\date\now.js | C:\valente_conecta\node_modules\core-js\stable\date\now.js | C:\valente_conecta\node_modules\es-toolkit\compat\now.js | C:\valente_conecta\node_modules\es-toolkit\dist\compat\util\now.js | C:\valente_conecta\node_modules\lodash\fp\now.js | C:\valente_conecta\node_modules\lodash\now.js"
"set-year.js","5","C:\valente_conecta\node_modules\core-js\actual\date\set-year.js | C:\valente_conecta\node_modules\core-js\es\date\set-year.js | C:\valente_conecta\node_modules\core-js\features\date\set-year.js | C:\valente_conecta\node_modules\core-js\full\date\set-year.js | C:\valente_conecta\node_modules\core-js\stable\date\set-year.js"
"to-gmt-string.js","5","C:\valente_conecta\node_modules\core-js\actual\date\to-gmt-string.js | C:\valente_conecta\node_modules\core-js\es\date\to-gmt-string.js | C:\valente_conecta\node_modules\core-js\features\date\to-gmt-string.js | C:\valente_conecta\node_modules\core-js\full\date\to-gmt-string.js | C:\valente_conecta\node_modules\core-js\stable\date\to-gmt-string.js"
"to-iso-string.js","5","C:\valente_conecta\node_modules\core-js\actual\date\to-iso-string.js | C:\valente_conecta\node_modules\core-js\es\date\to-iso-string.js | C:\valente_conecta\node_modules\core-js\features\date\to-iso-string.js | C:\valente_conecta\node_modules\core-js\full\date\to-iso-string.js | C:\valente_conecta\node_modules\core-js\stable\date\to-iso-string.js"
"to-json.js","10","C:\valente_conecta\node_modules\core-js\actual\date\to-json.js | C:\valente_conecta\node_modules\core-js\actual\url\to-json.js | C:\valente_conecta\node_modules\core-js\es\date\to-json.js | C:\valente_conecta\node_modules\core-js\features\date\to-json.js | C:\valente_conecta\node_modules\core-js\features\url\to-json.js | C:\valente_conecta\node_modules\core-js\full\date\to-json.js | C:\valente_conecta\node_modules\core-js\full\url\to-json.js | C:\valente_conecta\node_modules\core-js\stable\date\to-json.js | C:\valente_conecta\node_modules\core-js\stable\url\to-json.js | C:\valente_conecta\node_modules\next\dist\trace\report\to-json.js"
"to-primitive.js","11","C:\valente_conecta\node_modules\core-js\actual\date\to-primitive.js | C:\valente_conecta\node_modules\core-js\actual\symbol\to-primitive.js | C:\valente_conecta\node_modules\core-js\es\date\to-primitive.js | C:\valente_conecta\node_modules\core-js\es\symbol\to-primitive.js | C:\valente_conecta\node_modules\core-js\features\date\to-primitive.js | C:\valente_conecta\node_modules\core-js\features\symbol\to-primitive.js | C:\valente_conecta\node_modules\core-js\full\date\to-primitive.js | C:\valente_conecta\node_modules\core-js\full\symbol\to-primitive.js | C:\valente_conecta\node_modules\core-js\internals\to-primitive.js | C:\valente_conecta\node_modules\core-js\stable\date\to-primitive.js | C:\valente_conecta\node_modules\core-js\stable\symbol\to-primitive.js"
"to-string.js","26","C:\valente_conecta\node_modules\core-js\actual\date\to-string.js | C:\valente_conecta\node_modules\core-js\actual\error\to-string.js | C:\valente_conecta\node_modules\core-js\actual\object\to-string.js | C:\valente_conecta\node_modules\core-js\actual\regexp\to-string.js | C:\valente_conecta\node_modules\core-js\actual\typed-array\to-string.js | C:\valente_conecta\node_modules\core-js\es\date\to-string.js | C:\valente_conecta\node_modules\core-js\es\error\to-string.js | C:\valente_conecta\node_modules\core-js\es\object\to-string.js | C:\valente_conecta\node_modules\core-js\es\regexp\to-string.js | C:\valente_conecta\node_modules\core-js\es\typed-array\to-string.js | C:\valente_conecta\node_modules\core-js\features\date\to-string.js | C:\valente_conecta\node_modules\core-js\features\error\to-string.js | C:\valente_conecta\node_modules\core-js\features\object\to-string.js | C:\valente_conecta\node_modules\core-js\features\regexp\to-string.js | C:\valente_conecta\node_modules\core-js\features\typed-array\to-string.js | C:\valente_conecta\node_modules\core-js\full\date\to-string.js | C:\valente_conecta\node_modules\core-js\full\error\to-string.js | C:\valente_conecta\node_modules\core-js\full\object\to-string.js | C:\valente_conecta\node_modules\core-js\full\regexp\to-string.js | C:\valente_conecta\node_modules\core-js\full\typed-array\to-string.js | C:\valente_conecta\node_modules\core-js\internals\to-string.js | C:\valente_conecta\node_modules\core-js\stable\date\to-string.js | C:\valente_conecta\node_modules\core-js\stable\error\to-string.js | C:\valente_conecta\node_modules\core-js\stable\object\to-string.js | C:\valente_conecta\node_modules\core-js\stable\regexp\to-string.js | C:\valente_conecta\node_modules\core-js\stable\typed-array\to-string.js"
"to-string-tag.js","24","C:\valente_conecta\node_modules\core-js\actual\dom-exception\to-string-tag.js | C:\valente_conecta\node_modules\core-js\actual\json\to-string-tag.js | C:\valente_conecta\node_modules\core-js\actual\math\to-string-tag.js | C:\valente_conecta\node_modules\core-js\actual\reflect\to-string-tag.js | C:\valente_conecta\node_modules\core-js\actual\symbol\to-string-tag.js | C:\valente_conecta\node_modules\core-js\es\json\to-string-tag.js | C:\valente_conecta\node_modules\core-js\es\math\to-string-tag.js | C:\valente_conecta\node_modules\core-js\es\reflect\to-string-tag.js | C:\valente_conecta\node_modules\core-js\es\symbol\to-string-tag.js | C:\valente_conecta\node_modules\core-js\features\dom-exception\to-string-tag.js | C:\valente_conecta\node_modules\core-js\features\json\to-string-tag.js | C:\valente_conecta\node_modules\core-js\features\math\to-string-tag.js | C:\valente_conecta\node_modules\core-js\features\reflect\to-string-tag.js | C:\valente_conecta\node_modules\core-js\features\symbol\to-string-tag.js | C:\valente_conecta\node_modules\core-js\full\dom-exception\to-string-tag.js | C:\valente_conecta\node_modules\core-js\full\json\to-string-tag.js | C:\valente_conecta\node_modules\core-js\full\math\to-string-tag.js | C:\valente_conecta\node_modules\core-js\full\reflect\to-string-tag.js | C:\valente_conecta\node_modules\core-js\full\symbol\to-string-tag.js | C:\valente_conecta\node_modules\core-js\stable\dom-exception\to-string-tag.js | C:\valente_conecta\node_modules\core-js\stable\json\to-string-tag.js | C:\valente_conecta\node_modules\core-js\stable\math\to-string-tag.js | C:\valente_conecta\node_modules\core-js\stable\reflect\to-string-tag.js | C:\valente_conecta\node_modules\core-js\stable\symbol\to-string-tag.js"
"is-error.js","8","C:\valente_conecta\node_modules\core-js\actual\error\is-error.js | C:\valente_conecta\node_modules\core-js\es\error\is-error.js | C:\valente_conecta\node_modules\core-js\features\error\is-error.js | C:\valente_conecta\node_modules\core-js\full\error\is-error.js | C:\valente_conecta\node_modules\core-js\proposals\is-error.js | C:\valente_conecta\node_modules\core-js\stable\error\is-error.js | C:\valente_conecta\node_modules\next\dist\esm\lib\is-error.js | C:\valente_conecta\node_modules\next\dist\lib\is-error.js"
"bind.js","19","C:\valente_conecta\node_modules\core-js\actual\function\virtual\bind.js | C:\valente_conecta\node_modules\core-js\actual\function\bind.js | C:\valente_conecta\node_modules\core-js\actual\instance\bind.js | C:\valente_conecta\node_modules\core-js\es\function\virtual\bind.js | C:\valente_conecta\node_modules\core-js\es\function\bind.js | C:\valente_conecta\node_modules\core-js\es\instance\bind.js | C:\valente_conecta\node_modules\core-js\features\function\virtual\bind.js | C:\valente_conecta\node_modules\core-js\features\function\bind.js | C:\valente_conecta\node_modules\core-js\features\instance\bind.js | C:\valente_conecta\node_modules\core-js\full\function\virtual\bind.js | C:\valente_conecta\node_modules\core-js\full\function\bind.js | C:\valente_conecta\node_modules\core-js\full\instance\bind.js | C:\valente_conecta\node_modules\core-js\stable\function\virtual\bind.js | C:\valente_conecta\node_modules\core-js\stable\function\bind.js | C:\valente_conecta\node_modules\core-js\stable\instance\bind.js | C:\valente_conecta\node_modules\es-toolkit\compat\bind.js | C:\valente_conecta\node_modules\es-toolkit\dist\compat\function\bind.js | C:\valente_conecta\node_modules\lodash\fp\bind.js | C:\valente_conecta\node_modules\lodash\bind.js"
"has-instance.js","10","C:\valente_conecta\node_modules\core-js\actual\function\has-instance.js | C:\valente_conecta\node_modules\core-js\actual\symbol\has-instance.js | C:\valente_conecta\node_modules\core-js\es\function\has-instance.js | C:\valente_conecta\node_modules\core-js\es\symbol\has-instance.js | C:\valente_conecta\node_modules\core-js\features\function\has-instance.js | C:\valente_conecta\node_modules\core-js\features\symbol\has-instance.js | C:\valente_conecta\node_modules\core-js\full\function\has-instance.js | C:\valente_conecta\node_modules\core-js\full\symbol\has-instance.js | C:\valente_conecta\node_modules\core-js\stable\function\has-instance.js | C:\valente_conecta\node_modules\core-js\stable\symbol\has-instance.js"
"metadata.js","12","C:\valente_conecta\node_modules\core-js\actual\function\metadata.js | C:\valente_conecta\node_modules\core-js\actual\symbol\metadata.js | C:\valente_conecta\node_modules\core-js\features\function\metadata.js | C:\valente_conecta\node_modules\core-js\features\reflect\metadata.js | C:\valente_conecta\node_modules\core-js\features\symbol\metadata.js | C:\valente_conecta\node_modules\core-js\full\function\metadata.js | C:\valente_conecta\node_modules\core-js\full\reflect\metadata.js | C:\valente_conecta\node_modules\core-js\full\symbol\metadata.js | C:\valente_conecta\node_modules\next\dist\esm\lib\metadata\metadata.js | C:\valente_conecta\node_modules\next\dist\esm\server\typescript\rules\metadata.js | C:\valente_conecta\node_modules\next\dist\lib\metadata\metadata.js | C:\valente_conecta\node_modules\next\dist\server\typescript\rules\metadata.js"
"name.js","5","C:\valente_conecta\node_modules\core-js\actual\function\name.js | C:\valente_conecta\node_modules\core-js\es\function\name.js | C:\valente_conecta\node_modules\core-js\features\function\name.js | C:\valente_conecta\node_modules\core-js\full\function\name.js | C:\valente_conecta\node_modules\core-js\stable\function\name.js"
"code-point-at.js","15","C:\valente_conecta\node_modules\core-js\actual\instance\code-point-at.js | C:\valente_conecta\node_modules\core-js\actual\string\virtual\code-point-at.js | C:\valente_conecta\node_modules\core-js\actual\string\code-point-at.js | C:\valente_conecta\node_modules\core-js\es\instance\code-point-at.js | C:\valente_conecta\node_modules\core-js\es\string\virtual\code-point-at.js | C:\valente_conecta\node_modules\core-js\es\string\code-point-at.js | C:\valente_conecta\node_modules\core-js\features\instance\code-point-at.js | C:\valente_conecta\node_modules\core-js\features\string\virtual\code-point-at.js | C:\valente_conecta\node_modules\core-js\features\string\code-point-at.js | C:\valente_conecta\node_modules\core-js\full\instance\code-point-at.js | C:\valente_conecta\node_modules\core-js\full\string\virtual\code-point-at.js | C:\valente_conecta\node_modules\core-js\full\string\code-point-at.js | C:\valente_conecta\node_modules\core-js\stable\instance\code-point-at.js | C:\valente_conecta\node_modules\core-js\stable\string\virtual\code-point-at.js | C:\valente_conecta\node_modules\core-js\stable\string\code-point-at.js"
"ends-with.js","15","C:\valente_conecta\node_modules\core-js\actual\instance\ends-with.js | C:\valente_conecta\node_modules\core-js\actual\string\virtual\ends-with.js | C:\valente_conecta\node_modules\core-js\actual\string\ends-with.js | C:\valente_conecta\node_modules\core-js\es\instance\ends-with.js | C:\valente_conecta\node_modules\core-js\es\string\virtual\ends-with.js | C:\valente_conecta\node_modules\core-js\es\string\ends-with.js | C:\valente_conecta\node_modules\core-js\features\instance\ends-with.js | C:\valente_conecta\node_modules\core-js\features\string\virtual\ends-with.js | C:\valente_conecta\node_modules\core-js\features\string\ends-with.js | C:\valente_conecta\node_modules\core-js\full\instance\ends-with.js | C:\valente_conecta\node_modules\core-js\full\string\virtual\ends-with.js | C:\valente_conecta\node_modules\core-js\full\string\ends-with.js | C:\valente_conecta\node_modules\core-js\stable\instance\ends-with.js | C:\valente_conecta\node_modules\core-js\stable\string\virtual\ends-with.js | C:\valente_conecta\node_modules\core-js\stable\string\ends-with.js"
"flags.js","10","C:\valente_conecta\node_modules\core-js\actual\instance\flags.js | C:\valente_conecta\node_modules\core-js\actual\regexp\flags.js | C:\valente_conecta\node_modules\core-js\es\instance\flags.js | C:\valente_conecta\node_modules\core-js\es\regexp\flags.js | C:\valente_conecta\node_modules\core-js\features\instance\flags.js | C:\valente_conecta\node_modules\core-js\features\regexp\flags.js | C:\valente_conecta\node_modules\core-js\full\instance\flags.js | C:\valente_conecta\node_modules\core-js\full\regexp\flags.js | C:\valente_conecta\node_modules\core-js\stable\instance\flags.js | C:\valente_conecta\node_modules\core-js\stable\regexp\flags.js"
"is-well-formed.js","15","C:\valente_conecta\node_modules\core-js\actual\instance\is-well-formed.js | C:\valente_conecta\node_modules\core-js\actual\string\virtual\is-well-formed.js | C:\valente_conecta\node_modules\core-js\actual\string\is-well-formed.js | C:\valente_conecta\node_modules\core-js\es\instance\is-well-formed.js | C:\valente_conecta\node_modules\core-js\es\string\virtual\is-well-formed.js | C:\valente_conecta\node_modules\core-js\es\string\is-well-formed.js | C:\valente_conecta\node_modules\core-js\features\instance\is-well-formed.js | C:\valente_conecta\node_modules\core-js\features\string\virtual\is-well-formed.js | C:\valente_conecta\node_modules\core-js\features\string\is-well-formed.js | C:\valente_conecta\node_modules\core-js\full\instance\is-well-formed.js | C:\valente_conecta\node_modules\core-js\full\string\virtual\is-well-formed.js | C:\valente_conecta\node_modules\core-js\full\string\is-well-formed.js | C:\valente_conecta\node_modules\core-js\stable\instance\is-well-formed.js | C:\valente_conecta\node_modules\core-js\stable\string\virtual\is-well-formed.js | C:\valente_conecta\node_modules\core-js\stable\string\is-well-formed.js"
"match-all.js","20","C:\valente_conecta\node_modules\core-js\actual\instance\match-all.js | C:\valente_conecta\node_modules\core-js\actual\string\virtual\match-all.js | C:\valente_conecta\node_modules\core-js\actual\string\match-all.js | C:\valente_conecta\node_modules\core-js\actual\symbol\match-all.js | C:\valente_conecta\node_modules\core-js\es\instance\match-all.js | C:\valente_conecta\node_modules\core-js\es\string\virtual\match-all.js | C:\valente_conecta\node_modules\core-js\es\string\match-all.js | C:\valente_conecta\node_modules\core-js\es\symbol\match-all.js | C:\valente_conecta\node_modules\core-js\features\instance\match-all.js | C:\valente_conecta\node_modules\core-js\features\string\virtual\match-all.js | C:\valente_conecta\node_modules\core-js\features\string\match-all.js | C:\valente_conecta\node_modules\core-js\features\symbol\match-all.js | C:\valente_conecta\node_modules\core-js\full\instance\match-all.js | C:\valente_conecta\node_modules\core-js\full\string\virtual\match-all.js | C:\valente_conecta\node_modules\core-js\full\string\match-all.js | C:\valente_conecta\node_modules\core-js\full\symbol\match-all.js | C:\valente_conecta\node_modules\core-js\stable\instance\match-all.js | C:\valente_conecta\node_modules\core-js\stable\string\virtual\match-all.js | C:\valente_conecta\node_modules\core-js\stable\string\match-all.js | C:\valente_conecta\node_modules\core-js\stable\symbol\match-all.js"
"pad-end.js","15","C:\valente_conecta\node_modules\core-js\actual\instance\pad-end.js | C:\valente_conecta\node_modules\core-js\actual\string\virtual\pad-end.js | C:\valente_conecta\node_modules\core-js\actual\string\pad-end.js | C:\valente_conecta\node_modules\core-js\es\instance\pad-end.js | C:\valente_conecta\node_modules\core-js\es\string\virtual\pad-end.js | C:\valente_conecta\node_modules\core-js\es\string\pad-end.js | C:\valente_conecta\node_modules\core-js\features\instance\pad-end.js | C:\valente_conecta\node_modules\core-js\features\string\virtual\pad-end.js | C:\valente_conecta\node_modules\core-js\features\string\pad-end.js | C:\valente_conecta\node_modules\core-js\full\instance\pad-end.js | C:\valente_conecta\node_modules\core-js\full\string\virtual\pad-end.js | C:\valente_conecta\node_modules\core-js\full\string\pad-end.js | C:\valente_conecta\node_modules\core-js\stable\instance\pad-end.js | C:\valente_conecta\node_modules\core-js\stable\string\virtual\pad-end.js | C:\valente_conecta\node_modules\core-js\stable\string\pad-end.js"
"pad-start.js","15","C:\valente_conecta\node_modules\core-js\actual\instance\pad-start.js | C:\valente_conecta\node_modules\core-js\actual\string\virtual\pad-start.js | C:\valente_conecta\node_modules\core-js\actual\string\pad-start.js | C:\valente_conecta\node_modules\core-js\es\instance\pad-start.js | C:\valente_conecta\node_modules\core-js\es\string\virtual\pad-start.js | C:\valente_conecta\node_modules\core-js\es\string\pad-start.js | C:\valente_conecta\node_modules\core-js\features\instance\pad-start.js | C:\valente_conecta\node_modules\core-js\features\string\virtual\pad-start.js | C:\valente_conecta\node_modules\core-js\features\string\pad-start.js | C:\valente_conecta\node_modules\core-js\full\instance\pad-start.js | C:\valente_conecta\node_modules\core-js\full\string\virtual\pad-start.js | C:\valente_conecta\node_modules\core-js\full\string\pad-start.js | C:\valente_conecta\node_modules\core-js\stable\instance\pad-start.js | C:\valente_conecta\node_modules\core-js\stable\string\virtual\pad-start.js | C:\valente_conecta\node_modules\core-js\stable\string\pad-start.js"
"repeat.js","20","C:\valente_conecta\node_modules\core-js\actual\instance\repeat.js | C:\valente_conecta\node_modules\core-js\actual\string\virtual\repeat.js | C:\valente_conecta\node_modules\core-js\actual\string\repeat.js | C:\valente_conecta\node_modules\core-js\es\instance\repeat.js | C:\valente_conecta\node_modules\core-js\es\string\virtual\repeat.js | C:\valente_conecta\node_modules\core-js\es\string\repeat.js | C:\valente_conecta\node_modules\core-js\features\instance\repeat.js | C:\valente_conecta\node_modules\core-js\features\string\virtual\repeat.js | C:\valente_conecta\node_modules\core-js\features\string\repeat.js | C:\valente_conecta\node_modules\core-js\full\instance\repeat.js | C:\valente_conecta\node_modules\core-js\full\string\virtual\repeat.js | C:\valente_conecta\node_modules\core-js\full\string\repeat.js | C:\valente_conecta\node_modules\core-js\stable\instance\repeat.js | C:\valente_conecta\node_modules\core-js\stable\string\virtual\repeat.js | C:\valente_conecta\node_modules\core-js\stable\string\repeat.js | C:\valente_conecta\node_modules\es-toolkit\compat\repeat.js | C:\valente_conecta\node_modules\es-toolkit\dist\compat\string\repeat.js | C:\valente_conecta\node_modules\lodash\fp\repeat.js | C:\valente_conecta\node_modules\lodash\repeat.js | C:\valente_conecta\node_modules\lucide-react\dist\esm\icons\repeat.js"
"replace-all.js","18","C:\valente_conecta\node_modules\core-js\actual\instance\replace-all.js | C:\valente_conecta\node_modules\core-js\actual\string\virtual\replace-all.js | C:\valente_conecta\node_modules\core-js\actual\string\replace-all.js | C:\valente_conecta\node_modules\core-js\es\instance\replace-all.js | C:\valente_conecta\node_modules\core-js\es\string\virtual\replace-all.js | C:\valente_conecta\node_modules\core-js\es\string\replace-all.js | C:\valente_conecta\node_modules\core-js\features\instance\replace-all.js | C:\valente_conecta\node_modules\core-js\features\string\virtual\replace-all.js | C:\valente_conecta\node_modules\core-js\features\string\replace-all.js | C:\valente_conecta\node_modules\core-js\features\symbol\replace-all.js | C:\valente_conecta\node_modules\core-js\full\instance\replace-all.js | C:\valente_conecta\node_modules\core-js\full\string\virtual\replace-all.js | C:\valente_conecta\node_modules\core-js\full\string\replace-all.js | C:\valente_conecta\node_modules\core-js\full\symbol\replace-all.js | C:\valente_conecta\node_modules\core-js\stable\instance\replace-all.js | C:\valente_conecta\node_modules\core-js\stable\string\virtual\replace-all.js | C:\valente_conecta\node_modules\core-js\stable\string\replace-all.js | C:\valente_conecta\node_modules\lucide-react\dist\esm\icons\replace-all.js"
"starts-with.js","15","C:\valente_conecta\node_modules\core-js\actual\instance\starts-with.js | C:\valente_conecta\node_modules\core-js\actual\string\virtual\starts-with.js | C:\valente_conecta\node_modules\core-js\actual\string\starts-with.js | C:\valente_conecta\node_modules\core-js\es\instance\starts-with.js | C:\valente_conecta\node_modules\core-js\es\string\virtual\starts-with.js | C:\valente_conecta\node_modules\core-js\es\string\starts-with.js | C:\valente_conecta\node_modules\core-js\features\instance\starts-with.js | C:\valente_conecta\node_modules\core-js\features\string\virtual\starts-with.js | C:\valente_conecta\node_modules\core-js\features\string\starts-with.js | C:\valente_conecta\node_modules\core-js\full\instance\starts-with.js | C:\valente_conecta\node_modules\core-js\full\string\virtual\starts-with.js | C:\valente_conecta\node_modules\core-js\full\string\starts-with.js | C:\valente_conecta\node_modules\core-js\stable\instance\starts-with.js | C:\valente_conecta\node_modules\core-js\stable\string\virtual\starts-with.js | C:\valente_conecta\node_modules\core-js\stable\string\starts-with.js"
"to-well-formed.js","15","C:\valente_conecta\node_modules\core-js\actual\instance\to-well-formed.js | C:\valente_conecta\node_modules\core-js\actual\string\virtual\to-well-formed.js | C:\valente_conecta\node_modules\core-js\actual\string\to-well-formed.js | C:\valente_conecta\node_modules\core-js\es\instance\to-well-formed.js | C:\valente_conecta\node_modules\core-js\es\string\virtual\to-well-formed.js | C:\valente_conecta\node_modules\core-js\es\string\to-well-formed.js | C:\valente_conecta\node_modules\core-js\features\instance\to-well-formed.js | C:\valente_conecta\node_modules\core-js\features\string\virtual\to-well-formed.js | C:\valente_conecta\node_modules\core-js\features\string\to-well-formed.js | C:\valente_conecta\node_modules\core-js\full\instance\to-well-formed.js | C:\valente_conecta\node_modules\core-js\full\string\virtual\to-well-formed.js | C:\valente_conecta\node_modules\core-js\full\string\to-well-formed.js | C:\valente_conecta\node_modules\core-js\stable\instance\to-well-formed.js | C:\valente_conecta\node_modules\core-js\stable\string\virtual\to-well-formed.js | C:\valente_conecta\node_modules\core-js\stable\string\to-well-formed.js"
"trim-end.js","15","C:\valente_conecta\node_modules\core-js\actual\instance\trim-end.js | C:\valente_conecta\node_modules\core-js\actual\string\virtual\trim-end.js | C:\valente_conecta\node_modules\core-js\actual\string\trim-end.js | C:\valente_conecta\node_modules\core-js\es\instance\trim-end.js | C:\valente_conecta\node_modules\core-js\es\string\virtual\trim-end.js | C:\valente_conecta\node_modules\core-js\es\string\trim-end.js | C:\valente_conecta\node_modules\core-js\features\instance\trim-end.js | C:\valente_conecta\node_modules\core-js\features\string\virtual\trim-end.js | C:\valente_conecta\node_modules\core-js\features\string\trim-end.js | C:\valente_conecta\node_modules\core-js\full\instance\trim-end.js | C:\valente_conecta\node_modules\core-js\full\string\virtual\trim-end.js | C:\valente_conecta\node_modules\core-js\full\string\trim-end.js | C:\valente_conecta\node_modules\core-js\stable\instance\trim-end.js | C:\valente_conecta\node_modules\core-js\stable\string\virtual\trim-end.js | C:\valente_conecta\node_modules\core-js\stable\string\trim-end.js"
"trim-left.js","15","C:\valente_conecta\node_modules\core-js\actual\instance\trim-left.js | C:\valente_conecta\node_modules\core-js\actual\string\virtual\trim-left.js | C:\valente_conecta\node_modules\core-js\actual\string\trim-left.js | C:\valente_conecta\node_modules\core-js\es\instance\trim-left.js | C:\valente_conecta\node_modules\core-js\es\string\virtual\trim-left.js | C:\valente_conecta\node_modules\core-js\es\string\trim-left.js | C:\valente_conecta\node_modules\core-js\features\instance\trim-left.js | C:\valente_conecta\node_modules\core-js\features\string\virtual\trim-left.js | C:\valente_conecta\node_modules\core-js\features\string\trim-left.js | C:\valente_conecta\node_modules\core-js\full\instance\trim-left.js | C:\valente_conecta\node_modules\core-js\full\string\virtual\trim-left.js | C:\valente_conecta\node_modules\core-js\full\string\trim-left.js | C:\valente_conecta\node_modules\core-js\stable\instance\trim-left.js | C:\valente_conecta\node_modules\core-js\stable\string\virtual\trim-left.js | C:\valente_conecta\node_modules\core-js\stable\string\trim-left.js"
"trim-right.js","15","C:\valente_conecta\node_modules\core-js\actual\instance\trim-right.js | C:\valente_conecta\node_modules\core-js\actual\string\virtual\trim-right.js | C:\valente_conecta\node_modules\core-js\actual\string\trim-right.js | C:\valente_conecta\node_modules\core-js\es\instance\trim-right.js | C:\valente_conecta\node_modules\core-js\es\string\virtual\trim-right.js | C:\valente_conecta\node_modules\core-js\es\string\trim-right.js | C:\valente_conecta\node_modules\core-js\features\instance\trim-right.js | C:\valente_conecta\node_modules\core-js\features\string\virtual\trim-right.js | C:\valente_conecta\node_modules\core-js\features\string\trim-right.js | C:\valente_conecta\node_modules\core-js\full\instance\trim-right.js | C:\valente_conecta\node_modules\core-js\full\string\virtual\trim-right.js | C:\valente_conecta\node_modules\core-js\full\string\trim-right.js | C:\valente_conecta\node_modules\core-js\stable\instance\trim-right.js | C:\valente_conecta\node_modules\core-js\stable\string\virtual\trim-right.js | C:\valente_conecta\node_modules\core-js\stable\string\trim-right.js"
"trim-start.js","15","C:\valente_conecta\node_modules\core-js\actual\instance\trim-start.js | C:\valente_conecta\node_modules\core-js\actual\string\virtual\trim-start.js | C:\valente_conecta\node_modules\core-js\actual\string\trim-start.js | C:\valente_conecta\node_modules\core-js\es\instance\trim-start.js | C:\valente_conecta\node_modules\core-js\es\string\virtual\trim-start.js | C:\valente_conecta\node_modules\core-js\es\string\trim-start.js | C:\valente_conecta\node_modules\core-js\features\instance\trim-start.js | C:\valente_conecta\node_modules\core-js\features\string\virtual\trim-start.js | C:\valente_conecta\node_modules\core-js\features\string\trim-start.js | C:\valente_conecta\node_modules\core-js\full\instance\trim-start.js | C:\valente_conecta\node_modules\core-js\full\string\virtual\trim-start.js | C:\valente_conecta\node_modules\core-js\full\string\trim-start.js | C:\valente_conecta\node_modules\core-js\stable\instance\trim-start.js | C:\valente_conecta\node_modules\core-js\stable\string\virtual\trim-start.js | C:\valente_conecta\node_modules\core-js\stable\string\trim-start.js"
"trim.js","20","C:\valente_conecta\node_modules\core-js\actual\instance\trim.js | C:\valente_conecta\node_modules\core-js\actual\string\virtual\trim.js | C:\valente_conecta\node_modules\core-js\actual\string\trim.js | C:\valente_conecta\node_modules\core-js\es\instance\trim.js | C:\valente_conecta\node_modules\core-js\es\string\virtual\trim.js | C:\valente_conecta\node_modules\core-js\es\string\trim.js | C:\valente_conecta\node_modules\core-js\features\instance\trim.js | C:\valente_conecta\node_modules\core-js\features\string\virtual\trim.js | C:\valente_conecta\node_modules\core-js\features\string\trim.js | C:\valente_conecta\node_modules\core-js\full\instance\trim.js | C:\valente_conecta\node_modules\core-js\full\string\virtual\trim.js | C:\valente_conecta\node_modules\core-js\full\string\trim.js | C:\valente_conecta\node_modules\core-js\stable\instance\trim.js | C:\valente_conecta\node_modules\core-js\stable\string\virtual\trim.js | C:\valente_conecta\node_modules\core-js\stable\string\trim.js | C:\valente_conecta\node_modules\es-toolkit\compat\trim.js | C:\valente_conecta\node_modules\es-toolkit\dist\compat\string\trim.js | C:\valente_conecta\node_modules\es-toolkit\dist\string\trim.js | C:\valente_conecta\node_modules\lodash\fp\trim.js | C:\valente_conecta\node_modules\lodash\trim.js"
"to-async.js","3","C:\valente_conecta\node_modules\core-js\actual\iterator\to-async.js | C:\valente_conecta\node_modules\core-js\features\iterator\to-async.js | C:\valente_conecta\node_modules\core-js\full\iterator\to-async.js"
"zip-keyed.js","3","C:\valente_conecta\node_modules\core-js\actual\iterator\zip-keyed.js | C:\valente_conecta\node_modules\core-js\features\iterator\zip-keyed.js | C:\valente_conecta\node_modules\core-js\full\iterator\zip-keyed.js"
"zip.js","10","C:\valente_conecta\node_modules\core-js\actual\iterator\zip.js | C:\valente_conecta\node_modules\core-js\features\iterator\zip.js | C:\valente_conecta\node_modules\core-js\full\iterator\zip.js | C:\valente_conecta\node_modules\d3-array\src\zip.js | C:\valente_conecta\node_modules\es-toolkit\compat\zip.js | C:\valente_conecta\node_modules\es-toolkit\dist\array\zip.js | C:\valente_conecta\node_modules\es-toolkit\dist\compat\array\zip.js | C:\valente_conecta\node_modules\lodash\fp\zip.js | C:\valente_conecta\node_modules\lodash\zip.js | C:\valente_conecta\node_modules\victory-vendor\lib-vendor\d3-array\src\zip.js"
"is-raw-json.js","6","C:\valente_conecta\node_modules\core-js\actual\json\is-raw-json.js | C:\valente_conecta\node_modules\core-js\es\json\is-raw-json.js | C:\valente_conecta\node_modules\core-js\features\json\is-raw-json.js | C:\valente_conecta\node_modules\core-js\full\json\is-raw-json.js | C:\valente_conecta\node_modules\core-js\internals\is-raw-json.js | C:\valente_conecta\node_modules\core-js\stable\json\is-raw-json.js"
"raw-json.js","5","C:\valente_conecta\node_modules\core-js\actual\json\raw-json.js | C:\valente_conecta\node_modules\core-js\es\json\raw-json.js | C:\valente_conecta\node_modules\core-js\features\json\raw-json.js | C:\valente_conecta\node_modules\core-js\full\json\raw-json.js | C:\valente_conecta\node_modules\core-js\stable\json\raw-json.js"
"get-or-insert-computed.js","10","C:\valente_conecta\node_modules\core-js\actual\map\get-or-insert-computed.js | C:\valente_conecta\node_modules\core-js\actual\weak-map\get-or-insert-computed.js | C:\valente_conecta\node_modules\core-js\es\map\get-or-insert-computed.js | C:\valente_conecta\node_modules\core-js\es\weak-map\get-or-insert-computed.js | C:\valente_conecta\node_modules\core-js\features\map\get-or-insert-computed.js | C:\valente_conecta\node_modules\core-js\features\weak-map\get-or-insert-computed.js | C:\valente_conecta\node_modules\core-js\full\map\get-or-insert-computed.js | C:\valente_conecta\node_modules\core-js\full\weak-map\get-or-insert-computed.js | C:\valente_conecta\node_modules\core-js\stable\map\get-or-insert-computed.js | C:\valente_conecta\node_modules\core-js\stable\weak-map\get-or-insert-computed.js"
"get-or-insert.js","10","C:\valente_conecta\node_modules\core-js\actual\map\get-or-insert.js | C:\valente_conecta\node_modules\core-js\actual\weak-map\get-or-insert.js | C:\valente_conecta\node_modules\core-js\es\map\get-or-insert.js | C:\valente_conecta\node_modules\core-js\es\weak-map\get-or-insert.js | C:\valente_conecta\node_modules\core-js\features\map\get-or-insert.js | C:\valente_conecta\node_modules\core-js\features\weak-map\get-or-insert.js | C:\valente_conecta\node_modules\core-js\full\map\get-or-insert.js | C:\valente_conecta\node_modules\core-js\full\weak-map\get-or-insert.js | C:\valente_conecta\node_modules\core-js\stable\map\get-or-insert.js | C:\valente_conecta\node_modules\core-js\stable\weak-map\get-or-insert.js"
"acosh.js","5","C:\valente_conecta\node_modules\core-js\actual\math\acosh.js | C:\valente_conecta\node_modules\core-js\es\math\acosh.js | C:\valente_conecta\node_modules\core-js\features\math\acosh.js | C:\valente_conecta\node_modules\core-js\full\math\acosh.js | C:\valente_conecta\node_modules\core-js\stable\math\acosh.js"
"asinh.js","5","C:\valente_conecta\node_modules\core-js\actual\math\asinh.js | C:\valente_conecta\node_modules\core-js\es\math\asinh.js | C:\valente_conecta\node_modules\core-js\features\math\asinh.js | C:\valente_conecta\node_modules\core-js\full\math\asinh.js | C:\valente_conecta\node_modules\core-js\stable\math\asinh.js"
"atanh.js","5","C:\valente_conecta\node_modules\core-js\actual\math\atanh.js | C:\valente_conecta\node_modules\core-js\es\math\atanh.js | C:\valente_conecta\node_modules\core-js\features\math\atanh.js | C:\valente_conecta\node_modules\core-js\full\math\atanh.js | C:\valente_conecta\node_modules\core-js\stable\math\atanh.js"
"cbrt.js","5","C:\valente_conecta\node_modules\core-js\actual\math\cbrt.js | C:\valente_conecta\node_modules\core-js\es\math\cbrt.js | C:\valente_conecta\node_modules\core-js\features\math\cbrt.js | C:\valente_conecta\node_modules\core-js\full\math\cbrt.js | C:\valente_conecta\node_modules\core-js\stable\math\cbrt.js"
"clz32.js","5","C:\valente_conecta\node_modules\core-js\actual\math\clz32.js | C:\valente_conecta\node_modules\core-js\es\math\clz32.js | C:\valente_conecta\node_modules\core-js\features\math\clz32.js | C:\valente_conecta\node_modules\core-js\full\math\clz32.js | C:\valente_conecta\node_modules\core-js\stable\math\clz32.js"
"cosh.js","5","C:\valente_conecta\node_modules\core-js\actual\math\cosh.js | C:\valente_conecta\node_modules\core-js\es\math\cosh.js | C:\valente_conecta\node_modules\core-js\features\math\cosh.js | C:\valente_conecta\node_modules\core-js\full\math\cosh.js | C:\valente_conecta\node_modules\core-js\stable\math\cosh.js"
"expm1.js","5","C:\valente_conecta\node_modules\core-js\actual\math\expm1.js | C:\valente_conecta\node_modules\core-js\es\math\expm1.js | C:\valente_conecta\node_modules\core-js\features\math\expm1.js | C:\valente_conecta\node_modules\core-js\full\math\expm1.js | C:\valente_conecta\node_modules\core-js\stable\math\expm1.js"
"f16round.js","5","C:\valente_conecta\node_modules\core-js\actual\math\f16round.js | C:\valente_conecta\node_modules\core-js\es\math\f16round.js | C:\valente_conecta\node_modules\core-js\features\math\f16round.js | C:\valente_conecta\node_modules\core-js\full\math\f16round.js | C:\valente_conecta\node_modules\core-js\stable\math\f16round.js"
"fround.js","5","C:\valente_conecta\node_modules\core-js\actual\math\fround.js | C:\valente_conecta\node_modules\core-js\es\math\fround.js | C:\valente_conecta\node_modules\core-js\features\math\fround.js | C:\valente_conecta\node_modules\core-js\full\math\fround.js | C:\valente_conecta\node_modules\core-js\stable\math\fround.js"
"hypot.js","5","C:\valente_conecta\node_modules\core-js\actual\math\hypot.js | C:\valente_conecta\node_modules\core-js\es\math\hypot.js | C:\valente_conecta\node_modules\core-js\features\math\hypot.js | C:\valente_conecta\node_modules\core-js\full\math\hypot.js | C:\valente_conecta\node_modules\core-js\stable\math\hypot.js"
"imul.js","5","C:\valente_conecta\node_modules\core-js\actual\math\imul.js | C:\valente_conecta\node_modules\core-js\es\math\imul.js | C:\valente_conecta\node_modules\core-js\features\math\imul.js | C:\valente_conecta\node_modules\core-js\full\math\imul.js | C:\valente_conecta\node_modules\core-js\stable\math\imul.js"
"log10.js","5","C:\valente_conecta\node_modules\core-js\actual\math\log10.js | C:\valente_conecta\node_modules\core-js\es\math\log10.js | C:\valente_conecta\node_modules\core-js\features\math\log10.js | C:\valente_conecta\node_modules\core-js\full\math\log10.js | C:\valente_conecta\node_modules\core-js\stable\math\log10.js"
"log1p.js","5","C:\valente_conecta\node_modules\core-js\actual\math\log1p.js | C:\valente_conecta\node_modules\core-js\es\math\log1p.js | C:\valente_conecta\node_modules\core-js\features\math\log1p.js | C:\valente_conecta\node_modules\core-js\full\math\log1p.js | C:\valente_conecta\node_modules\core-js\stable\math\log1p.js"
"log2.js","5","C:\valente_conecta\node_modules\core-js\actual\math\log2.js | C:\valente_conecta\node_modules\core-js\es\math\log2.js | C:\valente_conecta\node_modules\core-js\features\math\log2.js | C:\valente_conecta\node_modules\core-js\full\math\log2.js | C:\valente_conecta\node_modules\core-js\stable\math\log2.js"
"sign.js","6","C:\valente_conecta\node_modules\core-js\actual\math\sign.js | C:\valente_conecta\node_modules\core-js\es\math\sign.js | C:\valente_conecta\node_modules\core-js\features\math\sign.js | C:\valente_conecta\node_modules\core-js\full\math\sign.js | C:\valente_conecta\node_modules\core-js\stable\math\sign.js | C:\valente_conecta\node_modules\math-intrinsics\sign.js"
"sinh.js","5","C:\valente_conecta\node_modules\core-js\actual\math\sinh.js | C:\valente_conecta\node_modules\core-js\es\math\sinh.js | C:\valente_conecta\node_modules\core-js\features\math\sinh.js | C:\valente_conecta\node_modules\core-js\full\math\sinh.js | C:\valente_conecta\node_modules\core-js\stable\math\sinh.js"
"sum-precise.js","5","C:\valente_conecta\node_modules\core-js\actual\math\sum-precise.js | C:\valente_conecta\node_modules\core-js\es\math\sum-precise.js | C:\valente_conecta\node_modules\core-js\features\math\sum-precise.js | C:\valente_conecta\node_modules\core-js\full\math\sum-precise.js | C:\valente_conecta\node_modules\core-js\stable\math\sum-precise.js"
"tanh.js","5","C:\valente_conecta\node_modules\core-js\actual\math\tanh.js | C:\valente_conecta\node_modules\core-js\es\math\tanh.js | C:\valente_conecta\node_modules\core-js\features\math\tanh.js | C:\valente_conecta\node_modules\core-js\full\math\tanh.js | C:\valente_conecta\node_modules\core-js\stable\math\tanh.js"
"trunc.js","5","C:\valente_conecta\node_modules\core-js\actual\math\trunc.js | C:\valente_conecta\node_modules\core-js\es\math\trunc.js | C:\valente_conecta\node_modules\core-js\features\math\trunc.js | C:\valente_conecta\node_modules\core-js\full\math\trunc.js | C:\valente_conecta\node_modules\core-js\stable\math\trunc.js"
"to-exponential.js","10","C:\valente_conecta\node_modules\core-js\actual\number\virtual\to-exponential.js | C:\valente_conecta\node_modules\core-js\actual\number\to-exponential.js | C:\valente_conecta\node_modules\core-js\es\number\virtual\to-exponential.js | C:\valente_conecta\node_modules\core-js\es\number\to-exponential.js | C:\valente_conecta\node_modules\core-js\features\number\virtual\to-exponential.js | C:\valente_conecta\node_modules\core-js\features\number\to-exponential.js | C:\valente_conecta\node_modules\core-js\full\number\virtual\to-exponential.js | C:\valente_conecta\node_modules\core-js\full\number\to-exponential.js | C:\valente_conecta\node_modules\core-js\stable\number\virtual\to-exponential.js | C:\valente_conecta\node_modules\core-js\stable\number\to-exponential.js"
"to-fixed.js","10","C:\valente_conecta\node_modules\core-js\actual\number\virtual\to-fixed.js | C:\valente_conecta\node_modules\core-js\actual\number\to-fixed.js | C:\valente_conecta\node_modules\core-js\es\number\virtual\to-fixed.js | C:\valente_conecta\node_modules\core-js\es\number\to-fixed.js | C:\valente_conecta\node_modules\core-js\features\number\virtual\to-fixed.js | C:\valente_conecta\node_modules\core-js\features\number\to-fixed.js | C:\valente_conecta\node_modules\core-js\full\number\virtual\to-fixed.js | C:\valente_conecta\node_modules\core-js\full\number\to-fixed.js | C:\valente_conecta\node_modules\core-js\stable\number\virtual\to-fixed.js | C:\valente_conecta\node_modules\core-js\stable\number\to-fixed.js"
"to-precision.js","10","C:\valente_conecta\node_modules\core-js\actual\number\virtual\to-precision.js | C:\valente_conecta\node_modules\core-js\actual\number\to-precision.js | C:\valente_conecta\node_modules\core-js\es\number\virtual\to-precision.js | C:\valente_conecta\node_modules\core-js\es\number\to-precision.js | C:\valente_conecta\node_modules\core-js\features\number\virtual\to-precision.js | C:\valente_conecta\node_modules\core-js\features\number\to-precision.js | C:\valente_conecta\node_modules\core-js\full\number\virtual\to-precision.js | C:\valente_conecta\node_modules\core-js\full\number\to-precision.js | C:\valente_conecta\node_modules\core-js\stable\number\virtual\to-precision.js | C:\valente_conecta\node_modules\core-js\stable\number\to-precision.js"
"epsilon.js","5","C:\valente_conecta\node_modules\core-js\actual\number\epsilon.js | C:\valente_conecta\node_modules\core-js\es\number\epsilon.js | C:\valente_conecta\node_modules\core-js\features\number\epsilon.js | C:\valente_conecta\node_modules\core-js\full\number\epsilon.js | C:\valente_conecta\node_modules\core-js\stable\number\epsilon.js"
"is-finite.js","5","C:\valente_conecta\node_modules\core-js\actual\number\is-finite.js | C:\valente_conecta\node_modules\core-js\es\number\is-finite.js | C:\valente_conecta\node_modules\core-js\features\number\is-finite.js | C:\valente_conecta\node_modules\core-js\full\number\is-finite.js | C:\valente_conecta\node_modules\core-js\stable\number\is-finite.js"
"is-integer.js","5","C:\valente_conecta\node_modules\core-js\actual\number\is-integer.js | C:\valente_conecta\node_modules\core-js\es\number\is-integer.js | C:\valente_conecta\node_modules\core-js\features\number\is-integer.js | C:\valente_conecta\node_modules\core-js\full\number\is-integer.js | C:\valente_conecta\node_modules\core-js\stable\number\is-integer.js"
"is-nan.js","5","C:\valente_conecta\node_modules\core-js\actual\number\is-nan.js | C:\valente_conecta\node_modules\core-js\es\number\is-nan.js | C:\valente_conecta\node_modules\core-js\features\number\is-nan.js | C:\valente_conecta\node_modules\core-js\full\number\is-nan.js | C:\valente_conecta\node_modules\core-js\stable\number\is-nan.js"
"is-safe-integer.js","5","C:\valente_conecta\node_modules\core-js\actual\number\is-safe-integer.js | C:\valente_conecta\node_modules\core-js\es\number\is-safe-integer.js | C:\valente_conecta\node_modules\core-js\features\number\is-safe-integer.js | C:\valente_conecta\node_modules\core-js\full\number\is-safe-integer.js | C:\valente_conecta\node_modules\core-js\stable\number\is-safe-integer.js"
"max-safe-integer.js","5","C:\valente_conecta\node_modules\core-js\actual\number\max-safe-integer.js | C:\valente_conecta\node_modules\core-js\es\number\max-safe-integer.js | C:\valente_conecta\node_modules\core-js\features\number\max-safe-integer.js | C:\valente_conecta\node_modules\core-js\full\number\max-safe-integer.js | C:\valente_conecta\node_modules\core-js\stable\number\max-safe-integer.js"
"min-safe-integer.js","5","C:\valente_conecta\node_modules\core-js\actual\number\min-safe-integer.js | C:\valente_conecta\node_modules\core-js\es\number\min-safe-integer.js | C:\valente_conecta\node_modules\core-js\features\number\min-safe-integer.js | C:\valente_conecta\node_modules\core-js\full\number\min-safe-integer.js | C:\valente_conecta\node_modules\core-js\stable\number\min-safe-integer.js"
"parse-float.js","10","C:\valente_conecta\node_modules\core-js\actual\number\parse-float.js | C:\valente_conecta\node_modules\core-js\actual\parse-float.js | C:\valente_conecta\node_modules\core-js\es\number\parse-float.js | C:\valente_conecta\node_modules\core-js\es\parse-float.js | C:\valente_conecta\node_modules\core-js\features\number\parse-float.js | C:\valente_conecta\node_modules\core-js\features\parse-float.js | C:\valente_conecta\node_modules\core-js\full\number\parse-float.js | C:\valente_conecta\node_modules\core-js\full\parse-float.js | C:\valente_conecta\node_modules\core-js\stable\number\parse-float.js | C:\valente_conecta\node_modules\core-js\stable\parse-float.js"
"parse-int.js","10","C:\valente_conecta\node_modules\core-js\actual\number\parse-int.js | C:\valente_conecta\node_modules\core-js\actual\parse-int.js | C:\valente_conecta\node_modules\core-js\es\number\parse-int.js | C:\valente_conecta\node_modules\core-js\es\parse-int.js | C:\valente_conecta\node_modules\core-js\features\number\parse-int.js | C:\valente_conecta\node_modules\core-js\features\parse-int.js | C:\valente_conecta\node_modules\core-js\full\number\parse-int.js | C:\valente_conecta\node_modules\core-js\full\parse-int.js | C:\valente_conecta\node_modules\core-js\stable\number\parse-int.js | C:\valente_conecta\node_modules\core-js\stable\parse-int.js"
"assign.js","9","C:\valente_conecta\node_modules\core-js\actual\object\assign.js | C:\valente_conecta\node_modules\core-js\es\object\assign.js | C:\valente_conecta\node_modules\core-js\features\object\assign.js | C:\valente_conecta\node_modules\core-js\full\object\assign.js | C:\valente_conecta\node_modules\core-js\stable\object\assign.js | C:\valente_conecta\node_modules\es-toolkit\compat\assign.js | C:\valente_conecta\node_modules\es-toolkit\dist\compat\object\assign.js | C:\valente_conecta\node_modules\lodash\fp\assign.js | C:\valente_conecta\node_modules\lodash\assign.js"
"create.js","9","C:\valente_conecta\node_modules\core-js\actual\object\create.js | C:\valente_conecta\node_modules\core-js\es\object\create.js | C:\valente_conecta\node_modules\core-js\features\object\create.js | C:\valente_conecta\node_modules\core-js\full\object\create.js | C:\valente_conecta\node_modules\core-js\stable\object\create.js | C:\valente_conecta\node_modules\es-toolkit\compat\create.js | C:\valente_conecta\node_modules\es-toolkit\dist\compat\object\create.js | C:\valente_conecta\node_modules\lodash\fp\create.js | C:\valente_conecta\node_modules\lodash\create.js"
"define-getter.js","5","C:\valente_conecta\node_modules\core-js\actual\object\define-getter.js | C:\valente_conecta\node_modules\core-js\es\object\define-getter.js | C:\valente_conecta\node_modules\core-js\features\object\define-getter.js | C:\valente_conecta\node_modules\core-js\full\object\define-getter.js | C:\valente_conecta\node_modules\core-js\stable\object\define-getter.js"
"define-properties.js","5","C:\valente_conecta\node_modules\core-js\actual\object\define-properties.js | C:\valente_conecta\node_modules\core-js\es\object\define-properties.js | C:\valente_conecta\node_modules\core-js\features\object\define-properties.js | C:\valente_conecta\node_modules\core-js\full\object\define-properties.js | C:\valente_conecta\node_modules\core-js\stable\object\define-properties.js"
"define-property.js","10","C:\valente_conecta\node_modules\core-js\actual\object\define-property.js | C:\valente_conecta\node_modules\core-js\actual\reflect\define-property.js | C:\valente_conecta\node_modules\core-js\es\object\define-property.js | C:\valente_conecta\node_modules\core-js\es\reflect\define-property.js | C:\valente_conecta\node_modules\core-js\features\object\define-property.js | C:\valente_conecta\node_modules\core-js\features\reflect\define-property.js | C:\valente_conecta\node_modules\core-js\full\object\define-property.js | C:\valente_conecta\node_modules\core-js\full\reflect\define-property.js | C:\valente_conecta\node_modules\core-js\stable\object\define-property.js | C:\valente_conecta\node_modules\core-js\stable\reflect\define-property.js"
"define-setter.js","5","C:\valente_conecta\node_modules\core-js\actual\object\define-setter.js | C:\valente_conecta\node_modules\core-js\es\object\define-setter.js | C:\valente_conecta\node_modules\core-js\features\object\define-setter.js | C:\valente_conecta\node_modules\core-js\full\object\define-setter.js | C:\valente_conecta\node_modules\core-js\stable\object\define-setter.js"
"freeze.js","5","C:\valente_conecta\node_modules\core-js\actual\object\freeze.js | C:\valente_conecta\node_modules\core-js\es\object\freeze.js | C:\valente_conecta\node_modules\core-js\features\object\freeze.js | C:\valente_conecta\node_modules\core-js\full\object\freeze.js | C:\valente_conecta\node_modules\core-js\stable\object\freeze.js"
"from-entries.js","5","C:\valente_conecta\node_modules\core-js\actual\object\from-entries.js | C:\valente_conecta\node_modules\core-js\es\object\from-entries.js | C:\valente_conecta\node_modules\core-js\features\object\from-entries.js | C:\valente_conecta\node_modules\core-js\full\object\from-entries.js | C:\valente_conecta\node_modules\core-js\stable\object\from-entries.js"
"get-own-property-descriptor.js","10","C:\valente_conecta\node_modules\core-js\actual\object\get-own-property-descriptor.js | C:\valente_conecta\node_modules\core-js\actual\reflect\get-own-property-descriptor.js | C:\valente_conecta\node_modules\core-js\es\object\get-own-property-descriptor.js | C:\valente_conecta\node_modules\core-js\es\reflect\get-own-property-descriptor.js | C:\valente_conecta\node_modules\core-js\features\object\get-own-property-descriptor.js | C:\valente_conecta\node_modules\core-js\features\reflect\get-own-property-descriptor.js | C:\valente_conecta\node_modules\core-js\full\object\get-own-property-descriptor.js | C:\valente_conecta\node_modules\core-js\full\reflect\get-own-property-descriptor.js | C:\valente_conecta\node_modules\core-js\stable\object\get-own-property-descriptor.js | C:\valente_conecta\node_modules\core-js\stable\reflect\get-own-property-descriptor.js"
"get-own-property-descriptors.js","5","C:\valente_conecta\node_modules\core-js\actual\object\get-own-property-descriptors.js | C:\valente_conecta\node_modules\core-js\es\object\get-own-property-descriptors.js | C:\valente_conecta\node_modules\core-js\features\object\get-own-property-descriptors.js | C:\valente_conecta\node_modules\core-js\full\object\get-own-property-descriptors.js | C:\valente_conecta\node_modules\core-js\stable\object\get-own-property-descriptors.js"
"get-own-property-names.js","5","C:\valente_conecta\node_modules\core-js\actual\object\get-own-property-names.js | C:\valente_conecta\node_modules\core-js\es\object\get-own-property-names.js | C:\valente_conecta\node_modules\core-js\features\object\get-own-property-names.js | C:\valente_conecta\node_modules\core-js\full\object\get-own-property-names.js | C:\valente_conecta\node_modules\core-js\stable\object\get-own-property-names.js"
"get-own-property-symbols.js","6","C:\valente_conecta\node_modules\core-js\actual\object\get-own-property-symbols.js | C:\valente_conecta\node_modules\core-js\es\object\get-own-property-symbols.js | C:\valente_conecta\node_modules\core-js\features\object\get-own-property-symbols.js | C:\valente_conecta\node_modules\core-js\full\object\get-own-property-symbols.js | C:\valente_conecta\node_modules\core-js\stable\object\get-own-property-symbols.js | C:\valente_conecta\node_modules\has-symbols\test\shams\get-own-property-symbols.js"
"get-prototype-of.js","10","C:\valente_conecta\node_modules\core-js\actual\object\get-prototype-of.js | C:\valente_conecta\node_modules\core-js\actual\reflect\get-prototype-of.js | C:\valente_conecta\node_modules\core-js\es\object\get-prototype-of.js | C:\valente_conecta\node_modules\core-js\es\reflect\get-prototype-of.js | C:\valente_conecta\node_modules\core-js\features\object\get-prototype-of.js | C:\valente_conecta\node_modules\core-js\features\reflect\get-prototype-of.js | C:\valente_conecta\node_modules\core-js\full\object\get-prototype-of.js | C:\valente_conecta\node_modules\core-js\full\reflect\get-prototype-of.js | C:\valente_conecta\node_modules\core-js\stable\object\get-prototype-of.js | C:\valente_conecta\node_modules\core-js\stable\reflect\get-prototype-of.js"
"has-own.js","5","C:\valente_conecta\node_modules\core-js\actual\object\has-own.js | C:\valente_conecta\node_modules\core-js\es\object\has-own.js | C:\valente_conecta\node_modules\core-js\features\object\has-own.js | C:\valente_conecta\node_modules\core-js\full\object\has-own.js | C:\valente_conecta\node_modules\core-js\stable\object\has-own.js"
"is-extensible.js","10","C:\valente_conecta\node_modules\core-js\actual\object\is-extensible.js | C:\valente_conecta\node_modules\core-js\actual\reflect\is-extensible.js | C:\valente_conecta\node_modules\core-js\es\object\is-extensible.js | C:\valente_conecta\node_modules\core-js\es\reflect\is-extensible.js | C:\valente_conecta\node_modules\core-js\features\object\is-extensible.js | C:\valente_conecta\node_modules\core-js\features\reflect\is-extensible.js | C:\valente_conecta\node_modules\core-js\full\object\is-extensible.js | C:\valente_conecta\node_modules\core-js\full\reflect\is-extensible.js | C:\valente_conecta\node_modules\core-js\stable\object\is-extensible.js | C:\valente_conecta\node_modules\core-js\stable\reflect\is-extensible.js"
"is-frozen.js","5","C:\valente_conecta\node_modules\core-js\actual\object\is-frozen.js | C:\valente_conecta\node_modules\core-js\es\object\is-frozen.js | C:\valente_conecta\node_modules\core-js\features\object\is-frozen.js | C:\valente_conecta\node_modules\core-js\full\object\is-frozen.js | C:\valente_conecta\node_modules\core-js\stable\object\is-frozen.js"
"is-sealed.js","5","C:\valente_conecta\node_modules\core-js\actual\object\is-sealed.js | C:\valente_conecta\node_modules\core-js\es\object\is-sealed.js | C:\valente_conecta\node_modules\core-js\features\object\is-sealed.js | C:\valente_conecta\node_modules\core-js\full\object\is-sealed.js | C:\valente_conecta\node_modules\core-js\stable\object\is-sealed.js"
"lookup-getter.js","5","C:\valente_conecta\node_modules\core-js\actual\object\lookup-getter.js | C:\valente_conecta\node_modules\core-js\es\object\lookup-getter.js | C:\valente_conecta\node_modules\core-js\features\object\lookup-getter.js | C:\valente_conecta\node_modules\core-js\full\object\lookup-getter.js | C:\valente_conecta\node_modules\core-js\stable\object\lookup-getter.js"
"lookup-setter.js","5","C:\valente_conecta\node_modules\core-js\actual\object\lookup-setter.js | C:\valente_conecta\node_modules\core-js\es\object\lookup-setter.js | C:\valente_conecta\node_modules\core-js\features\object\lookup-setter.js | C:\valente_conecta\node_modules\core-js\full\object\lookup-setter.js | C:\valente_conecta\node_modules\core-js\stable\object\lookup-setter.js"
"prevent-extensions.js","10","C:\valente_conecta\node_modules\core-js\actual\object\prevent-extensions.js | C:\valente_conecta\node_modules\core-js\actual\reflect\prevent-extensions.js | C:\valente_conecta\node_modules\core-js\es\object\prevent-extensions.js | C:\valente_conecta\node_modules\core-js\es\reflect\prevent-extensions.js | C:\valente_conecta\node_modules\core-js\features\object\prevent-extensions.js | C:\valente_conecta\node_modules\core-js\features\reflect\prevent-extensions.js | C:\valente_conecta\node_modules\core-js\full\object\prevent-extensions.js | C:\valente_conecta\node_modules\core-js\full\reflect\prevent-extensions.js | C:\valente_conecta\node_modules\core-js\stable\object\prevent-extensions.js | C:\valente_conecta\node_modules\core-js\stable\reflect\prevent-extensions.js"
"proto.js","6","C:\valente_conecta\node_modules\core-js\actual\object\proto.js | C:\valente_conecta\node_modules\core-js\es\object\proto.js | C:\valente_conecta\node_modules\core-js\features\object\proto.js | C:\valente_conecta\node_modules\core-js\full\object\proto.js | C:\valente_conecta\node_modules\core-js\stable\object\proto.js | C:\valente_conecta\node_modules\minimist\test\proto.js"
"seal.js","5","C:\valente_conecta\node_modules\core-js\actual\object\seal.js | C:\valente_conecta\node_modules\core-js\es\object\seal.js | C:\valente_conecta\node_modules\core-js\features\object\seal.js | C:\valente_conecta\node_modules\core-js\full\object\seal.js | C:\valente_conecta\node_modules\core-js\stable\object\seal.js"
"set-prototype-of.js","10","C:\valente_conecta\node_modules\core-js\actual\object\set-prototype-of.js | C:\valente_conecta\node_modules\core-js\actual\reflect\set-prototype-of.js | C:\valente_conecta\node_modules\core-js\es\object\set-prototype-of.js | C:\valente_conecta\node_modules\core-js\es\reflect\set-prototype-of.js | C:\valente_conecta\node_modules\core-js\features\object\set-prototype-of.js | C:\valente_conecta\node_modules\core-js\features\reflect\set-prototype-of.js | C:\valente_conecta\node_modules\core-js\full\object\set-prototype-of.js | C:\valente_conecta\node_modules\core-js\full\reflect\set-prototype-of.js | C:\valente_conecta\node_modules\core-js\stable\object\set-prototype-of.js | C:\valente_conecta\node_modules\core-js\stable\reflect\set-prototype-of.js"
"all-settled.js","5","C:\valente_conecta\node_modules\core-js\actual\promise\all-settled.js | C:\valente_conecta\node_modules\core-js\es\promise\all-settled.js | C:\valente_conecta\node_modules\core-js\features\promise\all-settled.js | C:\valente_conecta\node_modules\core-js\full\promise\all-settled.js | C:\valente_conecta\node_modules\core-js\stable\promise\all-settled.js"
"any.js","6","C:\valente_conecta\node_modules\core-js\actual\promise\any.js | C:\valente_conecta\node_modules\core-js\es\promise\any.js | C:\valente_conecta\node_modules\core-js\features\promise\any.js | C:\valente_conecta\node_modules\core-js\full\promise\any.js | C:\valente_conecta\node_modules\core-js\stable\promise\any.js | C:\valente_conecta\node_modules\lodash\fp\any.js"
"finally.js","5","C:\valente_conecta\node_modules\core-js\actual\promise\finally.js | C:\valente_conecta\node_modules\core-js\es\promise\finally.js | C:\valente_conecta\node_modules\core-js\features\promise\finally.js | C:\valente_conecta\node_modules\core-js\full\promise\finally.js | C:\valente_conecta\node_modules\core-js\stable\promise\finally.js"
"try.js","5","C:\valente_conecta\node_modules\core-js\actual\promise\try.js | C:\valente_conecta\node_modules\core-js\es\promise\try.js | C:\valente_conecta\node_modules\core-js\features\promise\try.js | C:\valente_conecta\node_modules\core-js\full\promise\try.js | C:\valente_conecta\node_modules\core-js\stable\promise\try.js"
"with-resolvers.js","5","C:\valente_conecta\node_modules\core-js\actual\promise\with-resolvers.js | C:\valente_conecta\node_modules\core-js\es\promise\with-resolvers.js | C:\valente_conecta\node_modules\core-js\features\promise\with-resolvers.js | C:\valente_conecta\node_modules\core-js\full\promise\with-resolvers.js | C:\valente_conecta\node_modules\core-js\stable\promise\with-resolvers.js"
"apply.js","6","C:\valente_conecta\node_modules\core-js\actual\reflect\apply.js | C:\valente_conecta\node_modules\core-js\es\reflect\apply.js | C:\valente_conecta\node_modules\core-js\features\reflect\apply.js | C:\valente_conecta\node_modules\core-js\full\reflect\apply.js | C:\valente_conecta\node_modules\core-js\stable\reflect\apply.js | C:\valente_conecta\node_modules\lodash\fp\apply.js"
"delete-property.js","5","C:\valente_conecta\node_modules\core-js\actual\reflect\delete-property.js | C:\valente_conecta\node_modules\core-js\es\reflect\delete-property.js | C:\valente_conecta\node_modules\core-js\features\reflect\delete-property.js | C:\valente_conecta\node_modules\core-js\full\reflect\delete-property.js | C:\valente_conecta\node_modules\core-js\stable\reflect\delete-property.js"
"has.js","10","C:\valente_conecta\node_modules\core-js\actual\reflect\has.js | C:\valente_conecta\node_modules\core-js\es\reflect\has.js | C:\valente_conecta\node_modules\core-js\features\reflect\has.js | C:\valente_conecta\node_modules\core-js\full\reflect\has.js | C:\valente_conecta\node_modules\core-js\stable\reflect\has.js | C:\valente_conecta\node_modules\es-toolkit\compat\has.js | C:\valente_conecta\node_modules\es-toolkit\dist\compat\object\has.js | C:\valente_conecta\node_modules\lodash\fp\has.js | C:\valente_conecta\node_modules\lodash\has.js | C:\valente_conecta\node_modules\object-inspect\test\has.js"
"own-keys.js","6","C:\valente_conecta\node_modules\core-js\actual\reflect\own-keys.js | C:\valente_conecta\node_modules\core-js\es\reflect\own-keys.js | C:\valente_conecta\node_modules\core-js\features\reflect\own-keys.js | C:\valente_conecta\node_modules\core-js\full\reflect\own-keys.js | C:\valente_conecta\node_modules\core-js\internals\own-keys.js | C:\valente_conecta\node_modules\core-js\stable\reflect\own-keys.js"
"dot-all.js","5","C:\valente_conecta\node_modules\core-js\actual\regexp\dot-all.js | C:\valente_conecta\node_modules\core-js\es\regexp\dot-all.js | C:\valente_conecta\node_modules\core-js\features\regexp\dot-all.js | C:\valente_conecta\node_modules\core-js\full\regexp\dot-all.js | C:\valente_conecta\node_modules\core-js\stable\regexp\dot-all.js"
"escape.js","15","C:\valente_conecta\node_modules\core-js\actual\regexp\escape.js | C:\valente_conecta\node_modules\core-js\actual\escape.js | C:\valente_conecta\node_modules\core-js\es\regexp\escape.js | C:\valente_conecta\node_modules\core-js\es\escape.js | C:\valente_conecta\node_modules\core-js\features\regexp\escape.js | C:\valente_conecta\node_modules\core-js\features\escape.js | C:\valente_conecta\node_modules\core-js\full\regexp\escape.js | C:\valente_conecta\node_modules\core-js\full\escape.js | C:\valente_conecta\node_modules\core-js\stable\regexp\escape.js | C:\valente_conecta\node_modules\core-js\stable\escape.js | C:\valente_conecta\node_modules\es-toolkit\compat\escape.js | C:\valente_conecta\node_modules\es-toolkit\dist\compat\string\escape.js | C:\valente_conecta\node_modules\es-toolkit\dist\string\escape.js | C:\valente_conecta\node_modules\lodash\fp\escape.js | C:\valente_conecta\node_modules\lodash\escape.js"
"match.js","15","C:\valente_conecta\node_modules\core-js\actual\regexp\match.js | C:\valente_conecta\node_modules\core-js\actual\string\match.js | C:\valente_conecta\node_modules\core-js\actual\symbol\match.js | C:\valente_conecta\node_modules\core-js\es\regexp\match.js | C:\valente_conecta\node_modules\core-js\es\string\match.js | C:\valente_conecta\node_modules\core-js\es\symbol\match.js | C:\valente_conecta\node_modules\core-js\features\regexp\match.js | C:\valente_conecta\node_modules\core-js\features\string\match.js | C:\valente_conecta\node_modules\core-js\features\symbol\match.js | C:\valente_conecta\node_modules\core-js\full\regexp\match.js | C:\valente_conecta\node_modules\core-js\full\string\match.js | C:\valente_conecta\node_modules\core-js\full\symbol\match.js | C:\valente_conecta\node_modules\core-js\stable\regexp\match.js | C:\valente_conecta\node_modules\core-js\stable\string\match.js | C:\valente_conecta\node_modules\core-js\stable\symbol\match.js"
"replace.js","21","C:\valente_conecta\node_modules\core-js\actual\regexp\replace.js | C:\valente_conecta\node_modules\core-js\actual\string\replace.js | C:\valente_conecta\node_modules\core-js\actual\symbol\replace.js | C:\valente_conecta\node_modules\core-js\es\regexp\replace.js | C:\valente_conecta\node_modules\core-js\es\string\replace.js | C:\valente_conecta\node_modules\core-js\es\symbol\replace.js | C:\valente_conecta\node_modules\core-js\features\regexp\replace.js | C:\valente_conecta\node_modules\core-js\features\string\replace.js | C:\valente_conecta\node_modules\core-js\features\symbol\replace.js | C:\valente_conecta\node_modules\core-js\full\regexp\replace.js | C:\valente_conecta\node_modules\core-js\full\string\replace.js | C:\valente_conecta\node_modules\core-js\full\symbol\replace.js | C:\valente_conecta\node_modules\core-js\stable\regexp\replace.js | C:\valente_conecta\node_modules\core-js\stable\string\replace.js | C:\valente_conecta\node_modules\core-js\stable\symbol\replace.js | C:\valente_conecta\node_modules\es-toolkit\compat\replace.js | C:\valente_conecta\node_modules\es-toolkit\dist\compat\string\replace.js | C:\valente_conecta\node_modules\lodash\fp\replace.js | C:\valente_conecta\node_modules\lodash\replace.js | C:\valente_conecta\node_modules\loose-envify\replace.js | C:\valente_conecta\node_modules\lucide-react\dist\esm\icons\replace.js"
"search.js","16","C:\valente_conecta\node_modules\core-js\actual\regexp\search.js | C:\valente_conecta\node_modules\core-js\actual\string\search.js | C:\valente_conecta\node_modules\core-js\actual\symbol\search.js | C:\valente_conecta\node_modules\core-js\es\regexp\search.js | C:\valente_conecta\node_modules\core-js\es\string\search.js | C:\valente_conecta\node_modules\core-js\es\symbol\search.js | C:\valente_conecta\node_modules\core-js\features\regexp\search.js | C:\valente_conecta\node_modules\core-js\features\string\search.js | C:\valente_conecta\node_modules\core-js\features\symbol\search.js | C:\valente_conecta\node_modules\core-js\full\regexp\search.js | C:\valente_conecta\node_modules\core-js\full\string\search.js | C:\valente_conecta\node_modules\core-js\full\symbol\search.js | C:\valente_conecta\node_modules\core-js\stable\regexp\search.js | C:\valente_conecta\node_modules\core-js\stable\string\search.js | C:\valente_conecta\node_modules\core-js\stable\symbol\search.js | C:\valente_conecta\node_modules\lucide-react\dist\esm\icons\search.js"
"split.js","20","C:\valente_conecta\node_modules\core-js\actual\regexp\split.js | C:\valente_conecta\node_modules\core-js\actual\string\split.js | C:\valente_conecta\node_modules\core-js\actual\symbol\split.js | C:\valente_conecta\node_modules\core-js\es\regexp\split.js | C:\valente_conecta\node_modules\core-js\es\string\split.js | C:\valente_conecta\node_modules\core-js\es\symbol\split.js | C:\valente_conecta\node_modules\core-js\features\regexp\split.js | C:\valente_conecta\node_modules\core-js\features\string\split.js | C:\valente_conecta\node_modules\core-js\features\symbol\split.js | C:\valente_conecta\node_modules\core-js\full\regexp\split.js | C:\valente_conecta\node_modules\core-js\full\string\split.js | C:\valente_conecta\node_modules\core-js\full\symbol\split.js | C:\valente_conecta\node_modules\core-js\stable\regexp\split.js | C:\valente_conecta\node_modules\core-js\stable\string\split.js | C:\valente_conecta\node_modules\core-js\stable\symbol\split.js | C:\valente_conecta\node_modules\es-toolkit\compat\split.js | C:\valente_conecta\node_modules\es-toolkit\dist\compat\string\split.js | C:\valente_conecta\node_modules\lodash\fp\split.js | C:\valente_conecta\node_modules\lodash\split.js | C:\valente_conecta\node_modules\lucide-react\dist\esm\icons\split.js"
"sticky.js","5","C:\valente_conecta\node_modules\core-js\actual\regexp\sticky.js | C:\valente_conecta\node_modules\core-js\es\regexp\sticky.js | C:\valente_conecta\node_modules\core-js\features\regexp\sticky.js | C:\valente_conecta\node_modules\core-js\full\regexp\sticky.js | C:\valente_conecta\node_modules\core-js\stable\regexp\sticky.js"
"difference.js","12","C:\valente_conecta\node_modules\core-js\actual\set\difference.js | C:\valente_conecta\node_modules\core-js\es\set\difference.js | C:\valente_conecta\node_modules\core-js\features\set\difference.js | C:\valente_conecta\node_modules\core-js\full\set\difference.js | C:\valente_conecta\node_modules\core-js\stable\set\difference.js | C:\valente_conecta\node_modules\d3-array\src\difference.js | C:\valente_conecta\node_modules\es-toolkit\compat\difference.js | C:\valente_conecta\node_modules\es-toolkit\dist\array\difference.js | C:\valente_conecta\node_modules\es-toolkit\dist\compat\array\difference.js | C:\valente_conecta\node_modules\lodash\fp\difference.js | C:\valente_conecta\node_modules\lodash\difference.js | C:\valente_conecta\node_modules\victory-vendor\lib-vendor\d3-array\src\difference.js"
"intersection.js","12","C:\valente_conecta\node_modules\core-js\actual\set\intersection.js | C:\valente_conecta\node_modules\core-js\es\set\intersection.js | C:\valente_conecta\node_modules\core-js\features\set\intersection.js | C:\valente_conecta\node_modules\core-js\full\set\intersection.js | C:\valente_conecta\node_modules\core-js\stable\set\intersection.js | C:\valente_conecta\node_modules\d3-array\src\intersection.js | C:\valente_conecta\node_modules\es-toolkit\compat\intersection.js | C:\valente_conecta\node_modules\es-toolkit\dist\array\intersection.js | C:\valente_conecta\node_modules\es-toolkit\dist\compat\array\intersection.js | C:\valente_conecta\node_modules\lodash\fp\intersection.js | C:\valente_conecta\node_modules\lodash\intersection.js | C:\valente_conecta\node_modules\victory-vendor\lib-vendor\d3-array\src\intersection.js"
"is-disjoint-from.js","5","C:\valente_conecta\node_modules\core-js\actual\set\is-disjoint-from.js | C:\valente_conecta\node_modules\core-js\es\set\is-disjoint-from.js | C:\valente_conecta\node_modules\core-js\features\set\is-disjoint-from.js | C:\valente_conecta\node_modules\core-js\full\set\is-disjoint-from.js | C:\valente_conecta\node_modules\core-js\stable\set\is-disjoint-from.js"
"is-subset-of.js","5","C:\valente_conecta\node_modules\core-js\actual\set\is-subset-of.js | C:\valente_conecta\node_modules\core-js\es\set\is-subset-of.js | C:\valente_conecta\node_modules\core-js\features\set\is-subset-of.js | C:\valente_conecta\node_modules\core-js\full\set\is-subset-of.js | C:\valente_conecta\node_modules\core-js\stable\set\is-subset-of.js"
"is-superset-of.js","5","C:\valente_conecta\node_modules\core-js\actual\set\is-superset-of.js | C:\valente_conecta\node_modules\core-js\es\set\is-superset-of.js | C:\valente_conecta\node_modules\core-js\features\set\is-superset-of.js | C:\valente_conecta\node_modules\core-js\full\set\is-superset-of.js | C:\valente_conecta\node_modules\core-js\stable\set\is-superset-of.js"
"symmetric-difference.js","5","C:\valente_conecta\node_modules\core-js\actual\set\symmetric-difference.js | C:\valente_conecta\node_modules\core-js\es\set\symmetric-difference.js | C:\valente_conecta\node_modules\core-js\features\set\symmetric-difference.js | C:\valente_conecta\node_modules\core-js\full\set\symmetric-difference.js | C:\valente_conecta\node_modules\core-js\stable\set\symmetric-difference.js"
"union.js","12","C:\valente_conecta\node_modules\core-js\actual\set\union.js | C:\valente_conecta\node_modules\core-js\es\set\union.js | C:\valente_conecta\node_modules\core-js\features\set\union.js | C:\valente_conecta\node_modules\core-js\full\set\union.js | C:\valente_conecta\node_modules\core-js\stable\set\union.js | C:\valente_conecta\node_modules\d3-array\src\union.js | C:\valente_conecta\node_modules\es-toolkit\compat\union.js | C:\valente_conecta\node_modules\es-toolkit\dist\array\union.js | C:\valente_conecta\node_modules\es-toolkit\dist\compat\array\union.js | C:\valente_conecta\node_modules\lodash\fp\union.js | C:\valente_conecta\node_modules\lodash\union.js | C:\valente_conecta\node_modules\victory-vendor\lib-vendor\d3-array\src\union.js"
"anchor.js","11","C:\valente_conecta\node_modules\core-js\actual\string\virtual\anchor.js | C:\valente_conecta\node_modules\core-js\actual\string\anchor.js | C:\valente_conecta\node_modules\core-js\es\string\virtual\anchor.js | C:\valente_conecta\node_modules\core-js\es\string\anchor.js | C:\valente_conecta\node_modules\core-js\features\string\virtual\anchor.js | C:\valente_conecta\node_modules\core-js\features\string\anchor.js | C:\valente_conecta\node_modules\core-js\full\string\virtual\anchor.js | C:\valente_conecta\node_modules\core-js\full\string\anchor.js | C:\valente_conecta\node_modules\core-js\stable\string\virtual\anchor.js | C:\valente_conecta\node_modules\core-js\stable\string\anchor.js | C:\valente_conecta\node_modules\lucide-react\dist\esm\icons\anchor.js"
"big.js","10","C:\valente_conecta\node_modules\core-js\actual\string\virtual\big.js | C:\valente_conecta\node_modules\core-js\actual\string\big.js | C:\valente_conecta\node_modules\core-js\es\string\virtual\big.js | C:\valente_conecta\node_modules\core-js\es\string\big.js | C:\valente_conecta\node_modules\core-js\features\string\virtual\big.js | C:\valente_conecta\node_modules\core-js\features\string\big.js | C:\valente_conecta\node_modules\core-js\full\string\virtual\big.js | C:\valente_conecta\node_modules\core-js\full\string\big.js | C:\valente_conecta\node_modules\core-js\stable\string\virtual\big.js | C:\valente_conecta\node_modules\core-js\stable\string\big.js"
"blink.js","10","C:\valente_conecta\node_modules\core-js\actual\string\virtual\blink.js | C:\valente_conecta\node_modules\core-js\actual\string\blink.js | C:\valente_conecta\node_modules\core-js\es\string\virtual\blink.js | C:\valente_conecta\node_modules\core-js\es\string\blink.js | C:\valente_conecta\node_modules\core-js\features\string\virtual\blink.js | C:\valente_conecta\node_modules\core-js\features\string\blink.js | C:\valente_conecta\node_modules\core-js\full\string\virtual\blink.js | C:\valente_conecta\node_modules\core-js\full\string\blink.js | C:\valente_conecta\node_modules\core-js\stable\string\virtual\blink.js | C:\valente_conecta\node_modules\core-js\stable\string\blink.js"
"bold.js","12","C:\valente_conecta\node_modules\core-js\actual\string\virtual\bold.js | C:\valente_conecta\node_modules\core-js\actual\string\bold.js | C:\valente_conecta\node_modules\core-js\es\string\virtual\bold.js | C:\valente_conecta\node_modules\core-js\es\string\bold.js | C:\valente_conecta\node_modules\core-js\features\string\virtual\bold.js | C:\valente_conecta\node_modules\core-js\features\string\bold.js | C:\valente_conecta\node_modules\core-js\full\string\virtual\bold.js | C:\valente_conecta\node_modules\core-js\full\string\bold.js | C:\valente_conecta\node_modules\core-js\stable\string\virtual\bold.js | C:\valente_conecta\node_modules\core-js\stable\string\bold.js | C:\valente_conecta\node_modules\es-toolkit\dist\server\colors\bold.js | C:\valente_conecta\node_modules\lucide-react\dist\esm\icons\bold.js"
"fixed.js","10","C:\valente_conecta\node_modules\core-js\actual\string\virtual\fixed.js | C:\valente_conecta\node_modules\core-js\actual\string\fixed.js | C:\valente_conecta\node_modules\core-js\es\string\virtual\fixed.js | C:\valente_conecta\node_modules\core-js\es\string\fixed.js | C:\valente_conecta\node_modules\core-js\features\string\virtual\fixed.js | C:\valente_conecta\node_modules\core-js\features\string\fixed.js | C:\valente_conecta\node_modules\core-js\full\string\virtual\fixed.js | C:\valente_conecta\node_modules\core-js\full\string\fixed.js | C:\valente_conecta\node_modules\core-js\stable\string\virtual\fixed.js | C:\valente_conecta\node_modules\core-js\stable\string\fixed.js"
"fontcolor.js","10","C:\valente_conecta\node_modules\core-js\actual\string\virtual\fontcolor.js | C:\valente_conecta\node_modules\core-js\actual\string\fontcolor.js | C:\valente_conecta\node_modules\core-js\es\string\virtual\fontcolor.js | C:\valente_conecta\node_modules\core-js\es\string\fontcolor.js | C:\valente_conecta\node_modules\core-js\features\string\virtual\fontcolor.js | C:\valente_conecta\node_modules\core-js\features\string\fontcolor.js | C:\valente_conecta\node_modules\core-js\full\string\virtual\fontcolor.js | C:\valente_conecta\node_modules\core-js\full\string\fontcolor.js | C:\valente_conecta\node_modules\core-js\stable\string\virtual\fontcolor.js | C:\valente_conecta\node_modules\core-js\stable\string\fontcolor.js"
"fontsize.js","10","C:\valente_conecta\node_modules\core-js\actual\string\virtual\fontsize.js | C:\valente_conecta\node_modules\core-js\actual\string\fontsize.js | C:\valente_conecta\node_modules\core-js\es\string\virtual\fontsize.js | C:\valente_conecta\node_modules\core-js\es\string\fontsize.js | C:\valente_conecta\node_modules\core-js\features\string\virtual\fontsize.js | C:\valente_conecta\node_modules\core-js\features\string\fontsize.js | C:\valente_conecta\node_modules\core-js\full\string\virtual\fontsize.js | C:\valente_conecta\node_modules\core-js\full\string\fontsize.js | C:\valente_conecta\node_modules\core-js\stable\string\virtual\fontsize.js | C:\valente_conecta\node_modules\core-js\stable\string\fontsize.js"
"italics.js","10","C:\valente_conecta\node_modules\core-js\actual\string\virtual\italics.js | C:\valente_conecta\node_modules\core-js\actual\string\italics.js | C:\valente_conecta\node_modules\core-js\es\string\virtual\italics.js | C:\valente_conecta\node_modules\core-js\es\string\italics.js | C:\valente_conecta\node_modules\core-js\features\string\virtual\italics.js | C:\valente_conecta\node_modules\core-js\features\string\italics.js | C:\valente_conecta\node_modules\core-js\full\string\virtual\italics.js | C:\valente_conecta\node_modules\core-js\full\string\italics.js | C:\valente_conecta\node_modules\core-js\stable\string\virtual\italics.js | C:\valente_conecta\node_modules\core-js\stable\string\italics.js"
"link.js","18","C:\valente_conecta\node_modules\core-js\actual\string\virtual\link.js | C:\valente_conecta\node_modules\core-js\actual\string\link.js | C:\valente_conecta\node_modules\core-js\es\string\virtual\link.js | C:\valente_conecta\node_modules\core-js\es\string\link.js | C:\valente_conecta\node_modules\core-js\features\string\virtual\link.js | C:\valente_conecta\node_modules\core-js\features\string\link.js | C:\valente_conecta\node_modules\core-js\full\string\virtual\link.js | C:\valente_conecta\node_modules\core-js\full\string\link.js | C:\valente_conecta\node_modules\core-js\stable\string\virtual\link.js | C:\valente_conecta\node_modules\core-js\stable\string\link.js | C:\valente_conecta\node_modules\d3-shape\src\link.js | C:\valente_conecta\node_modules\lucide-react\dist\esm\icons\link.js | C:\valente_conecta\node_modules\next\dist\api\link.js | C:\valente_conecta\node_modules\next\dist\client\link.js | C:\valente_conecta\node_modules\next\dist\esm\api\link.js | C:\valente_conecta\node_modules\next\dist\esm\client\link.js | C:\valente_conecta\node_modules\next\link.js | C:\valente_conecta\node_modules\victory-vendor\lib-vendor\d3-shape\src\link.js"
"small.js","10","C:\valente_conecta\node_modules\core-js\actual\string\virtual\small.js | C:\valente_conecta\node_modules\core-js\actual\string\small.js | C:\valente_conecta\node_modules\core-js\es\string\virtual\small.js | C:\valente_conecta\node_modules\core-js\es\string\small.js | C:\valente_conecta\node_modules\core-js\features\string\virtual\small.js | C:\valente_conecta\node_modules\core-js\features\string\small.js | C:\valente_conecta\node_modules\core-js\full\string\virtual\small.js | C:\valente_conecta\node_modules\core-js\full\string\small.js | C:\valente_conecta\node_modules\core-js\stable\string\virtual\small.js | C:\valente_conecta\node_modules\core-js\stable\string\small.js"
"strike.js","10","C:\valente_conecta\node_modules\core-js\actual\string\virtual\strike.js | C:\valente_conecta\node_modules\core-js\actual\string\strike.js | C:\valente_conecta\node_modules\core-js\es\string\virtual\strike.js | C:\valente_conecta\node_modules\core-js\es\string\strike.js | C:\valente_conecta\node_modules\core-js\features\string\virtual\strike.js | C:\valente_conecta\node_modules\core-js\features\string\strike.js | C:\valente_conecta\node_modules\core-js\full\string\virtual\strike.js | C:\valente_conecta\node_modules\core-js\full\string\strike.js | C:\valente_conecta\node_modules\core-js\stable\string\virtual\strike.js | C:\valente_conecta\node_modules\core-js\stable\string\strike.js"
"sub.js","10","C:\valente_conecta\node_modules\core-js\actual\string\virtual\sub.js | C:\valente_conecta\node_modules\core-js\actual\string\sub.js | C:\valente_conecta\node_modules\core-js\es\string\virtual\sub.js | C:\valente_conecta\node_modules\core-js\es\string\sub.js | C:\valente_conecta\node_modules\core-js\features\string\virtual\sub.js | C:\valente_conecta\node_modules\core-js\features\string\sub.js | C:\valente_conecta\node_modules\core-js\full\string\virtual\sub.js | C:\valente_conecta\node_modules\core-js\full\string\sub.js | C:\valente_conecta\node_modules\core-js\stable\string\virtual\sub.js | C:\valente_conecta\node_modules\core-js\stable\string\sub.js"
"substr.js","10","C:\valente_conecta\node_modules\core-js\actual\string\virtual\substr.js | C:\valente_conecta\node_modules\core-js\actual\string\substr.js | C:\valente_conecta\node_modules\core-js\es\string\virtual\substr.js | C:\valente_conecta\node_modules\core-js\es\string\substr.js | C:\valente_conecta\node_modules\core-js\features\string\virtual\substr.js | C:\valente_conecta\node_modules\core-js\features\string\substr.js | C:\valente_conecta\node_modules\core-js\full\string\virtual\substr.js | C:\valente_conecta\node_modules\core-js\full\string\substr.js | C:\valente_conecta\node_modules\core-js\stable\string\virtual\substr.js | C:\valente_conecta\node_modules\core-js\stable\string\substr.js"
"sup.js","10","C:\valente_conecta\node_modules\core-js\actual\string\virtual\sup.js | C:\valente_conecta\node_modules\core-js\actual\string\sup.js | C:\valente_conecta\node_modules\core-js\es\string\virtual\sup.js | C:\valente_conecta\node_modules\core-js\es\string\sup.js | C:\valente_conecta\node_modules\core-js\features\string\virtual\sup.js | C:\valente_conecta\node_modules\core-js\features\string\sup.js | C:\valente_conecta\node_modules\core-js\full\string\virtual\sup.js | C:\valente_conecta\node_modules\core-js\full\string\sup.js | C:\valente_conecta\node_modules\core-js\stable\string\virtual\sup.js | C:\valente_conecta\node_modules\core-js\stable\string\sup.js"
"from-code-point.js","5","C:\valente_conecta\node_modules\core-js\actual\string\from-code-point.js | C:\valente_conecta\node_modules\core-js\es\string\from-code-point.js | C:\valente_conecta\node_modules\core-js\features\string\from-code-point.js | C:\valente_conecta\node_modules\core-js\full\string\from-code-point.js | C:\valente_conecta\node_modules\core-js\stable\string\from-code-point.js"
"async-iterator.js","5","C:\valente_conecta\node_modules\core-js\actual\symbol\async-iterator.js | C:\valente_conecta\node_modules\core-js\es\symbol\async-iterator.js | C:\valente_conecta\node_modules\core-js\features\symbol\async-iterator.js | C:\valente_conecta\node_modules\core-js\full\symbol\async-iterator.js | C:\valente_conecta\node_modules\core-js\stable\symbol\async-iterator.js"
"description.js","5","C:\valente_conecta\node_modules\core-js\actual\symbol\description.js | C:\valente_conecta\node_modules\core-js\es\symbol\description.js | C:\valente_conecta\node_modules\core-js\features\symbol\description.js | C:\valente_conecta\node_modules\core-js\full\symbol\description.js | C:\valente_conecta\node_modules\core-js\stable\symbol\description.js"
"for.js","5","C:\valente_conecta\node_modules\core-js\actual\symbol\for.js | C:\valente_conecta\node_modules\core-js\es\symbol\for.js | C:\valente_conecta\node_modules\core-js\features\symbol\for.js | C:\valente_conecta\node_modules\core-js\full\symbol\for.js | C:\valente_conecta\node_modules\core-js\stable\symbol\for.js"
"is-concat-spreadable.js","5","C:\valente_conecta\node_modules\core-js\actual\symbol\is-concat-spreadable.js | C:\valente_conecta\node_modules\core-js\es\symbol\is-concat-spreadable.js | C:\valente_conecta\node_modules\core-js\features\symbol\is-concat-spreadable.js | C:\valente_conecta\node_modules\core-js\full\symbol\is-concat-spreadable.js | C:\valente_conecta\node_modules\core-js\stable\symbol\is-concat-spreadable.js"
"key-for.js","5","C:\valente_conecta\node_modules\core-js\actual\symbol\key-for.js | C:\valente_conecta\node_modules\core-js\es\symbol\key-for.js | C:\valente_conecta\node_modules\core-js\features\symbol\key-for.js | C:\valente_conecta\node_modules\core-js\full\symbol\key-for.js | C:\valente_conecta\node_modules\core-js\stable\symbol\key-for.js"
"species.js","5","C:\valente_conecta\node_modules\core-js\actual\symbol\species.js | C:\valente_conecta\node_modules\core-js\es\symbol\species.js | C:\valente_conecta\node_modules\core-js\features\symbol\species.js | C:\valente_conecta\node_modules\core-js\full\symbol\species.js | C:\valente_conecta\node_modules\core-js\stable\symbol\species.js"
"unscopables.js","5","C:\valente_conecta\node_modules\core-js\actual\symbol\unscopables.js | C:\valente_conecta\node_modules\core-js\es\symbol\unscopables.js | C:\valente_conecta\node_modules\core-js\features\symbol\unscopables.js | C:\valente_conecta\node_modules\core-js\full\symbol\unscopables.js | C:\valente_conecta\node_modules\core-js\stable\symbol\unscopables.js"
"float32-array.js","5","C:\valente_conecta\node_modules\core-js\actual\typed-array\float32-array.js | C:\valente_conecta\node_modules\core-js\es\typed-array\float32-array.js | C:\valente_conecta\node_modules\core-js\features\typed-array\float32-array.js | C:\valente_conecta\node_modules\core-js\full\typed-array\float32-array.js | C:\valente_conecta\node_modules\core-js\stable\typed-array\float32-array.js"
"float64-array.js","5","C:\valente_conecta\node_modules\core-js\actual\typed-array\float64-array.js | C:\valente_conecta\node_modules\core-js\es\typed-array\float64-array.js | C:\valente_conecta\node_modules\core-js\features\typed-array\float64-array.js | C:\valente_conecta\node_modules\core-js\full\typed-array\float64-array.js | C:\valente_conecta\node_modules\core-js\stable\typed-array\float64-array.js"
"from-base64.js","5","C:\valente_conecta\node_modules\core-js\actual\typed-array\from-base64.js | C:\valente_conecta\node_modules\core-js\es\typed-array\from-base64.js | C:\valente_conecta\node_modules\core-js\features\typed-array\from-base64.js | C:\valente_conecta\node_modules\core-js\full\typed-array\from-base64.js | C:\valente_conecta\node_modules\core-js\stable\typed-array\from-base64.js"
"from-hex.js","5","C:\valente_conecta\node_modules\core-js\actual\typed-array\from-hex.js | C:\valente_conecta\node_modules\core-js\es\typed-array\from-hex.js | C:\valente_conecta\node_modules\core-js\features\typed-array\from-hex.js | C:\valente_conecta\node_modules\core-js\full\typed-array\from-hex.js | C:\valente_conecta\node_modules\core-js\stable\typed-array\from-hex.js"
"int16-array.js","5","C:\valente_conecta\node_modules\core-js\actual\typed-array\int16-array.js | C:\valente_conecta\node_modules\core-js\es\typed-array\int16-array.js | C:\valente_conecta\node_modules\core-js\features\typed-array\int16-array.js | C:\valente_conecta\node_modules\core-js\full\typed-array\int16-array.js | C:\valente_conecta\node_modules\core-js\stable\typed-array\int16-array.js"
"int32-array.js","5","C:\valente_conecta\node_modules\core-js\actual\typed-array\int32-array.js | C:\valente_conecta\node_modules\core-js\es\typed-array\int32-array.js | C:\valente_conecta\node_modules\core-js\features\typed-array\int32-array.js | C:\valente_conecta\node_modules\core-js\full\typed-array\int32-array.js | C:\valente_conecta\node_modules\core-js\stable\typed-array\int32-array.js"
"int8-array.js","5","C:\valente_conecta\node_modules\core-js\actual\typed-array\int8-array.js | C:\valente_conecta\node_modules\core-js\es\typed-array\int8-array.js | C:\valente_conecta\node_modules\core-js\features\typed-array\int8-array.js | C:\valente_conecta\node_modules\core-js\full\typed-array\int8-array.js | C:\valente_conecta\node_modules\core-js\stable\typed-array\int8-array.js"
"methods.js","5","C:\valente_conecta\node_modules\core-js\actual\typed-array\methods.js | C:\valente_conecta\node_modules\core-js\es\typed-array\methods.js | C:\valente_conecta\node_modules\core-js\features\typed-array\methods.js | C:\valente_conecta\node_modules\core-js\full\typed-array\methods.js | C:\valente_conecta\node_modules\core-js\stable\typed-array\methods.js"
"set-from-base64.js","5","C:\valente_conecta\node_modules\core-js\actual\typed-array\set-from-base64.js | C:\valente_conecta\node_modules\core-js\es\typed-array\set-from-base64.js | C:\valente_conecta\node_modules\core-js\features\typed-array\set-from-base64.js | C:\valente_conecta\node_modules\core-js\full\typed-array\set-from-base64.js | C:\valente_conecta\node_modules\core-js\stable\typed-array\set-from-base64.js"
"set-from-hex.js","5","C:\valente_conecta\node_modules\core-js\actual\typed-array\set-from-hex.js | C:\valente_conecta\node_modules\core-js\es\typed-array\set-from-hex.js | C:\valente_conecta\node_modules\core-js\features\typed-array\set-from-hex.js | C:\valente_conecta\node_modules\core-js\full\typed-array\set-from-hex.js | C:\valente_conecta\node_modules\core-js\stable\typed-array\set-from-hex.js"
"subarray.js","5","C:\valente_conecta\node_modules\core-js\actual\typed-array\subarray.js | C:\valente_conecta\node_modules\core-js\es\typed-array\subarray.js | C:\valente_conecta\node_modules\core-js\features\typed-array\subarray.js | C:\valente_conecta\node_modules\core-js\full\typed-array\subarray.js | C:\valente_conecta\node_modules\core-js\stable\typed-array\subarray.js"
"to-base64.js","5","C:\valente_conecta\node_modules\core-js\actual\typed-array\to-base64.js | C:\valente_conecta\node_modules\core-js\es\typed-array\to-base64.js | C:\valente_conecta\node_modules\core-js\features\typed-array\to-base64.js | C:\valente_conecta\node_modules\core-js\full\typed-array\to-base64.js | C:\valente_conecta\node_modules\core-js\stable\typed-array\to-base64.js"
"to-hex.js","5","C:\valente_conecta\node_modules\core-js\actual\typed-array\to-hex.js | C:\valente_conecta\node_modules\core-js\es\typed-array\to-hex.js | C:\valente_conecta\node_modules\core-js\features\typed-array\to-hex.js | C:\valente_conecta\node_modules\core-js\full\typed-array\to-hex.js | C:\valente_conecta\node_modules\core-js\stable\typed-array\to-hex.js"
"to-locale-string.js","5","C:\valente_conecta\node_modules\core-js\actual\typed-array\to-locale-string.js | C:\valente_conecta\node_modules\core-js\es\typed-array\to-locale-string.js | C:\valente_conecta\node_modules\core-js\features\typed-array\to-locale-string.js | C:\valente_conecta\node_modules\core-js\full\typed-array\to-locale-string.js | C:\valente_conecta\node_modules\core-js\stable\typed-array\to-locale-string.js"
"uint16-array.js","5","C:\valente_conecta\node_modules\core-js\actual\typed-array\uint16-array.js | C:\valente_conecta\node_modules\core-js\es\typed-array\uint16-array.js | C:\valente_conecta\node_modules\core-js\features\typed-array\uint16-array.js | C:\valente_conecta\node_modules\core-js\full\typed-array\uint16-array.js | C:\valente_conecta\node_modules\core-js\stable\typed-array\uint16-array.js"
"uint32-array.js","5","C:\valente_conecta\node_modules\core-js\actual\typed-array\uint32-array.js | C:\valente_conecta\node_modules\core-js\es\typed-array\uint32-array.js | C:\valente_conecta\node_modules\core-js\features\typed-array\uint32-array.js | C:\valente_conecta\node_modules\core-js\full\typed-array\uint32-array.js | C:\valente_conecta\node_modules\core-js\stable\typed-array\uint32-array.js"
"uint8-array.js","5","C:\valente_conecta\node_modules\core-js\actual\typed-array\uint8-array.js | C:\valente_conecta\node_modules\core-js\es\typed-array\uint8-array.js | C:\valente_conecta\node_modules\core-js\features\typed-array\uint8-array.js | C:\valente_conecta\node_modules\core-js\full\typed-array\uint8-array.js | C:\valente_conecta\node_modules\core-js\stable\typed-array\uint8-array.js"
"uint8-clamped-array.js","5","C:\valente_conecta\node_modules\core-js\actual\typed-array\uint8-clamped-array.js | C:\valente_conecta\node_modules\core-js\es\typed-array\uint8-clamped-array.js | C:\valente_conecta\node_modules\core-js\features\typed-array\uint8-clamped-array.js | C:\valente_conecta\node_modules\core-js\full\typed-array\uint8-clamped-array.js | C:\valente_conecta\node_modules\core-js\stable\typed-array\uint8-clamped-array.js"
"can-parse.js","4","C:\valente_conecta\node_modules\core-js\actual\url\can-parse.js | C:\valente_conecta\node_modules\core-js\features\url\can-parse.js | C:\valente_conecta\node_modules\core-js\full\url\can-parse.js | C:\valente_conecta\node_modules\core-js\stable\url\can-parse.js"
"aggregate-error.js","5","C:\valente_conecta\node_modules\core-js\actual\aggregate-error.js | C:\valente_conecta\node_modules\core-js\es\aggregate-error.js | C:\valente_conecta\node_modules\core-js\features\aggregate-error.js | C:\valente_conecta\node_modules\core-js\full\aggregate-error.js | C:\valente_conecta\node_modules\core-js\stable\aggregate-error.js"
"atob.js","4","C:\valente_conecta\node_modules\core-js\actual\atob.js | C:\valente_conecta\node_modules\core-js\features\atob.js | C:\valente_conecta\node_modules\core-js\full\atob.js | C:\valente_conecta\node_modules\core-js\stable\atob.js"
"btoa.js","4","C:\valente_conecta\node_modules\core-js\actual\btoa.js | C:\valente_conecta\node_modules\core-js\features\btoa.js | C:\valente_conecta\node_modules\core-js\full\btoa.js | C:\valente_conecta\node_modules\core-js\stable\btoa.js"
"clear-immediate.js","4","C:\valente_conecta\node_modules\core-js\actual\clear-immediate.js | C:\valente_conecta\node_modules\core-js\features\clear-immediate.js | C:\valente_conecta\node_modules\core-js\full\clear-immediate.js | C:\valente_conecta\node_modules\core-js\stable\clear-immediate.js"
"get-iterator-method.js","6","C:\valente_conecta\node_modules\core-js\actual\get-iterator-method.js | C:\valente_conecta\node_modules\core-js\es\get-iterator-method.js | C:\valente_conecta\node_modules\core-js\features\get-iterator-method.js | C:\valente_conecta\node_modules\core-js\full\get-iterator-method.js | C:\valente_conecta\node_modules\core-js\internals\get-iterator-method.js | C:\valente_conecta\node_modules\core-js\stable\get-iterator-method.js"
"get-iterator.js","6","C:\valente_conecta\node_modules\core-js\actual\get-iterator.js | C:\valente_conecta\node_modules\core-js\es\get-iterator.js | C:\valente_conecta\node_modules\core-js\features\get-iterator.js | C:\valente_conecta\node_modules\core-js\full\get-iterator.js | C:\valente_conecta\node_modules\core-js\internals\get-iterator.js | C:\valente_conecta\node_modules\core-js\stable\get-iterator.js"
"global-this.js","7","C:\valente_conecta\node_modules\core-js\actual\global-this.js | C:\valente_conecta\node_modules\core-js\es\global-this.js | C:\valente_conecta\node_modules\core-js\features\global-this.js | C:\valente_conecta\node_modules\core-js\full\global-this.js | C:\valente_conecta\node_modules\core-js\internals\global-this.js | C:\valente_conecta\node_modules\core-js\proposals\global-this.js | C:\valente_conecta\node_modules\core-js\stable\global-this.js"
"is-iterable.js","6","C:\valente_conecta\node_modules\core-js\actual\is-iterable.js | C:\valente_conecta\node_modules\core-js\es\is-iterable.js | C:\valente_conecta\node_modules\core-js\features\is-iterable.js | C:\valente_conecta\node_modules\core-js\full\is-iterable.js | C:\valente_conecta\node_modules\core-js\internals\is-iterable.js | C:\valente_conecta\node_modules\core-js\stable\is-iterable.js"
"queue-microtask.js","5","C:\valente_conecta\node_modules\core-js\actual\queue-microtask.js | C:\valente_conecta\node_modules\core-js\features\queue-microtask.js | C:\valente_conecta\node_modules\core-js\full\queue-microtask.js | C:\valente_conecta\node_modules\core-js\stable\queue-microtask.js | C:\valente_conecta\node_modules\core-js\web\queue-microtask.js"
"self.js","4","C:\valente_conecta\node_modules\core-js\actual\self.js | C:\valente_conecta\node_modules\core-js\features\self.js | C:\valente_conecta\node_modules\core-js\full\self.js | C:\valente_conecta\node_modules\core-js\stable\self.js"
"set-immediate.js","4","C:\valente_conecta\node_modules\core-js\actual\set-immediate.js | C:\valente_conecta\node_modules\core-js\features\set-immediate.js | C:\valente_conecta\node_modules\core-js\full\set-immediate.js | C:\valente_conecta\node_modules\core-js\stable\set-immediate.js"
"set-interval.js","4","C:\valente_conecta\node_modules\core-js\actual\set-interval.js | C:\valente_conecta\node_modules\core-js\features\set-interval.js | C:\valente_conecta\node_modules\core-js\full\set-interval.js | C:\valente_conecta\node_modules\core-js\stable\set-interval.js"
"set-timeout.js","4","C:\valente_conecta\node_modules\core-js\actual\set-timeout.js | C:\valente_conecta\node_modules\core-js\features\set-timeout.js | C:\valente_conecta\node_modules\core-js\full\set-timeout.js | C:\valente_conecta\node_modules\core-js\stable\set-timeout.js"
"structured-clone.js","5","C:\valente_conecta\node_modules\core-js\actual\structured-clone.js | C:\valente_conecta\node_modules\core-js\features\structured-clone.js | C:\valente_conecta\node_modules\core-js\full\structured-clone.js | C:\valente_conecta\node_modules\core-js\stable\structured-clone.js | C:\valente_conecta\node_modules\core-js\web\structured-clone.js"
"suppressed-error.js","5","C:\valente_conecta\node_modules\core-js\actual\suppressed-error.js | C:\valente_conecta\node_modules\core-js\es\suppressed-error.js | C:\valente_conecta\node_modules\core-js\features\suppressed-error.js | C:\valente_conecta\node_modules\core-js\full\suppressed-error.js | C:\valente_conecta\node_modules\core-js\stable\suppressed-error.js"
"unescape.js","10","C:\valente_conecta\node_modules\core-js\actual\unescape.js | C:\valente_conecta\node_modules\core-js\es\unescape.js | C:\valente_conecta\node_modules\core-js\features\unescape.js | C:\valente_conecta\node_modules\core-js\full\unescape.js | C:\valente_conecta\node_modules\core-js\stable\unescape.js | C:\valente_conecta\node_modules\es-toolkit\compat\unescape.js | C:\valente_conecta\node_modules\es-toolkit\dist\compat\string\unescape.js | C:\valente_conecta\node_modules\es-toolkit\dist\string\unescape.js | C:\valente_conecta\node_modules\lodash\fp\unescape.js | C:\valente_conecta\node_modules\lodash\unescape.js"
"filter-out.js","8","C:\valente_conecta\node_modules\core-js\features\array\virtual\filter-out.js | C:\valente_conecta\node_modules\core-js\features\array\filter-out.js | C:\valente_conecta\node_modules\core-js\features\instance\filter-out.js | C:\valente_conecta\node_modules\core-js\features\typed-array\filter-out.js | C:\valente_conecta\node_modules\core-js\full\array\virtual\filter-out.js | C:\valente_conecta\node_modules\core-js\full\array\filter-out.js | C:\valente_conecta\node_modules\core-js\full\instance\filter-out.js | C:\valente_conecta\node_modules\core-js\full\typed-array\filter-out.js"
"filter-reject.js","8","C:\valente_conecta\node_modules\core-js\features\array\virtual\filter-reject.js | C:\valente_conecta\node_modules\core-js\features\array\filter-reject.js | C:\valente_conecta\node_modules\core-js\features\instance\filter-reject.js | C:\valente_conecta\node_modules\core-js\features\typed-array\filter-reject.js | C:\valente_conecta\node_modules\core-js\full\array\virtual\filter-reject.js | C:\valente_conecta\node_modules\core-js\full\array\filter-reject.js | C:\valente_conecta\node_modules\core-js\full\instance\filter-reject.js | C:\valente_conecta\node_modules\core-js\full\typed-array\filter-reject.js"
"unique-by.js","8","C:\valente_conecta\node_modules\core-js\features\array\virtual\unique-by.js | C:\valente_conecta\node_modules\core-js\features\array\unique-by.js | C:\valente_conecta\node_modules\core-js\features\instance\unique-by.js | C:\valente_conecta\node_modules\core-js\features\typed-array\unique-by.js | C:\valente_conecta\node_modules\core-js\full\array\virtual\unique-by.js | C:\valente_conecta\node_modules\core-js\full\array\unique-by.js | C:\valente_conecta\node_modules\core-js\full\instance\unique-by.js | C:\valente_conecta\node_modules\core-js\full\typed-array\unique-by.js"
"is-template-object.js","2","C:\valente_conecta\node_modules\core-js\features\array\is-template-object.js | C:\valente_conecta\node_modules\core-js\full\array\is-template-object.js"
"last-index.js","2","C:\valente_conecta\node_modules\core-js\features\array\last-index.js | C:\valente_conecta\node_modules\core-js\full\array\last-index.js"
"last-item.js","2","C:\valente_conecta\node_modules\core-js\features\array\last-item.js | C:\valente_conecta\node_modules\core-js\full\array\last-item.js"
"as-indexed-pairs.js","4","C:\valente_conecta\node_modules\core-js\features\async-iterator\as-indexed-pairs.js | C:\valente_conecta\node_modules\core-js\features\iterator\as-indexed-pairs.js | C:\valente_conecta\node_modules\core-js\full\async-iterator\as-indexed-pairs.js | C:\valente_conecta\node_modules\core-js\full\iterator\as-indexed-pairs.js"
"indexed.js","4","C:\valente_conecta\node_modules\core-js\features\async-iterator\indexed.js | C:\valente_conecta\node_modules\core-js\features\iterator\indexed.js | C:\valente_conecta\node_modules\core-js\full\async-iterator\indexed.js | C:\valente_conecta\node_modules\core-js\full\iterator\indexed.js"
"range.js","15","C:\valente_conecta\node_modules\core-js\features\bigint\range.js | C:\valente_conecta\node_modules\core-js\features\iterator\range.js | C:\valente_conecta\node_modules\core-js\features\number\range.js | C:\valente_conecta\node_modules\core-js\full\bigint\range.js | C:\valente_conecta\node_modules\core-js\full\iterator\range.js | C:\valente_conecta\node_modules\core-js\full\number\range.js | C:\valente_conecta\node_modules\d3-array\src\range.js | C:\valente_conecta\node_modules\es-errors\range.js | C:\valente_conecta\node_modules\es-toolkit\compat\range.js | C:\valente_conecta\node_modules\es-toolkit\dist\compat\math\range.js | C:\valente_conecta\node_modules\es-toolkit\dist\math\range.js | C:\valente_conecta\node_modules\lodash\fp\range.js | C:\valente_conecta\node_modules\lodash\range.js | C:\valente_conecta\node_modules\semver\classes\range.js | C:\valente_conecta\node_modules\victory-vendor\lib-vendor\d3-array\src\range.js"
"get-uint8-clamped.js","2","C:\valente_conecta\node_modules\core-js\features\data-view\get-uint8-clamped.js | C:\valente_conecta\node_modules\core-js\full\data-view\get-uint8-clamped.js"
"set-uint8-clamped.js","2","C:\valente_conecta\node_modules\core-js\features\data-view\set-uint8-clamped.js | C:\valente_conecta\node_modules\core-js\full\data-view\set-uint8-clamped.js"
"demethodize.js","6","C:\valente_conecta\node_modules\core-js\features\function\virtual\demethodize.js | C:\valente_conecta\node_modules\core-js\features\function\demethodize.js | C:\valente_conecta\node_modules\core-js\features\instance\demethodize.js | C:\valente_conecta\node_modules\core-js\full\function\virtual\demethodize.js | C:\valente_conecta\node_modules\core-js\full\function\demethodize.js | C:\valente_conecta\node_modules\core-js\full\instance\demethodize.js"
"un-this.js","6","C:\valente_conecta\node_modules\core-js\features\function\virtual\un-this.js | C:\valente_conecta\node_modules\core-js\features\function\un-this.js | C:\valente_conecta\node_modules\core-js\features\instance\un-this.js | C:\valente_conecta\node_modules\core-js\full\function\virtual\un-this.js | C:\valente_conecta\node_modules\core-js\full\function\un-this.js | C:\valente_conecta\node_modules\core-js\full\instance\un-this.js"
"is-callable.js","3","C:\valente_conecta\node_modules\core-js\features\function\is-callable.js | C:\valente_conecta\node_modules\core-js\full\function\is-callable.js | C:\valente_conecta\node_modules\core-js\internals\is-callable.js"
"is-constructor.js","3","C:\valente_conecta\node_modules\core-js\features\function\is-constructor.js | C:\valente_conecta\node_modules\core-js\full\function\is-constructor.js | C:\valente_conecta\node_modules\core-js\internals\is-constructor.js"
"clamp.js","13","C:\valente_conecta\node_modules\core-js\features\instance\clamp.js | C:\valente_conecta\node_modules\core-js\features\math\clamp.js | C:\valente_conecta\node_modules\core-js\features\number\virtual\clamp.js | C:\valente_conecta\node_modules\core-js\features\number\clamp.js | C:\valente_conecta\node_modules\core-js\full\instance\clamp.js | C:\valente_conecta\node_modules\core-js\full\math\clamp.js | C:\valente_conecta\node_modules\core-js\full\number\virtual\clamp.js | C:\valente_conecta\node_modules\core-js\full\number\clamp.js | C:\valente_conecta\node_modules\es-toolkit\compat\clamp.js | C:\valente_conecta\node_modules\es-toolkit\dist\compat\math\clamp.js | C:\valente_conecta\node_modules\es-toolkit\dist\math\clamp.js | C:\valente_conecta\node_modules\lodash\fp\clamp.js | C:\valente_conecta\node_modules\lodash\clamp.js"
"code-points.js","6","C:\valente_conecta\node_modules\core-js\features\instance\code-points.js | C:\valente_conecta\node_modules\core-js\features\string\virtual\code-points.js | C:\valente_conecta\node_modules\core-js\features\string\code-points.js | C:\valente_conecta\node_modules\core-js\full\instance\code-points.js | C:\valente_conecta\node_modules\core-js\full\string\virtual\code-points.js | C:\valente_conecta\node_modules\core-js\full\string\code-points.js"
"chunks.js","2","C:\valente_conecta\node_modules\core-js\features\iterator\chunks.js | C:\valente_conecta\node_modules\core-js\full\iterator\chunks.js"
"sliding.js","2","C:\valente_conecta\node_modules\core-js\features\iterator\sliding.js | C:\valente_conecta\node_modules\core-js\full\iterator\sliding.js"
"windows.js","2","C:\valente_conecta\node_modules\core-js\features\iterator\windows.js | C:\valente_conecta\node_modules\core-js\full\iterator\windows.js"
"delete-all.js","8","C:\valente_conecta\node_modules\core-js\features\map\delete-all.js | C:\valente_conecta\node_modules\core-js\features\set\delete-all.js | C:\valente_conecta\node_modules\core-js\features\weak-map\delete-all.js | C:\valente_conecta\node_modules\core-js\features\weak-set\delete-all.js | C:\valente_conecta\node_modules\core-js\full\map\delete-all.js | C:\valente_conecta\node_modules\core-js\full\set\delete-all.js | C:\valente_conecta\node_modules\core-js\full\weak-map\delete-all.js | C:\valente_conecta\node_modules\core-js\full\weak-set\delete-all.js"
"emplace.js","4","C:\valente_conecta\node_modules\core-js\features\map\emplace.js | C:\valente_conecta\node_modules\core-js\features\weak-map\emplace.js | C:\valente_conecta\node_modules\core-js\full\map\emplace.js | C:\valente_conecta\node_modules\core-js\full\weak-map\emplace.js"
"find-key.js","2","C:\valente_conecta\node_modules\core-js\features\map\find-key.js | C:\valente_conecta\node_modules\core-js\full\map\find-key.js"
"key-by.js","2","C:\valente_conecta\node_modules\core-js\features\map\key-by.js | C:\valente_conecta\node_modules\core-js\full\map\key-by.js"
"key-of.js","2","C:\valente_conecta\node_modules\core-js\features\map\key-of.js | C:\valente_conecta\node_modules\core-js\full\map\key-of.js"
"map-keys.js","2","C:\valente_conecta\node_modules\core-js\features\map\map-keys.js | C:\valente_conecta\node_modules\core-js\full\map\map-keys.js"
"map-values.js","2","C:\valente_conecta\node_modules\core-js\features\map\map-values.js | C:\valente_conecta\node_modules\core-js\full\map\map-values.js"
"merge.js","10","C:\valente_conecta\node_modules\core-js\features\map\merge.js | C:\valente_conecta\node_modules\core-js\full\map\merge.js | C:\valente_conecta\node_modules\d3-array\src\merge.js | C:\valente_conecta\node_modules\es-toolkit\compat\merge.js | C:\valente_conecta\node_modules\es-toolkit\dist\compat\object\merge.js | C:\valente_conecta\node_modules\es-toolkit\dist\object\merge.js | C:\valente_conecta\node_modules\lodash\fp\merge.js | C:\valente_conecta\node_modules\lodash\merge.js | C:\valente_conecta\node_modules\lucide-react\dist\esm\icons\merge.js | C:\valente_conecta\node_modules\victory-vendor\lib-vendor\d3-array\src\merge.js"
"update-or-insert.js","2","C:\valente_conecta\node_modules\core-js\features\map\update-or-insert.js | C:\valente_conecta\node_modules\core-js\full\map\update-or-insert.js"
"update.js","7","C:\valente_conecta\node_modules\core-js\features\map\update.js | C:\valente_conecta\node_modules\core-js\full\map\update.js | C:\valente_conecta\node_modules\es-toolkit\compat\update.js | C:\valente_conecta\node_modules\es-toolkit\dist\compat\object\update.js | C:\valente_conecta\node_modules\goober\src\core\update.js | C:\valente_conecta\node_modules\lodash\fp\update.js | C:\valente_conecta\node_modules\lodash\update.js"
"upsert.js","4","C:\valente_conecta\node_modules\core-js\features\map\upsert.js | C:\valente_conecta\node_modules\core-js\features\weak-map\upsert.js | C:\valente_conecta\node_modules\core-js\full\map\upsert.js | C:\valente_conecta\node_modules\core-js\full\weak-map\upsert.js"
"deg-per-rad.js","2","C:\valente_conecta\node_modules\core-js\features\math\deg-per-rad.js | C:\valente_conecta\node_modules\core-js\full\math\deg-per-rad.js"
"degrees.js","2","C:\valente_conecta\node_modules\core-js\features\math\degrees.js | C:\valente_conecta\node_modules\core-js\full\math\degrees.js"
"fscale.js","2","C:\valente_conecta\node_modules\core-js\features\math\fscale.js | C:\valente_conecta\node_modules\core-js\full\math\fscale.js"
"iaddh.js","2","C:\valente_conecta\node_modules\core-js\features\math\iaddh.js | C:\valente_conecta\node_modules\core-js\full\math\iaddh.js"
"imulh.js","2","C:\valente_conecta\node_modules\core-js\features\math\imulh.js | C:\valente_conecta\node_modules\core-js\full\math\imulh.js"
"isubh.js","2","C:\valente_conecta\node_modules\core-js\features\math\isubh.js | C:\valente_conecta\node_modules\core-js\full\math\isubh.js"
"rad-per-deg.js","2","C:\valente_conecta\node_modules\core-js\features\math\rad-per-deg.js | C:\valente_conecta\node_modules\core-js\full\math\rad-per-deg.js"
"radians.js","2","C:\valente_conecta\node_modules\core-js\features\math\radians.js | C:\valente_conecta\node_modules\core-js\full\math\radians.js"
"scale.js","3","C:\valente_conecta\node_modules\core-js\features\math\scale.js | C:\valente_conecta\node_modules\core-js\full\math\scale.js | C:\valente_conecta\node_modules\lucide-react\dist\esm\icons\scale.js"
"seeded-prng.js","2","C:\valente_conecta\node_modules\core-js\features\math\seeded-prng.js | C:\valente_conecta\node_modules\core-js\full\math\seeded-prng.js"
"signbit.js","2","C:\valente_conecta\node_modules\core-js\features\math\signbit.js | C:\valente_conecta\node_modules\core-js\full\math\signbit.js"
"umulh.js","2","C:\valente_conecta\node_modules\core-js\features\math\umulh.js | C:\valente_conecta\node_modules\core-js\full\math\umulh.js"
"from-string.js","2","C:\valente_conecta\node_modules\core-js\features\number\from-string.js | C:\valente_conecta\node_modules\core-js\full\number\from-string.js"
"iterate-entries.js","2","C:\valente_conecta\node_modules\core-js\features\object\iterate-entries.js | C:\valente_conecta\node_modules\core-js\full\object\iterate-entries.js"
"iterate-keys.js","2","C:\valente_conecta\node_modules\core-js\features\object\iterate-keys.js | C:\valente_conecta\node_modules\core-js\full\object\iterate-keys.js"
"iterate-values.js","2","C:\valente_conecta\node_modules\core-js\features\object\iterate-values.js | C:\valente_conecta\node_modules\core-js\full\object\iterate-values.js"
"define-metadata.js","2","C:\valente_conecta\node_modules\core-js\features\reflect\define-metadata.js | C:\valente_conecta\node_modules\core-js\full\reflect\define-metadata.js"
"delete-metadata.js","2","C:\valente_conecta\node_modules\core-js\features\reflect\delete-metadata.js | C:\valente_conecta\node_modules\core-js\full\reflect\delete-metadata.js"
"get-metadata-keys.js","2","C:\valente_conecta\node_modules\core-js\features\reflect\get-metadata-keys.js | C:\valente_conecta\node_modules\core-js\full\reflect\get-metadata-keys.js"
"get-metadata.js","2","C:\valente_conecta\node_modules\core-js\features\reflect\get-metadata.js | C:\valente_conecta\node_modules\core-js\full\reflect\get-metadata.js"
"get-own-metadata-keys.js","2","C:\valente_conecta\node_modules\core-js\features\reflect\get-own-metadata-keys.js | C:\valente_conecta\node_modules\core-js\full\reflect\get-own-metadata-keys.js"
"get-own-metadata.js","2","C:\valente_conecta\node_modules\core-js\features\reflect\get-own-metadata.js | C:\valente_conecta\node_modules\core-js\full\reflect\get-own-metadata.js"
"has-metadata.js","2","C:\valente_conecta\node_modules\core-js\features\reflect\has-metadata.js | C:\valente_conecta\node_modules\core-js\full\reflect\has-metadata.js"
"has-own-metadata.js","2","C:\valente_conecta\node_modules\core-js\features\reflect\has-own-metadata.js | C:\valente_conecta\node_modules\core-js\full\reflect\has-own-metadata.js"
"add-all.js","4","C:\valente_conecta\node_modules\core-js\features\set\add-all.js | C:\valente_conecta\node_modules\core-js\features\weak-set\add-all.js | C:\valente_conecta\node_modules\core-js\full\set\add-all.js | C:\valente_conecta\node_modules\core-js\full\weak-set\add-all.js"
"cooked.js","2","C:\valente_conecta\node_modules\core-js\features\string\cooked.js | C:\valente_conecta\node_modules\core-js\full\string\cooked.js"
"dedent.js","2","C:\valente_conecta\node_modules\core-js\features\string\dedent.js | C:\valente_conecta\node_modules\core-js\full\string\dedent.js"
"custom-matcher.js","2","C:\valente_conecta\node_modules\core-js\features\symbol\custom-matcher.js | C:\valente_conecta\node_modules\core-js\full\symbol\custom-matcher.js"
"is-registered-symbol.js","2","C:\valente_conecta\node_modules\core-js\features\symbol\is-registered-symbol.js | C:\valente_conecta\node_modules\core-js\full\symbol\is-registered-symbol.js"
"is-registered.js","2","C:\valente_conecta\node_modules\core-js\features\symbol\is-registered.js | C:\valente_conecta\node_modules\core-js\full\symbol\is-registered.js"
"is-well-known-symbol.js","2","C:\valente_conecta\node_modules\core-js\features\symbol\is-well-known-symbol.js | C:\valente_conecta\node_modules\core-js\full\symbol\is-well-known-symbol.js"
"is-well-known.js","2","C:\valente_conecta\node_modules\core-js\features\symbol\is-well-known.js | C:\valente_conecta\node_modules\core-js\full\symbol\is-well-known.js"
"matcher.js","3","C:\valente_conecta\node_modules\core-js\features\symbol\matcher.js | C:\valente_conecta\node_modules\core-js\full\symbol\matcher.js | C:\valente_conecta\node_modules\fast-glob\out\providers\matchers\matcher.js"
"metadata-key.js","2","C:\valente_conecta\node_modules\core-js\features\symbol\metadata-key.js | C:\valente_conecta\node_modules\core-js\full\symbol\metadata-key.js"
"observable.js","3","C:\valente_conecta\node_modules\core-js\features\symbol\observable.js | C:\valente_conecta\node_modules\core-js\full\symbol\observable.js | C:\valente_conecta\node_modules\core-js\proposals\observable.js"
"pattern-match.js","2","C:\valente_conecta\node_modules\core-js\features\symbol\pattern-match.js | C:\valente_conecta\node_modules\core-js\full\symbol\pattern-match.js"
"composite-key.js","3","C:\valente_conecta\node_modules\core-js\features\composite-key.js | C:\valente_conecta\node_modules\core-js\full\composite-key.js | C:\valente_conecta\node_modules\core-js\internals\composite-key.js"
"composite-symbol.js","2","C:\valente_conecta\node_modules\core-js\features\composite-symbol.js | C:\valente_conecta\node_modules\core-js\full\composite-symbol.js"
"array-buffer-transfer.js","2","C:\valente_conecta\node_modules\core-js\internals\array-buffer-transfer.js | C:\valente_conecta\node_modules\core-js\proposals\array-buffer-transfer.js"
"array-from-async.js","2","C:\valente_conecta\node_modules\core-js\internals\array-from-async.js | C:\valente_conecta\node_modules\core-js\proposals\array-from-async.js"
"caller.js","2","C:\valente_conecta\node_modules\core-js\internals\caller.js | C:\valente_conecta\node_modules\resolve\lib\caller.js"
"collection.js","3","C:\valente_conecta\node_modules\core-js\internals\collection.js | C:\valente_conecta\node_modules\lodash\fp\collection.js | C:\valente_conecta\node_modules\lodash\collection.js"
"function-demethodize.js","2","C:\valente_conecta\node_modules\core-js\internals\function-demethodize.js | C:\valente_conecta\node_modules\core-js\proposals\function-demethodize.js"
"iterators.js","2","C:\valente_conecta\node_modules\core-js\internals\iterators.js | C:\valente_conecta\node_modules\msgpackr\iterators.js"
"map-upsert.js","2","C:\valente_conecta\node_modules\core-js\internals\map-upsert.js | C:\valente_conecta\node_modules\core-js\proposals\map-upsert.js"
"math-clamp.js","2","C:\valente_conecta\node_modules\core-js\internals\math-clamp.js | C:\valente_conecta\node_modules\core-js\proposals\math-clamp.js"
"object-assign.js","3","C:\valente_conecta\node_modules\core-js\internals\object-assign.js | C:\valente_conecta\node_modules\next\dist\build\polyfills\object-assign.js | C:\valente_conecta\node_modules\next\dist\esm\build\polyfills\object-assign.js"
"path.js","11","C:\valente_conecta\node_modules\core-js\internals\path.js | C:\valente_conecta\node_modules\d3-path\src\path.js | C:\valente_conecta\node_modules\d3-shape\src\path.js | C:\valente_conecta\node_modules\fast-glob\out\utils\path.js | C:\valente_conecta\node_modules\html2canvas\dist\lib\render\path.js | C:\valente_conecta\node_modules\lodash\fp\path.js | C:\valente_conecta\node_modules\next\dist\compiled\regenerator-runtime\path.js | C:\valente_conecta\node_modules\next\dist\esm\shared\lib\isomorphic\path.js | C:\valente_conecta\node_modules\next\dist\shared\lib\isomorphic\path.js | C:\valente_conecta\node_modules\regenerator-runtime\path.js | C:\valente_conecta\node_modules\victory-vendor\lib-vendor\d3-path\src\path.js"
"reflect-metadata.js","2","C:\valente_conecta\node_modules\core-js\internals\reflect-metadata.js | C:\valente_conecta\node_modules\core-js\proposals\reflect-metadata.js"
"shared.js","8","C:\valente_conecta\node_modules\core-js\internals\shared.js | C:\valente_conecta\node_modules\next\dist\build\webpack\plugins\next-types-plugin\shared.js | C:\valente_conecta\node_modules\next\dist\client\components\react-dev-overlay\server\shared.js | C:\valente_conecta\node_modules\next\dist\client\components\react-dev-overlay\shared.js | C:\valente_conecta\node_modules\next\dist\esm\build\webpack\plugins\next-types-plugin\shared.js | C:\valente_conecta\node_modules\next\dist\esm\client\components\react-dev-overlay\server\shared.js | C:\valente_conecta\node_modules\next\dist\esm\client\components\react-dev-overlay\shared.js | C:\valente_conecta\node_modules\next\dist\trace\shared.js"
"string-cooked.js","2","C:\valente_conecta\node_modules\core-js\internals\string-cooked.js | C:\valente_conecta\node_modules\core-js\proposals\string-cooked.js"
"date.js","5","C:\valente_conecta\node_modules\cron-parser\lib\date.js | C:\valente_conecta\node_modules\d3-interpolate\src\date.js | C:\valente_conecta\node_modules\lodash\fp\date.js | C:\valente_conecta\node_modules\lodash\date.js | C:\valente_conecta\node_modules\victory-vendor\lib-vendor\d3-interpolate\src\date.js"
"expression.js","3","C:\valente_conecta\node_modules\cron-parser\lib\expression.js | C:\valente_conecta\node_modules\sucrase\dist\esm\parser\traverser\expression.js | C:\valente_conecta\node_modules\sucrase\dist\parser\traverser\expression.js"
"parser.js","8","C:\valente_conecta\node_modules\cron-parser\lib\parser.js | C:\valente_conecta\node_modules\html2canvas\dist\lib\css\syntax\parser.js | C:\valente_conecta\node_modules\next\dist\compiled\babel\parser.js | C:\valente_conecta\node_modules\next\node_modules\postcss\lib\parser.js | C:\valente_conecta\node_modules\postcss\lib\parser.js | C:\valente_conecta\node_modules\postcss-js\parser.js | C:\valente_conecta\node_modules\postcss-selector-parser\dist\parser.js | C:\valente_conecta\node_modules\redis-parser\lib\parser.js"
"d3-array.js","4","C:\valente_conecta\node_modules\d3-array\dist\d3-array.js | C:\valente_conecta\node_modules\victory-vendor\es\d3-array.js | C:\valente_conecta\node_modules\victory-vendor\lib\d3-array.js | C:\valente_conecta\node_modules\victory-vendor\d3-array.js"
"freedmanDiaconis.js","2","C:\valente_conecta\node_modules\d3-array\src\threshold\freedmanDiaconis.js | C:\valente_conecta\node_modules\victory-vendor\lib-vendor\d3-array\src\threshold\freedmanDiaconis.js"
"scott.js","2","C:\valente_conecta\node_modules\d3-array\src\threshold\scott.js | C:\valente_conecta\node_modules\victory-vendor\lib-vendor\d3-array\src\threshold\scott.js"
"sturges.js","2","C:\valente_conecta\node_modules\d3-array\src\threshold\sturges.js | C:\valente_conecta\node_modules\victory-vendor\lib-vendor\d3-array\src\threshold\sturges.js"
"array.js","10","C:\valente_conecta\node_modules\d3-array\src\array.js | C:\valente_conecta\node_modules\d3-interpolate\src\array.js | C:\valente_conecta\node_modules\d3-shape\src\array.js | C:\valente_conecta\node_modules\es-toolkit\array.js | C:\valente_conecta\node_modules\fast-glob\out\utils\array.js | C:\valente_conecta\node_modules\lodash\fp\array.js | C:\valente_conecta\node_modules\lodash\array.js | C:\valente_conecta\node_modules\victory-vendor\lib-vendor\d3-array\src\array.js | C:\valente_conecta\node_modules\victory-vendor\lib-vendor\d3-interpolate\src\array.js | C:\valente_conecta\node_modules\victory-vendor\lib-vendor\d3-shape\src\array.js"
"ascending.js","4","C:\valente_conecta\node_modules\d3-array\src\ascending.js | C:\valente_conecta\node_modules\d3-shape\src\order\ascending.js | C:\valente_conecta\node_modules\victory-vendor\lib-vendor\d3-array\src\ascending.js | C:\valente_conecta\node_modules\victory-vendor\lib-vendor\d3-shape\src\order\ascending.js"
"bin.js","4","C:\valente_conecta\node_modules\d3-array\src\bin.js | C:\valente_conecta\node_modules\node-gyp-build-optional-packages\bin.js | C:\valente_conecta\node_modules\prebuild-install\bin.js | C:\valente_conecta\node_modules\victory-vendor\lib-vendor\d3-array\src\bin.js"
"bisect.js","2","C:\valente_conecta\node_modules\d3-array\src\bisect.js | C:\valente_conecta\node_modules\victory-vendor\lib-vendor\d3-array\src\bisect.js"
"bisector.js","2","C:\valente_conecta\node_modules\d3-array\src\bisector.js | C:\valente_conecta\node_modules\victory-vendor\lib-vendor\d3-array\src\bisector.js"
"blur.js","3","C:\valente_conecta\node_modules\d3-array\src\blur.js | C:\valente_conecta\node_modules\next\dist\build\webpack\loaders\next-image-loader\blur.js | C:\valente_conecta\node_modules\next\dist\esm\build\webpack\loaders\next-image-loader\blur.js"
"constant.js","15","C:\valente_conecta\node_modules\d3-array\src\constant.js | C:\valente_conecta\node_modules\d3-interpolate\src\constant.js | C:\valente_conecta\node_modules\d3-scale\src\constant.js | C:\valente_conecta\node_modules\d3-shape\src\constant.js | C:\valente_conecta\node_modules\es-toolkit\compat\constant.js | C:\valente_conecta\node_modules\es-toolkit\dist\compat\util\constant.js | C:\valente_conecta\node_modules\lodash\fp\constant.js | C:\valente_conecta\node_modules\lodash\constant.js | C:\valente_conecta\node_modules\next\dist\esm\server\typescript\constant.js | C:\valente_conecta\node_modules\next\dist\server\typescript\constant.js | C:\valente_conecta\node_modules\victory-vendor\lib-vendor\d3-array\src\constant.js | C:\valente_conecta\node_modules\victory-vendor\lib-vendor\d3-interpolate\src\constant.js | C:\valente_conecta\node_modules\victory-vendor\lib-vendor\d3-scale\src\constant.js | C:\valente_conecta\node_modules\victory-vendor\lib-vendor\d3-shape\src\constant.js | C:\valente_conecta\node_modules\victory-vendor\lib-vendor\d3-voronoi\src\constant.js"
"count.js","2","C:\valente_conecta\node_modules\d3-array\src\count.js | C:\valente_conecta\node_modules\victory-vendor\lib-vendor\d3-array\src\count.js"
"cross.js","7","C:\valente_conecta\node_modules\d3-array\src\cross.js | C:\valente_conecta\node_modules\d3-shape\src\symbol\cross.js | C:\valente_conecta\node_modules\lucide-react\dist\esm\icons\cross.js | C:\valente_conecta\node_modules\recharts\es6\shape\Cross.js | C:\valente_conecta\node_modules\recharts\lib\shape\Cross.js | C:\valente_conecta\node_modules\victory-vendor\lib-vendor\d3-array\src\cross.js | C:\valente_conecta\node_modules\victory-vendor\lib-vendor\d3-shape\src\symbol\cross.js"
"cumsum.js","2","C:\valente_conecta\node_modules\d3-array\src\cumsum.js | C:\valente_conecta\node_modules\victory-vendor\lib-vendor\d3-array\src\cumsum.js"
"descending.js","6","C:\valente_conecta\node_modules\d3-array\src\descending.js | C:\valente_conecta\node_modules\d3-shape\src\order\descending.js | C:\valente_conecta\node_modules\d3-shape\src\descending.js | C:\valente_conecta\node_modules\victory-vendor\lib-vendor\d3-array\src\descending.js | C:\valente_conecta\node_modules\victory-vendor\lib-vendor\d3-shape\src\order\descending.js | C:\valente_conecta\node_modules\victory-vendor\lib-vendor\d3-shape\src\descending.js"
"deviation.js","2","C:\valente_conecta\node_modules\d3-array\src\deviation.js | C:\valente_conecta\node_modules\victory-vendor\lib-vendor\d3-array\src\deviation.js"
"disjoint.js","2","C:\valente_conecta\node_modules\d3-array\src\disjoint.js | C:\valente_conecta\node_modules\victory-vendor\lib-vendor\d3-array\src\disjoint.js"
"extent.js","2","C:\valente_conecta\node_modules\d3-array\src\extent.js | C:\valente_conecta\node_modules\victory-vendor\lib-vendor\d3-array\src\extent.js"
"fsum.js","2","C:\valente_conecta\node_modules\d3-array\src\fsum.js | C:\valente_conecta\node_modules\victory-vendor\lib-vendor\d3-array\src\fsum.js"
"greatest.js","2","C:\valente_conecta\node_modules\d3-array\src\greatest.js | C:\valente_conecta\node_modules\victory-vendor\lib-vendor\d3-array\src\greatest.js"
"greatestIndex.js","2","C:\valente_conecta\node_modules\d3-array\src\greatestIndex.js | C:\valente_conecta\node_modules\victory-vendor\lib-vendor\d3-array\src\greatestIndex.js"
"groupSort.js","2","C:\valente_conecta\node_modules\d3-array\src\groupSort.js | C:\valente_conecta\node_modules\victory-vendor\lib-vendor\d3-array\src\groupSort.js"
"least.js","2","C:\valente_conecta\node_modules\d3-array\src\least.js | C:\valente_conecta\node_modules\victory-vendor\lib-vendor\d3-array\src\least.js"
"leastIndex.js","2","C:\valente_conecta\node_modules\d3-array\src\leastIndex.js | C:\valente_conecta\node_modules\victory-vendor\lib-vendor\d3-array\src\leastIndex.js"
"max.js","7","C:\valente_conecta\node_modules\d3-array\src\max.js | C:\valente_conecta\node_modules\es-toolkit\compat\max.js | C:\valente_conecta\node_modules\es-toolkit\dist\compat\math\max.js | C:\valente_conecta\node_modules\lodash\fp\max.js | C:\valente_conecta\node_modules\lodash\max.js | C:\valente_conecta\node_modules\math-intrinsics\max.js | C:\valente_conecta\node_modules\victory-vendor\lib-vendor\d3-array\src\max.js"
"maxIndex.js","2","C:\valente_conecta\node_modules\d3-array\src\maxIndex.js | C:\valente_conecta\node_modules\victory-vendor\lib-vendor\d3-array\src\maxIndex.js"
"mean.js","7","C:\valente_conecta\node_modules\d3-array\src\mean.js | C:\valente_conecta\node_modules\es-toolkit\compat\mean.js | C:\valente_conecta\node_modules\es-toolkit\dist\compat\math\mean.js | C:\valente_conecta\node_modules\es-toolkit\dist\math\mean.js | C:\valente_conecta\node_modules\lodash\fp\mean.js | C:\valente_conecta\node_modules\lodash\mean.js | C:\valente_conecta\node_modules\victory-vendor\lib-vendor\d3-array\src\mean.js"
"median.js","3","C:\valente_conecta\node_modules\d3-array\src\median.js | C:\valente_conecta\node_modules\es-toolkit\dist\math\median.js | C:\valente_conecta\node_modules\victory-vendor\lib-vendor\d3-array\src\median.js"
"min.js","7","C:\valente_conecta\node_modules\d3-array\src\min.js | C:\valente_conecta\node_modules\es-toolkit\compat\min.js | C:\valente_conecta\node_modules\es-toolkit\dist\compat\math\min.js | C:\valente_conecta\node_modules\lodash\fp\min.js | C:\valente_conecta\node_modules\lodash\min.js | C:\valente_conecta\node_modules\math-intrinsics\min.js | C:\valente_conecta\node_modules\victory-vendor\lib-vendor\d3-array\src\min.js"
"minIndex.js","2","C:\valente_conecta\node_modules\d3-array\src\minIndex.js | C:\valente_conecta\node_modules\victory-vendor\lib-vendor\d3-array\src\minIndex.js"
"mode.js","2","C:\valente_conecta\node_modules\d3-array\src\mode.js | C:\valente_conecta\node_modules\victory-vendor\lib-vendor\d3-array\src\mode.js"
"nice.js","4","C:\valente_conecta\node_modules\d3-array\src\nice.js | C:\valente_conecta\node_modules\d3-scale\src\nice.js | C:\valente_conecta\node_modules\victory-vendor\lib-vendor\d3-array\src\nice.js | C:\valente_conecta\node_modules\victory-vendor\lib-vendor\d3-scale\src\nice.js"
"number.js","9","C:\valente_conecta\node_modules\d3-array\src\number.js | C:\valente_conecta\node_modules\d3-interpolate\src\number.js | C:\valente_conecta\node_modules\d3-scale\src\number.js | C:\valente_conecta\node_modules\lodash\fp\number.js | C:\valente_conecta\node_modules\lodash\number.js | C:\valente_conecta\node_modules\object-inspect\test\number.js | C:\valente_conecta\node_modules\victory-vendor\lib-vendor\d3-array\src\number.js | C:\valente_conecta\node_modules\victory-vendor\lib-vendor\d3-interpolate\src\number.js | C:\valente_conecta\node_modules\victory-vendor\lib-vendor\d3-scale\src\number.js"
"pairs.js","2","C:\valente_conecta\node_modules\d3-array\src\pairs.js | C:\valente_conecta\node_modules\victory-vendor\lib-vendor\d3-array\src\pairs.js"
"permute.js","2","C:\valente_conecta\node_modules\d3-array\src\permute.js | C:\valente_conecta\node_modules\victory-vendor\lib-vendor\d3-array\src\permute.js"
"quantile.js","4","C:\valente_conecta\node_modules\d3-array\src\quantile.js | C:\valente_conecta\node_modules\d3-scale\src\quantile.js | C:\valente_conecta\node_modules\victory-vendor\lib-vendor\d3-array\src\quantile.js | C:\valente_conecta\node_modules\victory-vendor\lib-vendor\d3-scale\src\quantile.js"
"quickselect.js","2","C:\valente_conecta\node_modules\d3-array\src\quickselect.js | C:\valente_conecta\node_modules\victory-vendor\lib-vendor\d3-array\src\quickselect.js"
"rank.js","2","C:\valente_conecta\node_modules\d3-array\src\rank.js | C:\valente_conecta\node_modules\victory-vendor\lib-vendor\d3-array\src\rank.js"
"scan.js","5","C:\valente_conecta\node_modules\d3-array\src\scan.js | C:\valente_conecta\node_modules\lucide-react\dist\esm\icons\scan.js | C:\valente_conecta\node_modules\picomatch\lib\scan.js | C:\valente_conecta\node_modules\tinyglobby\node_modules\picomatch\lib\scan.js | C:\valente_conecta\node_modules\victory-vendor\lib-vendor\d3-array\src\scan.js"
"shuffle.js","8","C:\valente_conecta\node_modules\d3-array\src\shuffle.js | C:\valente_conecta\node_modules\es-toolkit\compat\shuffle.js | C:\valente_conecta\node_modules\es-toolkit\dist\array\shuffle.js | C:\valente_conecta\node_modules\es-toolkit\dist\compat\array\shuffle.js | C:\valente_conecta\node_modules\lodash\fp\shuffle.js | C:\valente_conecta\node_modules\lodash\shuffle.js | C:\valente_conecta\node_modules\lucide-react\dist\esm\icons\shuffle.js | C:\valente_conecta\node_modules\victory-vendor\lib-vendor\d3-array\src\shuffle.js"
"subset.js","3","C:\valente_conecta\node_modules\d3-array\src\subset.js | C:\valente_conecta\node_modules\semver\ranges\subset.js | C:\valente_conecta\node_modules\victory-vendor\lib-vendor\d3-array\src\subset.js"
"sum.js","7","C:\valente_conecta\node_modules\d3-array\src\sum.js | C:\valente_conecta\node_modules\es-toolkit\compat\sum.js | C:\valente_conecta\node_modules\es-toolkit\dist\compat\math\sum.js | C:\valente_conecta\node_modules\es-toolkit\dist\math\sum.js | C:\valente_conecta\node_modules\lodash\fp\sum.js | C:\valente_conecta\node_modules\lodash\sum.js | C:\valente_conecta\node_modules\victory-vendor\lib-vendor\d3-array\src\sum.js"
"superset.js","2","C:\valente_conecta\node_modules\d3-array\src\superset.js | C:\valente_conecta\node_modules\victory-vendor\lib-vendor\d3-array\src\superset.js"
"ticks.js","4","C:\valente_conecta\node_modules\d3-array\src\ticks.js | C:\valente_conecta\node_modules\d3-time\src\ticks.js | C:\valente_conecta\node_modules\victory-vendor\lib-vendor\d3-array\src\ticks.js | C:\valente_conecta\node_modules\victory-vendor\lib-vendor\d3-time\src\ticks.js"
"transpose.js","2","C:\valente_conecta\node_modules\d3-array\src\transpose.js | C:\valente_conecta\node_modules\victory-vendor\lib-vendor\d3-array\src\transpose.js"
"variance.js","2","C:\valente_conecta\node_modules\d3-array\src\variance.js | C:\valente_conecta\node_modules\victory-vendor\lib-vendor\d3-array\src\variance.js"
"d3-color.js","3","C:\valente_conecta\node_modules\d3-color\dist\d3-color.js | C:\valente_conecta\node_modules\victory-vendor\es\d3-color.js | C:\valente_conecta\node_modules\victory-vendor\lib\d3-color.js"
"color.js","8","C:\valente_conecta\node_modules\d3-color\src\color.js | C:\valente_conecta\node_modules\d3-interpolate\src\color.js | C:\valente_conecta\node_modules\html2canvas\dist\lib\css\property-descriptors\color.js | C:\valente_conecta\node_modules\html2canvas\dist\lib\css\types\color.js | C:\valente_conecta\node_modules\tailwindcss\lib\util\color.js | C:\valente_conecta\node_modules\tailwindcss\src\util\color.js | C:\valente_conecta\node_modules\victory-vendor\lib-vendor\d3-color\src\color.js | C:\valente_conecta\node_modules\victory-vendor\lib-vendor\d3-interpolate\src\color.js"
"cubehelix.js","4","C:\valente_conecta\node_modules\d3-color\src\cubehelix.js | C:\valente_conecta\node_modules\d3-interpolate\src\cubehelix.js | C:\valente_conecta\node_modules\victory-vendor\lib-vendor\d3-color\src\cubehelix.js | C:\valente_conecta\node_modules\victory-vendor\lib-vendor\d3-interpolate\src\cubehelix.js"
"define.js","2","C:\valente_conecta\node_modules\d3-color\src\define.js | C:\valente_conecta\node_modules\victory-vendor\lib-vendor\d3-color\src\define.js"
"lab.js","4","C:\valente_conecta\node_modules\d3-color\src\lab.js | C:\valente_conecta\node_modules\d3-interpolate\src\lab.js | C:\valente_conecta\node_modules\victory-vendor\lib-vendor\d3-color\src\lab.js | C:\valente_conecta\node_modules\victory-vendor\lib-vendor\d3-interpolate\src\lab.js"
"math.js","9","C:\valente_conecta\node_modules\d3-color\src\math.js | C:\valente_conecta\node_modules\d3-ease\src\math.js | C:\valente_conecta\node_modules\d3-shape\src\math.js | C:\valente_conecta\node_modules\es-toolkit\math.js | C:\valente_conecta\node_modules\lodash\fp\math.js | C:\valente_conecta\node_modules\lodash\math.js | C:\valente_conecta\node_modules\victory-vendor\lib-vendor\d3-color\src\math.js | C:\valente_conecta\node_modules\victory-vendor\lib-vendor\d3-ease\src\math.js | C:\valente_conecta\node_modules\victory-vendor\lib-vendor\d3-shape\src\math.js"
"d3-ease.js","4","C:\valente_conecta\node_modules\d3-ease\dist\d3-ease.js | C:\valente_conecta\node_modules\victory-vendor\es\d3-ease.js | C:\valente_conecta\node_modules\victory-vendor\lib\d3-ease.js | C:\valente_conecta\node_modules\victory-vendor\d3-ease.js"
"back.js","2","C:\valente_conecta\node_modules\d3-ease\src\back.js | C:\valente_conecta\node_modules\victory-vendor\lib-vendor\d3-ease\src\back.js"
"bounce.js","2","C:\valente_conecta\node_modules\d3-ease\src\bounce.js | C:\valente_conecta\node_modules\victory-vendor\lib-vendor\d3-ease\src\bounce.js"
"circle.js","6","C:\valente_conecta\node_modules\d3-ease\src\circle.js | C:\valente_conecta\node_modules\d3-shape\src\symbol\circle.js | C:\valente_conecta\node_modules\lucide-react\dist\esm\icons\circle.js | C:\valente_conecta\node_modules\victory-vendor\lib-vendor\d3-ease\src\circle.js | C:\valente_conecta\node_modules\victory-vendor\lib-vendor\d3-shape\src\symbol\circle.js | C:\valente_conecta\node_modules\victory-vendor\lib-vendor\d3-voronoi\src\Circle.js"
"cubic.js","2","C:\valente_conecta\node_modules\d3-ease\src\cubic.js | C:\valente_conecta\node_modules\victory-vendor\lib-vendor\d3-ease\src\cubic.js"
"elastic.js","2","C:\valente_conecta\node_modules\d3-ease\src\elastic.js | C:\valente_conecta\node_modules\victory-vendor\lib-vendor\d3-ease\src\elastic.js"
"exp.js","2","C:\valente_conecta\node_modules\d3-ease\src\exp.js | C:\valente_conecta\node_modules\victory-vendor\lib-vendor\d3-ease\src\exp.js"
"linear.js","6","C:\valente_conecta\node_modules\d3-ease\src\linear.js | C:\valente_conecta\node_modules\d3-scale\src\linear.js | C:\valente_conecta\node_modules\d3-shape\src\curve\linear.js | C:\valente_conecta\node_modules\victory-vendor\lib-vendor\d3-ease\src\linear.js | C:\valente_conecta\node_modules\victory-vendor\lib-vendor\d3-scale\src\linear.js | C:\valente_conecta\node_modules\victory-vendor\lib-vendor\d3-shape\src\curve\linear.js"
"poly.js","2","C:\valente_conecta\node_modules\d3-ease\src\poly.js | C:\valente_conecta\node_modules\victory-vendor\lib-vendor\d3-ease\src\poly.js"
"quad.js","2","C:\valente_conecta\node_modules\d3-ease\src\quad.js | C:\valente_conecta\node_modules\victory-vendor\lib-vendor\d3-ease\src\quad.js"
"sin.js","2","C:\valente_conecta\node_modules\d3-ease\src\sin.js | C:\valente_conecta\node_modules\victory-vendor\lib-vendor\d3-ease\src\sin.js"
"d3-format.js","3","C:\valente_conecta\node_modules\d3-format\dist\d3-format.js | C:\valente_conecta\node_modules\victory-vendor\es\d3-format.js | C:\valente_conecta\node_modules\victory-vendor\lib\d3-format.js"
"defaultLocale.js","4","C:\valente_conecta\node_modules\d3-format\src\defaultLocale.js | C:\valente_conecta\node_modules\d3-time-format\src\defaultLocale.js | C:\valente_conecta\node_modules\victory-vendor\lib-vendor\d3-format\src\defaultLocale.js | C:\valente_conecta\node_modules\victory-vendor\lib-vendor\d3-time-format\src\defaultLocale.js"
"exponent.js","2","C:\valente_conecta\node_modules\d3-format\src\exponent.js | C:\valente_conecta\node_modules\victory-vendor\lib-vendor\d3-format\src\exponent.js"
"formatDecimal.js","2","C:\valente_conecta\node_modules\d3-format\src\formatDecimal.js | C:\valente_conecta\node_modules\victory-vendor\lib-vendor\d3-format\src\formatDecimal.js"
"formatGroup.js","2","C:\valente_conecta\node_modules\d3-format\src\formatGroup.js | C:\valente_conecta\node_modules\victory-vendor\lib-vendor\d3-format\src\formatGroup.js"
"formatNumerals.js","2","C:\valente_conecta\node_modules\d3-format\src\formatNumerals.js | C:\valente_conecta\node_modules\victory-vendor\lib-vendor\d3-format\src\formatNumerals.js"
"formatPrefixAuto.js","2","C:\valente_conecta\node_modules\d3-format\src\formatPrefixAuto.js | C:\valente_conecta\node_modules\victory-vendor\lib-vendor\d3-format\src\formatPrefixAuto.js"
"formatRounded.js","2","C:\valente_conecta\node_modules\d3-format\src\formatRounded.js | C:\valente_conecta\node_modules\victory-vendor\lib-vendor\d3-format\src\formatRounded.js"
"formatSpecifier.js","2","C:\valente_conecta\node_modules\d3-format\src\formatSpecifier.js | C:\valente_conecta\node_modules\victory-vendor\lib-vendor\d3-format\src\formatSpecifier.js"
"formatTrim.js","2","C:\valente_conecta\node_modules\d3-format\src\formatTrim.js | C:\valente_conecta\node_modules\victory-vendor\lib-vendor\d3-format\src\formatTrim.js"
"formatTypes.js","2","C:\valente_conecta\node_modules\d3-format\src\formatTypes.js | C:\valente_conecta\node_modules\victory-vendor\lib-vendor\d3-format\src\formatTypes.js"
"locale.js","5","C:\valente_conecta\node_modules\d3-format\src\locale.js | C:\valente_conecta\node_modules\d3-time-format\src\locale.js | C:\valente_conecta\node_modules\luxon\src\impl\locale.js | C:\valente_conecta\node_modules\victory-vendor\lib-vendor\d3-format\src\locale.js | C:\valente_conecta\node_modules\victory-vendor\lib-vendor\d3-time-format\src\locale.js"
"precisionFixed.js","2","C:\valente_conecta\node_modules\d3-format\src\precisionFixed.js | C:\valente_conecta\node_modules\victory-vendor\lib-vendor\d3-format\src\precisionFixed.js"
"precisionPrefix.js","2","C:\valente_conecta\node_modules\d3-format\src\precisionPrefix.js | C:\valente_conecta\node_modules\victory-vendor\lib-vendor\d3-format\src\precisionPrefix.js"
"precisionRound.js","2","C:\valente_conecta\node_modules\d3-format\src\precisionRound.js | C:\valente_conecta\node_modules\victory-vendor\lib-vendor\d3-format\src\precisionRound.js"
"d3-interpolate.js","4","C:\valente_conecta\node_modules\d3-interpolate\dist\d3-interpolate.js | C:\valente_conecta\node_modules\victory-vendor\es\d3-interpolate.js | C:\valente_conecta\node_modules\victory-vendor\lib\d3-interpolate.js | C:\valente_conecta\node_modules\victory-vendor\d3-interpolate.js"
"decompose.js","2","C:\valente_conecta\node_modules\d3-interpolate\src\transform\decompose.js | C:\valente_conecta\node_modules\victory-vendor\lib-vendor\d3-interpolate\src\transform\decompose.js"
"basis.js","4","C:\valente_conecta\node_modules\d3-interpolate\src\basis.js | C:\valente_conecta\node_modules\d3-shape\src\curve\basis.js | C:\valente_conecta\node_modules\victory-vendor\lib-vendor\d3-interpolate\src\basis.js | C:\valente_conecta\node_modules\victory-vendor\lib-vendor\d3-shape\src\curve\basis.js"
"basisClosed.js","4","C:\valente_conecta\node_modules\d3-interpolate\src\basisClosed.js | C:\valente_conecta\node_modules\d3-shape\src\curve\basisClosed.js | C:\valente_conecta\node_modules\victory-vendor\lib-vendor\d3-interpolate\src\basisClosed.js | C:\valente_conecta\node_modules\victory-vendor\lib-vendor\d3-shape\src\curve\basisClosed.js"
"discrete.js","2","C:\valente_conecta\node_modules\d3-interpolate\src\discrete.js | C:\valente_conecta\node_modules\victory-vendor\lib-vendor\d3-interpolate\src\discrete.js"
"hcl.js","2","C:\valente_conecta\node_modules\d3-interpolate\src\hcl.js | C:\valente_conecta\node_modules\victory-vendor\lib-vendor\d3-interpolate\src\hcl.js"
"hsl.js","2","C:\valente_conecta\node_modules\d3-interpolate\src\hsl.js | C:\valente_conecta\node_modules\victory-vendor\lib-vendor\d3-interpolate\src\hsl.js"
"hue.js","2","C:\valente_conecta\node_modules\d3-interpolate\src\hue.js | C:\valente_conecta\node_modules\victory-vendor\lib-vendor\d3-interpolate\src\hue.js"
"numberArray.js","2","C:\valente_conecta\node_modules\d3-interpolate\src\numberArray.js | C:\valente_conecta\node_modules\victory-vendor\lib-vendor\d3-interpolate\src\numberArray.js"
"object.js","5","C:\valente_conecta\node_modules\d3-interpolate\src\object.js | C:\valente_conecta\node_modules\es-toolkit\object.js | C:\valente_conecta\node_modules\lodash\fp\object.js | C:\valente_conecta\node_modules\lodash\object.js | C:\valente_conecta\node_modules\victory-vendor\lib-vendor\d3-interpolate\src\object.js"
"piecewise.js","2","C:\valente_conecta\node_modules\d3-interpolate\src\piecewise.js | C:\valente_conecta\node_modules\victory-vendor\lib-vendor\d3-interpolate\src\piecewise.js"
"quantize.js","4","C:\valente_conecta\node_modules\d3-interpolate\src\quantize.js | C:\valente_conecta\node_modules\d3-scale\src\quantize.js | C:\valente_conecta\node_modules\victory-vendor\lib-vendor\d3-interpolate\src\quantize.js | C:\valente_conecta\node_modules\victory-vendor\lib-vendor\d3-scale\src\quantize.js"
"rgb.js","3","C:\valente_conecta\node_modules\d3-interpolate\src\rgb.js | C:\valente_conecta\node_modules\es-toolkit\dist\server\colors\rgb.js | C:\valente_conecta\node_modules\victory-vendor\lib-vendor\d3-interpolate\src\rgb.js"
"round.js","10","C:\valente_conecta\node_modules\d3-interpolate\src\round.js | C:\valente_conecta\node_modules\es-toolkit\compat\round.js | C:\valente_conecta\node_modules\es-toolkit\dist\compat\math\round.js | C:\valente_conecta\node_modules\es-toolkit\dist\math\round.js | C:\valente_conecta\node_modules\lodash\fp\round.js | C:\valente_conecta\node_modules\lodash\round.js | C:\valente_conecta\node_modules\math-intrinsics\round.js | C:\valente_conecta\node_modules\recharts\es6\util\round.js | C:\valente_conecta\node_modules\recharts\lib\util\round.js | C:\valente_conecta\node_modules\victory-vendor\lib-vendor\d3-interpolate\src\round.js"
"string.js","7","C:\valente_conecta\node_modules\d3-interpolate\src\string.js | C:\valente_conecta\node_modules\es-toolkit\string.js | C:\valente_conecta\node_modules\fast-glob\out\utils\string.js | C:\valente_conecta\node_modules\lodash\fp\string.js | C:\valente_conecta\node_modules\lodash\string.js | C:\valente_conecta\node_modules\postcss-selector-parser\dist\selectors\string.js | C:\valente_conecta\node_modules\victory-vendor\lib-vendor\d3-interpolate\src\string.js"
"zoom.js","2","C:\valente_conecta\node_modules\d3-interpolate\src\zoom.js | C:\valente_conecta\node_modules\victory-vendor\lib-vendor\d3-interpolate\src\zoom.js"
"d3-path.js","3","C:\valente_conecta\node_modules\d3-path\dist\d3-path.js | C:\valente_conecta\node_modules\victory-vendor\es\d3-path.js | C:\valente_conecta\node_modules\victory-vendor\lib\d3-path.js"
"d3-scale.js","4","C:\valente_conecta\node_modules\d3-scale\dist\d3-scale.js | C:\valente_conecta\node_modules\victory-vendor\es\d3-scale.js | C:\valente_conecta\node_modules\victory-vendor\lib\d3-scale.js | C:\valente_conecta\node_modules\victory-vendor\d3-scale.js"
"band.js","2","C:\valente_conecta\node_modules\d3-scale\src\band.js | C:\valente_conecta\node_modules\victory-vendor\lib-vendor\d3-scale\src\band.js"
"colors.js","5","C:\valente_conecta\node_modules\d3-scale\src\colors.js | C:\valente_conecta\node_modules\tailwindcss\lib\public\colors.js | C:\valente_conecta\node_modules\tailwindcss\src\public\colors.js | C:\valente_conecta\node_modules\tailwindcss\colors.js | C:\valente_conecta\node_modules\victory-vendor\lib-vendor\d3-scale\src\colors.js"
"continuous.js","2","C:\valente_conecta\node_modules\d3-scale\src\continuous.js | C:\valente_conecta\node_modules\victory-vendor\lib-vendor\d3-scale\src\continuous.js"
"diverging.js","4","C:\valente_conecta\node_modules\d3-scale\src\diverging.js | C:\valente_conecta\node_modules\d3-shape\src\offset\diverging.js | C:\valente_conecta\node_modules\victory-vendor\lib-vendor\d3-scale\src\diverging.js | C:\valente_conecta\node_modules\victory-vendor\lib-vendor\d3-shape\src\offset\diverging.js"
"init.js","3","C:\valente_conecta\node_modules\d3-scale\src\init.js | C:\valente_conecta\node_modules\lodash\fp\init.js | C:\valente_conecta\node_modules\victory-vendor\lib-vendor\d3-scale\src\init.js"
"log.js","7","C:\valente_conecta\node_modules\d3-scale\src\log.js | C:\valente_conecta\node_modules\next\dist\build\output\log.js | C:\valente_conecta\node_modules\next\dist\esm\build\output\log.js | C:\valente_conecta\node_modules\prebuild-install\log.js | C:\valente_conecta\node_modules\tailwindcss\lib\util\log.js | C:\valente_conecta\node_modules\tailwindcss\src\util\log.js | C:\valente_conecta\node_modules\victory-vendor\lib-vendor\d3-scale\src\log.js"
"ordinal.js","2","C:\valente_conecta\node_modules\d3-scale\src\ordinal.js | C:\valente_conecta\node_modules\victory-vendor\lib-vendor\d3-scale\src\ordinal.js"
"pow.js","3","C:\valente_conecta\node_modules\d3-scale\src\pow.js | C:\valente_conecta\node_modules\math-intrinsics\pow.js | C:\valente_conecta\node_modules\victory-vendor\lib-vendor\d3-scale\src\pow.js"
"radial.js","4","C:\valente_conecta\node_modules\d3-scale\src\radial.js | C:\valente_conecta\node_modules\d3-shape\src\curve\radial.js | C:\valente_conecta\node_modules\victory-vendor\lib-vendor\d3-scale\src\radial.js | C:\valente_conecta\node_modules\victory-vendor\lib-vendor\d3-shape\src\curve\radial.js"
"sequential.js","2","C:\valente_conecta\node_modules\d3-scale\src\sequential.js | C:\valente_conecta\node_modules\victory-vendor\lib-vendor\d3-scale\src\sequential.js"
"sequentialQuantile.js","2","C:\valente_conecta\node_modules\d3-scale\src\sequentialQuantile.js | C:\valente_conecta\node_modules\victory-vendor\lib-vendor\d3-scale\src\sequentialQuantile.js"
"symlog.js","2","C:\valente_conecta\node_modules\d3-scale\src\symlog.js | C:\valente_conecta\node_modules\victory-vendor\lib-vendor\d3-scale\src\symlog.js"
"threshold.js","2","C:\valente_conecta\node_modules\d3-scale\src\threshold.js | C:\valente_conecta\node_modules\victory-vendor\lib-vendor\d3-scale\src\threshold.js"
"tickFormat.js","2","C:\valente_conecta\node_modules\d3-scale\src\tickFormat.js | C:\valente_conecta\node_modules\victory-vendor\lib-vendor\d3-scale\src\tickFormat.js"
"time.js","3","C:\valente_conecta\node_modules\d3-scale\src\time.js | C:\valente_conecta\node_modules\html2canvas\dist\lib\css\types\time.js | C:\valente_conecta\node_modules\victory-vendor\lib-vendor\d3-scale\src\time.js"
"utcTime.js","2","C:\valente_conecta\node_modules\d3-scale\src\utcTime.js | C:\valente_conecta\node_modules\victory-vendor\lib-vendor\d3-scale\src\utcTime.js"
"d3-shape.js","4","C:\valente_conecta\node_modules\d3-shape\dist\d3-shape.js | C:\valente_conecta\node_modules\victory-vendor\es\d3-shape.js | C:\valente_conecta\node_modules\victory-vendor\lib\d3-shape.js | C:\valente_conecta\node_modules\victory-vendor\d3-shape.js"
"basisOpen.js","2","C:\valente_conecta\node_modules\d3-shape\src\curve\basisOpen.js | C:\valente_conecta\node_modules\victory-vendor\lib-vendor\d3-shape\src\curve\basisOpen.js"
"bump.js","2","C:\valente_conecta\node_modules\d3-shape\src\curve\bump.js | C:\valente_conecta\node_modules\victory-vendor\lib-vendor\d3-shape\src\curve\bump.js"
"bundle.js","3","C:\valente_conecta\node_modules\d3-shape\src\curve\bundle.js | C:\valente_conecta\node_modules\next\dist\compiled\babel\bundle.js | C:\valente_conecta\node_modules\victory-vendor\lib-vendor\d3-shape\src\curve\bundle.js"
"cardinal.js","2","C:\valente_conecta\node_modules\d3-shape\src\curve\cardinal.js | C:\valente_conecta\node_modules\victory-vendor\lib-vendor\d3-shape\src\curve\cardinal.js"
"cardinalClosed.js","2","C:\valente_conecta\node_modules\d3-shape\src\curve\cardinalClosed.js | C:\valente_conecta\node_modules\victory-vendor\lib-vendor\d3-shape\src\curve\cardinalClosed.js"
"cardinalOpen.js","2","C:\valente_conecta\node_modules\d3-shape\src\curve\cardinalOpen.js | C:\valente_conecta\node_modules\victory-vendor\lib-vendor\d3-shape\src\curve\cardinalOpen.js"
"catmullRom.js","2","C:\valente_conecta\node_modules\d3-shape\src\curve\catmullRom.js | C:\valente_conecta\node_modules\victory-vendor\lib-vendor\d3-shape\src\curve\catmullRom.js"
"catmullRomClosed.js","2","C:\valente_conecta\node_modules\d3-shape\src\curve\catmullRomClosed.js | C:\valente_conecta\node_modules\victory-vendor\lib-vendor\d3-shape\src\curve\catmullRomClosed.js"
"catmullRomOpen.js","2","C:\valente_conecta\node_modules\d3-shape\src\curve\catmullRomOpen.js | C:\valente_conecta\node_modules\victory-vendor\lib-vendor\d3-shape\src\curve\catmullRomOpen.js"
"linearClosed.js","2","C:\valente_conecta\node_modules\d3-shape\src\curve\linearClosed.js | C:\valente_conecta\node_modules\victory-vendor\lib-vendor\d3-shape\src\curve\linearClosed.js"
"monotone.js","2","C:\valente_conecta\node_modules\d3-shape\src\curve\monotone.js | C:\valente_conecta\node_modules\victory-vendor\lib-vendor\d3-shape\src\curve\monotone.js"
"natural.js","2","C:\valente_conecta\node_modules\d3-shape\src\curve\natural.js | C:\valente_conecta\node_modules\victory-vendor\lib-vendor\d3-shape\src\curve\natural.js"
"step.js","3","C:\valente_conecta\node_modules\d3-shape\src\curve\step.js | C:\valente_conecta\node_modules\next\dist\experimental\testmode\playwright\step.js | C:\valente_conecta\node_modules\victory-vendor\lib-vendor\d3-shape\src\curve\step.js"
"none.js","4","C:\valente_conecta\node_modules\d3-shape\src\offset\none.js | C:\valente_conecta\node_modules\d3-shape\src\order\none.js | C:\valente_conecta\node_modules\victory-vendor\lib-vendor\d3-shape\src\offset\none.js | C:\valente_conecta\node_modules\victory-vendor\lib-vendor\d3-shape\src\order\none.js"
"silhouette.js","2","C:\valente_conecta\node_modules\d3-shape\src\offset\silhouette.js | C:\valente_conecta\node_modules\victory-vendor\lib-vendor\d3-shape\src\offset\silhouette.js"
"wiggle.js","2","C:\valente_conecta\node_modules\d3-shape\src\offset\wiggle.js | C:\valente_conecta\node_modules\victory-vendor\lib-vendor\d3-shape\src\offset\wiggle.js"
"insideOut.js","2","C:\valente_conecta\node_modules\d3-shape\src\order\insideOut.js | C:\valente_conecta\node_modules\victory-vendor\lib-vendor\d3-shape\src\order\insideOut.js"
"asterisk.js","3","C:\valente_conecta\node_modules\d3-shape\src\symbol\asterisk.js | C:\valente_conecta\node_modules\lucide-react\dist\esm\icons\asterisk.js | C:\valente_conecta\node_modules\victory-vendor\lib-vendor\d3-shape\src\symbol\asterisk.js"
"diamond.js","3","C:\valente_conecta\node_modules\d3-shape\src\symbol\diamond.js | C:\valente_conecta\node_modules\lucide-react\dist\esm\icons\diamond.js | C:\valente_conecta\node_modules\victory-vendor\lib-vendor\d3-shape\src\symbol\diamond.js"
"diamond2.js","2","C:\valente_conecta\node_modules\d3-shape\src\symbol\diamond2.js | C:\valente_conecta\node_modules\victory-vendor\lib-vendor\d3-shape\src\symbol\diamond2.js"
"plus.js","3","C:\valente_conecta\node_modules\d3-shape\src\symbol\plus.js | C:\valente_conecta\node_modules\lucide-react\dist\esm\icons\plus.js | C:\valente_conecta\node_modules\victory-vendor\lib-vendor\d3-shape\src\symbol\plus.js"
"square.js","3","C:\valente_conecta\node_modules\d3-shape\src\symbol\square.js | C:\valente_conecta\node_modules\lucide-react\dist\esm\icons\square.js | C:\valente_conecta\node_modules\victory-vendor\lib-vendor\d3-shape\src\symbol\square.js"
"square2.js","2","C:\valente_conecta\node_modules\d3-shape\src\symbol\square2.js | C:\valente_conecta\node_modules\victory-vendor\lib-vendor\d3-shape\src\symbol\square2.js"
"star.js","3","C:\valente_conecta\node_modules\d3-shape\src\symbol\star.js | C:\valente_conecta\node_modules\lucide-react\dist\esm\icons\star.js | C:\valente_conecta\node_modules\victory-vendor\lib-vendor\d3-shape\src\symbol\star.js"
"times.js","5","C:\valente_conecta\node_modules\d3-shape\src\symbol\times.js | C:\valente_conecta\node_modules\es-toolkit\compat\times.js | C:\valente_conecta\node_modules\es-toolkit\dist\compat\util\times.js | C:\valente_conecta\node_modules\lodash\fp\times.js | C:\valente_conecta\node_modules\lodash\times.js"
"triangle.js","3","C:\valente_conecta\node_modules\d3-shape\src\symbol\triangle.js | C:\valente_conecta\node_modules\lucide-react\dist\esm\icons\triangle.js | C:\valente_conecta\node_modules\victory-vendor\lib-vendor\d3-shape\src\symbol\triangle.js"
"triangle2.js","2","C:\valente_conecta\node_modules\d3-shape\src\symbol\triangle2.js | C:\valente_conecta\node_modules\victory-vendor\lib-vendor\d3-shape\src\symbol\triangle2.js"
"wye.js","2","C:\valente_conecta\node_modules\d3-shape\src\symbol\wye.js | C:\valente_conecta\node_modules\victory-vendor\lib-vendor\d3-shape\src\symbol\wye.js"
"arc.js","2","C:\valente_conecta\node_modules\d3-shape\src\arc.js | C:\valente_conecta\node_modules\victory-vendor\lib-vendor\d3-shape\src\arc.js"
"area.js","4","C:\valente_conecta\node_modules\d3-shape\src\area.js | C:\valente_conecta\node_modules\recharts\es6\cartesian\Area.js | C:\valente_conecta\node_modules\recharts\lib\cartesian\Area.js | C:\valente_conecta\node_modules\victory-vendor\lib-vendor\d3-shape\src\area.js"
"areaRadial.js","2","C:\valente_conecta\node_modules\d3-shape\src\areaRadial.js | C:\valente_conecta\node_modules\victory-vendor\lib-vendor\d3-shape\src\areaRadial.js"
"line.js","4","C:\valente_conecta\node_modules\d3-shape\src\line.js | C:\valente_conecta\node_modules\recharts\es6\cartesian\Line.js | C:\valente_conecta\node_modules\recharts\lib\cartesian\Line.js | C:\valente_conecta\node_modules\victory-vendor\lib-vendor\d3-shape\src\line.js"
"lineRadial.js","2","C:\valente_conecta\node_modules\d3-shape\src\lineRadial.js | C:\valente_conecta\node_modules\victory-vendor\lib-vendor\d3-shape\src\lineRadial.js"
"noop.js","7","C:\valente_conecta\node_modules\d3-shape\src\noop.js | C:\valente_conecta\node_modules\es-toolkit\compat\noop.js | C:\valente_conecta\node_modules\es-toolkit\dist\compat\function\noop.js | C:\valente_conecta\node_modules\es-toolkit\dist\function\noop.js | C:\valente_conecta\node_modules\lodash\fp\noop.js | C:\valente_conecta\node_modules\lodash\noop.js | C:\valente_conecta\node_modules\victory-vendor\lib-vendor\d3-shape\src\noop.js"
"pie.js","4","C:\valente_conecta\node_modules\d3-shape\src\pie.js | C:\valente_conecta\node_modules\recharts\es6\polar\Pie.js | C:\valente_conecta\node_modules\recharts\lib\polar\Pie.js | C:\valente_conecta\node_modules\victory-vendor\lib-vendor\d3-shape\src\pie.js"
"point.js","3","C:\valente_conecta\node_modules\d3-shape\src\point.js | C:\valente_conecta\node_modules\victory-vendor\lib-vendor\d3-shape\src\point.js | C:\valente_conecta\node_modules\victory-vendor\lib-vendor\d3-voronoi\src\point.js"
"pointRadial.js","2","C:\valente_conecta\node_modules\d3-shape\src\pointRadial.js | C:\valente_conecta\node_modules\victory-vendor\lib-vendor\d3-shape\src\pointRadial.js"
"stack.js","2","C:\valente_conecta\node_modules\d3-shape\src\stack.js | C:\valente_conecta\node_modules\victory-vendor\lib-vendor\d3-shape\src\stack.js"
"symbol.js","2","C:\valente_conecta\node_modules\d3-shape\src\symbol.js | C:\valente_conecta\node_modules\victory-vendor\lib-vendor\d3-shape\src\symbol.js"
"d3-time.js","4","C:\valente_conecta\node_modules\d3-time\dist\d3-time.js | C:\valente_conecta\node_modules\victory-vendor\es\d3-time.js | C:\valente_conecta\node_modules\victory-vendor\lib\d3-time.js | C:\valente_conecta\node_modules\victory-vendor\d3-time.js"
"day.js","2","C:\valente_conecta\node_modules\d3-time\src\day.js | C:\valente_conecta\node_modules\victory-vendor\lib-vendor\d3-time\src\day.js"
"duration.js","4","C:\valente_conecta\node_modules\d3-time\src\duration.js | C:\valente_conecta\node_modules\html2canvas\dist\lib\css\property-descriptors\duration.js | C:\valente_conecta\node_modules\luxon\src\duration.js | C:\valente_conecta\node_modules\victory-vendor\lib-vendor\d3-time\src\duration.js"
"hour.js","2","C:\valente_conecta\node_modules\d3-time\src\hour.js | C:\valente_conecta\node_modules\victory-vendor\lib-vendor\d3-time\src\hour.js"
"interval.js","5","C:\valente_conecta\node_modules\d3-time\src\interval.js | C:\valente_conecta\node_modules\d3-timer\src\interval.js | C:\valente_conecta\node_modules\luxon\src\interval.js | C:\valente_conecta\node_modules\victory-vendor\lib-vendor\d3-time\src\interval.js | C:\valente_conecta\node_modules\victory-vendor\lib-vendor\d3-timer\src\interval.js"
"millisecond.js","2","C:\valente_conecta\node_modules\d3-time\src\millisecond.js | C:\valente_conecta\node_modules\victory-vendor\lib-vendor\d3-time\src\millisecond.js"
"minute.js","2","C:\valente_conecta\node_modules\d3-time\src\minute.js | C:\valente_conecta\node_modules\victory-vendor\lib-vendor\d3-time\src\minute.js"
"month.js","2","C:\valente_conecta\node_modules\d3-time\src\month.js | C:\valente_conecta\node_modules\victory-vendor\lib-vendor\d3-time\src\month.js"
"second.js","2","C:\valente_conecta\node_modules\d3-time\src\second.js | C:\valente_conecta\node_modules\victory-vendor\lib-vendor\d3-time\src\second.js"
"week.js","2","C:\valente_conecta\node_modules\d3-time\src\week.js | C:\valente_conecta\node_modules\victory-vendor\lib-vendor\d3-time\src\week.js"
"year.js","2","C:\valente_conecta\node_modules\d3-time\src\year.js | C:\valente_conecta\node_modules\victory-vendor\lib-vendor\d3-time\src\year.js"
"d3-time-format.js","3","C:\valente_conecta\node_modules\d3-time-format\dist\d3-time-format.js | C:\valente_conecta\node_modules\victory-vendor\es\d3-time-format.js | C:\valente_conecta\node_modules\victory-vendor\lib\d3-time-format.js"
"isoFormat.js","2","C:\valente_conecta\node_modules\d3-time-format\src\isoFormat.js | C:\valente_conecta\node_modules\victory-vendor\lib-vendor\d3-time-format\src\isoFormat.js"
"isoParse.js","2","C:\valente_conecta\node_modules\d3-time-format\src\isoParse.js | C:\valente_conecta\node_modules\victory-vendor\lib-vendor\d3-time-format\src\isoParse.js"
"d3-timer.js","4","C:\valente_conecta\node_modules\d3-timer\dist\d3-timer.js | C:\valente_conecta\node_modules\victory-vendor\es\d3-timer.js | C:\valente_conecta\node_modules\victory-vendor\lib\d3-timer.js | C:\valente_conecta\node_modules\victory-vendor\d3-timer.js"
"timeout.js","3","C:\valente_conecta\node_modules\d3-timer\src\timeout.js | C:\valente_conecta\node_modules\es-toolkit\dist\promise\timeout.js | C:\valente_conecta\node_modules\victory-vendor\lib-vendor\d3-timer\src\timeout.js"
"process.js","3","C:\valente_conecta\node_modules\detect-libc\lib\process.js | C:\valente_conecta\node_modules\next\dist\build\polyfills\process.js | C:\valente_conecta\node_modules\next\dist\esm\build\polyfills\process.js"
"get.d.ts","4","C:\valente_conecta\node_modules\dunder-proto\get.d.ts | C:\valente_conecta\node_modules\es-toolkit\compat\get.d.ts | C:\valente_conecta\node_modules\es-toolkit\dist\compat\object\get.d.ts | C:\valente_conecta\node_modules\type-fest\source\get.d.ts"
"set.d.ts","4","C:\valente_conecta\node_modules\dunder-proto\set.d.ts | C:\valente_conecta\node_modules\es-toolkit\compat\set.d.ts | C:\valente_conecta\node_modules\es-toolkit\dist\compat\object\set.d.ts | C:\valente_conecta\node_modules\es-toolkit\set.d.ts"
"ejs.js","3","C:\valente_conecta\node_modules\ejs\lib\cjs\ejs.js | C:\valente_conecta\node_modules\ejs\lib\esm\ejs.js | C:\valente_conecta\node_modules\ejs\ejs.js"
"parseargs.js","2","C:\valente_conecta\node_modules\ejs\lib\cjs\parseargs.js | C:\valente_conecta\node_modules\ejs\lib\esm\parseargs.js"
"range.d.ts","4","C:\valente_conecta\node_modules\es-errors\range.d.ts | C:\valente_conecta\node_modules\es-toolkit\compat\range.d.ts | C:\valente_conecta\node_modules\es-toolkit\dist\compat\math\range.d.ts | C:\valente_conecta\node_modules\es-toolkit\dist\math\range.d.ts"
"type.d.ts","2","C:\valente_conecta\node_modules\es-errors\type.d.ts | C:\valente_conecta\node_modules\type-fest\source\internal\type.d.ts"
"type.js","2","C:\valente_conecta\node_modules\es-errors\type.js | C:\valente_conecta\node_modules\lucide-react\dist\esm\icons\type.js"
"isObject.js","5","C:\valente_conecta\node_modules\es-object-atoms\isObject.js | C:\valente_conecta\node_modules\es-toolkit\compat\isObject.js | C:\valente_conecta\node_modules\es-toolkit\dist\compat\predicate\isObject.js | C:\valente_conecta\node_modules\lodash\fp\isObject.js | C:\valente_conecta\node_modules\lodash\isObject.js"
"add.d.ts","2","C:\valente_conecta\node_modules\es-toolkit\compat\add.d.ts | C:\valente_conecta\node_modules\es-toolkit\dist\compat\math\add.d.ts"
"add.js","4","C:\valente_conecta\node_modules\es-toolkit\compat\add.js | C:\valente_conecta\node_modules\es-toolkit\dist\compat\math\add.js | C:\valente_conecta\node_modules\lodash\fp\add.js | C:\valente_conecta\node_modules\lodash\add.js"
"after.d.ts","3","C:\valente_conecta\node_modules\es-toolkit\compat\after.d.ts | C:\valente_conecta\node_modules\es-toolkit\dist\compat\function\after.d.ts | C:\valente_conecta\node_modules\es-toolkit\dist\function\after.d.ts"
"after.js","5","C:\valente_conecta\node_modules\es-toolkit\compat\after.js | C:\valente_conecta\node_modules\es-toolkit\dist\compat\function\after.js | C:\valente_conecta\node_modules\es-toolkit\dist\function\after.js | C:\valente_conecta\node_modules\lodash\fp\after.js | C:\valente_conecta\node_modules\lodash\after.js"
"ary.d.ts","3","C:\valente_conecta\node_modules\es-toolkit\compat\ary.d.ts | C:\valente_conecta\node_modules\es-toolkit\dist\compat\function\ary.d.ts | C:\valente_conecta\node_modules\es-toolkit\dist\function\ary.d.ts"
"ary.js","5","C:\valente_conecta\node_modules\es-toolkit\compat\ary.js | C:\valente_conecta\node_modules\es-toolkit\dist\compat\function\ary.js | C:\valente_conecta\node_modules\es-toolkit\dist\function\ary.js | C:\valente_conecta\node_modules\lodash\fp\ary.js | C:\valente_conecta\node_modules\lodash\ary.js"
"assign.d.ts","2","C:\valente_conecta\node_modules\es-toolkit\compat\assign.d.ts | C:\valente_conecta\node_modules\es-toolkit\dist\compat\object\assign.d.ts"
"assignIn.d.ts","2","C:\valente_conecta\node_modules\es-toolkit\compat\assignIn.d.ts | C:\valente_conecta\node_modules\es-toolkit\dist\compat\object\assignIn.d.ts"
"assignIn.js","4","C:\valente_conecta\node_modules\es-toolkit\compat\assignIn.js | C:\valente_conecta\node_modules\es-toolkit\dist\compat\object\assignIn.js | C:\valente_conecta\node_modules\lodash\fp\assignIn.js | C:\valente_conecta\node_modules\lodash\assignIn.js"
"assignInWith.d.ts","2","C:\valente_conecta\node_modules\es-toolkit\compat\assignInWith.d.ts | C:\valente_conecta\node_modules\es-toolkit\dist\compat\object\assignInWith.d.ts"
"assignInWith.js","4","C:\valente_conecta\node_modules\es-toolkit\compat\assignInWith.js | C:\valente_conecta\node_modules\es-toolkit\dist\compat\object\assignInWith.js | C:\valente_conecta\node_modules\lodash\fp\assignInWith.js | C:\valente_conecta\node_modules\lodash\assignInWith.js"
"assignWith.d.ts","2","C:\valente_conecta\node_modules\es-toolkit\compat\assignWith.d.ts | C:\valente_conecta\node_modules\es-toolkit\dist\compat\object\assignWith.d.ts"
"assignWith.js","4","C:\valente_conecta\node_modules\es-toolkit\compat\assignWith.js | C:\valente_conecta\node_modules\es-toolkit\dist\compat\object\assignWith.js | C:\valente_conecta\node_modules\lodash\fp\assignWith.js | C:\valente_conecta\node_modules\lodash\assignWith.js"
"at.d.ts","3","C:\valente_conecta\node_modules\es-toolkit\compat\at.d.ts | C:\valente_conecta\node_modules\es-toolkit\dist\array\at.d.ts | C:\valente_conecta\node_modules\es-toolkit\dist\compat\object\at.d.ts"
"attempt.d.ts","3","C:\valente_conecta\node_modules\es-toolkit\compat\attempt.d.ts | C:\valente_conecta\node_modules\es-toolkit\dist\compat\function\attempt.d.ts | C:\valente_conecta\node_modules\es-toolkit\dist\util\attempt.d.ts"
"attempt.js","5","C:\valente_conecta\node_modules\es-toolkit\compat\attempt.js | C:\valente_conecta\node_modules\es-toolkit\dist\compat\function\attempt.js | C:\valente_conecta\node_modules\es-toolkit\dist\util\attempt.js | C:\valente_conecta\node_modules\lodash\fp\attempt.js | C:\valente_conecta\node_modules\lodash\attempt.js"
"before.d.ts","3","C:\valente_conecta\node_modules\es-toolkit\compat\before.d.ts | C:\valente_conecta\node_modules\es-toolkit\dist\compat\function\before.d.ts | C:\valente_conecta\node_modules\es-toolkit\dist\function\before.d.ts"
"before.js","5","C:\valente_conecta\node_modules\es-toolkit\compat\before.js | C:\valente_conecta\node_modules\es-toolkit\dist\compat\function\before.js | C:\valente_conecta\node_modules\es-toolkit\dist\function\before.js | C:\valente_conecta\node_modules\lodash\fp\before.js | C:\valente_conecta\node_modules\lodash\before.js"
"bind.d.ts","2","C:\valente_conecta\node_modules\es-toolkit\compat\bind.d.ts | C:\valente_conecta\node_modules\es-toolkit\dist\compat\function\bind.d.ts"
"bindAll.d.ts","2","C:\valente_conecta\node_modules\es-toolkit\compat\bindAll.d.ts | C:\valente_conecta\node_modules\es-toolkit\dist\compat\util\bindAll.d.ts"
"bindAll.js","4","C:\valente_conecta\node_modules\es-toolkit\compat\bindAll.js | C:\valente_conecta\node_modules\es-toolkit\dist\compat\util\bindAll.js | C:\valente_conecta\node_modules\lodash\fp\bindAll.js | C:\valente_conecta\node_modules\lodash\bindAll.js"
"bindKey.d.ts","2","C:\valente_conecta\node_modules\es-toolkit\compat\bindKey.d.ts | C:\valente_conecta\node_modules\es-toolkit\dist\compat\function\bindKey.d.ts"
"bindKey.js","4","C:\valente_conecta\node_modules\es-toolkit\compat\bindKey.js | C:\valente_conecta\node_modules\es-toolkit\dist\compat\function\bindKey.js | C:\valente_conecta\node_modules\lodash\fp\bindKey.js | C:\valente_conecta\node_modules\lodash\bindKey.js"
"camelCase.d.ts","4","C:\valente_conecta\node_modules\es-toolkit\compat\camelCase.d.ts | C:\valente_conecta\node_modules\es-toolkit\dist\compat\string\camelCase.d.ts | C:\valente_conecta\node_modules\es-toolkit\dist\string\camelCase.d.ts | C:\valente_conecta\node_modules\next\dist\build\webpack\loaders\css-loader\src\camelcase.d.ts"
"camelCase.js","7","C:\valente_conecta\node_modules\es-toolkit\compat\camelCase.js | C:\valente_conecta\node_modules\es-toolkit\dist\compat\string\camelCase.js | C:\valente_conecta\node_modules\es-toolkit\dist\string\camelCase.js | C:\valente_conecta\node_modules\lodash\fp\camelCase.js | C:\valente_conecta\node_modules\lodash\camelCase.js | C:\valente_conecta\node_modules\next\dist\build\webpack\loaders\css-loader\src\camelcase.js | C:\valente_conecta\node_modules\next\dist\esm\build\webpack\loaders\css-loader\src\camelcase.js"
"capitalize.d.ts","3","C:\valente_conecta\node_modules\es-toolkit\compat\capitalize.d.ts | C:\valente_conecta\node_modules\es-toolkit\dist\compat\string\capitalize.d.ts | C:\valente_conecta\node_modules\es-toolkit\dist\string\capitalize.d.ts"
"capitalize.js","5","C:\valente_conecta\node_modules\es-toolkit\compat\capitalize.js | C:\valente_conecta\node_modules\es-toolkit\dist\compat\string\capitalize.js | C:\valente_conecta\node_modules\es-toolkit\dist\string\capitalize.js | C:\valente_conecta\node_modules\lodash\fp\capitalize.js | C:\valente_conecta\node_modules\lodash\capitalize.js"
"castArray.d.ts","2","C:\valente_conecta\node_modules\es-toolkit\compat\castArray.d.ts | C:\valente_conecta\node_modules\es-toolkit\dist\compat\array\castArray.d.ts"
"castArray.js","4","C:\valente_conecta\node_modules\es-toolkit\compat\castArray.js | C:\valente_conecta\node_modules\es-toolkit\dist\compat\array\castArray.js | C:\valente_conecta\node_modules\lodash\fp\castArray.js | C:\valente_conecta\node_modules\lodash\castArray.js"
"ceil.d.ts","2","C:\valente_conecta\node_modules\es-toolkit\compat\ceil.d.ts | C:\valente_conecta\node_modules\es-toolkit\dist\compat\math\ceil.d.ts"
"ceil.js","4","C:\valente_conecta\node_modules\es-toolkit\compat\ceil.js | C:\valente_conecta\node_modules\es-toolkit\dist\compat\math\ceil.js | C:\valente_conecta\node_modules\lodash\fp\ceil.js | C:\valente_conecta\node_modules\lodash\ceil.js"
"chunk.d.ts","3","C:\valente_conecta\node_modules\es-toolkit\compat\chunk.d.ts | C:\valente_conecta\node_modules\es-toolkit\dist\array\chunk.d.ts | C:\valente_conecta\node_modules\es-toolkit\dist\compat\array\chunk.d.ts"
"chunk.js","5","C:\valente_conecta\node_modules\es-toolkit\compat\chunk.js | C:\valente_conecta\node_modules\es-toolkit\dist\array\chunk.js | C:\valente_conecta\node_modules\es-toolkit\dist\compat\array\chunk.js | C:\valente_conecta\node_modules\lodash\fp\chunk.js | C:\valente_conecta\node_modules\lodash\chunk.js"
"clamp.d.ts","3","C:\valente_conecta\node_modules\es-toolkit\compat\clamp.d.ts | C:\valente_conecta\node_modules\es-toolkit\dist\compat\math\clamp.d.ts | C:\valente_conecta\node_modules\es-toolkit\dist\math\clamp.d.ts"
"clone.d.ts","3","C:\valente_conecta\node_modules\es-toolkit\compat\clone.d.ts | C:\valente_conecta\node_modules\es-toolkit\dist\compat\object\clone.d.ts | C:\valente_conecta\node_modules\es-toolkit\dist\object\clone.d.ts"
"clone.js","6","C:\valente_conecta\node_modules\es-toolkit\compat\clone.js | C:\valente_conecta\node_modules\es-toolkit\dist\compat\object\clone.js | C:\valente_conecta\node_modules\es-toolkit\dist\object\clone.js | C:\valente_conecta\node_modules\graceful-fs\clone.js | C:\valente_conecta\node_modules\lodash\fp\clone.js | C:\valente_conecta\node_modules\lodash\clone.js"
"cloneDeep.d.ts","3","C:\valente_conecta\node_modules\es-toolkit\compat\cloneDeep.d.ts | C:\valente_conecta\node_modules\es-toolkit\dist\compat\object\cloneDeep.d.ts | C:\valente_conecta\node_modules\es-toolkit\dist\object\cloneDeep.d.ts"
"cloneDeep.js","7","C:\valente_conecta\node_modules\es-toolkit\compat\cloneDeep.js | C:\valente_conecta\node_modules\es-toolkit\dist\compat\object\cloneDeep.js | C:\valente_conecta\node_modules\es-toolkit\dist\object\cloneDeep.js | C:\valente_conecta\node_modules\lodash\fp\cloneDeep.js | C:\valente_conecta\node_modules\lodash\cloneDeep.js | C:\valente_conecta\node_modules\tailwindcss\lib\util\cloneDeep.js | C:\valente_conecta\node_modules\tailwindcss\src\util\cloneDeep.js"
"cloneDeepWith.d.ts","3","C:\valente_conecta\node_modules\es-toolkit\compat\cloneDeepWith.d.ts | C:\valente_conecta\node_modules\es-toolkit\dist\compat\object\cloneDeepWith.d.ts | C:\valente_conecta\node_modules\es-toolkit\dist\object\cloneDeepWith.d.ts"
"cloneDeepWith.js","5","C:\valente_conecta\node_modules\es-toolkit\compat\cloneDeepWith.js | C:\valente_conecta\node_modules\es-toolkit\dist\compat\object\cloneDeepWith.js | C:\valente_conecta\node_modules\es-toolkit\dist\object\cloneDeepWith.js | C:\valente_conecta\node_modules\lodash\fp\cloneDeepWith.js | C:\valente_conecta\node_modules\lodash\cloneDeepWith.js"
"cloneWith.d.ts","2","C:\valente_conecta\node_modules\es-toolkit\compat\cloneWith.d.ts | C:\valente_conecta\node_modules\es-toolkit\dist\compat\object\cloneWith.d.ts"
"cloneWith.js","4","C:\valente_conecta\node_modules\es-toolkit\compat\cloneWith.js | C:\valente_conecta\node_modules\es-toolkit\dist\compat\object\cloneWith.js | C:\valente_conecta\node_modules\lodash\fp\cloneWith.js | C:\valente_conecta\node_modules\lodash\cloneWith.js"
"compact.d.ts","3","C:\valente_conecta\node_modules\es-toolkit\compat\compact.d.ts | C:\valente_conecta\node_modules\es-toolkit\dist\array\compact.d.ts | C:\valente_conecta\node_modules\es-toolkit\dist\compat\array\compact.d.ts"
"compact.js","5","C:\valente_conecta\node_modules\es-toolkit\compat\compact.js | C:\valente_conecta\node_modules\es-toolkit\dist\array\compact.js | C:\valente_conecta\node_modules\es-toolkit\dist\compat\array\compact.js | C:\valente_conecta\node_modules\lodash\fp\compact.js | C:\valente_conecta\node_modules\lodash\compact.js"
"concat.d.ts","2","C:\valente_conecta\node_modules\es-toolkit\compat\concat.d.ts | C:\valente_conecta\node_modules\es-toolkit\dist\compat\array\concat.d.ts"
"cond.d.ts","2","C:\valente_conecta\node_modules\es-toolkit\compat\cond.d.ts | C:\valente_conecta\node_modules\es-toolkit\dist\compat\util\cond.d.ts"
"cond.js","4","C:\valente_conecta\node_modules\es-toolkit\compat\cond.js | C:\valente_conecta\node_modules\es-toolkit\dist\compat\util\cond.js | C:\valente_conecta\node_modules\lodash\fp\cond.js | C:\valente_conecta\node_modules\lodash\cond.js"
"conforms.d.ts","2","C:\valente_conecta\node_modules\es-toolkit\compat\conforms.d.ts | C:\valente_conecta\node_modules\es-toolkit\dist\compat\predicate\conforms.d.ts"
"conforms.js","4","C:\valente_conecta\node_modules\es-toolkit\compat\conforms.js | C:\valente_conecta\node_modules\es-toolkit\dist\compat\predicate\conforms.js | C:\valente_conecta\node_modules\lodash\fp\conforms.js | C:\valente_conecta\node_modules\lodash\conforms.js"
"conformsTo.d.ts","2","C:\valente_conecta\node_modules\es-toolkit\compat\conformsTo.d.ts | C:\valente_conecta\node_modules\es-toolkit\dist\compat\predicate\conformsTo.d.ts"
"conformsTo.js","4","C:\valente_conecta\node_modules\es-toolkit\compat\conformsTo.js | C:\valente_conecta\node_modules\es-toolkit\dist\compat\predicate\conformsTo.js | C:\valente_conecta\node_modules\lodash\fp\conformsTo.js | C:\valente_conecta\node_modules\lodash\conformsTo.js"
"constant.d.ts","3","C:\valente_conecta\node_modules\es-toolkit\compat\constant.d.ts | C:\valente_conecta\node_modules\es-toolkit\dist\compat\util\constant.d.ts | C:\valente_conecta\node_modules\next\dist\server\typescript\constant.d.ts"
"countBy.d.ts","5","C:\valente_conecta\node_modules\es-toolkit\compat\countBy.d.ts | C:\valente_conecta\node_modules\es-toolkit\dist\array\countBy.d.ts | C:\valente_conecta\node_modules\es-toolkit\dist\compat\array\countBy.d.ts | C:\valente_conecta\node_modules\es-toolkit\dist\map\countBy.d.ts | C:\valente_conecta\node_modules\es-toolkit\dist\set\countBy.d.ts"
"countBy.js","7","C:\valente_conecta\node_modules\es-toolkit\compat\countBy.js | C:\valente_conecta\node_modules\es-toolkit\dist\array\countBy.js | C:\valente_conecta\node_modules\es-toolkit\dist\compat\array\countBy.js | C:\valente_conecta\node_modules\es-toolkit\dist\map\countBy.js | C:\valente_conecta\node_modules\es-toolkit\dist\set\countBy.js | C:\valente_conecta\node_modules\lodash\fp\countBy.js | C:\valente_conecta\node_modules\lodash\countBy.js"
"create.d.ts","2","C:\valente_conecta\node_modules\es-toolkit\compat\create.d.ts | C:\valente_conecta\node_modules\es-toolkit\dist\compat\object\create.d.ts"
"curry.d.ts","3","C:\valente_conecta\node_modules\es-toolkit\compat\curry.d.ts | C:\valente_conecta\node_modules\es-toolkit\dist\compat\function\curry.d.ts | C:\valente_conecta\node_modules\es-toolkit\dist\function\curry.d.ts"
"curry.js","5","C:\valente_conecta\node_modules\es-toolkit\compat\curry.js | C:\valente_conecta\node_modules\es-toolkit\dist\compat\function\curry.js | C:\valente_conecta\node_modules\es-toolkit\dist\function\curry.js | C:\valente_conecta\node_modules\lodash\fp\curry.js | C:\valente_conecta\node_modules\lodash\curry.js"
"curryRight.d.ts","3","C:\valente_conecta\node_modules\es-toolkit\compat\curryRight.d.ts | C:\valente_conecta\node_modules\es-toolkit\dist\compat\function\curryRight.d.ts | C:\valente_conecta\node_modules\es-toolkit\dist\function\curryRight.d.ts"
"curryRight.js","5","C:\valente_conecta\node_modules\es-toolkit\compat\curryRight.js | C:\valente_conecta\node_modules\es-toolkit\dist\compat\function\curryRight.js | C:\valente_conecta\node_modules\es-toolkit\dist\function\curryRight.js | C:\valente_conecta\node_modules\lodash\fp\curryRight.js | C:\valente_conecta\node_modules\lodash\curryRight.js"
"debounce.d.ts","3","C:\valente_conecta\node_modules\es-toolkit\compat\debounce.d.ts | C:\valente_conecta\node_modules\es-toolkit\dist\compat\function\debounce.d.ts | C:\valente_conecta\node_modules\es-toolkit\dist\function\debounce.d.ts"
"debounce.js","5","C:\valente_conecta\node_modules\es-toolkit\compat\debounce.js | C:\valente_conecta\node_modules\es-toolkit\dist\compat\function\debounce.js | C:\valente_conecta\node_modules\es-toolkit\dist\function\debounce.js | C:\valente_conecta\node_modules\lodash\fp\debounce.js | C:\valente_conecta\node_modules\lodash\debounce.js"
"deburr.d.ts","3","C:\valente_conecta\node_modules\es-toolkit\compat\deburr.d.ts | C:\valente_conecta\node_modules\es-toolkit\dist\compat\string\deburr.d.ts | C:\valente_conecta\node_modules\es-toolkit\dist\string\deburr.d.ts"
"deburr.js","5","C:\valente_conecta\node_modules\es-toolkit\compat\deburr.js | C:\valente_conecta\node_modules\es-toolkit\dist\compat\string\deburr.js | C:\valente_conecta\node_modules\es-toolkit\dist\string\deburr.js | C:\valente_conecta\node_modules\lodash\fp\deburr.js | C:\valente_conecta\node_modules\lodash\deburr.js"
"defaults.d.ts","3","C:\valente_conecta\node_modules\es-toolkit\compat\defaults.d.ts | C:\valente_conecta\node_modules\es-toolkit\dist\compat\object\defaults.d.ts | C:\valente_conecta\node_modules\ioredis\built\utils\defaults.d.ts"
"defaultsDeep.d.ts","2","C:\valente_conecta\node_modules\es-toolkit\compat\defaultsDeep.d.ts | C:\valente_conecta\node_modules\es-toolkit\dist\compat\object\defaultsDeep.d.ts"
"defaultsDeep.js","4","C:\valente_conecta\node_modules\es-toolkit\compat\defaultsDeep.js | C:\valente_conecta\node_modules\es-toolkit\dist\compat\object\defaultsDeep.js | C:\valente_conecta\node_modules\lodash\fp\defaultsDeep.js | C:\valente_conecta\node_modules\lodash\defaultsDeep.js"
"defaultTo.d.ts","2","C:\valente_conecta\node_modules\es-toolkit\compat\defaultTo.d.ts | C:\valente_conecta\node_modules\es-toolkit\dist\compat\util\defaultTo.d.ts"
"defaultTo.js","4","C:\valente_conecta\node_modules\es-toolkit\compat\defaultTo.js | C:\valente_conecta\node_modules\es-toolkit\dist\compat\util\defaultTo.js | C:\valente_conecta\node_modules\lodash\fp\defaultTo.js | C:\valente_conecta\node_modules\lodash\defaultTo.js"
"defer.d.ts","2","C:\valente_conecta\node_modules\es-toolkit\compat\defer.d.ts | C:\valente_conecta\node_modules\es-toolkit\dist\compat\function\defer.d.ts"
"defer.js","4","C:\valente_conecta\node_modules\es-toolkit\compat\defer.js | C:\valente_conecta\node_modules\es-toolkit\dist\compat\function\defer.js | C:\valente_conecta\node_modules\lodash\fp\defer.js | C:\valente_conecta\node_modules\lodash\defer.js"
"delay.d.ts","3","C:\valente_conecta\node_modules\es-toolkit\compat\delay.d.ts | C:\valente_conecta\node_modules\es-toolkit\dist\compat\function\delay.d.ts | C:\valente_conecta\node_modules\es-toolkit\dist\promise\delay.d.ts"
"delay.js","5","C:\valente_conecta\node_modules\es-toolkit\compat\delay.js | C:\valente_conecta\node_modules\es-toolkit\dist\compat\function\delay.js | C:\valente_conecta\node_modules\es-toolkit\dist\promise\delay.js | C:\valente_conecta\node_modules\lodash\fp\delay.js | C:\valente_conecta\node_modules\lodash\delay.js"
"difference.d.ts","3","C:\valente_conecta\node_modules\es-toolkit\compat\difference.d.ts | C:\valente_conecta\node_modules\es-toolkit\dist\array\difference.d.ts | C:\valente_conecta\node_modules\es-toolkit\dist\compat\array\difference.d.ts"
"differenceBy.d.ts","3","C:\valente_conecta\node_modules\es-toolkit\compat\differenceBy.d.ts | C:\valente_conecta\node_modules\es-toolkit\dist\array\differenceBy.d.ts | C:\valente_conecta\node_modules\es-toolkit\dist\compat\array\differenceBy.d.ts"
"differenceBy.js","5","C:\valente_conecta\node_modules\es-toolkit\compat\differenceBy.js | C:\valente_conecta\node_modules\es-toolkit\dist\array\differenceBy.js | C:\valente_conecta\node_modules\es-toolkit\dist\compat\array\differenceBy.js | C:\valente_conecta\node_modules\lodash\fp\differenceBy.js | C:\valente_conecta\node_modules\lodash\differenceBy.js"
"differenceWith.d.ts","3","C:\valente_conecta\node_modules\es-toolkit\compat\differenceWith.d.ts | C:\valente_conecta\node_modules\es-toolkit\dist\array\differenceWith.d.ts | C:\valente_conecta\node_modules\es-toolkit\dist\compat\array\differenceWith.d.ts"
"differenceWith.js","5","C:\valente_conecta\node_modules\es-toolkit\compat\differenceWith.js | C:\valente_conecta\node_modules\es-toolkit\dist\array\differenceWith.js | C:\valente_conecta\node_modules\es-toolkit\dist\compat\array\differenceWith.js | C:\valente_conecta\node_modules\lodash\fp\differenceWith.js | C:\valente_conecta\node_modules\lodash\differenceWith.js"
"divide.d.ts","2","C:\valente_conecta\node_modules\es-toolkit\compat\divide.d.ts | C:\valente_conecta\node_modules\es-toolkit\dist\compat\math\divide.d.ts"
"divide.js","5","C:\valente_conecta\node_modules\es-toolkit\compat\divide.js | C:\valente_conecta\node_modules\es-toolkit\dist\compat\math\divide.js | C:\valente_conecta\node_modules\lodash\fp\divide.js | C:\valente_conecta\node_modules\lodash\divide.js | C:\valente_conecta\node_modules\lucide-react\dist\esm\icons\divide.js"
"drop.d.ts","3","C:\valente_conecta\node_modules\es-toolkit\compat\drop.d.ts | C:\valente_conecta\node_modules\es-toolkit\dist\array\drop.d.ts | C:\valente_conecta\node_modules\es-toolkit\dist\compat\array\drop.d.ts"
"dropRight.d.ts","3","C:\valente_conecta\node_modules\es-toolkit\compat\dropRight.d.ts | C:\valente_conecta\node_modules\es-toolkit\dist\array\dropRight.d.ts | C:\valente_conecta\node_modules\es-toolkit\dist\compat\array\dropRight.d.ts"
"dropRight.js","5","C:\valente_conecta\node_modules\es-toolkit\compat\dropRight.js | C:\valente_conecta\node_modules\es-toolkit\dist\array\dropRight.js | C:\valente_conecta\node_modules\es-toolkit\dist\compat\array\dropRight.js | C:\valente_conecta\node_modules\lodash\fp\dropRight.js | C:\valente_conecta\node_modules\lodash\dropRight.js"
"dropRightWhile.d.ts","3","C:\valente_conecta\node_modules\es-toolkit\compat\dropRightWhile.d.ts | C:\valente_conecta\node_modules\es-toolkit\dist\array\dropRightWhile.d.ts | C:\valente_conecta\node_modules\es-toolkit\dist\compat\array\dropRightWhile.d.ts"
"dropRightWhile.js","5","C:\valente_conecta\node_modules\es-toolkit\compat\dropRightWhile.js | C:\valente_conecta\node_modules\es-toolkit\dist\array\dropRightWhile.js | C:\valente_conecta\node_modules\es-toolkit\dist\compat\array\dropRightWhile.js | C:\valente_conecta\node_modules\lodash\fp\dropRightWhile.js | C:\valente_conecta\node_modules\lodash\dropRightWhile.js"
"dropWhile.d.ts","3","C:\valente_conecta\node_modules\es-toolkit\compat\dropWhile.d.ts | C:\valente_conecta\node_modules\es-toolkit\dist\array\dropWhile.d.ts | C:\valente_conecta\node_modules\es-toolkit\dist\compat\array\dropWhile.d.ts"
"dropWhile.js","5","C:\valente_conecta\node_modules\es-toolkit\compat\dropWhile.js | C:\valente_conecta\node_modules\es-toolkit\dist\array\dropWhile.js | C:\valente_conecta\node_modules\es-toolkit\dist\compat\array\dropWhile.js | C:\valente_conecta\node_modules\lodash\fp\dropWhile.js | C:\valente_conecta\node_modules\lodash\dropWhile.js"
"each.d.ts","2","C:\valente_conecta\node_modules\es-toolkit\compat\each.d.ts | C:\valente_conecta\node_modules\es-toolkit\dist\compat\array\each.d.ts"
"each.js","4","C:\valente_conecta\node_modules\es-toolkit\compat\each.js | C:\valente_conecta\node_modules\es-toolkit\dist\compat\array\each.js | C:\valente_conecta\node_modules\lodash\fp\each.js | C:\valente_conecta\node_modules\lodash\each.js"
"eachRight.d.ts","2","C:\valente_conecta\node_modules\es-toolkit\compat\eachRight.d.ts | C:\valente_conecta\node_modules\es-toolkit\dist\compat\array\eachRight.d.ts"
"eachRight.js","4","C:\valente_conecta\node_modules\es-toolkit\compat\eachRight.js | C:\valente_conecta\node_modules\es-toolkit\dist\compat\array\eachRight.js | C:\valente_conecta\node_modules\lodash\fp\eachRight.js | C:\valente_conecta\node_modules\lodash\eachRight.js"
"endsWith.d.ts","2","C:\valente_conecta\node_modules\es-toolkit\compat\endsWith.d.ts | C:\valente_conecta\node_modules\es-toolkit\dist\compat\string\endsWith.d.ts"
"endsWith.js","4","C:\valente_conecta\node_modules\es-toolkit\compat\endsWith.js | C:\valente_conecta\node_modules\es-toolkit\dist\compat\string\endsWith.js | C:\valente_conecta\node_modules\lodash\fp\endsWith.js | C:\valente_conecta\node_modules\lodash\endsWith.js"
"eq.d.ts","2","C:\valente_conecta\node_modules\es-toolkit\compat\eq.d.ts | C:\valente_conecta\node_modules\es-toolkit\dist\compat\util\eq.d.ts"
"eq.js","5","C:\valente_conecta\node_modules\es-toolkit\compat\eq.js | C:\valente_conecta\node_modules\es-toolkit\dist\compat\util\eq.js | C:\valente_conecta\node_modules\lodash\fp\eq.js | C:\valente_conecta\node_modules\lodash\eq.js | C:\valente_conecta\node_modules\semver\functions\eq.js"
"escape.d.ts","3","C:\valente_conecta\node_modules\es-toolkit\compat\escape.d.ts | C:\valente_conecta\node_modules\es-toolkit\dist\compat\string\escape.d.ts | C:\valente_conecta\node_modules\es-toolkit\dist\string\escape.d.ts"
"escapeRegExp.d.ts","3","C:\valente_conecta\node_modules\es-toolkit\compat\escapeRegExp.d.ts | C:\valente_conecta\node_modules\es-toolkit\dist\compat\string\escapeRegExp.d.ts | C:\valente_conecta\node_modules\es-toolkit\dist\string\escapeRegExp.d.ts"
"escapeRegExp.js","5","C:\valente_conecta\node_modules\es-toolkit\compat\escapeRegExp.js | C:\valente_conecta\node_modules\es-toolkit\dist\compat\string\escapeRegExp.js | C:\valente_conecta\node_modules\es-toolkit\dist\string\escapeRegExp.js | C:\valente_conecta\node_modules\lodash\fp\escapeRegExp.js | C:\valente_conecta\node_modules\lodash\escapeRegExp.js"
"every.d.ts","4","C:\valente_conecta\node_modules\es-toolkit\compat\every.d.ts | C:\valente_conecta\node_modules\es-toolkit\dist\compat\array\every.d.ts | C:\valente_conecta\node_modules\es-toolkit\dist\map\every.d.ts | C:\valente_conecta\node_modules\es-toolkit\dist\set\every.d.ts"
"extend.d.ts","2","C:\valente_conecta\node_modules\es-toolkit\compat\extend.d.ts | C:\valente_conecta\node_modules\es-toolkit\dist\compat\object\extend.d.ts"
"extend.js","4","C:\valente_conecta\node_modules\es-toolkit\compat\extend.js | C:\valente_conecta\node_modules\es-toolkit\dist\compat\object\extend.js | C:\valente_conecta\node_modules\lodash\fp\extend.js | C:\valente_conecta\node_modules\lodash\extend.js"
"extendWith.d.ts","2","C:\valente_conecta\node_modules\es-toolkit\compat\extendWith.d.ts | C:\valente_conecta\node_modules\es-toolkit\dist\compat\object\extendWith.d.ts"
"extendWith.js","4","C:\valente_conecta\node_modules\es-toolkit\compat\extendWith.js | C:\valente_conecta\node_modules\es-toolkit\dist\compat\object\extendWith.js | C:\valente_conecta\node_modules\lodash\fp\extendWith.js | C:\valente_conecta\node_modules\lodash\extendWith.js"
"fill.d.ts","3","C:\valente_conecta\node_modules\es-toolkit\compat\fill.d.ts | C:\valente_conecta\node_modules\es-toolkit\dist\array\fill.d.ts | C:\valente_conecta\node_modules\es-toolkit\dist\compat\array\fill.d.ts"
"filter.d.ts","4","C:\valente_conecta\node_modules\es-toolkit\compat\filter.d.ts | C:\valente_conecta\node_modules\es-toolkit\dist\compat\array\filter.d.ts | C:\valente_conecta\node_modules\es-toolkit\dist\map\filter.d.ts | C:\valente_conecta\node_modules\es-toolkit\dist\set\filter.d.ts"
"find.d.ts","3","C:\valente_conecta\node_modules\es-toolkit\compat\find.d.ts | C:\valente_conecta\node_modules\es-toolkit\dist\compat\array\find.d.ts | C:\valente_conecta\node_modules\es-toolkit\dist\set\find.d.ts"
"findIndex.d.ts","2","C:\valente_conecta\node_modules\es-toolkit\compat\findIndex.d.ts | C:\valente_conecta\node_modules\es-toolkit\dist\compat\array\findIndex.d.ts"
"findIndex.js","4","C:\valente_conecta\node_modules\es-toolkit\compat\findIndex.js | C:\valente_conecta\node_modules\es-toolkit\dist\compat\array\findIndex.js | C:\valente_conecta\node_modules\lodash\fp\findIndex.js | C:\valente_conecta\node_modules\lodash\findIndex.js"
"findKey.d.ts","4","C:\valente_conecta\node_modules\es-toolkit\compat\findKey.d.ts | C:\valente_conecta\node_modules\es-toolkit\dist\compat\object\findKey.d.ts | C:\valente_conecta\node_modules\es-toolkit\dist\map\findKey.d.ts | C:\valente_conecta\node_modules\es-toolkit\dist\object\findKey.d.ts"
"findKey.js","6","C:\valente_conecta\node_modules\es-toolkit\compat\findKey.js | C:\valente_conecta\node_modules\es-toolkit\dist\compat\object\findKey.js | C:\valente_conecta\node_modules\es-toolkit\dist\map\findKey.js | C:\valente_conecta\node_modules\es-toolkit\dist\object\findKey.js | C:\valente_conecta\node_modules\lodash\fp\findKey.js | C:\valente_conecta\node_modules\lodash\findKey.js"
"findLast.d.ts","2","C:\valente_conecta\node_modules\es-toolkit\compat\findLast.d.ts | C:\valente_conecta\node_modules\es-toolkit\dist\compat\array\findLast.d.ts"
"findLast.js","4","C:\valente_conecta\node_modules\es-toolkit\compat\findLast.js | C:\valente_conecta\node_modules\es-toolkit\dist\compat\array\findLast.js | C:\valente_conecta\node_modules\lodash\fp\findLast.js | C:\valente_conecta\node_modules\lodash\findLast.js"
"findLastIndex.d.ts","2","C:\valente_conecta\node_modules\es-toolkit\compat\findLastIndex.d.ts | C:\valente_conecta\node_modules\es-toolkit\dist\compat\array\findLastIndex.d.ts"
"findLastIndex.js","4","C:\valente_conecta\node_modules\es-toolkit\compat\findLastIndex.js | C:\valente_conecta\node_modules\es-toolkit\dist\compat\array\findLastIndex.js | C:\valente_conecta\node_modules\lodash\fp\findLastIndex.js | C:\valente_conecta\node_modules\lodash\findLastIndex.js"
"findLastKey.d.ts","2","C:\valente_conecta\node_modules\es-toolkit\compat\findLastKey.d.ts | C:\valente_conecta\node_modules\es-toolkit\dist\compat\object\findLastKey.d.ts"
"findLastKey.js","4","C:\valente_conecta\node_modules\es-toolkit\compat\findLastKey.js | C:\valente_conecta\node_modules\es-toolkit\dist\compat\object\findLastKey.js | C:\valente_conecta\node_modules\lodash\fp\findLastKey.js | C:\valente_conecta\node_modules\lodash\findLastKey.js"
"first.d.ts","2","C:\valente_conecta\node_modules\es-toolkit\compat\first.d.ts | C:\valente_conecta\node_modules\es-toolkit\dist\compat\array\first.d.ts"
"first.js","4","C:\valente_conecta\node_modules\es-toolkit\compat\first.js | C:\valente_conecta\node_modules\es-toolkit\dist\compat\array\first.js | C:\valente_conecta\node_modules\lodash\fp\first.js | C:\valente_conecta\node_modules\lodash\first.js"
"flatMap.d.ts","3","C:\valente_conecta\node_modules\es-toolkit\compat\flatMap.d.ts | C:\valente_conecta\node_modules\es-toolkit\dist\array\flatMap.d.ts | C:\valente_conecta\node_modules\es-toolkit\dist\compat\array\flatMap.d.ts"
"flatMap.js","5","C:\valente_conecta\node_modules\es-toolkit\compat\flatMap.js | C:\valente_conecta\node_modules\es-toolkit\dist\array\flatMap.js | C:\valente_conecta\node_modules\es-toolkit\dist\compat\array\flatMap.js | C:\valente_conecta\node_modules\lodash\fp\flatMap.js | C:\valente_conecta\node_modules\lodash\flatMap.js"
"flatMapDeep.d.ts","3","C:\valente_conecta\node_modules\es-toolkit\compat\flatMapDeep.d.ts | C:\valente_conecta\node_modules\es-toolkit\dist\array\flatMapDeep.d.ts | C:\valente_conecta\node_modules\es-toolkit\dist\compat\array\flatMapDeep.d.ts"
"flatMapDeep.js","5","C:\valente_conecta\node_modules\es-toolkit\compat\flatMapDeep.js | C:\valente_conecta\node_modules\es-toolkit\dist\array\flatMapDeep.js | C:\valente_conecta\node_modules\es-toolkit\dist\compat\array\flatMapDeep.js | C:\valente_conecta\node_modules\lodash\fp\flatMapDeep.js | C:\valente_conecta\node_modules\lodash\flatMapDeep.js"
"flatMapDepth.d.ts","2","C:\valente_conecta\node_modules\es-toolkit\compat\flatMapDepth.d.ts | C:\valente_conecta\node_modules\es-toolkit\dist\compat\array\flatMapDepth.d.ts"
"flatMapDepth.js","4","C:\valente_conecta\node_modules\es-toolkit\compat\flatMapDepth.js | C:\valente_conecta\node_modules\es-toolkit\dist\compat\array\flatMapDepth.js | C:\valente_conecta\node_modules\lodash\fp\flatMapDepth.js | C:\valente_conecta\node_modules\lodash\flatMapDepth.js"
"flatten.d.ts","3","C:\valente_conecta\node_modules\es-toolkit\compat\flatten.d.ts | C:\valente_conecta\node_modules\es-toolkit\dist\array\flatten.d.ts | C:\valente_conecta\node_modules\es-toolkit\dist\compat\array\flatten.d.ts"
"flatten.js","5","C:\valente_conecta\node_modules\es-toolkit\compat\flatten.js | C:\valente_conecta\node_modules\es-toolkit\dist\array\flatten.js | C:\valente_conecta\node_modules\es-toolkit\dist\compat\array\flatten.js | C:\valente_conecta\node_modules\lodash\fp\flatten.js | C:\valente_conecta\node_modules\lodash\flatten.js"
"flattenDeep.d.ts","3","C:\valente_conecta\node_modules\es-toolkit\compat\flattenDeep.d.ts | C:\valente_conecta\node_modules\es-toolkit\dist\array\flattenDeep.d.ts | C:\valente_conecta\node_modules\es-toolkit\dist\compat\array\flattenDeep.d.ts"
"flattenDeep.js","5","C:\valente_conecta\node_modules\es-toolkit\compat\flattenDeep.js | C:\valente_conecta\node_modules\es-toolkit\dist\array\flattenDeep.js | C:\valente_conecta\node_modules\es-toolkit\dist\compat\array\flattenDeep.js | C:\valente_conecta\node_modules\lodash\fp\flattenDeep.js | C:\valente_conecta\node_modules\lodash\flattenDeep.js"
"flattenDepth.d.ts","2","C:\valente_conecta\node_modules\es-toolkit\compat\flattenDepth.d.ts | C:\valente_conecta\node_modules\es-toolkit\dist\compat\array\flattenDepth.d.ts"
"flattenDepth.js","4","C:\valente_conecta\node_modules\es-toolkit\compat\flattenDepth.js | C:\valente_conecta\node_modules\es-toolkit\dist\compat\array\flattenDepth.js | C:\valente_conecta\node_modules\lodash\fp\flattenDepth.js | C:\valente_conecta\node_modules\lodash\flattenDepth.js"
"flip.d.ts","2","C:\valente_conecta\node_modules\es-toolkit\compat\flip.d.ts | C:\valente_conecta\node_modules\es-toolkit\dist\compat\function\flip.d.ts"
"flip.js","4","C:\valente_conecta\node_modules\es-toolkit\compat\flip.js | C:\valente_conecta\node_modules\es-toolkit\dist\compat\function\flip.js | C:\valente_conecta\node_modules\lodash\fp\flip.js | C:\valente_conecta\node_modules\lodash\flip.js"
"floor.d.ts","3","C:\valente_conecta\node_modules\es-toolkit\compat\floor.d.ts | C:\valente_conecta\node_modules\es-toolkit\dist\compat\math\floor.d.ts | C:\valente_conecta\node_modules\math-intrinsics\floor.d.ts"
"floor.js","5","C:\valente_conecta\node_modules\es-toolkit\compat\floor.js | C:\valente_conecta\node_modules\es-toolkit\dist\compat\math\floor.js | C:\valente_conecta\node_modules\lodash\fp\floor.js | C:\valente_conecta\node_modules\lodash\floor.js | C:\valente_conecta\node_modules\math-intrinsics\floor.js"
"flowRight.d.ts","3","C:\valente_conecta\node_modules\es-toolkit\compat\flowRight.d.ts | C:\valente_conecta\node_modules\es-toolkit\dist\compat\function\flowRight.d.ts | C:\valente_conecta\node_modules\es-toolkit\dist\function\flowRight.d.ts"
"flowRight.js","5","C:\valente_conecta\node_modules\es-toolkit\compat\flowRight.js | C:\valente_conecta\node_modules\es-toolkit\dist\compat\function\flowRight.js | C:\valente_conecta\node_modules\es-toolkit\dist\function\flowRight.js | C:\valente_conecta\node_modules\lodash\fp\flowRight.js | C:\valente_conecta\node_modules\lodash\flowRight.js"
"forEach.d.ts","4","C:\valente_conecta\node_modules\es-toolkit\compat\forEach.d.ts | C:\valente_conecta\node_modules\es-toolkit\dist\compat\array\forEach.d.ts | C:\valente_conecta\node_modules\es-toolkit\dist\map\forEach.d.ts | C:\valente_conecta\node_modules\es-toolkit\dist\set\forEach.d.ts"
"forEach.js","6","C:\valente_conecta\node_modules\es-toolkit\compat\forEach.js | C:\valente_conecta\node_modules\es-toolkit\dist\compat\array\forEach.js | C:\valente_conecta\node_modules\es-toolkit\dist\map\forEach.js | C:\valente_conecta\node_modules\es-toolkit\dist\set\forEach.js | C:\valente_conecta\node_modules\lodash\fp\forEach.js | C:\valente_conecta\node_modules\lodash\forEach.js"
"forEachRight.d.ts","3","C:\valente_conecta\node_modules\es-toolkit\compat\forEachRight.d.ts | C:\valente_conecta\node_modules\es-toolkit\dist\array\forEachRight.d.ts | C:\valente_conecta\node_modules\es-toolkit\dist\compat\array\forEachRight.d.ts"
"forEachRight.js","5","C:\valente_conecta\node_modules\es-toolkit\compat\forEachRight.js | C:\valente_conecta\node_modules\es-toolkit\dist\array\forEachRight.js | C:\valente_conecta\node_modules\es-toolkit\dist\compat\array\forEachRight.js | C:\valente_conecta\node_modules\lodash\fp\forEachRight.js | C:\valente_conecta\node_modules\lodash\forEachRight.js"
"forIn.d.ts","2","C:\valente_conecta\node_modules\es-toolkit\compat\forIn.d.ts | C:\valente_conecta\node_modules\es-toolkit\dist\compat\object\forIn.d.ts"
"forIn.js","4","C:\valente_conecta\node_modules\es-toolkit\compat\forIn.js | C:\valente_conecta\node_modules\es-toolkit\dist\compat\object\forIn.js | C:\valente_conecta\node_modules\lodash\fp\forIn.js | C:\valente_conecta\node_modules\lodash\forIn.js"
"forInRight.d.ts","2","C:\valente_conecta\node_modules\es-toolkit\compat\forInRight.d.ts | C:\valente_conecta\node_modules\es-toolkit\dist\compat\object\forInRight.d.ts"
"forInRight.js","4","C:\valente_conecta\node_modules\es-toolkit\compat\forInRight.js | C:\valente_conecta\node_modules\es-toolkit\dist\compat\object\forInRight.js | C:\valente_conecta\node_modules\lodash\fp\forInRight.js | C:\valente_conecta\node_modules\lodash\forInRight.js"
"forOwn.d.ts","2","C:\valente_conecta\node_modules\es-toolkit\compat\forOwn.d.ts | C:\valente_conecta\node_modules\es-toolkit\dist\compat\object\forOwn.d.ts"
"forOwn.js","4","C:\valente_conecta\node_modules\es-toolkit\compat\forOwn.js | C:\valente_conecta\node_modules\es-toolkit\dist\compat\object\forOwn.js | C:\valente_conecta\node_modules\lodash\fp\forOwn.js | C:\valente_conecta\node_modules\lodash\forOwn.js"
"forOwnRight.d.ts","2","C:\valente_conecta\node_modules\es-toolkit\compat\forOwnRight.d.ts | C:\valente_conecta\node_modules\es-toolkit\dist\compat\object\forOwnRight.d.ts"
"forOwnRight.js","4","C:\valente_conecta\node_modules\es-toolkit\compat\forOwnRight.js | C:\valente_conecta\node_modules\es-toolkit\dist\compat\object\forOwnRight.js | C:\valente_conecta\node_modules\lodash\fp\forOwnRight.js | C:\valente_conecta\node_modules\lodash\forOwnRight.js"
"fromPairs.d.ts","2","C:\valente_conecta\node_modules\es-toolkit\compat\fromPairs.d.ts | C:\valente_conecta\node_modules\es-toolkit\dist\compat\object\fromPairs.d.ts"
"fromPairs.js","4","C:\valente_conecta\node_modules\es-toolkit\compat\fromPairs.js | C:\valente_conecta\node_modules\es-toolkit\dist\compat\object\fromPairs.js | C:\valente_conecta\node_modules\lodash\fp\fromPairs.js | C:\valente_conecta\node_modules\lodash\fromPairs.js"
"functions.d.ts","2","C:\valente_conecta\node_modules\es-toolkit\compat\functions.d.ts | C:\valente_conecta\node_modules\es-toolkit\dist\compat\object\functions.d.ts"
"functions.js","4","C:\valente_conecta\node_modules\es-toolkit\compat\functions.js | C:\valente_conecta\node_modules\es-toolkit\dist\compat\object\functions.js | C:\valente_conecta\node_modules\lodash\fp\functions.js | C:\valente_conecta\node_modules\lodash\functions.js"
"functionsIn.d.ts","2","C:\valente_conecta\node_modules\es-toolkit\compat\functionsIn.d.ts | C:\valente_conecta\node_modules\es-toolkit\dist\compat\object\functionsIn.d.ts"
"functionsIn.js","4","C:\valente_conecta\node_modules\es-toolkit\compat\functionsIn.js | C:\valente_conecta\node_modules\es-toolkit\dist\compat\object\functionsIn.js | C:\valente_conecta\node_modules\lodash\fp\functionsIn.js | C:\valente_conecta\node_modules\lodash\functionsIn.js"
"groupBy.d.ts","3","C:\valente_conecta\node_modules\es-toolkit\compat\groupBy.d.ts | C:\valente_conecta\node_modules\es-toolkit\dist\array\groupBy.d.ts | C:\valente_conecta\node_modules\es-toolkit\dist\compat\array\groupBy.d.ts"
"groupBy.js","5","C:\valente_conecta\node_modules\es-toolkit\compat\groupBy.js | C:\valente_conecta\node_modules\es-toolkit\dist\array\groupBy.js | C:\valente_conecta\node_modules\es-toolkit\dist\compat\array\groupBy.js | C:\valente_conecta\node_modules\lodash\fp\groupBy.js | C:\valente_conecta\node_modules\lodash\groupBy.js"
"gt.d.ts","2","C:\valente_conecta\node_modules\es-toolkit\compat\gt.d.ts | C:\valente_conecta\node_modules\es-toolkit\dist\compat\util\gt.d.ts"
"gte.d.ts","2","C:\valente_conecta\node_modules\es-toolkit\compat\gte.d.ts | C:\valente_conecta\node_modules\es-toolkit\dist\compat\util\gte.d.ts"
"gte.js","5","C:\valente_conecta\node_modules\es-toolkit\compat\gte.js | C:\valente_conecta\node_modules\es-toolkit\dist\compat\util\gte.js | C:\valente_conecta\node_modules\lodash\fp\gte.js | C:\valente_conecta\node_modules\lodash\gte.js | C:\valente_conecta\node_modules\semver\functions\gte.js"
"has.d.ts","2","C:\valente_conecta\node_modules\es-toolkit\compat\has.d.ts | C:\valente_conecta\node_modules\es-toolkit\dist\compat\object\has.d.ts"
"hasIn.d.ts","2","C:\valente_conecta\node_modules\es-toolkit\compat\hasIn.d.ts | C:\valente_conecta\node_modules\es-toolkit\dist\compat\object\hasIn.d.ts"
"hasIn.js","4","C:\valente_conecta\node_modules\es-toolkit\compat\hasIn.js | C:\valente_conecta\node_modules\es-toolkit\dist\compat\object\hasIn.js | C:\valente_conecta\node_modules\lodash\fp\hasIn.js | C:\valente_conecta\node_modules\lodash\hasIn.js"
"head.d.ts","6","C:\valente_conecta\node_modules\es-toolkit\compat\head.d.ts | C:\valente_conecta\node_modules\es-toolkit\dist\array\head.d.ts | C:\valente_conecta\node_modules\es-toolkit\dist\compat\array\head.d.ts | C:\valente_conecta\node_modules\next\dist\api\head.d.ts | C:\valente_conecta\node_modules\next\dist\shared\lib\head.d.ts | C:\valente_conecta\node_modules\next\head.d.ts"
"head.js","10","C:\valente_conecta\node_modules\es-toolkit\compat\head.js | C:\valente_conecta\node_modules\es-toolkit\dist\array\head.js | C:\valente_conecta\node_modules\es-toolkit\dist\compat\array\head.js | C:\valente_conecta\node_modules\lodash\fp\head.js | C:\valente_conecta\node_modules\lodash\head.js | C:\valente_conecta\node_modules\next\dist\api\head.js | C:\valente_conecta\node_modules\next\dist\esm\api\head.js | C:\valente_conecta\node_modules\next\dist\esm\shared\lib\head.js | C:\valente_conecta\node_modules\next\dist\shared\lib\head.js | C:\valente_conecta\node_modules\next\head.js"
"identity.d.ts","3","C:\valente_conecta\node_modules\es-toolkit\compat\identity.d.ts | C:\valente_conecta\node_modules\es-toolkit\dist\compat\function\identity.d.ts | C:\valente_conecta\node_modules\es-toolkit\dist\function\identity.d.ts"
"includes.d.ts","3","C:\valente_conecta\node_modules\es-toolkit\compat\includes.d.ts | C:\valente_conecta\node_modules\es-toolkit\dist\compat\array\includes.d.ts | C:\valente_conecta\node_modules\type-fest\source\includes.d.ts"
"indexOf.d.ts","2","C:\valente_conecta\node_modules\es-toolkit\compat\indexOf.d.ts | C:\valente_conecta\node_modules\es-toolkit\dist\compat\array\indexOf.d.ts"
"initial.d.ts","3","C:\valente_conecta\node_modules\es-toolkit\compat\initial.d.ts | C:\valente_conecta\node_modules\es-toolkit\dist\array\initial.d.ts | C:\valente_conecta\node_modules\es-toolkit\dist\compat\array\initial.d.ts"
"initial.js","5","C:\valente_conecta\node_modules\es-toolkit\compat\initial.js | C:\valente_conecta\node_modules\es-toolkit\dist\array\initial.js | C:\valente_conecta\node_modules\es-toolkit\dist\compat\array\initial.js | C:\valente_conecta\node_modules\lodash\fp\initial.js | C:\valente_conecta\node_modules\lodash\initial.js"
"inRange.d.ts","3","C:\valente_conecta\node_modules\es-toolkit\compat\inRange.d.ts | C:\valente_conecta\node_modules\es-toolkit\dist\compat\math\inRange.d.ts | C:\valente_conecta\node_modules\es-toolkit\dist\math\inRange.d.ts"
"inRange.js","5","C:\valente_conecta\node_modules\es-toolkit\compat\inRange.js | C:\valente_conecta\node_modules\es-toolkit\dist\compat\math\inRange.js | C:\valente_conecta\node_modules\es-toolkit\dist\math\inRange.js | C:\valente_conecta\node_modules\lodash\fp\inRange.js | C:\valente_conecta\node_modules\lodash\inRange.js"
"intersection.d.ts","3","C:\valente_conecta\node_modules\es-toolkit\compat\intersection.d.ts | C:\valente_conecta\node_modules\es-toolkit\dist\array\intersection.d.ts | C:\valente_conecta\node_modules\es-toolkit\dist\compat\array\intersection.d.ts"
"intersectionBy.d.ts","3","C:\valente_conecta\node_modules\es-toolkit\compat\intersectionBy.d.ts | C:\valente_conecta\node_modules\es-toolkit\dist\array\intersectionBy.d.ts | C:\valente_conecta\node_modules\es-toolkit\dist\compat\array\intersectionBy.d.ts"
"intersectionBy.js","5","C:\valente_conecta\node_modules\es-toolkit\compat\intersectionBy.js | C:\valente_conecta\node_modules\es-toolkit\dist\array\intersectionBy.js | C:\valente_conecta\node_modules\es-toolkit\dist\compat\array\intersectionBy.js | C:\valente_conecta\node_modules\lodash\fp\intersectionBy.js | C:\valente_conecta\node_modules\lodash\intersectionBy.js"
"intersectionWith.d.ts","3","C:\valente_conecta\node_modules\es-toolkit\compat\intersectionWith.d.ts | C:\valente_conecta\node_modules\es-toolkit\dist\array\intersectionWith.d.ts | C:\valente_conecta\node_modules\es-toolkit\dist\compat\array\intersectionWith.d.ts"
"intersectionWith.js","5","C:\valente_conecta\node_modules\es-toolkit\compat\intersectionWith.js | C:\valente_conecta\node_modules\es-toolkit\dist\array\intersectionWith.js | C:\valente_conecta\node_modules\es-toolkit\dist\compat\array\intersectionWith.js | C:\valente_conecta\node_modules\lodash\fp\intersectionWith.js | C:\valente_conecta\node_modules\lodash\intersectionWith.js"
"invert.d.ts","3","C:\valente_conecta\node_modules\es-toolkit\compat\invert.d.ts | C:\valente_conecta\node_modules\es-toolkit\dist\compat\object\invert.d.ts | C:\valente_conecta\node_modules\es-toolkit\dist\object\invert.d.ts"
"invert.js","5","C:\valente_conecta\node_modules\es-toolkit\compat\invert.js | C:\valente_conecta\node_modules\es-toolkit\dist\compat\object\invert.js | C:\valente_conecta\node_modules\es-toolkit\dist\object\invert.js | C:\valente_conecta\node_modules\lodash\fp\invert.js | C:\valente_conecta\node_modules\lodash\invert.js"
"invertBy.d.ts","2","C:\valente_conecta\node_modules\es-toolkit\compat\invertBy.d.ts | C:\valente_conecta\node_modules\es-toolkit\dist\compat\object\invertBy.d.ts"
"invertBy.js","4","C:\valente_conecta\node_modules\es-toolkit\compat\invertBy.js | C:\valente_conecta\node_modules\es-toolkit\dist\compat\object\invertBy.js | C:\valente_conecta\node_modules\lodash\fp\invertBy.js | C:\valente_conecta\node_modules\lodash\invertBy.js"
"invoke.d.ts","2","C:\valente_conecta\node_modules\es-toolkit\compat\invoke.d.ts | C:\valente_conecta\node_modules\es-toolkit\dist\compat\util\invoke.d.ts"
"invoke.js","4","C:\valente_conecta\node_modules\es-toolkit\compat\invoke.js | C:\valente_conecta\node_modules\es-toolkit\dist\compat\util\invoke.js | C:\valente_conecta\node_modules\lodash\fp\invoke.js | C:\valente_conecta\node_modules\lodash\invoke.js"
"invokeMap.d.ts","2","C:\valente_conecta\node_modules\es-toolkit\compat\invokeMap.d.ts | C:\valente_conecta\node_modules\es-toolkit\dist\compat\array\invokeMap.d.ts"
"invokeMap.js","4","C:\valente_conecta\node_modules\es-toolkit\compat\invokeMap.js | C:\valente_conecta\node_modules\es-toolkit\dist\compat\array\invokeMap.js | C:\valente_conecta\node_modules\lodash\fp\invokeMap.js | C:\valente_conecta\node_modules\lodash\invokeMap.js"
"isArguments.d.ts","3","C:\valente_conecta\node_modules\es-toolkit\compat\isArguments.d.ts | C:\valente_conecta\node_modules\es-toolkit\dist\compat\predicate\isArguments.d.ts | C:\valente_conecta\node_modules\ioredis\built\utils\isArguments.d.ts"
"isArguments.js","5","C:\valente_conecta\node_modules\es-toolkit\compat\isArguments.js | C:\valente_conecta\node_modules\es-toolkit\dist\compat\predicate\isArguments.js | C:\valente_conecta\node_modules\ioredis\built\utils\isArguments.js | C:\valente_conecta\node_modules\lodash\fp\isArguments.js | C:\valente_conecta\node_modules\lodash\isArguments.js"
"isArray.d.ts","2","C:\valente_conecta\node_modules\es-toolkit\compat\isArray.d.ts | C:\valente_conecta\node_modules\es-toolkit\dist\compat\predicate\isArray.d.ts"
"isArray.js","4","C:\valente_conecta\node_modules\es-toolkit\compat\isArray.js | C:\valente_conecta\node_modules\es-toolkit\dist\compat\predicate\isArray.js | C:\valente_conecta\node_modules\lodash\fp\isArray.js | C:\valente_conecta\node_modules\lodash\isArray.js"
"isArrayBuffer.d.ts","3","C:\valente_conecta\node_modules\es-toolkit\compat\isArrayBuffer.d.ts | C:\valente_conecta\node_modules\es-toolkit\dist\compat\predicate\isArrayBuffer.d.ts | C:\valente_conecta\node_modules\es-toolkit\dist\predicate\isArrayBuffer.d.ts"
"isArrayBuffer.js","5","C:\valente_conecta\node_modules\es-toolkit\compat\isArrayBuffer.js | C:\valente_conecta\node_modules\es-toolkit\dist\compat\predicate\isArrayBuffer.js | C:\valente_conecta\node_modules\es-toolkit\dist\predicate\isArrayBuffer.js | C:\valente_conecta\node_modules\lodash\fp\isArrayBuffer.js | C:\valente_conecta\node_modules\lodash\isArrayBuffer.js"
"isArrayLike.d.ts","2","C:\valente_conecta\node_modules\es-toolkit\compat\isArrayLike.d.ts | C:\valente_conecta\node_modules\es-toolkit\dist\compat\predicate\isArrayLike.d.ts"
"isArrayLike.js","4","C:\valente_conecta\node_modules\es-toolkit\compat\isArrayLike.js | C:\valente_conecta\node_modules\es-toolkit\dist\compat\predicate\isArrayLike.js | C:\valente_conecta\node_modules\lodash\fp\isArrayLike.js | C:\valente_conecta\node_modules\lodash\isArrayLike.js"
"isArrayLikeObject.d.ts","2","C:\valente_conecta\node_modules\es-toolkit\compat\isArrayLikeObject.d.ts | C:\valente_conecta\node_modules\es-toolkit\dist\compat\predicate\isArrayLikeObject.d.ts"
"isArrayLikeObject.js","4","C:\valente_conecta\node_modules\es-toolkit\compat\isArrayLikeObject.js | C:\valente_conecta\node_modules\es-toolkit\dist\compat\predicate\isArrayLikeObject.js | C:\valente_conecta\node_modules\lodash\fp\isArrayLikeObject.js | C:\valente_conecta\node_modules\lodash\isArrayLikeObject.js"
"isBoolean.d.ts","3","C:\valente_conecta\node_modules\es-toolkit\compat\isBoolean.d.ts | C:\valente_conecta\node_modules\es-toolkit\dist\compat\predicate\isBoolean.d.ts | C:\valente_conecta\node_modules\es-toolkit\dist\predicate\isBoolean.d.ts"
"isBoolean.js","5","C:\valente_conecta\node_modules\es-toolkit\compat\isBoolean.js | C:\valente_conecta\node_modules\es-toolkit\dist\compat\predicate\isBoolean.js | C:\valente_conecta\node_modules\es-toolkit\dist\predicate\isBoolean.js | C:\valente_conecta\node_modules\lodash\fp\isBoolean.js | C:\valente_conecta\node_modules\lodash\isBoolean.js"
"isBuffer.d.ts","3","C:\valente_conecta\node_modules\es-toolkit\compat\isBuffer.d.ts | C:\valente_conecta\node_modules\es-toolkit\dist\compat\predicate\isBuffer.d.ts | C:\valente_conecta\node_modules\es-toolkit\dist\predicate\isBuffer.d.ts"
"isBuffer.js","5","C:\valente_conecta\node_modules\es-toolkit\compat\isBuffer.js | C:\valente_conecta\node_modules\es-toolkit\dist\compat\predicate\isBuffer.js | C:\valente_conecta\node_modules\es-toolkit\dist\predicate\isBuffer.js | C:\valente_conecta\node_modules\lodash\fp\isBuffer.js | C:\valente_conecta\node_modules\lodash\isBuffer.js"
"isDate.d.ts","3","C:\valente_conecta\node_modules\es-toolkit\compat\isDate.d.ts | C:\valente_conecta\node_modules\es-toolkit\dist\compat\predicate\isDate.d.ts | C:\valente_conecta\node_modules\es-toolkit\dist\predicate\isDate.d.ts"
"isDate.js","5","C:\valente_conecta\node_modules\es-toolkit\compat\isDate.js | C:\valente_conecta\node_modules\es-toolkit\dist\compat\predicate\isDate.js | C:\valente_conecta\node_modules\es-toolkit\dist\predicate\isDate.js | C:\valente_conecta\node_modules\lodash\fp\isDate.js | C:\valente_conecta\node_modules\lodash\isDate.js"
"isElement.d.ts","2","C:\valente_conecta\node_modules\es-toolkit\compat\isElement.d.ts | C:\valente_conecta\node_modules\es-toolkit\dist\compat\predicate\isElement.d.ts"
"isElement.js","4","C:\valente_conecta\node_modules\es-toolkit\compat\isElement.js | C:\valente_conecta\node_modules\es-toolkit\dist\compat\predicate\isElement.js | C:\valente_conecta\node_modules\lodash\fp\isElement.js | C:\valente_conecta\node_modules\lodash\isElement.js"
"isEmpty.d.ts","2","C:\valente_conecta\node_modules\es-toolkit\compat\isEmpty.d.ts | C:\valente_conecta\node_modules\es-toolkit\dist\compat\predicate\isEmpty.d.ts"
"isEmpty.js","4","C:\valente_conecta\node_modules\es-toolkit\compat\isEmpty.js | C:\valente_conecta\node_modules\es-toolkit\dist\compat\predicate\isEmpty.js | C:\valente_conecta\node_modules\lodash\fp\isEmpty.js | C:\valente_conecta\node_modules\lodash\isEmpty.js"
"isEqual.d.ts","2","C:\valente_conecta\node_modules\es-toolkit\compat\isEqual.d.ts | C:\valente_conecta\node_modules\es-toolkit\dist\predicate\isEqual.d.ts"
"isEqual.js","4","C:\valente_conecta\node_modules\es-toolkit\compat\isEqual.js | C:\valente_conecta\node_modules\es-toolkit\dist\predicate\isEqual.js | C:\valente_conecta\node_modules\lodash\fp\isEqual.js | C:\valente_conecta\node_modules\lodash\isEqual.js"
"isEqualWith.d.ts","3","C:\valente_conecta\node_modules\es-toolkit\compat\isEqualWith.d.ts | C:\valente_conecta\node_modules\es-toolkit\dist\compat\predicate\isEqualWith.d.ts | C:\valente_conecta\node_modules\es-toolkit\dist\predicate\isEqualWith.d.ts"
"isEqualWith.js","5","C:\valente_conecta\node_modules\es-toolkit\compat\isEqualWith.js | C:\valente_conecta\node_modules\es-toolkit\dist\compat\predicate\isEqualWith.js | C:\valente_conecta\node_modules\es-toolkit\dist\predicate\isEqualWith.js | C:\valente_conecta\node_modules\lodash\fp\isEqualWith.js | C:\valente_conecta\node_modules\lodash\isEqualWith.js"
"isError.d.ts","3","C:\valente_conecta\node_modules\es-toolkit\compat\isError.d.ts | C:\valente_conecta\node_modules\es-toolkit\dist\compat\predicate\isError.d.ts | C:\valente_conecta\node_modules\es-toolkit\dist\predicate\isError.d.ts"
"isError.js","5","C:\valente_conecta\node_modules\es-toolkit\compat\isError.js | C:\valente_conecta\node_modules\es-toolkit\dist\compat\predicate\isError.js | C:\valente_conecta\node_modules\es-toolkit\dist\predicate\isError.js | C:\valente_conecta\node_modules\lodash\fp\isError.js | C:\valente_conecta\node_modules\lodash\isError.js"
"isFinite.d.ts","3","C:\valente_conecta\node_modules\es-toolkit\compat\isFinite.d.ts | C:\valente_conecta\node_modules\es-toolkit\dist\compat\predicate\isFinite.d.ts | C:\valente_conecta\node_modules\math-intrinsics\isFinite.d.ts"
"isFinite.js","5","C:\valente_conecta\node_modules\es-toolkit\compat\isFinite.js | C:\valente_conecta\node_modules\es-toolkit\dist\compat\predicate\isFinite.js | C:\valente_conecta\node_modules\lodash\fp\isFinite.js | C:\valente_conecta\node_modules\lodash\isFinite.js | C:\valente_conecta\node_modules\math-intrinsics\isFinite.js"
"isFunction.d.ts","3","C:\valente_conecta\node_modules\es-toolkit\compat\isFunction.d.ts | C:\valente_conecta\node_modules\es-toolkit\dist\compat\predicate\isFunction.d.ts | C:\valente_conecta\node_modules\es-toolkit\dist\predicate\isFunction.d.ts"
"isFunction.js","5","C:\valente_conecta\node_modules\es-toolkit\compat\isFunction.js | C:\valente_conecta\node_modules\es-toolkit\dist\compat\predicate\isFunction.js | C:\valente_conecta\node_modules\es-toolkit\dist\predicate\isFunction.js | C:\valente_conecta\node_modules\lodash\fp\isFunction.js | C:\valente_conecta\node_modules\lodash\isFunction.js"
"isInteger.d.ts","3","C:\valente_conecta\node_modules\es-toolkit\compat\isInteger.d.ts | C:\valente_conecta\node_modules\es-toolkit\dist\compat\predicate\isInteger.d.ts | C:\valente_conecta\node_modules\math-intrinsics\isInteger.d.ts"
"isInteger.js","5","C:\valente_conecta\node_modules\es-toolkit\compat\isInteger.js | C:\valente_conecta\node_modules\es-toolkit\dist\compat\predicate\isInteger.js | C:\valente_conecta\node_modules\lodash\fp\isInteger.js | C:\valente_conecta\node_modules\lodash\isInteger.js | C:\valente_conecta\node_modules\math-intrinsics\isInteger.js"
"isLength.d.ts","3","C:\valente_conecta\node_modules\es-toolkit\compat\isLength.d.ts | C:\valente_conecta\node_modules\es-toolkit\dist\compat\predicate\isLength.d.ts | C:\valente_conecta\node_modules\es-toolkit\dist\predicate\isLength.d.ts"
"isLength.js","5","C:\valente_conecta\node_modules\es-toolkit\compat\isLength.js | C:\valente_conecta\node_modules\es-toolkit\dist\compat\predicate\isLength.js | C:\valente_conecta\node_modules\es-toolkit\dist\predicate\isLength.js | C:\valente_conecta\node_modules\lodash\fp\isLength.js | C:\valente_conecta\node_modules\lodash\isLength.js"
"isMap.d.ts","3","C:\valente_conecta\node_modules\es-toolkit\compat\isMap.d.ts | C:\valente_conecta\node_modules\es-toolkit\dist\compat\predicate\isMap.d.ts | C:\valente_conecta\node_modules\es-toolkit\dist\predicate\isMap.d.ts"
"isMap.js","5","C:\valente_conecta\node_modules\es-toolkit\compat\isMap.js | C:\valente_conecta\node_modules\es-toolkit\dist\compat\predicate\isMap.js | C:\valente_conecta\node_modules\es-toolkit\dist\predicate\isMap.js | C:\valente_conecta\node_modules\lodash\fp\isMap.js | C:\valente_conecta\node_modules\lodash\isMap.js"
"isMatch.d.ts","2","C:\valente_conecta\node_modules\es-toolkit\compat\isMatch.d.ts | C:\valente_conecta\node_modules\es-toolkit\dist\compat\predicate\isMatch.d.ts"
"isMatch.js","4","C:\valente_conecta\node_modules\es-toolkit\compat\isMatch.js | C:\valente_conecta\node_modules\es-toolkit\dist\compat\predicate\isMatch.js | C:\valente_conecta\node_modules\lodash\fp\isMatch.js | C:\valente_conecta\node_modules\lodash\isMatch.js"
"isMatchWith.d.ts","2","C:\valente_conecta\node_modules\es-toolkit\compat\isMatchWith.d.ts | C:\valente_conecta\node_modules\es-toolkit\dist\compat\predicate\isMatchWith.d.ts"
"isMatchWith.js","4","C:\valente_conecta\node_modules\es-toolkit\compat\isMatchWith.js | C:\valente_conecta\node_modules\es-toolkit\dist\compat\predicate\isMatchWith.js | C:\valente_conecta\node_modules\lodash\fp\isMatchWith.js | C:\valente_conecta\node_modules\lodash\isMatchWith.js"
"isNaN.d.ts","3","C:\valente_conecta\node_modules\es-toolkit\compat\isNaN.d.ts | C:\valente_conecta\node_modules\es-toolkit\dist\compat\predicate\isNaN.d.ts | C:\valente_conecta\node_modules\math-intrinsics\isNaN.d.ts"
"isNaN.js","5","C:\valente_conecta\node_modules\es-toolkit\compat\isNaN.js | C:\valente_conecta\node_modules\es-toolkit\dist\compat\predicate\isNaN.js | C:\valente_conecta\node_modules\lodash\fp\isNaN.js | C:\valente_conecta\node_modules\lodash\isNaN.js | C:\valente_conecta\node_modules\math-intrinsics\isNaN.js"
"isNative.d.ts","2","C:\valente_conecta\node_modules\es-toolkit\compat\isNative.d.ts | C:\valente_conecta\node_modules\es-toolkit\dist\compat\predicate\isNative.d.ts"
"isNative.js","4","C:\valente_conecta\node_modules\es-toolkit\compat\isNative.js | C:\valente_conecta\node_modules\es-toolkit\dist\compat\predicate\isNative.js | C:\valente_conecta\node_modules\lodash\fp\isNative.js | C:\valente_conecta\node_modules\lodash\isNative.js"
"isNil.d.ts","3","C:\valente_conecta\node_modules\es-toolkit\compat\isNil.d.ts | C:\valente_conecta\node_modules\es-toolkit\dist\compat\predicate\isNil.d.ts | C:\valente_conecta\node_modules\es-toolkit\dist\predicate\isNil.d.ts"
"isNil.js","5","C:\valente_conecta\node_modules\es-toolkit\compat\isNil.js | C:\valente_conecta\node_modules\es-toolkit\dist\compat\predicate\isNil.js | C:\valente_conecta\node_modules\es-toolkit\dist\predicate\isNil.js | C:\valente_conecta\node_modules\lodash\fp\isNil.js | C:\valente_conecta\node_modules\lodash\isNil.js"
"isNull.d.ts","3","C:\valente_conecta\node_modules\es-toolkit\compat\isNull.d.ts | C:\valente_conecta\node_modules\es-toolkit\dist\compat\predicate\isNull.d.ts | C:\valente_conecta\node_modules\es-toolkit\dist\predicate\isNull.d.ts"
"isNull.js","5","C:\valente_conecta\node_modules\es-toolkit\compat\isNull.js | C:\valente_conecta\node_modules\es-toolkit\dist\compat\predicate\isNull.js | C:\valente_conecta\node_modules\es-toolkit\dist\predicate\isNull.js | C:\valente_conecta\node_modules\lodash\fp\isNull.js | C:\valente_conecta\node_modules\lodash\isNull.js"
"isNumber.d.ts","3","C:\valente_conecta\node_modules\es-toolkit\compat\isNumber.d.ts | C:\valente_conecta\node_modules\es-toolkit\dist\compat\predicate\isNumber.d.ts | C:\valente_conecta\node_modules\es-toolkit\dist\predicate\isNumber.d.ts"
"isNumber.js","5","C:\valente_conecta\node_modules\es-toolkit\compat\isNumber.js | C:\valente_conecta\node_modules\es-toolkit\dist\compat\predicate\isNumber.js | C:\valente_conecta\node_modules\es-toolkit\dist\predicate\isNumber.js | C:\valente_conecta\node_modules\lodash\fp\isNumber.js | C:\valente_conecta\node_modules\lodash\isNumber.js"
"isObjectLike.d.ts","2","C:\valente_conecta\node_modules\es-toolkit\compat\isObjectLike.d.ts | C:\valente_conecta\node_modules\es-toolkit\dist\compat\predicate\isObjectLike.d.ts"
"isObjectLike.js","4","C:\valente_conecta\node_modules\es-toolkit\compat\isObjectLike.js | C:\valente_conecta\node_modules\es-toolkit\dist\compat\predicate\isObjectLike.js | C:\valente_conecta\node_modules\lodash\fp\isObjectLike.js | C:\valente_conecta\node_modules\lodash\isObjectLike.js"
"isPlainObject.d.ts","3","C:\valente_conecta\node_modules\es-toolkit\compat\isPlainObject.d.ts | C:\valente_conecta\node_modules\es-toolkit\dist\compat\predicate\isPlainObject.d.ts | C:\valente_conecta\node_modules\es-toolkit\dist\predicate\isPlainObject.d.ts"
"isPlainObject.js","7","C:\valente_conecta\node_modules\es-toolkit\compat\isPlainObject.js | C:\valente_conecta\node_modules\es-toolkit\dist\compat\predicate\isPlainObject.js | C:\valente_conecta\node_modules\es-toolkit\dist\predicate\isPlainObject.js | C:\valente_conecta\node_modules\lodash\fp\isPlainObject.js | C:\valente_conecta\node_modules\lodash\isPlainObject.js | C:\valente_conecta\node_modules\tailwindcss\lib\util\isPlainObject.js | C:\valente_conecta\node_modules\tailwindcss\src\util\isPlainObject.js"
"isRegExp.d.ts","3","C:\valente_conecta\node_modules\es-toolkit\compat\isRegExp.d.ts | C:\valente_conecta\node_modules\es-toolkit\dist\compat\predicate\isRegExp.d.ts | C:\valente_conecta\node_modules\es-toolkit\dist\predicate\isRegExp.d.ts"
"isRegExp.js","5","C:\valente_conecta\node_modules\es-toolkit\compat\isRegExp.js | C:\valente_conecta\node_modules\es-toolkit\dist\compat\predicate\isRegExp.js | C:\valente_conecta\node_modules\es-toolkit\dist\predicate\isRegExp.js | C:\valente_conecta\node_modules\lodash\fp\isRegExp.js | C:\valente_conecta\node_modules\lodash\isRegExp.js"
"isSafeInteger.d.ts","2","C:\valente_conecta\node_modules\es-toolkit\compat\isSafeInteger.d.ts | C:\valente_conecta\node_modules\es-toolkit\dist\compat\predicate\isSafeInteger.d.ts"
"isSafeInteger.js","4","C:\valente_conecta\node_modules\es-toolkit\compat\isSafeInteger.js | C:\valente_conecta\node_modules\es-toolkit\dist\compat\predicate\isSafeInteger.js | C:\valente_conecta\node_modules\lodash\fp\isSafeInteger.js | C:\valente_conecta\node_modules\lodash\isSafeInteger.js"
"isSet.d.ts","3","C:\valente_conecta\node_modules\es-toolkit\compat\isSet.d.ts | C:\valente_conecta\node_modules\es-toolkit\dist\compat\predicate\isSet.d.ts | C:\valente_conecta\node_modules\es-toolkit\dist\predicate\isSet.d.ts"
"isSet.js","5","C:\valente_conecta\node_modules\es-toolkit\compat\isSet.js | C:\valente_conecta\node_modules\es-toolkit\dist\compat\predicate\isSet.js | C:\valente_conecta\node_modules\es-toolkit\dist\predicate\isSet.js | C:\valente_conecta\node_modules\lodash\fp\isSet.js | C:\valente_conecta\node_modules\lodash\isSet.js"
"isString.d.ts","3","C:\valente_conecta\node_modules\es-toolkit\compat\isString.d.ts | C:\valente_conecta\node_modules\es-toolkit\dist\compat\predicate\isString.d.ts | C:\valente_conecta\node_modules\es-toolkit\dist\predicate\isString.d.ts"
"isString.js","5","C:\valente_conecta\node_modules\es-toolkit\compat\isString.js | C:\valente_conecta\node_modules\es-toolkit\dist\compat\predicate\isString.js | C:\valente_conecta\node_modules\es-toolkit\dist\predicate\isString.js | C:\valente_conecta\node_modules\lodash\fp\isString.js | C:\valente_conecta\node_modules\lodash\isString.js"
"isSymbol.d.ts","3","C:\valente_conecta\node_modules\es-toolkit\compat\isSymbol.d.ts | C:\valente_conecta\node_modules\es-toolkit\dist\compat\predicate\isSymbol.d.ts | C:\valente_conecta\node_modules\es-toolkit\dist\predicate\isSymbol.d.ts"
"isSymbol.js","5","C:\valente_conecta\node_modules\es-toolkit\compat\isSymbol.js | C:\valente_conecta\node_modules\es-toolkit\dist\compat\predicate\isSymbol.js | C:\valente_conecta\node_modules\es-toolkit\dist\predicate\isSymbol.js | C:\valente_conecta\node_modules\lodash\fp\isSymbol.js | C:\valente_conecta\node_modules\lodash\isSymbol.js"
"isTypedArray.d.ts","3","C:\valente_conecta\node_modules\es-toolkit\compat\isTypedArray.d.ts | C:\valente_conecta\node_modules\es-toolkit\dist\compat\predicate\isTypedArray.d.ts | C:\valente_conecta\node_modules\es-toolkit\dist\predicate\isTypedArray.d.ts"
"isTypedArray.js","5","C:\valente_conecta\node_modules\es-toolkit\compat\isTypedArray.js | C:\valente_conecta\node_modules\es-toolkit\dist\compat\predicate\isTypedArray.js | C:\valente_conecta\node_modules\es-toolkit\dist\predicate\isTypedArray.js | C:\valente_conecta\node_modules\lodash\fp\isTypedArray.js | C:\valente_conecta\node_modules\lodash\isTypedArray.js"
"isUndefined.d.ts","3","C:\valente_conecta\node_modules\es-toolkit\compat\isUndefined.d.ts | C:\valente_conecta\node_modules\es-toolkit\dist\compat\predicate\isUndefined.d.ts | C:\valente_conecta\node_modules\es-toolkit\dist\predicate\isUndefined.d.ts"
"isUndefined.js","5","C:\valente_conecta\node_modules\es-toolkit\compat\isUndefined.js | C:\valente_conecta\node_modules\es-toolkit\dist\compat\predicate\isUndefined.js | C:\valente_conecta\node_modules\es-toolkit\dist\predicate\isUndefined.js | C:\valente_conecta\node_modules\lodash\fp\isUndefined.js | C:\valente_conecta\node_modules\lodash\isUndefined.js"
"isWeakMap.d.ts","3","C:\valente_conecta\node_modules\es-toolkit\compat\isWeakMap.d.ts | C:\valente_conecta\node_modules\es-toolkit\dist\compat\predicate\isWeakMap.d.ts | C:\valente_conecta\node_modules\es-toolkit\dist\predicate\isWeakMap.d.ts"
"isWeakMap.js","5","C:\valente_conecta\node_modules\es-toolkit\compat\isWeakMap.js | C:\valente_conecta\node_modules\es-toolkit\dist\compat\predicate\isWeakMap.js | C:\valente_conecta\node_modules\es-toolkit\dist\predicate\isWeakMap.js | C:\valente_conecta\node_modules\lodash\fp\isWeakMap.js | C:\valente_conecta\node_modules\lodash\isWeakMap.js"
"isWeakSet.d.ts","3","C:\valente_conecta\node_modules\es-toolkit\compat\isWeakSet.d.ts | C:\valente_conecta\node_modules\es-toolkit\dist\compat\predicate\isWeakSet.d.ts | C:\valente_conecta\node_modules\es-toolkit\dist\predicate\isWeakSet.d.ts"
"isWeakSet.js","5","C:\valente_conecta\node_modules\es-toolkit\compat\isWeakSet.js | C:\valente_conecta\node_modules\es-toolkit\dist\compat\predicate\isWeakSet.js | C:\valente_conecta\node_modules\es-toolkit\dist\predicate\isWeakSet.js | C:\valente_conecta\node_modules\lodash\fp\isWeakSet.js | C:\valente_conecta\node_modules\lodash\isWeakSet.js"
"iteratee.d.ts","2","C:\valente_conecta\node_modules\es-toolkit\compat\iteratee.d.ts | C:\valente_conecta\node_modules\es-toolkit\dist\compat\util\iteratee.d.ts"
"iteratee.js","4","C:\valente_conecta\node_modules\es-toolkit\compat\iteratee.js | C:\valente_conecta\node_modules\es-toolkit\dist\compat\util\iteratee.js | C:\valente_conecta\node_modules\lodash\fp\iteratee.js | C:\valente_conecta\node_modules\lodash\iteratee.js"
"join.d.ts","3","C:\valente_conecta\node_modules\es-toolkit\compat\join.d.ts | C:\valente_conecta\node_modules\es-toolkit\dist\compat\array\join.d.ts | C:\valente_conecta\node_modules\type-fest\source\join.d.ts"
"kebabCase.d.ts","3","C:\valente_conecta\node_modules\es-toolkit\compat\kebabCase.d.ts | C:\valente_conecta\node_modules\es-toolkit\dist\compat\string\kebabCase.d.ts | C:\valente_conecta\node_modules\es-toolkit\dist\string\kebabCase.d.ts"
"kebabCase.js","5","C:\valente_conecta\node_modules\es-toolkit\compat\kebabCase.js | C:\valente_conecta\node_modules\es-toolkit\dist\compat\string\kebabCase.js | C:\valente_conecta\node_modules\es-toolkit\dist\string\kebabCase.js | C:\valente_conecta\node_modules\lodash\fp\kebabCase.js | C:\valente_conecta\node_modules\lodash\kebabCase.js"
"keyBy.d.ts","5","C:\valente_conecta\node_modules\es-toolkit\compat\keyBy.d.ts | C:\valente_conecta\node_modules\es-toolkit\dist\array\keyBy.d.ts | C:\valente_conecta\node_modules\es-toolkit\dist\compat\array\keyBy.d.ts | C:\valente_conecta\node_modules\es-toolkit\dist\map\keyBy.d.ts | C:\valente_conecta\node_modules\es-toolkit\dist\set\keyBy.d.ts"
"keyBy.js","7","C:\valente_conecta\node_modules\es-toolkit\compat\keyBy.js | C:\valente_conecta\node_modules\es-toolkit\dist\array\keyBy.js | C:\valente_conecta\node_modules\es-toolkit\dist\compat\array\keyBy.js | C:\valente_conecta\node_modules\es-toolkit\dist\map\keyBy.js | C:\valente_conecta\node_modules\es-toolkit\dist\set\keyBy.js | C:\valente_conecta\node_modules\lodash\fp\keyBy.js | C:\valente_conecta\node_modules\lodash\keyBy.js"
"keys.d.ts","3","C:\valente_conecta\node_modules\es-toolkit\compat\keys.d.ts | C:\valente_conecta\node_modules\es-toolkit\dist\compat\object\keys.d.ts | C:\valente_conecta\node_modules\type-fest\source\internal\keys.d.ts"
"keysIn.d.ts","2","C:\valente_conecta\node_modules\es-toolkit\compat\keysIn.d.ts | C:\valente_conecta\node_modules\es-toolkit\dist\compat\object\keysIn.d.ts"
"keysIn.js","4","C:\valente_conecta\node_modules\es-toolkit\compat\keysIn.js | C:\valente_conecta\node_modules\es-toolkit\dist\compat\object\keysIn.js | C:\valente_conecta\node_modules\lodash\fp\keysIn.js | C:\valente_conecta\node_modules\lodash\keysIn.js"
"last.d.ts","3","C:\valente_conecta\node_modules\es-toolkit\compat\last.d.ts | C:\valente_conecta\node_modules\es-toolkit\dist\array\last.d.ts | C:\valente_conecta\node_modules\es-toolkit\dist\compat\array\last.d.ts"
"last.js","5","C:\valente_conecta\node_modules\es-toolkit\compat\last.js | C:\valente_conecta\node_modules\es-toolkit\dist\array\last.js | C:\valente_conecta\node_modules\es-toolkit\dist\compat\array\last.js | C:\valente_conecta\node_modules\lodash\fp\last.js | C:\valente_conecta\node_modules\lodash\last.js"
"lastIndexOf.d.ts","2","C:\valente_conecta\node_modules\es-toolkit\compat\lastIndexOf.d.ts | C:\valente_conecta\node_modules\es-toolkit\dist\compat\array\lastIndexOf.d.ts"
"lastIndexOf.js","4","C:\valente_conecta\node_modules\es-toolkit\compat\lastIndexOf.js | C:\valente_conecta\node_modules\es-toolkit\dist\compat\array\lastIndexOf.js | C:\valente_conecta\node_modules\lodash\fp\lastIndexOf.js | C:\valente_conecta\node_modules\lodash\lastIndexOf.js"
"lowerCase.d.ts","3","C:\valente_conecta\node_modules\es-toolkit\compat\lowerCase.d.ts | C:\valente_conecta\node_modules\es-toolkit\dist\compat\string\lowerCase.d.ts | C:\valente_conecta\node_modules\es-toolkit\dist\string\lowerCase.d.ts"
"lowerCase.js","5","C:\valente_conecta\node_modules\es-toolkit\compat\lowerCase.js | C:\valente_conecta\node_modules\es-toolkit\dist\compat\string\lowerCase.js | C:\valente_conecta\node_modules\es-toolkit\dist\string\lowerCase.js | C:\valente_conecta\node_modules\lodash\fp\lowerCase.js | C:\valente_conecta\node_modules\lodash\lowerCase.js"
"lowerFirst.d.ts","3","C:\valente_conecta\node_modules\es-toolkit\compat\lowerFirst.d.ts | C:\valente_conecta\node_modules\es-toolkit\dist\compat\string\lowerFirst.d.ts | C:\valente_conecta\node_modules\es-toolkit\dist\string\lowerFirst.d.ts"
"lowerFirst.js","5","C:\valente_conecta\node_modules\es-toolkit\compat\lowerFirst.js | C:\valente_conecta\node_modules\es-toolkit\dist\compat\string\lowerFirst.js | C:\valente_conecta\node_modules\es-toolkit\dist\string\lowerFirst.js | C:\valente_conecta\node_modules\lodash\fp\lowerFirst.js | C:\valente_conecta\node_modules\lodash\lowerFirst.js"
"lt.d.ts","2","C:\valente_conecta\node_modules\es-toolkit\compat\lt.d.ts | C:\valente_conecta\node_modules\es-toolkit\dist\compat\util\lt.d.ts"
"lte.d.ts","2","C:\valente_conecta\node_modules\es-toolkit\compat\lte.d.ts | C:\valente_conecta\node_modules\es-toolkit\dist\compat\util\lte.d.ts"
"lte.js","5","C:\valente_conecta\node_modules\es-toolkit\compat\lte.js | C:\valente_conecta\node_modules\es-toolkit\dist\compat\util\lte.js | C:\valente_conecta\node_modules\lodash\fp\lte.js | C:\valente_conecta\node_modules\lodash\lte.js | C:\valente_conecta\node_modules\semver\functions\lte.js"
"map.d.ts","4","C:\valente_conecta\node_modules\es-toolkit\compat\map.d.ts | C:\valente_conecta\node_modules\es-toolkit\dist\compat\array\map.d.ts | C:\valente_conecta\node_modules\es-toolkit\dist\set\map.d.ts | C:\valente_conecta\node_modules\es-toolkit\map.d.ts"
"mapKeys.d.ts","4","C:\valente_conecta\node_modules\es-toolkit\compat\mapKeys.d.ts | C:\valente_conecta\node_modules\es-toolkit\dist\compat\object\mapKeys.d.ts | C:\valente_conecta\node_modules\es-toolkit\dist\map\mapKeys.d.ts | C:\valente_conecta\node_modules\es-toolkit\dist\object\mapKeys.d.ts"
"mapKeys.js","6","C:\valente_conecta\node_modules\es-toolkit\compat\mapKeys.js | C:\valente_conecta\node_modules\es-toolkit\dist\compat\object\mapKeys.js | C:\valente_conecta\node_modules\es-toolkit\dist\map\mapKeys.js | C:\valente_conecta\node_modules\es-toolkit\dist\object\mapKeys.js | C:\valente_conecta\node_modules\lodash\fp\mapKeys.js | C:\valente_conecta\node_modules\lodash\mapKeys.js"
"mapValues.d.ts","4","C:\valente_conecta\node_modules\es-toolkit\compat\mapValues.d.ts | C:\valente_conecta\node_modules\es-toolkit\dist\compat\object\mapValues.d.ts | C:\valente_conecta\node_modules\es-toolkit\dist\map\mapValues.d.ts | C:\valente_conecta\node_modules\es-toolkit\dist\object\mapValues.d.ts"
"mapValues.js","6","C:\valente_conecta\node_modules\es-toolkit\compat\mapValues.js | C:\valente_conecta\node_modules\es-toolkit\dist\compat\object\mapValues.js | C:\valente_conecta\node_modules\es-toolkit\dist\map\mapValues.js | C:\valente_conecta\node_modules\es-toolkit\dist\object\mapValues.js | C:\valente_conecta\node_modules\lodash\fp\mapValues.js | C:\valente_conecta\node_modules\lodash\mapValues.js"
"matches.d.ts","2","C:\valente_conecta\node_modules\es-toolkit\compat\matches.d.ts | C:\valente_conecta\node_modules\es-toolkit\dist\compat\predicate\matches.d.ts"
"matches.js","4","C:\valente_conecta\node_modules\es-toolkit\compat\matches.js | C:\valente_conecta\node_modules\es-toolkit\dist\compat\predicate\matches.js | C:\valente_conecta\node_modules\lodash\fp\matches.js | C:\valente_conecta\node_modules\lodash\matches.js"
"matchesProperty.d.ts","2","C:\valente_conecta\node_modules\es-toolkit\compat\matchesProperty.d.ts | C:\valente_conecta\node_modules\es-toolkit\dist\compat\predicate\matchesProperty.d.ts"
"matchesProperty.js","4","C:\valente_conecta\node_modules\es-toolkit\compat\matchesProperty.js | C:\valente_conecta\node_modules\es-toolkit\dist\compat\predicate\matchesProperty.js | C:\valente_conecta\node_modules\lodash\fp\matchesProperty.js | C:\valente_conecta\node_modules\lodash\matchesProperty.js"
"max.d.ts","3","C:\valente_conecta\node_modules\es-toolkit\compat\max.d.ts | C:\valente_conecta\node_modules\es-toolkit\dist\compat\math\max.d.ts | C:\valente_conecta\node_modules\math-intrinsics\max.d.ts"
"maxBy.d.ts","3","C:\valente_conecta\node_modules\es-toolkit\compat\maxBy.d.ts | C:\valente_conecta\node_modules\es-toolkit\dist\array\maxBy.d.ts | C:\valente_conecta\node_modules\es-toolkit\dist\compat\math\maxBy.d.ts"
"maxBy.js","5","C:\valente_conecta\node_modules\es-toolkit\compat\maxBy.js | C:\valente_conecta\node_modules\es-toolkit\dist\array\maxBy.js | C:\valente_conecta\node_modules\es-toolkit\dist\compat\math\maxBy.js | C:\valente_conecta\node_modules\lodash\fp\maxBy.js | C:\valente_conecta\node_modules\lodash\maxBy.js"
"mean.d.ts","3","C:\valente_conecta\node_modules\es-toolkit\compat\mean.d.ts | C:\valente_conecta\node_modules\es-toolkit\dist\compat\math\mean.d.ts | C:\valente_conecta\node_modules\es-toolkit\dist\math\mean.d.ts"
"meanBy.d.ts","3","C:\valente_conecta\node_modules\es-toolkit\compat\meanBy.d.ts | C:\valente_conecta\node_modules\es-toolkit\dist\compat\math\meanBy.d.ts | C:\valente_conecta\node_modules\es-toolkit\dist\math\meanBy.d.ts"
"meanBy.js","5","C:\valente_conecta\node_modules\es-toolkit\compat\meanBy.js | C:\valente_conecta\node_modules\es-toolkit\dist\compat\math\meanBy.js | C:\valente_conecta\node_modules\es-toolkit\dist\math\meanBy.js | C:\valente_conecta\node_modules\lodash\fp\meanBy.js | C:\valente_conecta\node_modules\lodash\meanBy.js"
"memoize.d.ts","3","C:\valente_conecta\node_modules\es-toolkit\compat\memoize.d.ts | C:\valente_conecta\node_modules\es-toolkit\dist\compat\function\memoize.d.ts | C:\valente_conecta\node_modules\es-toolkit\dist\function\memoize.d.ts"
"memoize.js","5","C:\valente_conecta\node_modules\es-toolkit\compat\memoize.js | C:\valente_conecta\node_modules\es-toolkit\dist\compat\function\memoize.js | C:\valente_conecta\node_modules\es-toolkit\dist\function\memoize.js | C:\valente_conecta\node_modules\lodash\fp\memoize.js | C:\valente_conecta\node_modules\lodash\memoize.js"
"merge.d.ts","4","C:\valente_conecta\node_modules\es-toolkit\compat\merge.d.ts | C:\valente_conecta\node_modules\es-toolkit\dist\compat\object\merge.d.ts | C:\valente_conecta\node_modules\es-toolkit\dist\object\merge.d.ts | C:\valente_conecta\node_modules\type-fest\source\merge.d.ts"
"mergeWith.d.ts","3","C:\valente_conecta\node_modules\es-toolkit\compat\mergeWith.d.ts | C:\valente_conecta\node_modules\es-toolkit\dist\compat\object\mergeWith.d.ts | C:\valente_conecta\node_modules\es-toolkit\dist\object\mergeWith.d.ts"
"mergeWith.js","5","C:\valente_conecta\node_modules\es-toolkit\compat\mergeWith.js | C:\valente_conecta\node_modules\es-toolkit\dist\compat\object\mergeWith.js | C:\valente_conecta\node_modules\es-toolkit\dist\object\mergeWith.js | C:\valente_conecta\node_modules\lodash\fp\mergeWith.js | C:\valente_conecta\node_modules\lodash\mergeWith.js"
"method.d.ts","2","C:\valente_conecta\node_modules\es-toolkit\compat\method.d.ts | C:\valente_conecta\node_modules\es-toolkit\dist\compat\util\method.d.ts"
"method.js","4","C:\valente_conecta\node_modules\es-toolkit\compat\method.js | C:\valente_conecta\node_modules\es-toolkit\dist\compat\util\method.js | C:\valente_conecta\node_modules\lodash\fp\method.js | C:\valente_conecta\node_modules\lodash\method.js"
"methodOf.d.ts","2","C:\valente_conecta\node_modules\es-toolkit\compat\methodOf.d.ts | C:\valente_conecta\node_modules\es-toolkit\dist\compat\util\methodOf.d.ts"
"methodOf.js","4","C:\valente_conecta\node_modules\es-toolkit\compat\methodOf.js | C:\valente_conecta\node_modules\es-toolkit\dist\compat\util\methodOf.js | C:\valente_conecta\node_modules\lodash\fp\methodOf.js | C:\valente_conecta\node_modules\lodash\methodOf.js"
"min.d.ts","3","C:\valente_conecta\node_modules\es-toolkit\compat\min.d.ts | C:\valente_conecta\node_modules\es-toolkit\dist\compat\math\min.d.ts | C:\valente_conecta\node_modules\math-intrinsics\min.d.ts"
"minBy.d.ts","3","C:\valente_conecta\node_modules\es-toolkit\compat\minBy.d.ts | C:\valente_conecta\node_modules\es-toolkit\dist\array\minBy.d.ts | C:\valente_conecta\node_modules\es-toolkit\dist\compat\math\minBy.d.ts"
"minBy.js","5","C:\valente_conecta\node_modules\es-toolkit\compat\minBy.js | C:\valente_conecta\node_modules\es-toolkit\dist\array\minBy.js | C:\valente_conecta\node_modules\es-toolkit\dist\compat\math\minBy.js | C:\valente_conecta\node_modules\lodash\fp\minBy.js | C:\valente_conecta\node_modules\lodash\minBy.js"
"multiply.d.ts","2","C:\valente_conecta\node_modules\es-toolkit\compat\multiply.d.ts | C:\valente_conecta\node_modules\es-toolkit\dist\compat\math\multiply.d.ts"
"multiply.js","4","C:\valente_conecta\node_modules\es-toolkit\compat\multiply.js | C:\valente_conecta\node_modules\es-toolkit\dist\compat\math\multiply.js | C:\valente_conecta\node_modules\lodash\fp\multiply.js | C:\valente_conecta\node_modules\lodash\multiply.js"
"negate.d.ts","3","C:\valente_conecta\node_modules\es-toolkit\compat\negate.d.ts | C:\valente_conecta\node_modules\es-toolkit\dist\compat\function\negate.d.ts | C:\valente_conecta\node_modules\es-toolkit\dist\function\negate.d.ts"
"negate.js","5","C:\valente_conecta\node_modules\es-toolkit\compat\negate.js | C:\valente_conecta\node_modules\es-toolkit\dist\compat\function\negate.js | C:\valente_conecta\node_modules\es-toolkit\dist\function\negate.js | C:\valente_conecta\node_modules\lodash\fp\negate.js | C:\valente_conecta\node_modules\lodash\negate.js"
"noop.d.ts","3","C:\valente_conecta\node_modules\es-toolkit\compat\noop.d.ts | C:\valente_conecta\node_modules\es-toolkit\dist\compat\function\noop.d.ts | C:\valente_conecta\node_modules\es-toolkit\dist\function\noop.d.ts"
"now.d.ts","2","C:\valente_conecta\node_modules\es-toolkit\compat\now.d.ts | C:\valente_conecta\node_modules\es-toolkit\dist\compat\util\now.d.ts"
"nth.d.ts","2","C:\valente_conecta\node_modules\es-toolkit\compat\nth.d.ts | C:\valente_conecta\node_modules\es-toolkit\dist\compat\array\nth.d.ts"
"nth.js","4","C:\valente_conecta\node_modules\es-toolkit\compat\nth.js | C:\valente_conecta\node_modules\es-toolkit\dist\compat\array\nth.js | C:\valente_conecta\node_modules\lodash\fp\nth.js | C:\valente_conecta\node_modules\lodash\nth.js"
"nthArg.d.ts","2","C:\valente_conecta\node_modules\es-toolkit\compat\nthArg.d.ts | C:\valente_conecta\node_modules\es-toolkit\dist\compat\function\nthArg.d.ts"
"nthArg.js","4","C:\valente_conecta\node_modules\es-toolkit\compat\nthArg.js | C:\valente_conecta\node_modules\es-toolkit\dist\compat\function\nthArg.js | C:\valente_conecta\node_modules\lodash\fp\nthArg.js | C:\valente_conecta\node_modules\lodash\nthArg.js"
"omit.d.ts","4","C:\valente_conecta\node_modules\es-toolkit\compat\omit.d.ts | C:\valente_conecta\node_modules\es-toolkit\dist\compat\object\omit.d.ts | C:\valente_conecta\node_modules\es-toolkit\dist\object\omit.d.ts | C:\valente_conecta\node_modules\next\dist\shared\lib\router\utils\omit.d.ts"
"omit.js","7","C:\valente_conecta\node_modules\es-toolkit\compat\omit.js | C:\valente_conecta\node_modules\es-toolkit\dist\compat\object\omit.js | C:\valente_conecta\node_modules\es-toolkit\dist\object\omit.js | C:\valente_conecta\node_modules\lodash\fp\omit.js | C:\valente_conecta\node_modules\lodash\omit.js | C:\valente_conecta\node_modules\next\dist\esm\shared\lib\router\utils\omit.js | C:\valente_conecta\node_modules\next\dist\shared\lib\router\utils\omit.js"
"omitBy.d.ts","3","C:\valente_conecta\node_modules\es-toolkit\compat\omitBy.d.ts | C:\valente_conecta\node_modules\es-toolkit\dist\compat\object\omitBy.d.ts | C:\valente_conecta\node_modules\es-toolkit\dist\object\omitBy.d.ts"
"omitBy.js","5","C:\valente_conecta\node_modules\es-toolkit\compat\omitBy.js | C:\valente_conecta\node_modules\es-toolkit\dist\compat\object\omitBy.js | C:\valente_conecta\node_modules\es-toolkit\dist\object\omitBy.js | C:\valente_conecta\node_modules\lodash\fp\omitBy.js | C:\valente_conecta\node_modules\lodash\omitBy.js"
"once.d.ts","3","C:\valente_conecta\node_modules\es-toolkit\compat\once.d.ts | C:\valente_conecta\node_modules\es-toolkit\dist\compat\function\once.d.ts | C:\valente_conecta\node_modules\es-toolkit\dist\function\once.d.ts"
"once.js","6","C:\valente_conecta\node_modules\es-toolkit\compat\once.js | C:\valente_conecta\node_modules\es-toolkit\dist\compat\function\once.js | C:\valente_conecta\node_modules\es-toolkit\dist\function\once.js | C:\valente_conecta\node_modules\lodash\fp\once.js | C:\valente_conecta\node_modules\lodash\once.js | C:\valente_conecta\node_modules\once\once.js"
"orderBy.d.ts","3","C:\valente_conecta\node_modules\es-toolkit\compat\orderBy.d.ts | C:\valente_conecta\node_modules\es-toolkit\dist\array\orderBy.d.ts | C:\valente_conecta\node_modules\es-toolkit\dist\compat\array\orderBy.d.ts"
"orderBy.js","5","C:\valente_conecta\node_modules\es-toolkit\compat\orderBy.js | C:\valente_conecta\node_modules\es-toolkit\dist\array\orderBy.js | C:\valente_conecta\node_modules\es-toolkit\dist\compat\array\orderBy.js | C:\valente_conecta\node_modules\lodash\fp\orderBy.js | C:\valente_conecta\node_modules\lodash\orderBy.js"
"over.d.ts","2","C:\valente_conecta\node_modules\es-toolkit\compat\over.d.ts | C:\valente_conecta\node_modules\es-toolkit\dist\compat\util\over.d.ts"
"over.js","4","C:\valente_conecta\node_modules\es-toolkit\compat\over.js | C:\valente_conecta\node_modules\es-toolkit\dist\compat\util\over.js | C:\valente_conecta\node_modules\lodash\fp\over.js | C:\valente_conecta\node_modules\lodash\over.js"
"overArgs.d.ts","2","C:\valente_conecta\node_modules\es-toolkit\compat\overArgs.d.ts | C:\valente_conecta\node_modules\es-toolkit\dist\compat\function\overArgs.d.ts"
"overArgs.js","4","C:\valente_conecta\node_modules\es-toolkit\compat\overArgs.js | C:\valente_conecta\node_modules\es-toolkit\dist\compat\function\overArgs.js | C:\valente_conecta\node_modules\lodash\fp\overArgs.js | C:\valente_conecta\node_modules\lodash\overArgs.js"
"overEvery.d.ts","2","C:\valente_conecta\node_modules\es-toolkit\compat\overEvery.d.ts | C:\valente_conecta\node_modules\es-toolkit\dist\compat\util\overEvery.d.ts"
"overEvery.js","4","C:\valente_conecta\node_modules\es-toolkit\compat\overEvery.js | C:\valente_conecta\node_modules\es-toolkit\dist\compat\util\overEvery.js | C:\valente_conecta\node_modules\lodash\fp\overEvery.js | C:\valente_conecta\node_modules\lodash\overEvery.js"
"overSome.d.ts","2","C:\valente_conecta\node_modules\es-toolkit\compat\overSome.d.ts | C:\valente_conecta\node_modules\es-toolkit\dist\compat\util\overSome.d.ts"
"overSome.js","4","C:\valente_conecta\node_modules\es-toolkit\compat\overSome.js | C:\valente_conecta\node_modules\es-toolkit\dist\compat\util\overSome.js | C:\valente_conecta\node_modules\lodash\fp\overSome.js | C:\valente_conecta\node_modules\lodash\overSome.js"
"pad.d.ts","3","C:\valente_conecta\node_modules\es-toolkit\compat\pad.d.ts | C:\valente_conecta\node_modules\es-toolkit\dist\compat\string\pad.d.ts | C:\valente_conecta\node_modules\es-toolkit\dist\string\pad.d.ts"
"pad.js","5","C:\valente_conecta\node_modules\es-toolkit\compat\pad.js | C:\valente_conecta\node_modules\es-toolkit\dist\compat\string\pad.js | C:\valente_conecta\node_modules\es-toolkit\dist\string\pad.js | C:\valente_conecta\node_modules\lodash\fp\pad.js | C:\valente_conecta\node_modules\lodash\pad.js"
"padEnd.d.ts","2","C:\valente_conecta\node_modules\es-toolkit\compat\padEnd.d.ts | C:\valente_conecta\node_modules\es-toolkit\dist\compat\string\padEnd.d.ts"
"padEnd.js","4","C:\valente_conecta\node_modules\es-toolkit\compat\padEnd.js | C:\valente_conecta\node_modules\es-toolkit\dist\compat\string\padEnd.js | C:\valente_conecta\node_modules\lodash\fp\padEnd.js | C:\valente_conecta\node_modules\lodash\padEnd.js"
"padStart.d.ts","2","C:\valente_conecta\node_modules\es-toolkit\compat\padStart.d.ts | C:\valente_conecta\node_modules\es-toolkit\dist\compat\string\padStart.d.ts"
"padStart.js","4","C:\valente_conecta\node_modules\es-toolkit\compat\padStart.js | C:\valente_conecta\node_modules\es-toolkit\dist\compat\string\padStart.js | C:\valente_conecta\node_modules\lodash\fp\padStart.js | C:\valente_conecta\node_modules\lodash\padStart.js"
"parseInt.d.ts","2","C:\valente_conecta\node_modules\es-toolkit\compat\parseInt.d.ts | C:\valente_conecta\node_modules\es-toolkit\dist\compat\math\parseInt.d.ts"
"parseInt.js","4","C:\valente_conecta\node_modules\es-toolkit\compat\parseInt.js | C:\valente_conecta\node_modules\es-toolkit\dist\compat\math\parseInt.js | C:\valente_conecta\node_modules\lodash\fp\parseInt.js | C:\valente_conecta\node_modules\lodash\parseInt.js"
"partial.d.ts","4","C:\valente_conecta\node_modules\es-toolkit\compat\partial.d.ts | C:\valente_conecta\node_modules\es-toolkit\dist\compat\function\partial.d.ts | C:\valente_conecta\node_modules\es-toolkit\dist\function\partial.d.ts | C:\valente_conecta\node_modules\fast-glob\out\providers\matchers\partial.d.ts"
"partial.js","6","C:\valente_conecta\node_modules\es-toolkit\compat\partial.js | C:\valente_conecta\node_modules\es-toolkit\dist\compat\function\partial.js | C:\valente_conecta\node_modules\es-toolkit\dist\function\partial.js | C:\valente_conecta\node_modules\fast-glob\out\providers\matchers\partial.js | C:\valente_conecta\node_modules\lodash\fp\partial.js | C:\valente_conecta\node_modules\lodash\partial.js"
"partialRight.d.ts","3","C:\valente_conecta\node_modules\es-toolkit\compat\partialRight.d.ts | C:\valente_conecta\node_modules\es-toolkit\dist\compat\function\partialRight.d.ts | C:\valente_conecta\node_modules\es-toolkit\dist\function\partialRight.d.ts"
"partialRight.js","5","C:\valente_conecta\node_modules\es-toolkit\compat\partialRight.js | C:\valente_conecta\node_modules\es-toolkit\dist\compat\function\partialRight.js | C:\valente_conecta\node_modules\es-toolkit\dist\function\partialRight.js | C:\valente_conecta\node_modules\lodash\fp\partialRight.js | C:\valente_conecta\node_modules\lodash\partialRight.js"
"partition.d.ts","3","C:\valente_conecta\node_modules\es-toolkit\compat\partition.d.ts | C:\valente_conecta\node_modules\es-toolkit\dist\array\partition.d.ts | C:\valente_conecta\node_modules\es-toolkit\dist\compat\array\partition.d.ts"
"partition.js","5","C:\valente_conecta\node_modules\es-toolkit\compat\partition.js | C:\valente_conecta\node_modules\es-toolkit\dist\array\partition.js | C:\valente_conecta\node_modules\es-toolkit\dist\compat\array\partition.js | C:\valente_conecta\node_modules\lodash\fp\partition.js | C:\valente_conecta\node_modules\lodash\partition.js"
"pick.d.ts","4","C:\valente_conecta\node_modules\es-toolkit\compat\pick.d.ts | C:\valente_conecta\node_modules\es-toolkit\dist\compat\object\pick.d.ts | C:\valente_conecta\node_modules\es-toolkit\dist\object\pick.d.ts | C:\valente_conecta\node_modules\next\dist\lib\pick.d.ts"
"pick.js","7","C:\valente_conecta\node_modules\es-toolkit\compat\pick.js | C:\valente_conecta\node_modules\es-toolkit\dist\compat\object\pick.js | C:\valente_conecta\node_modules\es-toolkit\dist\object\pick.js | C:\valente_conecta\node_modules\lodash\fp\pick.js | C:\valente_conecta\node_modules\lodash\pick.js | C:\valente_conecta\node_modules\next\dist\esm\lib\pick.js | C:\valente_conecta\node_modules\next\dist\lib\pick.js"
"pickBy.d.ts","3","C:\valente_conecta\node_modules\es-toolkit\compat\pickBy.d.ts | C:\valente_conecta\node_modules\es-toolkit\dist\compat\object\pickBy.d.ts | C:\valente_conecta\node_modules\es-toolkit\dist\object\pickBy.d.ts"
"pickBy.js","5","C:\valente_conecta\node_modules\es-toolkit\compat\pickBy.js | C:\valente_conecta\node_modules\es-toolkit\dist\compat\object\pickBy.js | C:\valente_conecta\node_modules\es-toolkit\dist\object\pickBy.js | C:\valente_conecta\node_modules\lodash\fp\pickBy.js | C:\valente_conecta\node_modules\lodash\pickBy.js"
"property.js","4","C:\valente_conecta\node_modules\es-toolkit\compat\property.js | C:\valente_conecta\node_modules\es-toolkit\dist\compat\object\property.js | C:\valente_conecta\node_modules\lodash\fp\property.js | C:\valente_conecta\node_modules\lodash\property.js"
"propertyOf.d.ts","2","C:\valente_conecta\node_modules\es-toolkit\compat\propertyOf.d.ts | C:\valente_conecta\node_modules\es-toolkit\dist\compat\object\propertyOf.d.ts"
"propertyOf.js","4","C:\valente_conecta\node_modules\es-toolkit\compat\propertyOf.js | C:\valente_conecta\node_modules\es-toolkit\dist\compat\object\propertyOf.js | C:\valente_conecta\node_modules\lodash\fp\propertyOf.js | C:\valente_conecta\node_modules\lodash\propertyOf.js"
"pull.d.ts","3","C:\valente_conecta\node_modules\es-toolkit\compat\pull.d.ts | C:\valente_conecta\node_modules\es-toolkit\dist\array\pull.d.ts | C:\valente_conecta\node_modules\es-toolkit\dist\compat\array\pull.d.ts"
"pull.js","5","C:\valente_conecta\node_modules\es-toolkit\compat\pull.js | C:\valente_conecta\node_modules\es-toolkit\dist\array\pull.js | C:\valente_conecta\node_modules\es-toolkit\dist\compat\array\pull.js | C:\valente_conecta\node_modules\lodash\fp\pull.js | C:\valente_conecta\node_modules\lodash\pull.js"
"pullAll.d.ts","2","C:\valente_conecta\node_modules\es-toolkit\compat\pullAll.d.ts | C:\valente_conecta\node_modules\es-toolkit\dist\compat\array\pullAll.d.ts"
"pullAll.js","4","C:\valente_conecta\node_modules\es-toolkit\compat\pullAll.js | C:\valente_conecta\node_modules\es-toolkit\dist\compat\array\pullAll.js | C:\valente_conecta\node_modules\lodash\fp\pullAll.js | C:\valente_conecta\node_modules\lodash\pullAll.js"
"pullAllBy.d.ts","2","C:\valente_conecta\node_modules\es-toolkit\compat\pullAllBy.d.ts | C:\valente_conecta\node_modules\es-toolkit\dist\compat\array\pullAllBy.d.ts"
"pullAllBy.js","4","C:\valente_conecta\node_modules\es-toolkit\compat\pullAllBy.js | C:\valente_conecta\node_modules\es-toolkit\dist\compat\array\pullAllBy.js | C:\valente_conecta\node_modules\lodash\fp\pullAllBy.js | C:\valente_conecta\node_modules\lodash\pullAllBy.js"
"pullAllWith.d.ts","2","C:\valente_conecta\node_modules\es-toolkit\compat\pullAllWith.d.ts | C:\valente_conecta\node_modules\es-toolkit\dist\compat\array\pullAllWith.d.ts"
"pullAllWith.js","4","C:\valente_conecta\node_modules\es-toolkit\compat\pullAllWith.js | C:\valente_conecta\node_modules\es-toolkit\dist\compat\array\pullAllWith.js | C:\valente_conecta\node_modules\lodash\fp\pullAllWith.js | C:\valente_conecta\node_modules\lodash\pullAllWith.js"
"pullAt.d.ts","3","C:\valente_conecta\node_modules\es-toolkit\compat\pullAt.d.ts | C:\valente_conecta\node_modules\es-toolkit\dist\array\pullAt.d.ts | C:\valente_conecta\node_modules\es-toolkit\dist\compat\array\pullAt.d.ts"
"pullAt.js","5","C:\valente_conecta\node_modules\es-toolkit\compat\pullAt.js | C:\valente_conecta\node_modules\es-toolkit\dist\array\pullAt.js | C:\valente_conecta\node_modules\es-toolkit\dist\compat\array\pullAt.js | C:\valente_conecta\node_modules\lodash\fp\pullAt.js | C:\valente_conecta\node_modules\lodash\pullAt.js"
"random.d.ts","3","C:\valente_conecta\node_modules\es-toolkit\compat\random.d.ts | C:\valente_conecta\node_modules\es-toolkit\dist\compat\math\random.d.ts | C:\valente_conecta\node_modules\es-toolkit\dist\math\random.d.ts"
"random.js","5","C:\valente_conecta\node_modules\es-toolkit\compat\random.js | C:\valente_conecta\node_modules\es-toolkit\dist\compat\math\random.js | C:\valente_conecta\node_modules\es-toolkit\dist\math\random.js | C:\valente_conecta\node_modules\lodash\fp\random.js | C:\valente_conecta\node_modules\lodash\random.js"
"rangeRight.d.ts","3","C:\valente_conecta\node_modules\es-toolkit\compat\rangeRight.d.ts | C:\valente_conecta\node_modules\es-toolkit\dist\compat\math\rangeRight.d.ts | C:\valente_conecta\node_modules\es-toolkit\dist\math\rangeRight.d.ts"
"rangeRight.js","5","C:\valente_conecta\node_modules\es-toolkit\compat\rangeRight.js | C:\valente_conecta\node_modules\es-toolkit\dist\compat\math\rangeRight.js | C:\valente_conecta\node_modules\es-toolkit\dist\math\rangeRight.js | C:\valente_conecta\node_modules\lodash\fp\rangeRight.js | C:\valente_conecta\node_modules\lodash\rangeRight.js"
"rearg.d.ts","2","C:\valente_conecta\node_modules\es-toolkit\compat\rearg.d.ts | C:\valente_conecta\node_modules\es-toolkit\dist\compat\function\rearg.d.ts"
"rearg.js","4","C:\valente_conecta\node_modules\es-toolkit\compat\rearg.js | C:\valente_conecta\node_modules\es-toolkit\dist\compat\function\rearg.js | C:\valente_conecta\node_modules\lodash\fp\rearg.js | C:\valente_conecta\node_modules\lodash\rearg.js"
"reduce.d.ts","4","C:\valente_conecta\node_modules\es-toolkit\compat\reduce.d.ts | C:\valente_conecta\node_modules\es-toolkit\dist\compat\array\reduce.d.ts | C:\valente_conecta\node_modules\es-toolkit\dist\map\reduce.d.ts | C:\valente_conecta\node_modules\es-toolkit\dist\set\reduce.d.ts"
"reduceRight.d.ts","2","C:\valente_conecta\node_modules\es-toolkit\compat\reduceRight.d.ts | C:\valente_conecta\node_modules\es-toolkit\dist\compat\array\reduceRight.d.ts"
"reduceRight.js","4","C:\valente_conecta\node_modules\es-toolkit\compat\reduceRight.js | C:\valente_conecta\node_modules\es-toolkit\dist\compat\array\reduceRight.js | C:\valente_conecta\node_modules\lodash\fp\reduceRight.js | C:\valente_conecta\node_modules\lodash\reduceRight.js"
"reject.d.ts","2","C:\valente_conecta\node_modules\es-toolkit\compat\reject.d.ts | C:\valente_conecta\node_modules\es-toolkit\dist\compat\array\reject.d.ts"
"reject.js","4","C:\valente_conecta\node_modules\es-toolkit\compat\reject.js | C:\valente_conecta\node_modules\es-toolkit\dist\compat\array\reject.js | C:\valente_conecta\node_modules\lodash\fp\reject.js | C:\valente_conecta\node_modules\lodash\reject.js"
"remove.d.ts","3","C:\valente_conecta\node_modules\es-toolkit\compat\remove.d.ts | C:\valente_conecta\node_modules\es-toolkit\dist\array\remove.d.ts | C:\valente_conecta\node_modules\es-toolkit\dist\compat\array\remove.d.ts"
"remove.js","5","C:\valente_conecta\node_modules\es-toolkit\compat\remove.js | C:\valente_conecta\node_modules\es-toolkit\dist\array\remove.js | C:\valente_conecta\node_modules\es-toolkit\dist\compat\array\remove.js | C:\valente_conecta\node_modules\lodash\fp\remove.js | C:\valente_conecta\node_modules\lodash\remove.js"
"repeat.d.ts","2","C:\valente_conecta\node_modules\es-toolkit\compat\repeat.d.ts | C:\valente_conecta\node_modules\es-toolkit\dist\compat\string\repeat.d.ts"
"replace.d.ts","3","C:\valente_conecta\node_modules\es-toolkit\compat\replace.d.ts | C:\valente_conecta\node_modules\es-toolkit\dist\compat\string\replace.d.ts | C:\valente_conecta\node_modules\type-fest\source\replace.d.ts"
"rest.d.ts","3","C:\valente_conecta\node_modules\es-toolkit\compat\rest.d.ts | C:\valente_conecta\node_modules\es-toolkit\dist\compat\function\rest.d.ts | C:\valente_conecta\node_modules\es-toolkit\dist\function\rest.d.ts"
"rest.js","5","C:\valente_conecta\node_modules\es-toolkit\compat\rest.js | C:\valente_conecta\node_modules\es-toolkit\dist\compat\function\rest.js | C:\valente_conecta\node_modules\es-toolkit\dist\function\rest.js | C:\valente_conecta\node_modules\lodash\fp\rest.js | C:\valente_conecta\node_modules\lodash\rest.js"
"result.d.ts","5","C:\valente_conecta\node_modules\es-toolkit\compat\result.d.ts | C:\valente_conecta\node_modules\es-toolkit\dist\compat\object\result.d.ts | C:\valente_conecta\node_modules\next\dist\build\turborepo-access-trace\result.d.ts | C:\valente_conecta\node_modules\next\node_modules\postcss\lib\result.d.ts | C:\valente_conecta\node_modules\postcss\lib\result.d.ts"
"result.js","8","C:\valente_conecta\node_modules\es-toolkit\compat\result.js | C:\valente_conecta\node_modules\es-toolkit\dist\compat\object\result.js | C:\valente_conecta\node_modules\lodash\fp\result.js | C:\valente_conecta\node_modules\lodash\result.js | C:\valente_conecta\node_modules\next\dist\build\turborepo-access-trace\result.js | C:\valente_conecta\node_modules\next\dist\esm\build\turborepo-access-trace\result.js | C:\valente_conecta\node_modules\next\node_modules\postcss\lib\result.js | C:\valente_conecta\node_modules\postcss\lib\result.js"
"reverse.d.ts","2","C:\valente_conecta\node_modules\es-toolkit\compat\reverse.d.ts | C:\valente_conecta\node_modules\es-toolkit\dist\compat\array\reverse.d.ts"
"round.d.ts","5","C:\valente_conecta\node_modules\es-toolkit\compat\round.d.ts | C:\valente_conecta\node_modules\es-toolkit\dist\compat\math\round.d.ts | C:\valente_conecta\node_modules\es-toolkit\dist\math\round.d.ts | C:\valente_conecta\node_modules\math-intrinsics\round.d.ts | C:\valente_conecta\node_modules\recharts\types\util\round.d.ts"
"sample.d.ts","3","C:\valente_conecta\node_modules\es-toolkit\compat\sample.d.ts | C:\valente_conecta\node_modules\es-toolkit\dist\array\sample.d.ts | C:\valente_conecta\node_modules\es-toolkit\dist\compat\array\sample.d.ts"
"sample.js","5","C:\valente_conecta\node_modules\es-toolkit\compat\sample.js | C:\valente_conecta\node_modules\es-toolkit\dist\array\sample.js | C:\valente_conecta\node_modules\es-toolkit\dist\compat\array\sample.js | C:\valente_conecta\node_modules\lodash\fp\sample.js | C:\valente_conecta\node_modules\lodash\sample.js"
"sampleSize.d.ts","3","C:\valente_conecta\node_modules\es-toolkit\compat\sampleSize.d.ts | C:\valente_conecta\node_modules\es-toolkit\dist\array\sampleSize.d.ts | C:\valente_conecta\node_modules\es-toolkit\dist\compat\array\sampleSize.d.ts"
"sampleSize.js","5","C:\valente_conecta\node_modules\es-toolkit\compat\sampleSize.js | C:\valente_conecta\node_modules\es-toolkit\dist\array\sampleSize.js | C:\valente_conecta\node_modules\es-toolkit\dist\compat\array\sampleSize.js | C:\valente_conecta\node_modules\lodash\fp\sampleSize.js | C:\valente_conecta\node_modules\lodash\sampleSize.js"
"setWith.d.ts","2","C:\valente_conecta\node_modules\es-toolkit\compat\setWith.d.ts | C:\valente_conecta\node_modules\es-toolkit\dist\compat\object\setWith.d.ts"
"setWith.js","4","C:\valente_conecta\node_modules\es-toolkit\compat\setWith.js | C:\valente_conecta\node_modules\es-toolkit\dist\compat\object\setWith.js | C:\valente_conecta\node_modules\lodash\fp\setWith.js | C:\valente_conecta\node_modules\lodash\setWith.js"
"shuffle.d.ts","3","C:\valente_conecta\node_modules\es-toolkit\compat\shuffle.d.ts | C:\valente_conecta\node_modules\es-toolkit\dist\array\shuffle.d.ts | C:\valente_conecta\node_modules\es-toolkit\dist\compat\array\shuffle.d.ts"
"size.d.ts","2","C:\valente_conecta\node_modules\es-toolkit\compat\size.d.ts | C:\valente_conecta\node_modules\es-toolkit\dist\compat\array\size.d.ts"
"size.js","4","C:\valente_conecta\node_modules\es-toolkit\compat\size.js | C:\valente_conecta\node_modules\es-toolkit\dist\compat\array\size.js | C:\valente_conecta\node_modules\lodash\fp\size.js | C:\valente_conecta\node_modules\lodash\size.js"
"slice.d.ts","2","C:\valente_conecta\node_modules\es-toolkit\compat\slice.d.ts | C:\valente_conecta\node_modules\es-toolkit\dist\compat\array\slice.d.ts"
"snakeCase.d.ts","3","C:\valente_conecta\node_modules\es-toolkit\compat\snakeCase.d.ts | C:\valente_conecta\node_modules\es-toolkit\dist\compat\string\snakeCase.d.ts | C:\valente_conecta\node_modules\es-toolkit\dist\string\snakeCase.d.ts"
"snakeCase.js","5","C:\valente_conecta\node_modules\es-toolkit\compat\snakeCase.js | C:\valente_conecta\node_modules\es-toolkit\dist\compat\string\snakeCase.js | C:\valente_conecta\node_modules\es-toolkit\dist\string\snakeCase.js | C:\valente_conecta\node_modules\lodash\fp\snakeCase.js | C:\valente_conecta\node_modules\lodash\snakeCase.js"
"some.d.ts","4","C:\valente_conecta\node_modules\es-toolkit\compat\some.d.ts | C:\valente_conecta\node_modules\es-toolkit\dist\compat\array\some.d.ts | C:\valente_conecta\node_modules\es-toolkit\dist\map\some.d.ts | C:\valente_conecta\node_modules\es-toolkit\dist\set\some.d.ts"
"sortBy.d.ts","3","C:\valente_conecta\node_modules\es-toolkit\compat\sortBy.d.ts | C:\valente_conecta\node_modules\es-toolkit\dist\array\sortBy.d.ts | C:\valente_conecta\node_modules\es-toolkit\dist\compat\array\sortBy.d.ts"
"sortBy.js","5","C:\valente_conecta\node_modules\es-toolkit\compat\sortBy.js | C:\valente_conecta\node_modules\es-toolkit\dist\array\sortBy.js | C:\valente_conecta\node_modules\es-toolkit\dist\compat\array\sortBy.js | C:\valente_conecta\node_modules\lodash\fp\sortBy.js | C:\valente_conecta\node_modules\lodash\sortBy.js"
"sortedIndex.d.ts","2","C:\valente_conecta\node_modules\es-toolkit\compat\sortedIndex.d.ts | C:\valente_conecta\node_modules\es-toolkit\dist\compat\array\sortedIndex.d.ts"
"sortedIndex.js","4","C:\valente_conecta\node_modules\es-toolkit\compat\sortedIndex.js | C:\valente_conecta\node_modules\es-toolkit\dist\compat\array\sortedIndex.js | C:\valente_conecta\node_modules\lodash\fp\sortedIndex.js | C:\valente_conecta\node_modules\lodash\sortedIndex.js"
"sortedIndexBy.d.ts","2","C:\valente_conecta\node_modules\es-toolkit\compat\sortedIndexBy.d.ts | C:\valente_conecta\node_modules\es-toolkit\dist\compat\array\sortedIndexBy.d.ts"
"sortedIndexBy.js","4","C:\valente_conecta\node_modules\es-toolkit\compat\sortedIndexBy.js | C:\valente_conecta\node_modules\es-toolkit\dist\compat\array\sortedIndexBy.js | C:\valente_conecta\node_modules\lodash\fp\sortedIndexBy.js | C:\valente_conecta\node_modules\lodash\sortedIndexBy.js"
"sortedIndexOf.d.ts","2","C:\valente_conecta\node_modules\es-toolkit\compat\sortedIndexOf.d.ts | C:\valente_conecta\node_modules\es-toolkit\dist\compat\array\sortedIndexOf.d.ts"
"sortedIndexOf.js","4","C:\valente_conecta\node_modules\es-toolkit\compat\sortedIndexOf.js | C:\valente_conecta\node_modules\es-toolkit\dist\compat\array\sortedIndexOf.js | C:\valente_conecta\node_modules\lodash\fp\sortedIndexOf.js | C:\valente_conecta\node_modules\lodash\sortedIndexOf.js"
"sortedLastIndex.d.ts","2","C:\valente_conecta\node_modules\es-toolkit\compat\sortedLastIndex.d.ts | C:\valente_conecta\node_modules\es-toolkit\dist\compat\array\sortedLastIndex.d.ts"
"sortedLastIndex.js","4","C:\valente_conecta\node_modules\es-toolkit\compat\sortedLastIndex.js | C:\valente_conecta\node_modules\es-toolkit\dist\compat\array\sortedLastIndex.js | C:\valente_conecta\node_modules\lodash\fp\sortedLastIndex.js | C:\valente_conecta\node_modules\lodash\sortedLastIndex.js"
"sortedLastIndexBy.d.ts","2","C:\valente_conecta\node_modules\es-toolkit\compat\sortedLastIndexBy.d.ts | C:\valente_conecta\node_modules\es-toolkit\dist\compat\array\sortedLastIndexBy.d.ts"
"sortedLastIndexBy.js","4","C:\valente_conecta\node_modules\es-toolkit\compat\sortedLastIndexBy.js | C:\valente_conecta\node_modules\es-toolkit\dist\compat\array\sortedLastIndexBy.js | C:\valente_conecta\node_modules\lodash\fp\sortedLastIndexBy.js | C:\valente_conecta\node_modules\lodash\sortedLastIndexBy.js"
"sortedLastIndexOf.d.ts","2","C:\valente_conecta\node_modules\es-toolkit\compat\sortedLastIndexOf.d.ts | C:\valente_conecta\node_modules\es-toolkit\dist\compat\array\sortedLastIndexOf.d.ts"
"sortedLastIndexOf.js","4","C:\valente_conecta\node_modules\es-toolkit\compat\sortedLastIndexOf.js | C:\valente_conecta\node_modules\es-toolkit\dist\compat\array\sortedLastIndexOf.js | C:\valente_conecta\node_modules\lodash\fp\sortedLastIndexOf.js | C:\valente_conecta\node_modules\lodash\sortedLastIndexOf.js"
"split.d.ts","3","C:\valente_conecta\node_modules\es-toolkit\compat\split.d.ts | C:\valente_conecta\node_modules\es-toolkit\dist\compat\string\split.d.ts | C:\valente_conecta\node_modules\type-fest\source\split.d.ts"
"spread.d.ts","4","C:\valente_conecta\node_modules\es-toolkit\compat\spread.d.ts | C:\valente_conecta\node_modules\es-toolkit\dist\compat\function\spread.d.ts | C:\valente_conecta\node_modules\es-toolkit\dist\function\spread.d.ts | C:\valente_conecta\node_modules\type-fest\source\spread.d.ts"
"spread.js","5","C:\valente_conecta\node_modules\es-toolkit\compat\spread.js | C:\valente_conecta\node_modules\es-toolkit\dist\compat\function\spread.js | C:\valente_conecta\node_modules\es-toolkit\dist\function\spread.js | C:\valente_conecta\node_modules\lodash\fp\spread.js | C:\valente_conecta\node_modules\lodash\spread.js"
"startCase.d.ts","3","C:\valente_conecta\node_modules\es-toolkit\compat\startCase.d.ts | C:\valente_conecta\node_modules\es-toolkit\dist\compat\string\startCase.d.ts | C:\valente_conecta\node_modules\es-toolkit\dist\string\startCase.d.ts"
"startCase.js","5","C:\valente_conecta\node_modules\es-toolkit\compat\startCase.js | C:\valente_conecta\node_modules\es-toolkit\dist\compat\string\startCase.js | C:\valente_conecta\node_modules\es-toolkit\dist\string\startCase.js | C:\valente_conecta\node_modules\lodash\fp\startCase.js | C:\valente_conecta\node_modules\lodash\startCase.js"
"startsWith.d.ts","2","C:\valente_conecta\node_modules\es-toolkit\compat\startsWith.d.ts | C:\valente_conecta\node_modules\es-toolkit\dist\compat\string\startsWith.d.ts"
"startsWith.js","4","C:\valente_conecta\node_modules\es-toolkit\compat\startsWith.js | C:\valente_conecta\node_modules\es-toolkit\dist\compat\string\startsWith.js | C:\valente_conecta\node_modules\lodash\fp\startsWith.js | C:\valente_conecta\node_modules\lodash\startsWith.js"
"stubArray.d.ts","2","C:\valente_conecta\node_modules\es-toolkit\compat\stubArray.d.ts | C:\valente_conecta\node_modules\es-toolkit\dist\compat\util\stubArray.d.ts"
"stubArray.js","4","C:\valente_conecta\node_modules\es-toolkit\compat\stubArray.js | C:\valente_conecta\node_modules\es-toolkit\dist\compat\util\stubArray.js | C:\valente_conecta\node_modules\lodash\fp\stubArray.js | C:\valente_conecta\node_modules\lodash\stubArray.js"
"stubFalse.d.ts","2","C:\valente_conecta\node_modules\es-toolkit\compat\stubFalse.d.ts | C:\valente_conecta\node_modules\es-toolkit\dist\compat\util\stubFalse.d.ts"
"stubFalse.js","4","C:\valente_conecta\node_modules\es-toolkit\compat\stubFalse.js | C:\valente_conecta\node_modules\es-toolkit\dist\compat\util\stubFalse.js | C:\valente_conecta\node_modules\lodash\fp\stubFalse.js | C:\valente_conecta\node_modules\lodash\stubFalse.js"
"stubObject.d.ts","2","C:\valente_conecta\node_modules\es-toolkit\compat\stubObject.d.ts | C:\valente_conecta\node_modules\es-toolkit\dist\compat\util\stubObject.d.ts"
"stubObject.js","4","C:\valente_conecta\node_modules\es-toolkit\compat\stubObject.js | C:\valente_conecta\node_modules\es-toolkit\dist\compat\util\stubObject.js | C:\valente_conecta\node_modules\lodash\fp\stubObject.js | C:\valente_conecta\node_modules\lodash\stubObject.js"
"stubString.d.ts","2","C:\valente_conecta\node_modules\es-toolkit\compat\stubString.d.ts | C:\valente_conecta\node_modules\es-toolkit\dist\compat\util\stubString.d.ts"
"stubString.js","4","C:\valente_conecta\node_modules\es-toolkit\compat\stubString.js | C:\valente_conecta\node_modules\es-toolkit\dist\compat\util\stubString.js | C:\valente_conecta\node_modules\lodash\fp\stubString.js | C:\valente_conecta\node_modules\lodash\stubString.js"
"stubTrue.d.ts","2","C:\valente_conecta\node_modules\es-toolkit\compat\stubTrue.d.ts | C:\valente_conecta\node_modules\es-toolkit\dist\compat\util\stubTrue.d.ts"
"stubTrue.js","4","C:\valente_conecta\node_modules\es-toolkit\compat\stubTrue.js | C:\valente_conecta\node_modules\es-toolkit\dist\compat\util\stubTrue.js | C:\valente_conecta\node_modules\lodash\fp\stubTrue.js | C:\valente_conecta\node_modules\lodash\stubTrue.js"
"subtract.d.ts","3","C:\valente_conecta\node_modules\es-toolkit\compat\subtract.d.ts | C:\valente_conecta\node_modules\es-toolkit\dist\compat\math\subtract.d.ts | C:\valente_conecta\node_modules\type-fest\source\subtract.d.ts"
"subtract.js","4","C:\valente_conecta\node_modules\es-toolkit\compat\subtract.js | C:\valente_conecta\node_modules\es-toolkit\dist\compat\math\subtract.js | C:\valente_conecta\node_modules\lodash\fp\subtract.js | C:\valente_conecta\node_modules\lodash\subtract.js"
"sum.d.ts","4","C:\valente_conecta\node_modules\es-toolkit\compat\sum.d.ts | C:\valente_conecta\node_modules\es-toolkit\dist\compat\math\sum.d.ts | C:\valente_conecta\node_modules\es-toolkit\dist\math\sum.d.ts | C:\valente_conecta\node_modules\type-fest\source\sum.d.ts"
"sumBy.d.ts","3","C:\valente_conecta\node_modules\es-toolkit\compat\sumBy.d.ts | C:\valente_conecta\node_modules\es-toolkit\dist\compat\math\sumBy.d.ts | C:\valente_conecta\node_modules\es-toolkit\dist\math\sumBy.d.ts"
"sumBy.js","5","C:\valente_conecta\node_modules\es-toolkit\compat\sumBy.js | C:\valente_conecta\node_modules\es-toolkit\dist\compat\math\sumBy.js | C:\valente_conecta\node_modules\es-toolkit\dist\math\sumBy.js | C:\valente_conecta\node_modules\lodash\fp\sumBy.js | C:\valente_conecta\node_modules\lodash\sumBy.js"
"tail.d.ts","3","C:\valente_conecta\node_modules\es-toolkit\compat\tail.d.ts | C:\valente_conecta\node_modules\es-toolkit\dist\array\tail.d.ts | C:\valente_conecta\node_modules\es-toolkit\dist\compat\array\tail.d.ts"
"tail.js","5","C:\valente_conecta\node_modules\es-toolkit\compat\tail.js | C:\valente_conecta\node_modules\es-toolkit\dist\array\tail.js | C:\valente_conecta\node_modules\es-toolkit\dist\compat\array\tail.js | C:\valente_conecta\node_modules\lodash\fp\tail.js | C:\valente_conecta\node_modules\lodash\tail.js"
"take.d.ts","3","C:\valente_conecta\node_modules\es-toolkit\compat\take.d.ts | C:\valente_conecta\node_modules\es-toolkit\dist\array\take.d.ts | C:\valente_conecta\node_modules\es-toolkit\dist\compat\array\take.d.ts"
"takeRight.d.ts","3","C:\valente_conecta\node_modules\es-toolkit\compat\takeRight.d.ts | C:\valente_conecta\node_modules\es-toolkit\dist\array\takeRight.d.ts | C:\valente_conecta\node_modules\es-toolkit\dist\compat\array\takeRight.d.ts"
"takeRight.js","5","C:\valente_conecta\node_modules\es-toolkit\compat\takeRight.js | C:\valente_conecta\node_modules\es-toolkit\dist\array\takeRight.js | C:\valente_conecta\node_modules\es-toolkit\dist\compat\array\takeRight.js | C:\valente_conecta\node_modules\lodash\fp\takeRight.js | C:\valente_conecta\node_modules\lodash\takeRight.js"
"takeRightWhile.d.ts","3","C:\valente_conecta\node_modules\es-toolkit\compat\takeRightWhile.d.ts | C:\valente_conecta\node_modules\es-toolkit\dist\array\takeRightWhile.d.ts | C:\valente_conecta\node_modules\es-toolkit\dist\compat\array\takeRightWhile.d.ts"
"takeRightWhile.js","5","C:\valente_conecta\node_modules\es-toolkit\compat\takeRightWhile.js | C:\valente_conecta\node_modules\es-toolkit\dist\array\takeRightWhile.js | C:\valente_conecta\node_modules\es-toolkit\dist\compat\array\takeRightWhile.js | C:\valente_conecta\node_modules\lodash\fp\takeRightWhile.js | C:\valente_conecta\node_modules\lodash\takeRightWhile.js"
"takeWhile.d.ts","3","C:\valente_conecta\node_modules\es-toolkit\compat\takeWhile.d.ts | C:\valente_conecta\node_modules\es-toolkit\dist\array\takeWhile.d.ts | C:\valente_conecta\node_modules\es-toolkit\dist\compat\array\takeWhile.d.ts"
"takeWhile.js","5","C:\valente_conecta\node_modules\es-toolkit\compat\takeWhile.js | C:\valente_conecta\node_modules\es-toolkit\dist\array\takeWhile.js | C:\valente_conecta\node_modules\es-toolkit\dist\compat\array\takeWhile.js | C:\valente_conecta\node_modules\lodash\fp\takeWhile.js | C:\valente_conecta\node_modules\lodash\takeWhile.js"
"template.d.ts","2","C:\valente_conecta\node_modules\es-toolkit\compat\template.d.ts | C:\valente_conecta\node_modules\es-toolkit\dist\compat\string\template.d.ts"
"templateSettings.d.ts","2","C:\valente_conecta\node_modules\es-toolkit\compat\templateSettings.d.ts | C:\valente_conecta\node_modules\es-toolkit\dist\compat\string\templateSettings.d.ts"
"templateSettings.js","4","C:\valente_conecta\node_modules\es-toolkit\compat\templateSettings.js | C:\valente_conecta\node_modules\es-toolkit\dist\compat\string\templateSettings.js | C:\valente_conecta\node_modules\lodash\fp\templateSettings.js | C:\valente_conecta\node_modules\lodash\templateSettings.js"
"throttle.d.ts","3","C:\valente_conecta\node_modules\es-toolkit\compat\throttle.d.ts | C:\valente_conecta\node_modules\es-toolkit\dist\compat\function\throttle.d.ts | C:\valente_conecta\node_modules\es-toolkit\dist\function\throttle.d.ts"
"throttle.js","5","C:\valente_conecta\node_modules\es-toolkit\compat\throttle.js | C:\valente_conecta\node_modules\es-toolkit\dist\compat\function\throttle.js | C:\valente_conecta\node_modules\es-toolkit\dist\function\throttle.js | C:\valente_conecta\node_modules\lodash\fp\throttle.js | C:\valente_conecta\node_modules\lodash\throttle.js"
"times.d.ts","2","C:\valente_conecta\node_modules\es-toolkit\compat\times.d.ts | C:\valente_conecta\node_modules\es-toolkit\dist\compat\util\times.d.ts"
"toArray.d.ts","2","C:\valente_conecta\node_modules\es-toolkit\compat\toArray.d.ts | C:\valente_conecta\node_modules\es-toolkit\dist\compat\util\toArray.d.ts"
"toDefaulted.d.ts","2","C:\valente_conecta\node_modules\es-toolkit\compat\toDefaulted.d.ts | C:\valente_conecta\node_modules\es-toolkit\dist\compat\object\toDefaulted.d.ts"
"toDefaulted.js","2","C:\valente_conecta\node_modules\es-toolkit\compat\toDefaulted.js | C:\valente_conecta\node_modules\es-toolkit\dist\compat\object\toDefaulted.js"
"toFinite.d.ts","2","C:\valente_conecta\node_modules\es-toolkit\compat\toFinite.d.ts | C:\valente_conecta\node_modules\es-toolkit\dist\compat\util\toFinite.d.ts"
"toFinite.js","4","C:\valente_conecta\node_modules\es-toolkit\compat\toFinite.js | C:\valente_conecta\node_modules\es-toolkit\dist\compat\util\toFinite.js | C:\valente_conecta\node_modules\lodash\fp\toFinite.js | C:\valente_conecta\node_modules\lodash\toFinite.js"
"toInteger.d.ts","2","C:\valente_conecta\node_modules\es-toolkit\compat\toInteger.d.ts | C:\valente_conecta\node_modules\es-toolkit\dist\compat\util\toInteger.d.ts"
"toInteger.js","4","C:\valente_conecta\node_modules\es-toolkit\compat\toInteger.js | C:\valente_conecta\node_modules\es-toolkit\dist\compat\util\toInteger.js | C:\valente_conecta\node_modules\lodash\fp\toInteger.js | C:\valente_conecta\node_modules\lodash\toInteger.js"
"toLength.d.ts","2","C:\valente_conecta\node_modules\es-toolkit\compat\toLength.d.ts | C:\valente_conecta\node_modules\es-toolkit\dist\compat\util\toLength.d.ts"
"toLength.js","4","C:\valente_conecta\node_modules\es-toolkit\compat\toLength.js | C:\valente_conecta\node_modules\es-toolkit\dist\compat\util\toLength.js | C:\valente_conecta\node_modules\lodash\fp\toLength.js | C:\valente_conecta\node_modules\lodash\toLength.js"
"toLower.d.ts","2","C:\valente_conecta\node_modules\es-toolkit\compat\toLower.d.ts | C:\valente_conecta\node_modules\es-toolkit\dist\compat\string\toLower.d.ts"
"toLower.js","4","C:\valente_conecta\node_modules\es-toolkit\compat\toLower.js | C:\valente_conecta\node_modules\es-toolkit\dist\compat\string\toLower.js | C:\valente_conecta\node_modules\lodash\fp\toLower.js | C:\valente_conecta\node_modules\lodash\toLower.js"
"toNumber.d.ts","2","C:\valente_conecta\node_modules\es-toolkit\compat\toNumber.d.ts | C:\valente_conecta\node_modules\es-toolkit\dist\compat\util\toNumber.d.ts"
"toNumber.js","4","C:\valente_conecta\node_modules\es-toolkit\compat\toNumber.js | C:\valente_conecta\node_modules\es-toolkit\dist\compat\util\toNumber.js | C:\valente_conecta\node_modules\lodash\fp\toNumber.js | C:\valente_conecta\node_modules\lodash\toNumber.js"
"toPairs.d.ts","2","C:\valente_conecta\node_modules\es-toolkit\compat\toPairs.d.ts | C:\valente_conecta\node_modules\es-toolkit\dist\compat\object\toPairs.d.ts"
"toPairs.js","4","C:\valente_conecta\node_modules\es-toolkit\compat\toPairs.js | C:\valente_conecta\node_modules\es-toolkit\dist\compat\object\toPairs.js | C:\valente_conecta\node_modules\lodash\fp\toPairs.js | C:\valente_conecta\node_modules\lodash\toPairs.js"
"toPairsIn.d.ts","2","C:\valente_conecta\node_modules\es-toolkit\compat\toPairsIn.d.ts | C:\valente_conecta\node_modules\es-toolkit\dist\compat\object\toPairsIn.d.ts"
"toPairsIn.js","4","C:\valente_conecta\node_modules\es-toolkit\compat\toPairsIn.js | C:\valente_conecta\node_modules\es-toolkit\dist\compat\object\toPairsIn.js | C:\valente_conecta\node_modules\lodash\fp\toPairsIn.js | C:\valente_conecta\node_modules\lodash\toPairsIn.js"
"toPath.d.ts","2","C:\valente_conecta\node_modules\es-toolkit\compat\toPath.d.ts | C:\valente_conecta\node_modules\es-toolkit\dist\compat\util\toPath.d.ts"
"toPath.js","6","C:\valente_conecta\node_modules\es-toolkit\compat\toPath.js | C:\valente_conecta\node_modules\es-toolkit\dist\compat\util\toPath.js | C:\valente_conecta\node_modules\lodash\fp\toPath.js | C:\valente_conecta\node_modules\lodash\toPath.js | C:\valente_conecta\node_modules\tailwindcss\lib\util\toPath.js | C:\valente_conecta\node_modules\tailwindcss\src\util\toPath.js"
"toPlainObject.d.ts","2","C:\valente_conecta\node_modules\es-toolkit\compat\toPlainObject.d.ts | C:\valente_conecta\node_modules\es-toolkit\dist\compat\util\toPlainObject.d.ts"
"toPlainObject.js","4","C:\valente_conecta\node_modules\es-toolkit\compat\toPlainObject.js | C:\valente_conecta\node_modules\es-toolkit\dist\compat\util\toPlainObject.js | C:\valente_conecta\node_modules\lodash\fp\toPlainObject.js | C:\valente_conecta\node_modules\lodash\toPlainObject.js"
"toSafeInteger.d.ts","2","C:\valente_conecta\node_modules\es-toolkit\compat\toSafeInteger.d.ts | C:\valente_conecta\node_modules\es-toolkit\dist\compat\util\toSafeInteger.d.ts"
"toSafeInteger.js","4","C:\valente_conecta\node_modules\es-toolkit\compat\toSafeInteger.js | C:\valente_conecta\node_modules\es-toolkit\dist\compat\util\toSafeInteger.js | C:\valente_conecta\node_modules\lodash\fp\toSafeInteger.js | C:\valente_conecta\node_modules\lodash\toSafeInteger.js"
"toString.d.ts","2","C:\valente_conecta\node_modules\es-toolkit\compat\toString.d.ts | C:\valente_conecta\node_modules\es-toolkit\dist\compat\util\toString.d.ts"
"toString.js","5","C:\valente_conecta\node_modules\es-toolkit\compat\toString.js | C:\valente_conecta\node_modules\es-toolkit\dist\compat\util\toString.js | C:\valente_conecta\node_modules\jws\lib\tostring.js | C:\valente_conecta\node_modules\lodash\fp\toString.js | C:\valente_conecta\node_modules\lodash\toString.js"
"toUpper.d.ts","2","C:\valente_conecta\node_modules\es-toolkit\compat\toUpper.d.ts | C:\valente_conecta\node_modules\es-toolkit\dist\compat\string\toUpper.d.ts"
"toUpper.js","4","C:\valente_conecta\node_modules\es-toolkit\compat\toUpper.js | C:\valente_conecta\node_modules\es-toolkit\dist\compat\string\toUpper.js | C:\valente_conecta\node_modules\lodash\fp\toUpper.js | C:\valente_conecta\node_modules\lodash\toUpper.js"
"transform.js","7","C:\valente_conecta\node_modules\es-toolkit\compat\transform.js | C:\valente_conecta\node_modules\es-toolkit\dist\compat\object\transform.js | C:\valente_conecta\node_modules\html2canvas\dist\lib\css\property-descriptors\transform.js | C:\valente_conecta\node_modules\lodash\fp\transform.js | C:\valente_conecta\node_modules\lodash\transform.js | C:\valente_conecta\node_modules\next\dist\build\babel\loader\transform.js | C:\valente_conecta\node_modules\next\dist\esm\build\babel\loader\transform.js"
"trim.d.ts","4","C:\valente_conecta\node_modules\es-toolkit\compat\trim.d.ts | C:\valente_conecta\node_modules\es-toolkit\dist\compat\string\trim.d.ts | C:\valente_conecta\node_modules\es-toolkit\dist\string\trim.d.ts | C:\valente_conecta\node_modules\type-fest\source\trim.d.ts"
"trimEnd.d.ts","3","C:\valente_conecta\node_modules\es-toolkit\compat\trimEnd.d.ts | C:\valente_conecta\node_modules\es-toolkit\dist\compat\string\trimEnd.d.ts | C:\valente_conecta\node_modules\es-toolkit\dist\string\trimEnd.d.ts"
"trimEnd.js","5","C:\valente_conecta\node_modules\es-toolkit\compat\trimEnd.js | C:\valente_conecta\node_modules\es-toolkit\dist\compat\string\trimEnd.js | C:\valente_conecta\node_modules\es-toolkit\dist\string\trimEnd.js | C:\valente_conecta\node_modules\lodash\fp\trimEnd.js | C:\valente_conecta\node_modules\lodash\trimEnd.js"
"trimStart.d.ts","3","C:\valente_conecta\node_modules\es-toolkit\compat\trimStart.d.ts | C:\valente_conecta\node_modules\es-toolkit\dist\compat\string\trimStart.d.ts | C:\valente_conecta\node_modules\es-toolkit\dist\string\trimStart.d.ts"
"trimStart.js","5","C:\valente_conecta\node_modules\es-toolkit\compat\trimStart.js | C:\valente_conecta\node_modules\es-toolkit\dist\compat\string\trimStart.js | C:\valente_conecta\node_modules\es-toolkit\dist\string\trimStart.js | C:\valente_conecta\node_modules\lodash\fp\trimStart.js | C:\valente_conecta\node_modules\lodash\trimStart.js"
"truncate.d.ts","2","C:\valente_conecta\node_modules\es-toolkit\compat\truncate.d.ts | C:\valente_conecta\node_modules\es-toolkit\dist\compat\string\truncate.d.ts"
"truncate.js","5","C:\valente_conecta\node_modules\es-toolkit\compat\truncate.js | C:\valente_conecta\node_modules\es-toolkit\dist\compat\string\truncate.js | C:\valente_conecta\node_modules\lodash\fp\truncate.js | C:\valente_conecta\node_modules\lodash\truncate.js | C:\valente_conecta\node_modules\semver\functions\truncate.js"
"unary.d.ts","3","C:\valente_conecta\node_modules\es-toolkit\compat\unary.d.ts | C:\valente_conecta\node_modules\es-toolkit\dist\compat\function\unary.d.ts | C:\valente_conecta\node_modules\es-toolkit\dist\function\unary.d.ts"
"unary.js","5","C:\valente_conecta\node_modules\es-toolkit\compat\unary.js | C:\valente_conecta\node_modules\es-toolkit\dist\compat\function\unary.js | C:\valente_conecta\node_modules\es-toolkit\dist\function\unary.js | C:\valente_conecta\node_modules\lodash\fp\unary.js | C:\valente_conecta\node_modules\lodash\unary.js"
"unescape.d.ts","3","C:\valente_conecta\node_modules\es-toolkit\compat\unescape.d.ts | C:\valente_conecta\node_modules\es-toolkit\dist\compat\string\unescape.d.ts | C:\valente_conecta\node_modules\es-toolkit\dist\string\unescape.d.ts"
"union.d.ts","3","C:\valente_conecta\node_modules\es-toolkit\compat\union.d.ts | C:\valente_conecta\node_modules\es-toolkit\dist\array\union.d.ts | C:\valente_conecta\node_modules\es-toolkit\dist\compat\array\union.d.ts"
"unionBy.d.ts","3","C:\valente_conecta\node_modules\es-toolkit\compat\unionBy.d.ts | C:\valente_conecta\node_modules\es-toolkit\dist\array\unionBy.d.ts | C:\valente_conecta\node_modules\es-toolkit\dist\compat\array\unionBy.d.ts"
"unionBy.js","5","C:\valente_conecta\node_modules\es-toolkit\compat\unionBy.js | C:\valente_conecta\node_modules\es-toolkit\dist\array\unionBy.js | C:\valente_conecta\node_modules\es-toolkit\dist\compat\array\unionBy.js | C:\valente_conecta\node_modules\lodash\fp\unionBy.js | C:\valente_conecta\node_modules\lodash\unionBy.js"
"unionWith.d.ts","3","C:\valente_conecta\node_modules\es-toolkit\compat\unionWith.d.ts | C:\valente_conecta\node_modules\es-toolkit\dist\array\unionWith.d.ts | C:\valente_conecta\node_modules\es-toolkit\dist\compat\array\unionWith.d.ts"
"unionWith.js","5","C:\valente_conecta\node_modules\es-toolkit\compat\unionWith.js | C:\valente_conecta\node_modules\es-toolkit\dist\array\unionWith.js | C:\valente_conecta\node_modules\es-toolkit\dist\compat\array\unionWith.js | C:\valente_conecta\node_modules\lodash\fp\unionWith.js | C:\valente_conecta\node_modules\lodash\unionWith.js"
"uniq.d.ts","3","C:\valente_conecta\node_modules\es-toolkit\compat\uniq.d.ts | C:\valente_conecta\node_modules\es-toolkit\dist\array\uniq.d.ts | C:\valente_conecta\node_modules\es-toolkit\dist\compat\array\uniq.d.ts"
"uniq.js","5","C:\valente_conecta\node_modules\es-toolkit\compat\uniq.js | C:\valente_conecta\node_modules\es-toolkit\dist\array\uniq.js | C:\valente_conecta\node_modules\es-toolkit\dist\compat\array\uniq.js | C:\valente_conecta\node_modules\lodash\fp\uniq.js | C:\valente_conecta\node_modules\lodash\uniq.js"
"uniqBy.d.ts","3","C:\valente_conecta\node_modules\es-toolkit\compat\uniqBy.d.ts | C:\valente_conecta\node_modules\es-toolkit\dist\array\uniqBy.d.ts | C:\valente_conecta\node_modules\es-toolkit\dist\compat\array\uniqBy.d.ts"
"uniqBy.js","5","C:\valente_conecta\node_modules\es-toolkit\compat\uniqBy.js | C:\valente_conecta\node_modules\es-toolkit\dist\array\uniqBy.js | C:\valente_conecta\node_modules\es-toolkit\dist\compat\array\uniqBy.js | C:\valente_conecta\node_modules\lodash\fp\uniqBy.js | C:\valente_conecta\node_modules\lodash\uniqBy.js"
"uniqueId.d.ts","2","C:\valente_conecta\node_modules\es-toolkit\compat\uniqueId.d.ts | C:\valente_conecta\node_modules\es-toolkit\dist\compat\util\uniqueId.d.ts"
"uniqueId.js","4","C:\valente_conecta\node_modules\es-toolkit\compat\uniqueId.js | C:\valente_conecta\node_modules\es-toolkit\dist\compat\util\uniqueId.js | C:\valente_conecta\node_modules\lodash\fp\uniqueId.js | C:\valente_conecta\node_modules\lodash\uniqueId.js"
"uniqWith.d.ts","3","C:\valente_conecta\node_modules\es-toolkit\compat\uniqWith.d.ts | C:\valente_conecta\node_modules\es-toolkit\dist\array\uniqWith.d.ts | C:\valente_conecta\node_modules\es-toolkit\dist\compat\array\uniqWith.d.ts"
"uniqWith.js","5","C:\valente_conecta\node_modules\es-toolkit\compat\uniqWith.js | C:\valente_conecta\node_modules\es-toolkit\dist\array\uniqWith.js | C:\valente_conecta\node_modules\es-toolkit\dist\compat\array\uniqWith.js | C:\valente_conecta\node_modules\lodash\fp\uniqWith.js | C:\valente_conecta\node_modules\lodash\uniqWith.js"
"unset.d.ts","2","C:\valente_conecta\node_modules\es-toolkit\compat\unset.d.ts | C:\valente_conecta\node_modules\es-toolkit\dist\compat\object\unset.d.ts"
"unset.js","4","C:\valente_conecta\node_modules\es-toolkit\compat\unset.js | C:\valente_conecta\node_modules\es-toolkit\dist\compat\object\unset.js | C:\valente_conecta\node_modules\lodash\fp\unset.js | C:\valente_conecta\node_modules\lodash\unset.js"
"unzip.d.ts","3","C:\valente_conecta\node_modules\es-toolkit\compat\unzip.d.ts | C:\valente_conecta\node_modules\es-toolkit\dist\array\unzip.d.ts | C:\valente_conecta\node_modules\es-toolkit\dist\compat\array\unzip.d.ts"
"unzip.js","5","C:\valente_conecta\node_modules\es-toolkit\compat\unzip.js | C:\valente_conecta\node_modules\es-toolkit\dist\array\unzip.js | C:\valente_conecta\node_modules\es-toolkit\dist\compat\array\unzip.js | C:\valente_conecta\node_modules\lodash\fp\unzip.js | C:\valente_conecta\node_modules\lodash\unzip.js"
"unzipWith.d.ts","3","C:\valente_conecta\node_modules\es-toolkit\compat\unzipWith.d.ts | C:\valente_conecta\node_modules\es-toolkit\dist\array\unzipWith.d.ts | C:\valente_conecta\node_modules\es-toolkit\dist\compat\array\unzipWith.d.ts"
"unzipWith.js","5","C:\valente_conecta\node_modules\es-toolkit\compat\unzipWith.js | C:\valente_conecta\node_modules\es-toolkit\dist\array\unzipWith.js | C:\valente_conecta\node_modules\es-toolkit\dist\compat\array\unzipWith.js | C:\valente_conecta\node_modules\lodash\fp\unzipWith.js | C:\valente_conecta\node_modules\lodash\unzipWith.js"
"update.d.ts","2","C:\valente_conecta\node_modules\es-toolkit\compat\update.d.ts | C:\valente_conecta\node_modules\es-toolkit\dist\compat\object\update.d.ts"
"updateWith.d.ts","2","C:\valente_conecta\node_modules\es-toolkit\compat\updateWith.d.ts | C:\valente_conecta\node_modules\es-toolkit\dist\compat\object\updateWith.d.ts"
"updateWith.js","4","C:\valente_conecta\node_modules\es-toolkit\compat\updateWith.js | C:\valente_conecta\node_modules\es-toolkit\dist\compat\object\updateWith.js | C:\valente_conecta\node_modules\lodash\fp\updateWith.js | C:\valente_conecta\node_modules\lodash\updateWith.js"
"upperCase.d.ts","3","C:\valente_conecta\node_modules\es-toolkit\compat\upperCase.d.ts | C:\valente_conecta\node_modules\es-toolkit\dist\compat\string\upperCase.d.ts | C:\valente_conecta\node_modules\es-toolkit\dist\string\upperCase.d.ts"
"upperCase.js","5","C:\valente_conecta\node_modules\es-toolkit\compat\upperCase.js | C:\valente_conecta\node_modules\es-toolkit\dist\compat\string\upperCase.js | C:\valente_conecta\node_modules\es-toolkit\dist\string\upperCase.js | C:\valente_conecta\node_modules\lodash\fp\upperCase.js | C:\valente_conecta\node_modules\lodash\upperCase.js"
"upperFirst.d.ts","3","C:\valente_conecta\node_modules\es-toolkit\compat\upperFirst.d.ts | C:\valente_conecta\node_modules\es-toolkit\dist\compat\string\upperFirst.d.ts | C:\valente_conecta\node_modules\es-toolkit\dist\string\upperFirst.d.ts"
"upperFirst.js","5","C:\valente_conecta\node_modules\es-toolkit\compat\upperFirst.js | C:\valente_conecta\node_modules\es-toolkit\dist\compat\string\upperFirst.js | C:\valente_conecta\node_modules\es-toolkit\dist\string\upperFirst.js | C:\valente_conecta\node_modules\lodash\fp\upperFirst.js | C:\valente_conecta\node_modules\lodash\upperFirst.js"
"values.d.ts","2","C:\valente_conecta\node_modules\es-toolkit\compat\values.d.ts | C:\valente_conecta\node_modules\es-toolkit\dist\compat\object\values.d.ts"
"valuesIn.d.ts","2","C:\valente_conecta\node_modules\es-toolkit\compat\valuesIn.d.ts | C:\valente_conecta\node_modules\es-toolkit\dist\compat\object\valuesIn.d.ts"
"valuesIn.js","4","C:\valente_conecta\node_modules\es-toolkit\compat\valuesIn.js | C:\valente_conecta\node_modules\es-toolkit\dist\compat\object\valuesIn.js | C:\valente_conecta\node_modules\lodash\fp\valuesIn.js | C:\valente_conecta\node_modules\lodash\valuesIn.js"
"without.d.ts","3","C:\valente_conecta\node_modules\es-toolkit\compat\without.d.ts | C:\valente_conecta\node_modules\es-toolkit\dist\array\without.d.ts | C:\valente_conecta\node_modules\es-toolkit\dist\compat\array\without.d.ts"
"without.js","5","C:\valente_conecta\node_modules\es-toolkit\compat\without.js | C:\valente_conecta\node_modules\es-toolkit\dist\array\without.js | C:\valente_conecta\node_modules\es-toolkit\dist\compat\array\without.js | C:\valente_conecta\node_modules\lodash\fp\without.js | C:\valente_conecta\node_modules\lodash\without.js"
"words.d.ts","4","C:\valente_conecta\node_modules\es-toolkit\compat\words.d.ts | C:\valente_conecta\node_modules\es-toolkit\dist\compat\string\words.d.ts | C:\valente_conecta\node_modules\es-toolkit\dist\string\words.d.ts | C:\valente_conecta\node_modules\type-fest\source\words.d.ts"
"words.js","5","C:\valente_conecta\node_modules\es-toolkit\compat\words.js | C:\valente_conecta\node_modules\es-toolkit\dist\compat\string\words.js | C:\valente_conecta\node_modules\es-toolkit\dist\string\words.js | C:\valente_conecta\node_modules\lodash\fp\words.js | C:\valente_conecta\node_modules\lodash\words.js"
"wrap.d.ts","2","C:\valente_conecta\node_modules\es-toolkit\compat\wrap.d.ts | C:\valente_conecta\node_modules\es-toolkit\dist\compat\function\wrap.d.ts"
"wrap.js","4","C:\valente_conecta\node_modules\es-toolkit\compat\wrap.js | C:\valente_conecta\node_modules\es-toolkit\dist\compat\function\wrap.js | C:\valente_conecta\node_modules\lodash\fp\wrap.js | C:\valente_conecta\node_modules\lodash\wrap.js"
"xor.d.ts","4","C:\valente_conecta\node_modules\es-toolkit\compat\xor.d.ts | C:\valente_conecta\node_modules\es-toolkit\dist\array\xor.d.ts | C:\valente_conecta\node_modules\es-toolkit\dist\compat\array\xor.d.ts | C:\valente_conecta\node_modules\type-fest\source\xor.d.ts"
"xor.js","5","C:\valente_conecta\node_modules\es-toolkit\compat\xor.js | C:\valente_conecta\node_modules\es-toolkit\dist\array\xor.js | C:\valente_conecta\node_modules\es-toolkit\dist\compat\array\xor.js | C:\valente_conecta\node_modules\lodash\fp\xor.js | C:\valente_conecta\node_modules\lodash\xor.js"
"xorBy.d.ts","3","C:\valente_conecta\node_modules\es-toolkit\compat\xorBy.d.ts | C:\valente_conecta\node_modules\es-toolkit\dist\array\xorBy.d.ts | C:\valente_conecta\node_modules\es-toolkit\dist\compat\array\xorBy.d.ts"
"xorBy.js","5","C:\valente_conecta\node_modules\es-toolkit\compat\xorBy.js | C:\valente_conecta\node_modules\es-toolkit\dist\array\xorBy.js | C:\valente_conecta\node_modules\es-toolkit\dist\compat\array\xorBy.js | C:\valente_conecta\node_modules\lodash\fp\xorBy.js | C:\valente_conecta\node_modules\lodash\xorBy.js"
"xorWith.d.ts","3","C:\valente_conecta\node_modules\es-toolkit\compat\xorWith.d.ts | C:\valente_conecta\node_modules\es-toolkit\dist\array\xorWith.d.ts | C:\valente_conecta\node_modules\es-toolkit\dist\compat\array\xorWith.d.ts"
"xorWith.js","5","C:\valente_conecta\node_modules\es-toolkit\compat\xorWith.js | C:\valente_conecta\node_modules\es-toolkit\dist\array\xorWith.js | C:\valente_conecta\node_modules\es-toolkit\dist\compat\array\xorWith.js | C:\valente_conecta\node_modules\lodash\fp\xorWith.js | C:\valente_conecta\node_modules\lodash\xorWith.js"
"zip.d.ts","3","C:\valente_conecta\node_modules\es-toolkit\compat\zip.d.ts | C:\valente_conecta\node_modules\es-toolkit\dist\array\zip.d.ts | C:\valente_conecta\node_modules\es-toolkit\dist\compat\array\zip.d.ts"
"zipObject.d.ts","3","C:\valente_conecta\node_modules\es-toolkit\compat\zipObject.d.ts | C:\valente_conecta\node_modules\es-toolkit\dist\array\zipObject.d.ts | C:\valente_conecta\node_modules\es-toolkit\dist\compat\array\zipObject.d.ts"
"zipObject.js","5","C:\valente_conecta\node_modules\es-toolkit\compat\zipObject.js | C:\valente_conecta\node_modules\es-toolkit\dist\array\zipObject.js | C:\valente_conecta\node_modules\es-toolkit\dist\compat\array\zipObject.js | C:\valente_conecta\node_modules\lodash\fp\zipObject.js | C:\valente_conecta\node_modules\lodash\zipObject.js"
"zipObjectDeep.d.ts","2","C:\valente_conecta\node_modules\es-toolkit\compat\zipObjectDeep.d.ts | C:\valente_conecta\node_modules\es-toolkit\dist\compat\array\zipObjectDeep.d.ts"
"zipObjectDeep.js","4","C:\valente_conecta\node_modules\es-toolkit\compat\zipObjectDeep.js | C:\valente_conecta\node_modules\es-toolkit\dist\compat\array\zipObjectDeep.js | C:\valente_conecta\node_modules\lodash\fp\zipObjectDeep.js | C:\valente_conecta\node_modules\lodash\zipObjectDeep.js"
"zipWith.d.ts","3","C:\valente_conecta\node_modules\es-toolkit\compat\zipWith.d.ts | C:\valente_conecta\node_modules\es-toolkit\dist\array\zipWith.d.ts | C:\valente_conecta\node_modules\es-toolkit\dist\compat\array\zipWith.d.ts"
"zipWith.js","5","C:\valente_conecta\node_modules\es-toolkit\compat\zipWith.js | C:\valente_conecta\node_modules\es-toolkit\dist\array\zipWith.js | C:\valente_conecta\node_modules\es-toolkit\dist\compat\array\zipWith.js | C:\valente_conecta\node_modules\lodash\fp\zipWith.js | C:\valente_conecta\node_modules\lodash\zipWith.js"
"compareValues.js","2","C:\valente_conecta\node_modules\es-toolkit\dist\compat\_internal\compareValues.js | C:\valente_conecta\node_modules\es-toolkit\dist\_internal\compareValues.js"
"Equals.d.ts","2","C:\valente_conecta\node_modules\es-toolkit\dist\compat\_internal\Equals.d.ts | C:\valente_conecta\node_modules\es-toolkit\src\compat\_internal\Equals.d.ts"
"IsWritable.d.ts","2","C:\valente_conecta\node_modules\es-toolkit\dist\compat\_internal\IsWritable.d.ts | C:\valente_conecta\node_modules\es-toolkit\src\compat\_internal\IsWritable.d.ts"
"MutableList.d.ts","2","C:\valente_conecta\node_modules\es-toolkit\dist\compat\_internal\MutableList.d.ts | C:\valente_conecta\node_modules\es-toolkit\src\compat\_internal\MutableList.d.ts"
"RejectReadonly.d.ts","2","C:\valente_conecta\node_modules\es-toolkit\dist\compat\_internal\RejectReadonly.d.ts | C:\valente_conecta\node_modules\es-toolkit\src\compat\_internal\RejectReadonly.d.ts"
"tags.js","2","C:\valente_conecta\node_modules\es-toolkit\dist\compat\_internal\tags.js | C:\valente_conecta\node_modules\lucide-react\dist\esm\icons\tags.js"
"compat.d.ts","2","C:\valente_conecta\node_modules\es-toolkit\dist\compat\compat.d.ts | C:\valente_conecta\node_modules\es-toolkit\compat.d.ts"
"compat.js","2","C:\valente_conecta\node_modules\es-toolkit\dist\compat\compat.js | C:\valente_conecta\node_modules\es-toolkit\compat.js"
"retry.d.ts","2","C:\valente_conecta\node_modules\es-toolkit\dist\function\retry.d.ts | C:\valente_conecta\node_modules\next\dist\compiled\@next\font\dist\google\retry.d.ts"
"retry.js","2","C:\valente_conecta\node_modules\es-toolkit\dist\function\retry.js | C:\valente_conecta\node_modules\next\dist\compiled\@next\font\dist\google\retry.js"
"italic.js","2","C:\valente_conecta\node_modules\es-toolkit\dist\server\colors\italic.js | C:\valente_conecta\node_modules\lucide-react\dist\esm\icons\italic.js"
"strikethrough.js","2","C:\valente_conecta\node_modules\es-toolkit\dist\server\colors\strikethrough.js | C:\valente_conecta\node_modules\lucide-react\dist\esm\icons\strikethrough.js"
"underline.js","2","C:\valente_conecta\node_modules\es-toolkit\dist\server\colors\underline.js | C:\valente_conecta\node_modules\lucide-react\dist\esm\icons\underline.js"
"invariant.d.ts","2","C:\valente_conecta\node_modules\es-toolkit\dist\util\invariant.d.ts | C:\valente_conecta\node_modules\html2canvas\dist\types\invariant.d.ts"
"invariant.js","2","C:\valente_conecta\node_modules\es-toolkit\dist\util\invariant.js | C:\valente_conecta\node_modules\html2canvas\dist\lib\invariant.js"
"runtime.js","5","C:\valente_conecta\node_modules\es-toolkit\dist\_virtual\_rolldown\runtime.js | C:\valente_conecta\node_modules\next\dist\compiled\@next\react-refresh-utils\dist\runtime.js | C:\valente_conecta\node_modules\next\dist\compiled\react-refresh\runtime.js | C:\valente_conecta\node_modules\next\dist\compiled\regenerator-runtime\runtime.js | C:\valente_conecta\node_modules\regenerator-runtime\runtime.js"
"array.d.ts","3","C:\valente_conecta\node_modules\es-toolkit\array.d.ts | C:\valente_conecta\node_modules\fast-glob\out\utils\array.d.ts | C:\valente_conecta\node_modules\type-fest\source\internal\array.d.ts"
"object.d.ts","2","C:\valente_conecta\node_modules\es-toolkit\object.d.ts | C:\valente_conecta\node_modules\type-fest\source\internal\object.d.ts"
"server.js","16","C:\valente_conecta\node_modules\es-toolkit\server.js | C:\valente_conecta\node_modules\lucide-react\dist\esm\icons\server.js | C:\valente_conecta\node_modules\next\dist\api\server.js | C:\valente_conecta\node_modules\next\dist\compiled\react-dom\server.js | C:\valente_conecta\node_modules\next\dist\compiled\react-dom-experimental\server.js | C:\valente_conecta\node_modules\next\dist\compiled\react-server-dom-turbopack\server.js | C:\valente_conecta\node_modules\next\dist\compiled\react-server-dom-turbopack-experimental\server.js | C:\valente_conecta\node_modules\next\dist\compiled\react-server-dom-webpack\server.js | C:\valente_conecta\node_modules\next\dist\compiled\react-server-dom-webpack-experimental\server.js | C:\valente_conecta\node_modules\next\dist\esm\api\server.js | C:\valente_conecta\node_modules\next\dist\esm\server\typescript\rules\server.js | C:\valente_conecta\node_modules\next\dist\experimental\testmode\proxy\server.js | C:\valente_conecta\node_modules\next\dist\experimental\testmode\server.js | C:\valente_conecta\node_modules\next\dist\server\typescript\rules\server.js | C:\valente_conecta\node_modules\next\server.js | C:\valente_conecta\node_modules\react-dom\server.js"
"request.js","3","C:\valente_conecta\node_modules\express\lib\request.js | C:\valente_conecta\node_modules\next\dist\esm\server\web\spec-extension\request.js | C:\valente_conecta\node_modules\next\dist\server\web\spec-extension\request.js"
"response.js","3","C:\valente_conecta\node_modules\express\lib\response.js | C:\valente_conecta\node_modules\next\dist\esm\server\web\spec-extension\response.js | C:\valente_conecta\node_modules\next\dist\server\web\spec-extension\response.js"
"view.js","2","C:\valente_conecta\node_modules\express\lib\view.js | C:\valente_conecta\node_modules\lucide-react\dist\esm\icons\view.js"
"deep.js","2","C:\valente_conecta\node_modules\fast-glob\out\providers\filters\deep.js | C:\valente_conecta\node_modules\object-inspect\test\deep.js"
"entry.d.ts","4","C:\valente_conecta\node_modules\fast-glob\out\providers\filters\entry.d.ts | C:\valente_conecta\node_modules\fast-glob\out\providers\transformers\entry.d.ts | C:\valente_conecta\node_modules\next\dist\server\typescript\rules\entry.d.ts | C:\valente_conecta\node_modules\type-fest\source\entry.d.ts"
"entry.js","4","C:\valente_conecta\node_modules\fast-glob\out\providers\filters\entry.js | C:\valente_conecta\node_modules\fast-glob\out\providers\transformers\entry.js | C:\valente_conecta\node_modules\next\dist\esm\server\typescript\rules\entry.js | C:\valente_conecta\node_modules\next\dist\server\typescript\rules\entry.js"
"applyUnfilter.js","2","C:\valente_conecta\node_modules\fast-png\lib\helpers\applyUnfilter.js | C:\valente_conecta\node_modules\fast-png\lib-esm\helpers\applyUnfilter.js"
"crc.js","2","C:\valente_conecta\node_modules\fast-png\lib\helpers\crc.js | C:\valente_conecta\node_modules\fast-png\lib-esm\helpers\crc.js"
"decodeInterlaceAdam7.js","2","C:\valente_conecta\node_modules\fast-png\lib\helpers\decodeInterlaceAdam7.js | C:\valente_conecta\node_modules\fast-png\lib-esm\helpers\decodeInterlaceAdam7.js"
"decodeInterlaceNull.js","2","C:\valente_conecta\node_modules\fast-png\lib\helpers\decodeInterlaceNull.js | C:\valente_conecta\node_modules\fast-png\lib-esm\helpers\decodeInterlaceNull.js"
"signature.js","3","C:\valente_conecta\node_modules\fast-png\lib\helpers\signature.js | C:\valente_conecta\node_modules\fast-png\lib-esm\helpers\signature.js | C:\valente_conecta\node_modules\lucide-react\dist\esm\icons\signature.js"
"text.d.ts","4","C:\valente_conecta\node_modules\fast-png\lib\helpers\text.d.ts | C:\valente_conecta\node_modules\html2canvas\dist\types\css\layout\text.d.ts | C:\valente_conecta\node_modules\iobuffer\lib\text.d.ts | C:\valente_conecta\node_modules\recharts\types\component\Text.d.ts"
"unfilter.js","2","C:\valente_conecta\node_modules\fast-png\lib\helpers\unfilter.js | C:\valente_conecta\node_modules\fast-png\lib-esm\helpers\unfilter.js"
"convertIndexedToRgb.js","2","C:\valente_conecta\node_modules\fast-png\lib\convertIndexedToRgb.js | C:\valente_conecta\node_modules\fast-png\lib-esm\convertIndexedToRgb.js"
"internalTypes.js","2","C:\valente_conecta\node_modules\fast-png\lib\internalTypes.js | C:\valente_conecta\node_modules\fast-png\lib-esm\internalTypes.js"
"PngDecoder.js","2","C:\valente_conecta\node_modules\fast-png\lib\PngDecoder.js | C:\valente_conecta\node_modules\fast-png\lib-esm\PngDecoder.js"
"PngEncoder.js","2","C:\valente_conecta\node_modules\fast-png\lib\PngEncoder.js | C:\valente_conecta\node_modules\fast-png\lib-esm\PngEncoder.js"
"text.ts","2","C:\valente_conecta\node_modules\fast-png\src\helpers\text.ts | C:\valente_conecta\node_modules\iobuffer\src\text.ts"
"eslint.config.js","2","C:\valente_conecta\node_modules\fastq\eslint.config.js | C:\valente_conecta\node_modules\reusify\eslint.config.js"
"fraction.js","2","C:\valente_conecta\node_modules\fraction.js\dist\fraction.js | C:\valente_conecta\node_modules\fraction.js\src\fraction.js"
"client.js","13","C:\valente_conecta\node_modules\framer-motion\dist\cjs\client.js | C:\valente_conecta\node_modules\next\dist\build\webpack\config\blocks\css\loaders\client.js | C:\valente_conecta\node_modules\next\dist\client\components\react-dev-overlay\pages\client.js | C:\valente_conecta\node_modules\next\dist\compiled\react-dom\client.js | C:\valente_conecta\node_modules\next\dist\compiled\react-dom-experimental\client.js | C:\valente_conecta\node_modules\next\dist\compiled\react-server-dom-turbopack\client.js | C:\valente_conecta\node_modules\next\dist\compiled\react-server-dom-turbopack-experimental\client.js | C:\valente_conecta\node_modules\next\dist\compiled\react-server-dom-webpack\client.js | C:\valente_conecta\node_modules\next\dist\compiled\react-server-dom-webpack-experimental\client.js | C:\valente_conecta\node_modules\next\dist\esm\build\webpack\config\blocks\css\loaders\client.js | C:\valente_conecta\node_modules\next\dist\esm\client\components\react-dev-overlay\pages\client.js | C:\valente_conecta\node_modules\next\client.js | C:\valente_conecta\node_modules\react-dom\client.js"
"dom-mini.js","2","C:\valente_conecta\node_modules\framer-motion\dist\cjs\dom-mini.js | C:\valente_conecta\node_modules\framer-motion\dist\dom-mini.js"
"dom.js","3","C:\valente_conecta\node_modules\framer-motion\dist\cjs\dom.js | C:\valente_conecta\node_modules\framer-motion\dist\dom.js | C:\valente_conecta\node_modules\object-inspect\test\browser\dom.js"
"mini.js","2","C:\valente_conecta\node_modules\framer-motion\dist\cjs\mini.js | C:\valente_conecta\node_modules\framer-motion\dist\mini.js"
"hash.js","4","C:\valente_conecta\node_modules\goober\src\core\hash.js | C:\valente_conecta\node_modules\lucide-react\dist\esm\icons\hash.js | C:\valente_conecta\node_modules\next\dist\esm\shared\lib\hash.js | C:\valente_conecta\node_modules\next\dist\shared\lib\hash.js"
"index.test.js","2","C:\valente_conecta\node_modules\goober\src\__tests__\index.test.js | C:\valente_conecta\node_modules\next\dist\trace\report\index.test.js"
"css.js","2","C:\valente_conecta\node_modules\goober\src\css.js | C:\valente_conecta\node_modules\styled-jsx\css.js"
"tests.js","2","C:\valente_conecta\node_modules\has-symbols\test\tests.js | C:\valente_conecta\node_modules\safer-buffer\tests.js"
"cache-storage.js","3","C:\valente_conecta\node_modules\html2canvas\dist\lib\core\__mocks__\cache-storage.js | C:\valente_conecta\node_modules\html2canvas\dist\lib\core\__tests__\cache-storage.js | C:\valente_conecta\node_modules\html2canvas\dist\lib\core\cache-storage.js"
"context.js","5","C:\valente_conecta\node_modules\html2canvas\dist\lib\core\__mocks__\context.js | C:\valente_conecta\node_modules\html2canvas\dist\lib\core\context.js | C:\valente_conecta\node_modules\next\dist\esm\server\web\sandbox\context.js | C:\valente_conecta\node_modules\next\dist\experimental\testmode\context.js | C:\valente_conecta\node_modules\next\dist\server\web\sandbox\context.js"
"logger.js","3","C:\valente_conecta\node_modules\html2canvas\dist\lib\core\__mocks__\logger.js | C:\valente_conecta\node_modules\html2canvas\dist\lib\core\__tests__\logger.js | C:\valente_conecta\node_modules\html2canvas\dist\lib\core\logger.js"
"bounds.js","2","C:\valente_conecta\node_modules\html2canvas\dist\lib\css\layout\__mocks__\bounds.js | C:\valente_conecta\node_modules\html2canvas\dist\lib\css\layout\bounds.js"
"font-family.js","2","C:\valente_conecta\node_modules\html2canvas\dist\lib\css\property-descriptors\__tests__\font-family.js | C:\valente_conecta\node_modules\html2canvas\dist\lib\css\property-descriptors\font-family.js"
"paint-order.js","2","C:\valente_conecta\node_modules\html2canvas\dist\lib\css\property-descriptors\__tests__\paint-order.js | C:\valente_conecta\node_modules\html2canvas\dist\lib\css\property-descriptors\paint-order.js"
"text-shadow.js","2","C:\valente_conecta\node_modules\html2canvas\dist\lib\css\property-descriptors\__tests__\text-shadow.js | C:\valente_conecta\node_modules\html2canvas\dist\lib\css\property-descriptors\text-shadow.js"
"content.js","3","C:\valente_conecta\node_modules\html2canvas\dist\lib\css\property-descriptors\content.js | C:\valente_conecta\node_modules\tailwindcss\lib\lib\content.js | C:\valente_conecta\node_modules\tailwindcss\src\lib\content.js"
"radial-gradient.js","2","C:\valente_conecta\node_modules\html2canvas\dist\lib\css\types\functions\__tests__\radial-gradient.js | C:\valente_conecta\node_modules\html2canvas\dist\lib\css\types\functions\radial-gradient.js"
"image.js","8","C:\valente_conecta\node_modules\html2canvas\dist\lib\css\types\image.js | C:\valente_conecta\node_modules\lucide-react\dist\esm\icons\image.js | C:\valente_conecta\node_modules\next\dist\api\image.js | C:\valente_conecta\node_modules\next\dist\client\legacy\image.js | C:\valente_conecta\node_modules\next\dist\esm\api\image.js | C:\valente_conecta\node_modules\next\dist\esm\client\legacy\image.js | C:\valente_conecta\node_modules\next\legacy\image.js | C:\valente_conecta\node_modules\next\image.js"
"document-cloner.js","2","C:\valente_conecta\node_modules\html2canvas\dist\lib\dom\__mocks__\document-cloner.js | C:\valente_conecta\node_modules\html2canvas\dist\lib\dom\document-cloner.js"
"cache-storage.d.ts","3","C:\valente_conecta\node_modules\html2canvas\dist\types\core\__mocks__\cache-storage.d.ts | C:\valente_conecta\node_modules\html2canvas\dist\types\core\__tests__\cache-storage.d.ts | C:\valente_conecta\node_modules\html2canvas\dist\types\core\cache-storage.d.ts"
"context.d.ts","4","C:\valente_conecta\node_modules\html2canvas\dist\types\core\__mocks__\context.d.ts | C:\valente_conecta\node_modules\html2canvas\dist\types\core\context.d.ts | C:\valente_conecta\node_modules\next\dist\experimental\testmode\context.d.ts | C:\valente_conecta\node_modules\next\dist\server\web\sandbox\context.d.ts"
"features.d.ts","2","C:\valente_conecta\node_modules\html2canvas\dist\types\core\__mocks__\features.d.ts | C:\valente_conecta\node_modules\html2canvas\dist\types\core\features.d.ts"
"logger.d.ts","3","C:\valente_conecta\node_modules\html2canvas\dist\types\core\__mocks__\logger.d.ts | C:\valente_conecta\node_modules\html2canvas\dist\types\core\__tests__\logger.d.ts | C:\valente_conecta\node_modules\html2canvas\dist\types\core\logger.d.ts"
"bounds.d.ts","2","C:\valente_conecta\node_modules\html2canvas\dist\types\css\layout\__mocks__\bounds.d.ts | C:\valente_conecta\node_modules\html2canvas\dist\types\css\layout\bounds.d.ts"
"font-family.d.ts","2","C:\valente_conecta\node_modules\html2canvas\dist\types\css\property-descriptors\__tests__\font-family.d.ts | C:\valente_conecta\node_modules\html2canvas\dist\types\css\property-descriptors\font-family.d.ts"
"paint-order.d.ts","2","C:\valente_conecta\node_modules\html2canvas\dist\types\css\property-descriptors\__tests__\paint-order.d.ts | C:\valente_conecta\node_modules\html2canvas\dist\types\css\property-descriptors\paint-order.d.ts"
"text-shadow.d.ts","2","C:\valente_conecta\node_modules\html2canvas\dist\types\css\property-descriptors\__tests__\text-shadow.d.ts | C:\valente_conecta\node_modules\html2canvas\dist\types\css\property-descriptors\text-shadow.d.ts"
"position.d.ts","3","C:\valente_conecta\node_modules\html2canvas\dist\types\css\property-descriptors\position.d.ts | C:\valente_conecta\node_modules\zxing-wasm\dist\cjs\bindings\position.d.ts | C:\valente_conecta\node_modules\zxing-wasm\dist\es\bindings\position.d.ts"
"radial-gradient.d.ts","2","C:\valente_conecta\node_modules\html2canvas\dist\types\css\types\functions\__tests__\radial-gradient.d.ts | C:\valente_conecta\node_modules\html2canvas\dist\types\css\types\functions\radial-gradient.d.ts"
"image.d.ts","5","C:\valente_conecta\node_modules\html2canvas\dist\types\css\types\image.d.ts | C:\valente_conecta\node_modules\next\dist\api\image.d.ts | C:\valente_conecta\node_modules\next\dist\client\legacy\image.d.ts | C:\valente_conecta\node_modules\next\legacy\image.d.ts | C:\valente_conecta\node_modules\next\image.d.ts"
"document-cloner.d.ts","2","C:\valente_conecta\node_modules\html2canvas\dist\types\dom\__mocks__\document-cloner.d.ts | C:\valente_conecta\node_modules\html2canvas\dist\types\dom\document-cloner.d.ts"
"vector.d.ts","3","C:\valente_conecta\node_modules\html2canvas\dist\types\render\vector.d.ts | C:\valente_conecta\node_modules\zxing-wasm\dist\cjs\bindings\vector.d.ts | C:\valente_conecta\node_modules\zxing-wasm\dist\es\bindings\vector.d.ts"
"ini.js","2","C:\valente_conecta\node_modules\ini\ini.js | C:\valente_conecta\node_modules\rc\test\ini.js"
"internmap.js","3","C:\valente_conecta\node_modules\internmap\dist\internmap.js | C:\valente_conecta\node_modules\victory-vendor\es\internmap.js | C:\valente_conecta\node_modules\victory-vendor\lib\internmap.js"
"IOBuffer.js","2","C:\valente_conecta\node_modules\iobuffer\lib\IOBuffer.js | C:\valente_conecta\node_modules\iobuffer\lib-esm\IOBuffer.js"
"debug.js","2","C:\valente_conecta\node_modules\ioredis\built\utils\debug.js | C:\valente_conecta\node_modules\semver\internal\debug.js"
"lodash.js","2","C:\valente_conecta\node_modules\ioredis\built\utils\lodash.js | C:\valente_conecta\node_modules\lodash\lodash.js"
"Command.js","2","C:\valente_conecta\node_modules\ioredis\built\Command.js | C:\valente_conecta\node_modules\lucide-react\dist\esm\icons\command.js"
"Pipeline.js","2","C:\valente_conecta\node_modules\ioredis\built\Pipeline.js | C:\valente_conecta\node_modules\readable-stream\lib\internal\streams\pipeline.js"
"Script.d.ts","4","C:\valente_conecta\node_modules\ioredis\built\Script.d.ts | C:\valente_conecta\node_modules\next\dist\api\script.d.ts | C:\valente_conecta\node_modules\next\dist\client\script.d.ts | C:\valente_conecta\node_modules\next\script.d.ts"
"Script.js","6","C:\valente_conecta\node_modules\ioredis\built\Script.js | C:\valente_conecta\node_modules\next\dist\api\script.js | C:\valente_conecta\node_modules\next\dist\client\script.js | C:\valente_conecta\node_modules\next\dist\esm\api\script.js | C:\valente_conecta\node_modules\next\dist\esm\client\script.js | C:\valente_conecta\node_modules\next\script.js"
"jiti.js","2","C:\valente_conecta\node_modules\jiti\bin\jiti.js | C:\valente_conecta\node_modules\jiti\dist\jiti.js"
"babel.d.ts","2","C:\valente_conecta\node_modules\jiti\dist\babel.d.ts | C:\valente_conecta\node_modules\next\babel.d.ts"
"babel.js","4","C:\valente_conecta\node_modules\jiti\dist\babel.js | C:\valente_conecta\node_modules\next\dist\compiled\react-refresh\babel.js | C:\valente_conecta\node_modules\next\babel.js | C:\valente_conecta\node_modules\styled-jsx\babel.js"
"all.js","2","C:\valente_conecta\node_modules\lodash\fp\all.js | C:\valente_conecta\node_modules\object-inspect\example\all.js"
"chain.js","2","C:\valente_conecta\node_modules\lodash\fp\chain.js | C:\valente_conecta\node_modules\lodash\chain.js"
"commit.js","2","C:\valente_conecta\node_modules\lodash\fp\commit.js | C:\valente_conecta\node_modules\lodash\commit.js"
"entriesIn.js","2","C:\valente_conecta\node_modules\lodash\fp\entriesIn.js | C:\valente_conecta\node_modules\lodash\entriesIn.js"
"lang.js","2","C:\valente_conecta\node_modules\lodash\fp\lang.js | C:\valente_conecta\node_modules\lodash\lang.js"
"mixin.js","2","C:\valente_conecta\node_modules\lodash\fp\mixin.js | C:\valente_conecta\node_modules\lodash\mixin.js"
"plant.js","2","C:\valente_conecta\node_modules\lodash\fp\plant.js | C:\valente_conecta\node_modules\lodash\plant.js"
"seq.js","2","C:\valente_conecta\node_modules\lodash\fp\seq.js | C:\valente_conecta\node_modules\lodash\seq.js"
"sortedUniq.js","2","C:\valente_conecta\node_modules\lodash\fp\sortedUniq.js | C:\valente_conecta\node_modules\lodash\sortedUniq.js"
"sortedUniqBy.js","2","C:\valente_conecta\node_modules\lodash\fp\sortedUniqBy.js | C:\valente_conecta\node_modules\lodash\sortedUniqBy.js"
"tap.js","4","C:\valente_conecta\node_modules\lodash\fp\tap.js | C:\valente_conecta\node_modules\lodash\tap.js | C:\valente_conecta\node_modules\tailwindcss\lib\util\tap.js | C:\valente_conecta\node_modules\tailwindcss\src\util\tap.js"
"thru.js","2","C:\valente_conecta\node_modules\lodash\fp\thru.js | C:\valente_conecta\node_modules\lodash\thru.js"
"toIterator.js","2","C:\valente_conecta\node_modules\lodash\fp\toIterator.js | C:\valente_conecta\node_modules\lodash\toIterator.js"
"toJSON.js","2","C:\valente_conecta\node_modules\lodash\fp\toJSON.js | C:\valente_conecta\node_modules\lodash\toJSON.js"
"valueOf.js","2","C:\valente_conecta\node_modules\lodash\fp\valueOf.js | C:\valente_conecta\node_modules\lodash\valueOf.js"
"wrapperAt.js","2","C:\valente_conecta\node_modules\lodash\fp\wrapperAt.js | C:\valente_conecta\node_modules\lodash\wrapperAt.js"
"wrapperChain.js","2","C:\valente_conecta\node_modules\lodash\fp\wrapperChain.js | C:\valente_conecta\node_modules\lodash\wrapperChain.js"
"wrapperLodash.js","2","C:\valente_conecta\node_modules\lodash\fp\wrapperLodash.js | C:\valente_conecta\node_modules\lodash\wrapperLodash.js"
"wrapperReverse.js","2","C:\valente_conecta\node_modules\lodash\fp\wrapperReverse.js | C:\valente_conecta\node_modules\lodash\wrapperReverse.js"
"wrapperValue.js","2","C:\valente_conecta\node_modules\lodash\fp\wrapperValue.js | C:\valente_conecta\node_modules\lodash\wrapperValue.js"
"core.js","4","C:\valente_conecta\node_modules\lodash\core.js | C:\valente_conecta\node_modules\next\dist\compiled\babel\core.js | C:\valente_conecta\node_modules\resolve\lib\core.js | C:\valente_conecta\node_modules\resolve\test\core.js"
"brush.js","3","C:\valente_conecta\node_modules\lucide-react\dist\esm\icons\brush.js | C:\valente_conecta\node_modules\recharts\es6\cartesian\Brush.js | C:\valente_conecta\node_modules\recharts\lib\cartesian\Brush.js"
"bus.js","3","C:\valente_conecta\node_modules\lucide-react\dist\esm\icons\bus.js | C:\valente_conecta\node_modules\next\dist\client\components\react-dev-overlay\pages\bus.js | C:\valente_conecta\node_modules\next\dist\esm\client\components\react-dev-overlay\pages\bus.js"
"container.js","4","C:\valente_conecta\node_modules\lucide-react\dist\esm\icons\container.js | C:\valente_conecta\node_modules\next\node_modules\postcss\lib\container.js | C:\valente_conecta\node_modules\postcss\lib\container.js | C:\valente_conecta\node_modules\postcss-selector-parser\dist\selectors\container.js"
"diff.js","3","C:\valente_conecta\node_modules\lucide-react\dist\esm\icons\diff.js | C:\valente_conecta\node_modules\luxon\src\impl\diff.js | C:\valente_conecta\node_modules\semver\functions\diff.js"
"dot.js","3","C:\valente_conecta\node_modules\lucide-react\dist\esm\icons\dot.js | C:\valente_conecta\node_modules\recharts\es6\shape\Dot.js | C:\valente_conecta\node_modules\recharts\lib\shape\Dot.js"
"list.js","3","C:\valente_conecta\node_modules\lucide-react\dist\esm\icons\list.js | C:\valente_conecta\node_modules\next\node_modules\postcss\lib\list.js | C:\valente_conecta\node_modules\postcss\lib\list.js"
"navigation.js","6","C:\valente_conecta\node_modules\lucide-react\dist\esm\icons\navigation.js | C:\valente_conecta\node_modules\next\dist\api\navigation.js | C:\valente_conecta\node_modules\next\dist\client\components\navigation.js | C:\valente_conecta\node_modules\next\dist\esm\api\navigation.js | C:\valente_conecta\node_modules\next\dist\esm\client\components\navigation.js | C:\valente_conecta\node_modules\next\navigation.js"
"package.js","2","C:\valente_conecta\node_modules\lucide-react\dist\esm\icons\package.js | C:\valente_conecta\node_modules\next\dist\compiled\webpack\package.js"
"radar.js","3","C:\valente_conecta\node_modules\lucide-react\dist\esm\icons\radar.js | C:\valente_conecta\node_modules\recharts\es6\polar\Radar.js | C:\valente_conecta\node_modules\recharts\lib\polar\Radar.js"
"regex.js","6","C:\valente_conecta\node_modules\lucide-react\dist\esm\icons\regex.js | C:\valente_conecta\node_modules\tailwindcss\lib\lib\regex.js | C:\valente_conecta\node_modules\tailwindcss\src\lib\regex.js | C:\valente_conecta\node_modules\uuid\dist\esm-browser\regex.js | C:\valente_conecta\node_modules\uuid\dist\esm-node\regex.js | C:\valente_conecta\node_modules\uuid\dist\regex.js"
"router.js","11","C:\valente_conecta\node_modules\lucide-react\dist\esm\icons\router.js | C:\valente_conecta\node_modules\next\compat\router.js | C:\valente_conecta\node_modules\next\dist\api\router.js | C:\valente_conecta\node_modules\next\dist\client\compat\router.js | C:\valente_conecta\node_modules\next\dist\client\router.js | C:\valente_conecta\node_modules\next\dist\esm\api\router.js | C:\valente_conecta\node_modules\next\dist\esm\client\compat\router.js | C:\valente_conecta\node_modules\next\dist\esm\client\router.js | C:\valente_conecta\node_modules\next\dist\esm\shared\lib\router\router.js | C:\valente_conecta\node_modules\next\dist\shared\lib\router\router.js | C:\valente_conecta\node_modules\next\router.js"
"share.js","3","C:\valente_conecta\node_modules\lucide-react\dist\esm\icons\share.js | C:\valente_conecta\node_modules\zxing-wasm\dist\cjs\share.js | C:\valente_conecta\node_modules\zxing-wasm\dist\es\share.js"
"store.js","5","C:\valente_conecta\node_modules\lucide-react\dist\esm\icons\store.js | C:\valente_conecta\node_modules\next\dist\build\output\store.js | C:\valente_conecta\node_modules\next\dist\esm\build\output\store.js | C:\valente_conecta\node_modules\recharts\es6\state\store.js | C:\valente_conecta\node_modules\recharts\lib\state\store.js"
"tag.js","2","C:\valente_conecta\node_modules\lucide-react\dist\esm\icons\tag.js | C:\valente_conecta\node_modules\postcss-selector-parser\dist\selectors\tag.js"
"terminal.js","3","C:\valente_conecta\node_modules\lucide-react\dist\esm\icons\terminal.js | C:\valente_conecta\node_modules\next\dist\client\components\react-dev-overlay\internal\components\Terminal\Terminal.js | C:\valente_conecta\node_modules\next\dist\esm\client\components\react-dev-overlay\internal\components\Terminal\Terminal.js"
"trees.js","2","C:\valente_conecta\node_modules\lucide-react\dist\esm\icons\trees.js | C:\valente_conecta\node_modules\pako\lib\zlib\trees.js"
"x.js","2","C:\valente_conecta\node_modules\lucide-react\dist\esm\icons\x.js | C:\valente_conecta\node_modules\victory-vendor\lib-vendor\d3-shape\src\symbol\x.js"
"luxon.js","5","C:\valente_conecta\node_modules\luxon\build\amd\luxon.js | C:\valente_conecta\node_modules\luxon\build\cjs-browser\luxon.js | C:\valente_conecta\node_modules\luxon\build\global\luxon.js | C:\valente_conecta\node_modules\luxon\build\node\luxon.js | C:\valente_conecta\node_modules\luxon\src\luxon.js"
"formats.js","2","C:\valente_conecta\node_modules\luxon\src\impl\formats.js | C:\valente_conecta\node_modules\qs\lib\formats.js"
"whitespace.js","3","C:\valente_conecta\node_modules\minimist\test\whitespace.js | C:\valente_conecta\node_modules\sucrase\dist\esm\parser\util\whitespace.js | C:\valente_conecta\node_modules\sucrase\dist\parser\util\whitespace.js"
"pack.js","2","C:\valente_conecta\node_modules\msgpackr\pack.js | C:\valente_conecta\node_modules\tar-stream\pack.js"
"index.browser.js","2","C:\valente_conecta\node_modules\nanoid\async\index.browser.js | C:\valente_conecta\node_modules\nanoid\index.browser.js"
"index.native.js","4","C:\valente_conecta\node_modules\nanoid\async\index.native.js | C:\valente_conecta\node_modules\next\dist\compiled\scheduler\index.native.js | C:\valente_conecta\node_modules\next\dist\compiled\scheduler-experimental\index.native.js | C:\valente_conecta\node_modules\use-sync-external-store\shim\index.native.js"
"router.d.ts","6","C:\valente_conecta\node_modules\next\compat\router.d.ts | C:\valente_conecta\node_modules\next\dist\api\router.d.ts | C:\valente_conecta\node_modules\next\dist\client\compat\router.d.ts | C:\valente_conecta\node_modules\next\dist\client\router.d.ts | C:\valente_conecta\node_modules\next\dist\shared\lib\router\router.d.ts | C:\valente_conecta\node_modules\next\router.d.ts"
"app-dynamic.d.ts","2","C:\valente_conecta\node_modules\next\dist\api\app-dynamic.d.ts | C:\valente_conecta\node_modules\next\dist\shared\lib\app-dynamic.d.ts"
"app-dynamic.js","4","C:\valente_conecta\node_modules\next\dist\api\app-dynamic.js | C:\valente_conecta\node_modules\next\dist\esm\api\app-dynamic.js | C:\valente_conecta\node_modules\next\dist\esm\shared\lib\app-dynamic.js | C:\valente_conecta\node_modules\next\dist\shared\lib\app-dynamic.js"
"app.js","3","C:\valente_conecta\node_modules\next\dist\api\app.js | C:\valente_conecta\node_modules\next\dist\esm\api\app.js | C:\valente_conecta\node_modules\next\app.js"
"document.js","5","C:\valente_conecta\node_modules\next\dist\api\document.js | C:\valente_conecta\node_modules\next\dist\esm\api\document.js | C:\valente_conecta\node_modules\next\node_modules\postcss\lib\document.js | C:\valente_conecta\node_modules\next\document.js | C:\valente_conecta\node_modules\postcss\lib\document.js"
"dynamic.d.ts","3","C:\valente_conecta\node_modules\next\dist\api\dynamic.d.ts | C:\valente_conecta\node_modules\next\dist\shared\lib\dynamic.d.ts | C:\valente_conecta\node_modules\next\dynamic.d.ts"
"dynamic.js","5","C:\valente_conecta\node_modules\next\dist\api\dynamic.js | C:\valente_conecta\node_modules\next\dist\esm\api\dynamic.js | C:\valente_conecta\node_modules\next\dist\esm\shared\lib\dynamic.js | C:\valente_conecta\node_modules\next\dist\shared\lib\dynamic.js | C:\valente_conecta\node_modules\next\dynamic.js"
"headers.d.ts","4","C:\valente_conecta\node_modules\next\dist\api\headers.d.ts | C:\valente_conecta\node_modules\next\dist\client\components\headers.d.ts | C:\valente_conecta\node_modules\next\dist\server\web\spec-extension\adapters\headers.d.ts | C:\valente_conecta\node_modules\next\headers.d.ts"
"headers.js","8","C:\valente_conecta\node_modules\next\dist\api\headers.js | C:\valente_conecta\node_modules\next\dist\client\components\headers.js | C:\valente_conecta\node_modules\next\dist\esm\api\headers.js | C:\valente_conecta\node_modules\next\dist\esm\client\components\headers.js | C:\valente_conecta\node_modules\next\dist\esm\server\web\spec-extension\adapters\headers.js | C:\valente_conecta\node_modules\next\dist\server\web\spec-extension\adapters\headers.js | C:\valente_conecta\node_modules\next\headers.js | C:\valente_conecta\node_modules\tar-stream\headers.js"
"link.d.ts","3","C:\valente_conecta\node_modules\next\dist\api\link.d.ts | C:\valente_conecta\node_modules\next\dist\client\link.d.ts | C:\valente_conecta\node_modules\next\link.d.ts"
"navigation.d.ts","4","C:\valente_conecta\node_modules\next\dist\api\navigation.d.ts | C:\valente_conecta\node_modules\next\dist\client\components\navigation.d.ts | C:\valente_conecta\node_modules\next\navigation-types\compat\navigation.d.ts | C:\valente_conecta\node_modules\next\navigation.d.ts"
"navigation.react-server.d.ts","2","C:\valente_conecta\node_modules\next\dist\api\navigation.react-server.d.ts | C:\valente_conecta\node_modules\next\dist\client\components\navigation.react-server.d.ts"
"navigation.react-server.js","4","C:\valente_conecta\node_modules\next\dist\api\navigation.react-server.js | C:\valente_conecta\node_modules\next\dist\client\components\navigation.react-server.js | C:\valente_conecta\node_modules\next\dist\esm\api\navigation.react-server.js | C:\valente_conecta\node_modules\next\dist\esm\client\components\navigation.react-server.js"
"og.d.ts","3","C:\valente_conecta\node_modules\next\dist\api\og.d.ts | C:\valente_conecta\node_modules\next\dist\compiled\@vercel\og\og.d.ts | C:\valente_conecta\node_modules\next\og.d.ts"
"og.js","3","C:\valente_conecta\node_modules\next\dist\api\og.js | C:\valente_conecta\node_modules\next\dist\esm\api\og.js | C:\valente_conecta\node_modules\next\og.js"
"next.d.ts","3","C:\valente_conecta\node_modules\next\dist\bin\next.d.ts | C:\valente_conecta\node_modules\next\dist\client\next.d.ts | C:\valente_conecta\node_modules\next\dist\server\next.d.ts"
"extract-const-value.js","2","C:\valente_conecta\node_modules\next\dist\build\analysis\extract-const-value.js | C:\valente_conecta\node_modules\next\dist\esm\build\analysis\extract-const-value.js"
"get-page-static-info.js","2","C:\valente_conecta\node_modules\next\dist\build\analysis\get-page-static-info.js | C:\valente_conecta\node_modules\next\dist\esm\build\analysis\get-page-static-info.js"
"parse-module.js","2","C:\valente_conecta\node_modules\next\dist\build\analysis\parse-module.js | C:\valente_conecta\node_modules\next\dist\esm\build\analysis\parse-module.js"
"get-config.js","2","C:\valente_conecta\node_modules\next\dist\build\babel\loader\get-config.js | C:\valente_conecta\node_modules\next\dist\esm\build\babel\loader\get-config.js"
"amp-attributes.js","2","C:\valente_conecta\node_modules\next\dist\build\babel\plugins\amp-attributes.js | C:\valente_conecta\node_modules\next\dist\esm\build\babel\plugins\amp-attributes.js"
"commonjs.js","2","C:\valente_conecta\node_modules\next\dist\build\babel\plugins\commonjs.js | C:\valente_conecta\node_modules\next\dist\esm\build\babel\plugins\commonjs.js"
"jsx-pragma.js","2","C:\valente_conecta\node_modules\next\dist\build\babel\plugins\jsx-pragma.js | C:\valente_conecta\node_modules\next\dist\esm\build\babel\plugins\jsx-pragma.js"
"next-font-unsupported.js","2","C:\valente_conecta\node_modules\next\dist\build\babel\plugins\next-font-unsupported.js | C:\valente_conecta\node_modules\next\dist\esm\build\babel\plugins\next-font-unsupported.js"
"next-page-config.js","2","C:\valente_conecta\node_modules\next\dist\build\babel\plugins\next-page-config.js | C:\valente_conecta\node_modules\next\dist\esm\build\babel\plugins\next-page-config.js"
"next-page-disallow-re-export-all-exports.js","2","C:\valente_conecta\node_modules\next\dist\build\babel\plugins\next-page-disallow-re-export-all-exports.js | C:\valente_conecta\node_modules\next\dist\esm\build\babel\plugins\next-page-disallow-re-export-all-exports.js"
"next-ssg-transform.js","2","C:\valente_conecta\node_modules\next\dist\build\babel\plugins\next-ssg-transform.js | C:\valente_conecta\node_modules\next\dist\esm\build\babel\plugins\next-ssg-transform.js"
"optimize-hook-destructuring.js","2","C:\valente_conecta\node_modules\next\dist\build\babel\plugins\optimize-hook-destructuring.js | C:\valente_conecta\node_modules\next\dist\esm\build\babel\plugins\optimize-hook-destructuring.js"
"react-loadable-plugin.d.ts","2","C:\valente_conecta\node_modules\next\dist\build\babel\plugins\react-loadable-plugin.d.ts | C:\valente_conecta\node_modules\next\dist\build\webpack\plugins\react-loadable-plugin.d.ts"
"react-loadable-plugin.js","4","C:\valente_conecta\node_modules\next\dist\build\babel\plugins\react-loadable-plugin.js | C:\valente_conecta\node_modules\next\dist\build\webpack\plugins\react-loadable-plugin.js | C:\valente_conecta\node_modules\next\dist\esm\build\babel\plugins\react-loadable-plugin.js | C:\valente_conecta\node_modules\next\dist\esm\build\webpack\plugins\react-loadable-plugin.js"
"preset.js","2","C:\valente_conecta\node_modules\next\dist\build\babel\preset.js | C:\valente_conecta\node_modules\next\dist\esm\build\babel\preset.js"
"empty.js","3","C:\valente_conecta\node_modules\next\dist\build\jest\__mocks__\empty.js | C:\valente_conecta\node_modules\next\dist\compiled\server-only\empty.js | C:\valente_conecta\node_modules\pump\empty.js"
"jest.d.ts","2","C:\valente_conecta\node_modules\next\dist\build\jest\jest.d.ts | C:\valente_conecta\node_modules\next\jest.d.ts"
"jest.js","2","C:\valente_conecta\node_modules\next\dist\build\jest\jest.js | C:\valente_conecta\node_modules\next\jest.js"
"format-manifest.js","2","C:\valente_conecta\node_modules\next\dist\build\manifests\formatter\format-manifest.js | C:\valente_conecta\node_modules\next\dist\esm\build\manifests\formatter\format-manifest.js"
"store.d.ts","2","C:\valente_conecta\node_modules\next\dist\build\output\store.d.ts | C:\valente_conecta\node_modules\recharts\types\state\store.d.ts"
"whatwg-fetch.js","2","C:\valente_conecta\node_modules\next\dist\build\polyfills\fetch\whatwg-fetch.js | C:\valente_conecta\node_modules\next\dist\esm\build\polyfills\fetch\whatwg-fetch.js"
"shim.js","2","C:\valente_conecta\node_modules\next\dist\build\polyfills\object.assign\shim.js | C:\valente_conecta\node_modules\next\dist\esm\build\polyfills\object.assign\shim.js"
"jest-transformer.js","2","C:\valente_conecta\node_modules\next\dist\build\swc\jest-transformer.js | C:\valente_conecta\node_modules\next\dist\esm\build\swc\jest-transformer.js"
"options.d.ts","2","C:\valente_conecta\node_modules\next\dist\build\swc\options.d.ts | C:\valente_conecta\node_modules\sucrase\dist\types\Options.d.ts"
"options.js","5","C:\valente_conecta\node_modules\next\dist\build\swc\options.js | C:\valente_conecta\node_modules\next\dist\esm\build\swc\options.js | C:\valente_conecta\node_modules\postcss-load-config\src\options.js | C:\valente_conecta\node_modules\sucrase\dist\esm\Options.js | C:\valente_conecta\node_modules\sucrase\dist\Options.js"
"app-page.d.ts","2","C:\valente_conecta\node_modules\next\dist\build\templates\app-page.d.ts | C:\valente_conecta\node_modules\next\dist\export\routes\app-page.d.ts"
"app-page.js","4","C:\valente_conecta\node_modules\next\dist\build\templates\app-page.js | C:\valente_conecta\node_modules\next\dist\esm\build\templates\app-page.js | C:\valente_conecta\node_modules\next\dist\esm\export\routes\app-page.js | C:\valente_conecta\node_modules\next\dist\export\routes\app-page.js"
"app-route.d.ts","2","C:\valente_conecta\node_modules\next\dist\build\templates\app-route.d.ts | C:\valente_conecta\node_modules\next\dist\export\routes\app-route.d.ts"
"app-route.js","4","C:\valente_conecta\node_modules\next\dist\build\templates\app-route.js | C:\valente_conecta\node_modules\next\dist\esm\build\templates\app-route.js | C:\valente_conecta\node_modules\next\dist\esm\export\routes\app-route.js | C:\valente_conecta\node_modules\next\dist\export\routes\app-route.js"
"edge-app-route.js","2","C:\valente_conecta\node_modules\next\dist\build\templates\edge-app-route.js | C:\valente_conecta\node_modules\next\dist\esm\build\templates\edge-app-route.js"
"edge-ssr-app.js","2","C:\valente_conecta\node_modules\next\dist\build\templates\edge-ssr-app.js | C:\valente_conecta\node_modules\next\dist\esm\build\templates\edge-ssr-app.js"
"edge-ssr.js","2","C:\valente_conecta\node_modules\next\dist\build\templates\edge-ssr.js | C:\valente_conecta\node_modules\next\dist\esm\build\templates\edge-ssr.js"
"middleware.d.ts","2","C:\valente_conecta\node_modules\next\dist\build\templates\middleware.d.ts | C:\valente_conecta\node_modules\next\dist\client\components\react-dev-overlay\server\middleware.d.ts"
"pages-api.js","2","C:\valente_conecta\node_modules\next\dist\build\templates\pages-api.js | C:\valente_conecta\node_modules\next\dist\esm\build\templates\pages-api.js"
"pages-edge-api.js","2","C:\valente_conecta\node_modules\next\dist\build\templates\pages-edge-api.js | C:\valente_conecta\node_modules\next\dist\esm\build\templates\pages-edge-api.js"
"pages.d.ts","2","C:\valente_conecta\node_modules\next\dist\build\templates\pages.d.ts | C:\valente_conecta\node_modules\next\dist\export\routes\pages.d.ts"
"pages.js","4","C:\valente_conecta\node_modules\next\dist\build\templates\pages.js | C:\valente_conecta\node_modules\next\dist\esm\build\templates\pages.js | C:\valente_conecta\node_modules\next\dist\esm\export\routes\pages.js | C:\valente_conecta\node_modules\next\dist\export\routes\pages.js"
"env.js","2","C:\valente_conecta\node_modules\next\dist\build\turborepo-access-trace\env.js | C:\valente_conecta\node_modules\next\dist\esm\build\turborepo-access-trace\env.js"
"tcp.js","2","C:\valente_conecta\node_modules\next\dist\build\turborepo-access-trace\tcp.js | C:\valente_conecta\node_modules\next\dist\esm\build\turborepo-access-trace\tcp.js"
"react-dom-server-browser-experimental.js","2","C:\valente_conecta\node_modules\next\dist\build\webpack\alias\react-dom-server-browser-experimental.js | C:\valente_conecta\node_modules\next\dist\esm\build\webpack\alias\react-dom-server-browser-experimental.js"
"react-dom-server-browser.js","2","C:\valente_conecta\node_modules\next\dist\build\webpack\alias\react-dom-server-browser.js | C:\valente_conecta\node_modules\next\dist\esm\build\webpack\alias\react-dom-server-browser.js"
"react-dom-server-edge-experimental.js","2","C:\valente_conecta\node_modules\next\dist\build\webpack\alias\react-dom-server-edge-experimental.js | C:\valente_conecta\node_modules\next\dist\esm\build\webpack\alias\react-dom-server-edge-experimental.js"
"react-dom-server-edge.js","4","C:\valente_conecta\node_modules\next\dist\build\webpack\alias\react-dom-server-edge.js | C:\valente_conecta\node_modules\next\dist\esm\build\webpack\alias\react-dom-server-edge.js | C:\valente_conecta\node_modules\next\dist\esm\server\future\route-modules\app-page\vendored\ssr\react-dom-server-edge.js | C:\valente_conecta\node_modules\next\dist\server\future\route-modules\app-page\vendored\ssr\react-dom-server-edge.js"
"file-resolve.js","2","C:\valente_conecta\node_modules\next\dist\build\webpack\config\blocks\css\loaders\file-resolve.js | C:\valente_conecta\node_modules\next\dist\esm\build\webpack\config\blocks\css\loaders\file-resolve.js"
"getCssModuleLocalIdent.js","2","C:\valente_conecta\node_modules\next\dist\build\webpack\config\blocks\css\loaders\getCssModuleLocalIdent.js | C:\valente_conecta\node_modules\next\dist\esm\build\webpack\config\blocks\css\loaders\getCssModuleLocalIdent.js"
"global.js","5","C:\valente_conecta\node_modules\next\dist\build\webpack\config\blocks\css\loaders\global.js | C:\valente_conecta\node_modules\next\dist\esm\build\webpack\config\blocks\css\loaders\global.js | C:\valente_conecta\node_modules\object-inspect\test\global.js | C:\valente_conecta\node_modules\recharts\es6\util\Global.js | C:\valente_conecta\node_modules\recharts\lib\util\Global.js"
"modules.js","2","C:\valente_conecta\node_modules\next\dist\build\webpack\config\blocks\css\loaders\modules.js | C:\valente_conecta\node_modules\next\dist\esm\build\webpack\config\blocks\css\loaders\modules.js"
"next-font.js","2","C:\valente_conecta\node_modules\next\dist\build\webpack\config\blocks\css\loaders\next-font.js | C:\valente_conecta\node_modules\next\dist\esm\build\webpack\config\blocks\css\loaders\next-font.js"
"messages.d.ts","3","C:\valente_conecta\node_modules\next\dist\build\webpack\config\blocks\css\messages.d.ts | C:\valente_conecta\node_modules\next\dist\build\webpack\config\blocks\images\messages.d.ts | C:\valente_conecta\node_modules\next\dist\server\dev\messages.d.ts"
"messages.js","7","C:\valente_conecta\node_modules\next\dist\build\webpack\config\blocks\css\messages.js | C:\valente_conecta\node_modules\next\dist\build\webpack\config\blocks\images\messages.js | C:\valente_conecta\node_modules\next\dist\esm\build\webpack\config\blocks\css\messages.js | C:\valente_conecta\node_modules\next\dist\esm\build\webpack\config\blocks\images\messages.js | C:\valente_conecta\node_modules\next\dist\esm\server\dev\messages.js | C:\valente_conecta\node_modules\next\dist\server\dev\messages.js | C:\valente_conecta\node_modules\pako\lib\zlib\messages.js"
"plugins.d.ts","2","C:\valente_conecta\node_modules\next\dist\build\webpack\config\blocks\css\plugins.d.ts | C:\valente_conecta\node_modules\next\dist\telemetry\events\plugins.d.ts"
"plugins.js","4","C:\valente_conecta\node_modules\next\dist\build\webpack\config\blocks\css\plugins.js | C:\valente_conecta\node_modules\next\dist\esm\build\webpack\config\blocks\css\plugins.js | C:\valente_conecta\node_modules\next\dist\telemetry\events\plugins.js | C:\valente_conecta\node_modules\postcss-load-config\src\plugins.js"
"postcss-icss-parser.js","2","C:\valente_conecta\node_modules\next\dist\build\webpack\loaders\css-loader\src\plugins\postcss-icss-parser.js | C:\valente_conecta\node_modules\next\dist\esm\build\webpack\loaders\css-loader\src\plugins\postcss-icss-parser.js"
"postcss-import-parser.js","2","C:\valente_conecta\node_modules\next\dist\build\webpack\loaders\css-loader\src\plugins\postcss-import-parser.js | C:\valente_conecta\node_modules\next\dist\esm\build\webpack\loaders\css-loader\src\plugins\postcss-import-parser.js"
"postcss-url-parser.js","2","C:\valente_conecta\node_modules\next\dist\build\webpack\loaders\css-loader\src\plugins\postcss-url-parser.js | C:\valente_conecta\node_modules\next\dist\esm\build\webpack\loaders\css-loader\src\plugins\postcss-url-parser.js"
"api.d.ts","2","C:\valente_conecta\node_modules\next\dist\build\webpack\loaders\css-loader\src\runtime\api.d.ts | C:\valente_conecta\node_modules\undici-types\api.d.ts"
"getUrl.js","2","C:\valente_conecta\node_modules\next\dist\build\webpack\loaders\css-loader\src\runtime\getUrl.js | C:\valente_conecta\node_modules\next\dist\esm\build\webpack\loaders\css-loader\src\runtime\getUrl.js"
"CssSyntaxError.js","2","C:\valente_conecta\node_modules\next\dist\build\webpack\loaders\css-loader\src\CssSyntaxError.js | C:\valente_conecta\node_modules\next\dist\esm\build\webpack\loaders\css-loader\src\CssSyntaxError.js"
"codegen.js","2","C:\valente_conecta\node_modules\next\dist\build\webpack\loaders\lightningcss-loader\src\codegen.js | C:\valente_conecta\node_modules\next\dist\esm\build\webpack\loaders\lightningcss-loader\src\codegen.js"
"interface.js","2","C:\valente_conecta\node_modules\next\dist\build\webpack\loaders\lightningcss-loader\src\interface.js | C:\valente_conecta\node_modules\next\dist\esm\build\webpack\loaders\lightningcss-loader\src\interface.js"
"loader.d.ts","5","C:\valente_conecta\node_modules\next\dist\build\webpack\loaders\lightningcss-loader\src\loader.d.ts | C:\valente_conecta\node_modules\next\dist\compiled\@next\font\dist\google\loader.d.ts | C:\valente_conecta\node_modules\next\dist\compiled\@next\font\dist\local\loader.d.ts | C:\valente_conecta\node_modules\next\dist\compiled\@next\font\google\loader.d.ts | C:\valente_conecta\node_modules\next\dist\compiled\@next\font\local\loader.d.ts"
"minify.d.ts","2","C:\valente_conecta\node_modules\next\dist\build\webpack\loaders\lightningcss-loader\src\minify.d.ts | C:\valente_conecta\node_modules\next\dist\build\webpack\plugins\terser-webpack-plugin\src\minify.d.ts"
"minify.js","4","C:\valente_conecta\node_modules\next\dist\build\webpack\loaders\lightningcss-loader\src\minify.js | C:\valente_conecta\node_modules\next\dist\build\webpack\plugins\terser-webpack-plugin\src\minify.js | C:\valente_conecta\node_modules\next\dist\esm\build\webpack\loaders\lightningcss-loader\src\minify.js | C:\valente_conecta\node_modules\next\dist\esm\build\webpack\plugins\terser-webpack-plugin\src\minify.js"
"discover.js","2","C:\valente_conecta\node_modules\next\dist\build\webpack\loaders\metadata\discover.js | C:\valente_conecta\node_modules\next\dist\esm\build\webpack\loaders\metadata\discover.js"
"resolve-route-data.js","2","C:\valente_conecta\node_modules\next\dist\build\webpack\loaders\metadata\resolve-route-data.js | C:\valente_conecta\node_modules\next\dist\esm\build\webpack\loaders\metadata\resolve-route-data.js"
"render.d.ts","2","C:\valente_conecta\node_modules\next\dist\build\webpack\loaders\next-edge-ssr-loader\render.d.ts | C:\valente_conecta\node_modules\next\dist\server\render.d.ts"
"render.js","4","C:\valente_conecta\node_modules\next\dist\build\webpack\loaders\next-edge-ssr-loader\render.js | C:\valente_conecta\node_modules\next\dist\esm\build\webpack\loaders\next-edge-ssr-loader\render.js | C:\valente_conecta\node_modules\next\dist\esm\server\render.js | C:\valente_conecta\node_modules\next\dist\server\render.js"
"action-client-wrapper.js","2","C:\valente_conecta\node_modules\next\dist\build\webpack\loaders\next-flight-loader\action-client-wrapper.js | C:\valente_conecta\node_modules\next\dist\esm\build\webpack\loaders\next-flight-loader\action-client-wrapper.js"
"action-validate.js","2","C:\valente_conecta\node_modules\next\dist\build\webpack\loaders\next-flight-loader\action-validate.js | C:\valente_conecta\node_modules\next\dist\esm\build\webpack\loaders\next-flight-loader\action-validate.js"
"module-proxy.js","2","C:\valente_conecta\node_modules\next\dist\build\webpack\loaders\next-flight-loader\module-proxy.js | C:\valente_conecta\node_modules\next\dist\esm\build\webpack\loaders\next-flight-loader\module-proxy.js"
"server-reference.js","2","C:\valente_conecta\node_modules\next\dist\build\webpack\loaders\next-flight-loader\server-reference.js | C:\valente_conecta\node_modules\next\dist\esm\build\webpack\loaders\next-flight-loader\server-reference.js"
"postcss-next-font.js","2","C:\valente_conecta\node_modules\next\dist\build\webpack\loaders\next-font-loader\postcss-next-font.js | C:\valente_conecta\node_modules\next\dist\esm\build\webpack\loaders\next-font-loader\postcss-next-font.js"
"injectStylesIntoLinkTag.js","2","C:\valente_conecta\node_modules\next\dist\build\webpack\loaders\next-style-loader\runtime\injectStylesIntoLinkTag.js | C:\valente_conecta\node_modules\next\dist\esm\build\webpack\loaders\next-style-loader\runtime\injectStylesIntoLinkTag.js"
"injectStylesIntoStyleTag.js","2","C:\valente_conecta\node_modules\next\dist\build\webpack\loaders\next-style-loader\runtime\injectStylesIntoStyleTag.js | C:\valente_conecta\node_modules\next\dist\esm\build\webpack\loaders\next-style-loader\runtime\injectStylesIntoStyleTag.js"
"isEqualLocals.js","2","C:\valente_conecta\node_modules\next\dist\build\webpack\loaders\next-style-loader\runtime\isEqualLocals.js | C:\valente_conecta\node_modules\next\dist\esm\build\webpack\loaders\next-style-loader\runtime\isEqualLocals.js"
"Warning.d.ts","3","C:\valente_conecta\node_modules\next\dist\build\webpack\loaders\postcss-loader\src\Warning.d.ts | C:\valente_conecta\node_modules\next\node_modules\postcss\lib\warning.d.ts | C:\valente_conecta\node_modules\postcss\lib\warning.d.ts"
"Warning.js","4","C:\valente_conecta\node_modules\next\dist\build\webpack\loaders\postcss-loader\src\Warning.js | C:\valente_conecta\node_modules\next\dist\esm\build\webpack\loaders\postcss-loader\src\Warning.js | C:\valente_conecta\node_modules\next\node_modules\postcss\lib\warning.js | C:\valente_conecta\node_modules\postcss\lib\warning.js"
"file-protocol.js","2","C:\valente_conecta\node_modules\next\dist\build\webpack\loaders\resolve-url-loader\lib\file-protocol.js | C:\valente_conecta\node_modules\next\dist\esm\build\webpack\loaders\resolve-url-loader\lib\file-protocol.js"
"join-function.js","2","C:\valente_conecta\node_modules\next\dist\build\webpack\loaders\resolve-url-loader\lib\join-function.js | C:\valente_conecta\node_modules\next\dist\esm\build\webpack\loaders\resolve-url-loader\lib\join-function.js"
"postcss.d.ts","3","C:\valente_conecta\node_modules\next\dist\build\webpack\loaders\resolve-url-loader\lib\postcss.d.ts | C:\valente_conecta\node_modules\next\node_modules\postcss\lib\postcss.d.ts | C:\valente_conecta\node_modules\postcss\lib\postcss.d.ts"
"postcss.js","4","C:\valente_conecta\node_modules\next\dist\build\webpack\loaders\resolve-url-loader\lib\postcss.js | C:\valente_conecta\node_modules\next\dist\esm\build\webpack\loaders\resolve-url-loader\lib\postcss.js | C:\valente_conecta\node_modules\next\node_modules\postcss\lib\postcss.js | C:\valente_conecta\node_modules\postcss\lib\postcss.js"
"value-processor.js","2","C:\valente_conecta\node_modules\next\dist\build\webpack\loaders\resolve-url-loader\lib\value-processor.js | C:\valente_conecta\node_modules\next\dist\esm\build\webpack\loaders\resolve-url-loader\lib\value-processor.js"
"empty-loader.js","2","C:\valente_conecta\node_modules\next\dist\build\webpack\loaders\empty-loader.js | C:\valente_conecta\node_modules\next\dist\esm\build\webpack\loaders\empty-loader.js"
"error-loader.js","2","C:\valente_conecta\node_modules\next\dist\build\webpack\loaders\error-loader.js | C:\valente_conecta\node_modules\next\dist\esm\build\webpack\loaders\error-loader.js"
"get-module-build-info.js","2","C:\valente_conecta\node_modules\next\dist\build\webpack\loaders\get-module-build-info.js | C:\valente_conecta\node_modules\next\dist\esm\build\webpack\loaders\get-module-build-info.js"
"modularize-import-loader.js","2","C:\valente_conecta\node_modules\next\dist\build\webpack\loaders\modularize-import-loader.js | C:\valente_conecta\node_modules\next\dist\esm\build\webpack\loaders\modularize-import-loader.js"
"next-app-loader.js","2","C:\valente_conecta\node_modules\next\dist\build\webpack\loaders\next-app-loader.js | C:\valente_conecta\node_modules\next\dist\esm\build\webpack\loaders\next-app-loader.js"
"next-barrel-loader.js","2","C:\valente_conecta\node_modules\next\dist\build\webpack\loaders\next-barrel-loader.js | C:\valente_conecta\node_modules\next\dist\esm\build\webpack\loaders\next-barrel-loader.js"
"next-client-pages-loader.js","2","C:\valente_conecta\node_modules\next\dist\build\webpack\loaders\next-client-pages-loader.js | C:\valente_conecta\node_modules\next\dist\esm\build\webpack\loaders\next-client-pages-loader.js"
"next-edge-function-loader.js","2","C:\valente_conecta\node_modules\next\dist\build\webpack\loaders\next-edge-function-loader.js | C:\valente_conecta\node_modules\next\dist\esm\build\webpack\loaders\next-edge-function-loader.js"
"next-error-browser-binary-loader.js","2","C:\valente_conecta\node_modules\next\dist\build\webpack\loaders\next-error-browser-binary-loader.js | C:\valente_conecta\node_modules\next\dist\esm\build\webpack\loaders\next-error-browser-binary-loader.js"
"next-flight-action-entry-loader.js","2","C:\valente_conecta\node_modules\next\dist\build\webpack\loaders\next-flight-action-entry-loader.js | C:\valente_conecta\node_modules\next\dist\esm\build\webpack\loaders\next-flight-action-entry-loader.js"
"next-flight-client-entry-loader.js","2","C:\valente_conecta\node_modules\next\dist\build\webpack\loaders\next-flight-client-entry-loader.js | C:\valente_conecta\node_modules\next\dist\esm\build\webpack\loaders\next-flight-client-entry-loader.js"
"next-flight-client-module-loader.js","2","C:\valente_conecta\node_modules\next\dist\build\webpack\loaders\next-flight-client-module-loader.js | C:\valente_conecta\node_modules\next\dist\esm\build\webpack\loaders\next-flight-client-module-loader.js"
"next-flight-css-loader.js","2","C:\valente_conecta\node_modules\next\dist\build\webpack\loaders\next-flight-css-loader.js | C:\valente_conecta\node_modules\next\dist\esm\build\webpack\loaders\next-flight-css-loader.js"
"next-invalid-import-error-loader.js","2","C:\valente_conecta\node_modules\next\dist\build\webpack\loaders\next-invalid-import-error-loader.js | C:\valente_conecta\node_modules\next\dist\esm\build\webpack\loaders\next-invalid-import-error-loader.js"
"next-metadata-image-loader.js","2","C:\valente_conecta\node_modules\next\dist\build\webpack\loaders\next-metadata-image-loader.js | C:\valente_conecta\node_modules\next\dist\esm\build\webpack\loaders\next-metadata-image-loader.js"
"next-metadata-route-loader.js","2","C:\valente_conecta\node_modules\next\dist\build\webpack\loaders\next-metadata-route-loader.js | C:\valente_conecta\node_modules\next\dist\esm\build\webpack\loaders\next-metadata-route-loader.js"
"next-middleware-asset-loader.js","2","C:\valente_conecta\node_modules\next\dist\build\webpack\loaders\next-middleware-asset-loader.js | C:\valente_conecta\node_modules\next\dist\esm\build\webpack\loaders\next-middleware-asset-loader.js"
"next-middleware-loader.js","2","C:\valente_conecta\node_modules\next\dist\build\webpack\loaders\next-middleware-loader.js | C:\valente_conecta\node_modules\next\dist\esm\build\webpack\loaders\next-middleware-loader.js"
"next-middleware-wasm-loader.js","2","C:\valente_conecta\node_modules\next\dist\build\webpack\loaders\next-middleware-wasm-loader.js | C:\valente_conecta\node_modules\next\dist\esm\build\webpack\loaders\next-middleware-wasm-loader.js"
"next-server-binary-loader.js","2","C:\valente_conecta\node_modules\next\dist\build\webpack\loaders\next-server-binary-loader.js | C:\valente_conecta\node_modules\next\dist\esm\build\webpack\loaders\next-server-binary-loader.js"
"next-swc-loader.js","2","C:\valente_conecta\node_modules\next\dist\build\webpack\loaders\next-swc-loader.js | C:\valente_conecta\node_modules\next\dist\esm\build\webpack\loaders\next-swc-loader.js"
"index.test.d.ts","2","C:\valente_conecta\node_modules\next\dist\build\webpack\plugins\next-types-plugin\index.test.d.ts | C:\valente_conecta\node_modules\next\dist\trace\report\index.test.d.ts"
"shared.d.ts","4","C:\valente_conecta\node_modules\next\dist\build\webpack\plugins\next-types-plugin\shared.d.ts | C:\valente_conecta\node_modules\next\dist\client\components\react-dev-overlay\server\shared.d.ts | C:\valente_conecta\node_modules\next\dist\client\components\react-dev-overlay\shared.d.ts | C:\valente_conecta\node_modules\next\dist\trace\shared.d.ts"
"getModuleTrace.js","2","C:\valente_conecta\node_modules\next\dist\build\webpack\plugins\wellknown-errors-plugin\getModuleTrace.js | C:\valente_conecta\node_modules\next\dist\esm\build\webpack\plugins\wellknown-errors-plugin\getModuleTrace.js"
"parse-dynamic-code-evaluation-error.js","2","C:\valente_conecta\node_modules\next\dist\build\webpack\plugins\wellknown-errors-plugin\parse-dynamic-code-evaluation-error.js | C:\valente_conecta\node_modules\next\dist\esm\build\webpack\plugins\wellknown-errors-plugin\parse-dynamic-code-evaluation-error.js"
"parseBabel.js","2","C:\valente_conecta\node_modules\next\dist\build\webpack\plugins\wellknown-errors-plugin\parseBabel.js | C:\valente_conecta\node_modules\next\dist\esm\build\webpack\plugins\wellknown-errors-plugin\parseBabel.js"
"parseCss.js","2","C:\valente_conecta\node_modules\next\dist\build\webpack\plugins\wellknown-errors-plugin\parseCss.js | C:\valente_conecta\node_modules\next\dist\esm\build\webpack\plugins\wellknown-errors-plugin\parseCss.js"
"parseNextAppLoaderError.js","2","C:\valente_conecta\node_modules\next\dist\build\webpack\plugins\wellknown-errors-plugin\parseNextAppLoaderError.js | C:\valente_conecta\node_modules\next\dist\esm\build\webpack\plugins\wellknown-errors-plugin\parseNextAppLoaderError.js"
"parseNextFontError.js","2","C:\valente_conecta\node_modules\next\dist\build\webpack\plugins\wellknown-errors-plugin\parseNextFontError.js | C:\valente_conecta\node_modules\next\dist\esm\build\webpack\plugins\wellknown-errors-plugin\parseNextFontError.js"
"parseNextInvalidImportError.js","2","C:\valente_conecta\node_modules\next\dist\build\webpack\plugins\wellknown-errors-plugin\parseNextInvalidImportError.js | C:\valente_conecta\node_modules\next\dist\esm\build\webpack\plugins\wellknown-errors-plugin\parseNextInvalidImportError.js"
"parseNotFoundError.js","2","C:\valente_conecta\node_modules\next\dist\build\webpack\plugins\wellknown-errors-plugin\parseNotFoundError.js | C:\valente_conecta\node_modules\next\dist\esm\build\webpack\plugins\wellknown-errors-plugin\parseNotFoundError.js"
"parseRSC.js","2","C:\valente_conecta\node_modules\next\dist\build\webpack\plugins\wellknown-errors-plugin\parseRSC.js | C:\valente_conecta\node_modules\next\dist\esm\build\webpack\plugins\wellknown-errors-plugin\parseRSC.js"
"parseScss.js","2","C:\valente_conecta\node_modules\next\dist\build\webpack\plugins\wellknown-errors-plugin\parseScss.js | C:\valente_conecta\node_modules\next\dist\esm\build\webpack\plugins\wellknown-errors-plugin\parseScss.js"
"simpleWebpackError.js","2","C:\valente_conecta\node_modules\next\dist\build\webpack\plugins\wellknown-errors-plugin\simpleWebpackError.js | C:\valente_conecta\node_modules\next\dist\esm\build\webpack\plugins\wellknown-errors-plugin\simpleWebpackError.js"
"webpackModuleError.js","2","C:\valente_conecta\node_modules\next\dist\build\webpack\plugins\wellknown-errors-plugin\webpackModuleError.js | C:\valente_conecta\node_modules\next\dist\esm\build\webpack\plugins\wellknown-errors-plugin\webpackModuleError.js"
"app-build-manifest-plugin.js","2","C:\valente_conecta\node_modules\next\dist\build\webpack\plugins\app-build-manifest-plugin.js | C:\valente_conecta\node_modules\next\dist\esm\build\webpack\plugins\app-build-manifest-plugin.js"
"build-manifest-plugin.js","2","C:\valente_conecta\node_modules\next\dist\build\webpack\plugins\build-manifest-plugin.js | C:\valente_conecta\node_modules\next\dist\esm\build\webpack\plugins\build-manifest-plugin.js"
"copy-file-plugin.js","2","C:\valente_conecta\node_modules\next\dist\build\webpack\plugins\copy-file-plugin.js | C:\valente_conecta\node_modules\next\dist\esm\build\webpack\plugins\copy-file-plugin.js"
"css-chunking-plugin.js","2","C:\valente_conecta\node_modules\next\dist\build\webpack\plugins\css-chunking-plugin.js | C:\valente_conecta\node_modules\next\dist\esm\build\webpack\plugins\css-chunking-plugin.js"
"css-minimizer-plugin.js","2","C:\valente_conecta\node_modules\next\dist\build\webpack\plugins\css-minimizer-plugin.js | C:\valente_conecta\node_modules\next\dist\esm\build\webpack\plugins\css-minimizer-plugin.js"
"define-env-plugin.js","2","C:\valente_conecta\node_modules\next\dist\build\webpack\plugins\define-env-plugin.js | C:\valente_conecta\node_modules\next\dist\esm\build\webpack\plugins\define-env-plugin.js"
"flight-client-entry-plugin.js","2","C:\valente_conecta\node_modules\next\dist\build\webpack\plugins\flight-client-entry-plugin.js | C:\valente_conecta\node_modules\next\dist\esm\build\webpack\plugins\flight-client-entry-plugin.js"
"flight-manifest-plugin.js","2","C:\valente_conecta\node_modules\next\dist\build\webpack\plugins\flight-manifest-plugin.js | C:\valente_conecta\node_modules\next\dist\esm\build\webpack\plugins\flight-manifest-plugin.js"
"font-stylesheet-gathering-plugin.js","2","C:\valente_conecta\node_modules\next\dist\build\webpack\plugins\font-stylesheet-gathering-plugin.js | C:\valente_conecta\node_modules\next\dist\esm\build\webpack\plugins\font-stylesheet-gathering-plugin.js"
"jsconfig-paths-plugin.js","2","C:\valente_conecta\node_modules\next\dist\build\webpack\plugins\jsconfig-paths-plugin.js | C:\valente_conecta\node_modules\next\dist\esm\build\webpack\plugins\jsconfig-paths-plugin.js"
"memory-with-gc-cache-plugin.js","2","C:\valente_conecta\node_modules\next\dist\build\webpack\plugins\memory-with-gc-cache-plugin.js | C:\valente_conecta\node_modules\next\dist\esm\build\webpack\plugins\memory-with-gc-cache-plugin.js"
"middleware-plugin.js","2","C:\valente_conecta\node_modules\next\dist\build\webpack\plugins\middleware-plugin.js | C:\valente_conecta\node_modules\next\dist\esm\build\webpack\plugins\middleware-plugin.js"
"mini-css-extract-plugin.js","2","C:\valente_conecta\node_modules\next\dist\build\webpack\plugins\mini-css-extract-plugin.js | C:\valente_conecta\node_modules\next\dist\esm\build\webpack\plugins\mini-css-extract-plugin.js"
"next-drop-client-page-plugin.js","2","C:\valente_conecta\node_modules\next\dist\build\webpack\plugins\next-drop-client-page-plugin.js | C:\valente_conecta\node_modules\next\dist\esm\build\webpack\plugins\next-drop-client-page-plugin.js"
"next-font-manifest-plugin.js","2","C:\valente_conecta\node_modules\next\dist\build\webpack\plugins\next-font-manifest-plugin.js | C:\valente_conecta\node_modules\next\dist\esm\build\webpack\plugins\next-font-manifest-plugin.js"
"next-trace-entrypoints-plugin.js","2","C:\valente_conecta\node_modules\next\dist\build\webpack\plugins\next-trace-entrypoints-plugin.js | C:\valente_conecta\node_modules\next\dist\esm\build\webpack\plugins\next-trace-entrypoints-plugin.js"
"nextjs-require-cache-hot-reloader.js","2","C:\valente_conecta\node_modules\next\dist\build\webpack\plugins\nextjs-require-cache-hot-reloader.js | C:\valente_conecta\node_modules\next\dist\esm\build\webpack\plugins\nextjs-require-cache-hot-reloader.js"
"optional-peer-dependency-resolve-plugin.js","2","C:\valente_conecta\node_modules\next\dist\build\webpack\plugins\optional-peer-dependency-resolve-plugin.js | C:\valente_conecta\node_modules\next\dist\esm\build\webpack\plugins\optional-peer-dependency-resolve-plugin.js"
"pages-manifest-plugin.js","2","C:\valente_conecta\node_modules\next\dist\build\webpack\plugins\pages-manifest-plugin.js | C:\valente_conecta\node_modules\next\dist\esm\build\webpack\plugins\pages-manifest-plugin.js"
"profiling-plugin.js","2","C:\valente_conecta\node_modules\next\dist\build\webpack\plugins\profiling-plugin.js | C:\valente_conecta\node_modules\next\dist\esm\build\webpack\plugins\profiling-plugin.js"
"subresource-integrity-plugin.js","2","C:\valente_conecta\node_modules\next\dist\build\webpack\plugins\subresource-integrity-plugin.js | C:\valente_conecta\node_modules\next\dist\esm\build\webpack\plugins\subresource-integrity-plugin.js"
"telemetry-plugin.js","2","C:\valente_conecta\node_modules\next\dist\build\webpack\plugins\telemetry-plugin.js | C:\valente_conecta\node_modules\next\dist\esm\build\webpack\plugins\telemetry-plugin.js"
"stringify-request.js","2","C:\valente_conecta\node_modules\next\dist\build\webpack\stringify-request.js | C:\valente_conecta\node_modules\next\dist\esm\build\webpack\stringify-request.js"
"impl.d.ts","2","C:\valente_conecta\node_modules\next\dist\build\webpack-build\impl.d.ts | C:\valente_conecta\node_modules\next\dist\server\lib\squoosh\impl.d.ts"
"impl.js","4","C:\valente_conecta\node_modules\next\dist\build\webpack-build\impl.js | C:\valente_conecta\node_modules\next\dist\esm\build\webpack-build\impl.js | C:\valente_conecta\node_modules\next\dist\esm\server\lib\squoosh\impl.js | C:\valente_conecta\node_modules\next\dist\server\lib\squoosh\impl.js"
"resolve.js","2","C:\valente_conecta\node_modules\next\dist\build\webpack-config-rules\resolve.js | C:\valente_conecta\node_modules\next\dist\esm\build\webpack-config-rules\resolve.js"
"build-context.js","2","C:\valente_conecta\node_modules\next\dist\build\build-context.js | C:\valente_conecta\node_modules\next\dist\esm\build\build-context.js"
"collect-build-traces.js","2","C:\valente_conecta\node_modules\next\dist\build\collect-build-traces.js | C:\valente_conecta\node_modules\next\dist\esm\build\collect-build-traces.js"
"compiler.js","2","C:\valente_conecta\node_modules\next\dist\build\compiler.js | C:\valente_conecta\node_modules\next\dist\esm\build\compiler.js"
"create-compiler-aliases.js","2","C:\valente_conecta\node_modules\next\dist\build\create-compiler-aliases.js | C:\valente_conecta\node_modules\next\dist\esm\build\create-compiler-aliases.js"
"deployment-id.js","2","C:\valente_conecta\node_modules\next\dist\build\deployment-id.js | C:\valente_conecta\node_modules\next\dist\esm\build\deployment-id.js"
"entries.d.ts","2","C:\valente_conecta\node_modules\next\dist\build\entries.d.ts | C:\valente_conecta\node_modules\type-fest\source\entries.d.ts"
"generate-build-id.js","2","C:\valente_conecta\node_modules\next\dist\build\generate-build-id.js | C:\valente_conecta\node_modules\next\dist\esm\build\generate-build-id.js"
"get-babel-config-file.js","2","C:\valente_conecta\node_modules\next\dist\build\get-babel-config-file.js | C:\valente_conecta\node_modules\next\dist\esm\build\get-babel-config-file.js"
"handle-externals.js","2","C:\valente_conecta\node_modules\next\dist\build\handle-externals.js | C:\valente_conecta\node_modules\next\dist\esm\build\handle-externals.js"
"is-writeable.js","2","C:\valente_conecta\node_modules\next\dist\build\is-writeable.js | C:\valente_conecta\node_modules\next\dist\esm\build\is-writeable.js"
"load-entrypoint.js","2","C:\valente_conecta\node_modules\next\dist\build\load-entrypoint.js | C:\valente_conecta\node_modules\next\dist\esm\build\load-entrypoint.js"
"load-jsconfig.js","2","C:\valente_conecta\node_modules\next\dist\build\load-jsconfig.js | C:\valente_conecta\node_modules\next\dist\esm\build\load-jsconfig.js"
"normalize-catchall-routes.js","2","C:\valente_conecta\node_modules\next\dist\build\normalize-catchall-routes.js | C:\valente_conecta\node_modules\next\dist\esm\build\normalize-catchall-routes.js"
"page-extensions-type.js","2","C:\valente_conecta\node_modules\next\dist\build\page-extensions-type.js | C:\valente_conecta\node_modules\next\dist\esm\build\page-extensions-type.js"
"spinner.js","2","C:\valente_conecta\node_modules\next\dist\build\spinner.js | C:\valente_conecta\node_modules\next\dist\esm\build\spinner.js"
"type-check.js","2","C:\valente_conecta\node_modules\next\dist\build\type-check.js | C:\valente_conecta\node_modules\next\dist\esm\build\type-check.js"
"webpack-config.js","2","C:\valente_conecta\node_modules\next\dist\build\webpack-config.js | C:\valente_conecta\node_modules\next\dist\esm\build\webpack-config.js"
"worker.d.ts","3","C:\valente_conecta\node_modules\next\dist\build\worker.d.ts | C:\valente_conecta\node_modules\next\dist\export\worker.d.ts | C:\valente_conecta\node_modules\next\dist\lib\worker.d.ts"
"write-build-id.js","2","C:\valente_conecta\node_modules\next\dist\build\write-build-id.js | C:\valente_conecta\node_modules\next\dist\esm\build\write-build-id.js"
"next-dev.d.ts","2","C:\valente_conecta\node_modules\next\dist\cli\next-dev.d.ts | C:\valente_conecta\node_modules\next\dist\client\next-dev.d.ts"
"next-dev.js","3","C:\valente_conecta\node_modules\next\dist\cli\next-dev.js | C:\valente_conecta\node_modules\next\dist\client\next-dev.js | C:\valente_conecta\node_modules\next\dist\esm\client\next-dev.js"
"hot-reloader-client.d.ts","2","C:\valente_conecta\node_modules\next\dist\client\components\react-dev-overlay\app\hot-reloader-client.d.ts | C:\valente_conecta\node_modules\next\dist\client\components\react-dev-overlay\pages\hot-reloader-client.d.ts"
"hot-reloader-client.js","4","C:\valente_conecta\node_modules\next\dist\client\components\react-dev-overlay\app\hot-reloader-client.js | C:\valente_conecta\node_modules\next\dist\client\components\react-dev-overlay\pages\hot-reloader-client.js | C:\valente_conecta\node_modules\next\dist\esm\client\components\react-dev-overlay\app\hot-reloader-client.js | C:\valente_conecta\node_modules\next\dist\esm\client\components\react-dev-overlay\pages\hot-reloader-client.js"
"ReactDevOverlay.d.ts","2","C:\valente_conecta\node_modules\next\dist\client\components\react-dev-overlay\app\ReactDevOverlay.d.ts | C:\valente_conecta\node_modules\next\dist\client\components\react-dev-overlay\pages\ReactDevOverlay.d.ts"
"ReactDevOverlay.js","4","C:\valente_conecta\node_modules\next\dist\client\components\react-dev-overlay\app\ReactDevOverlay.js | C:\valente_conecta\node_modules\next\dist\client\components\react-dev-overlay\pages\ReactDevOverlay.js | C:\valente_conecta\node_modules\next\dist\esm\client\components\react-dev-overlay\app\ReactDevOverlay.js | C:\valente_conecta\node_modules\next\dist\esm\client\components\react-dev-overlay\pages\ReactDevOverlay.js"
"CodeFrame.js","2","C:\valente_conecta\node_modules\next\dist\client\components\react-dev-overlay\internal\components\CodeFrame\CodeFrame.js | C:\valente_conecta\node_modules\next\dist\esm\client\components\react-dev-overlay\internal\components\CodeFrame\CodeFrame.js"
"styles.js","14","C:\valente_conecta\node_modules\next\dist\client\components\react-dev-overlay\internal\components\CodeFrame\styles.js | C:\valente_conecta\node_modules\next\dist\client\components\react-dev-overlay\internal\components\Dialog\styles.js | C:\valente_conecta\node_modules\next\dist\client\components\react-dev-overlay\internal\components\LeftRightDialogHeader\styles.js | C:\valente_conecta\node_modules\next\dist\client\components\react-dev-overlay\internal\components\Overlay\styles.js | C:\valente_conecta\node_modules\next\dist\client\components\react-dev-overlay\internal\components\Terminal\styles.js | C:\valente_conecta\node_modules\next\dist\client\components\react-dev-overlay\internal\components\Toast\styles.js | C:\valente_conecta\node_modules\next\dist\client\components\react-dev-overlay\internal\components\VersionStalenessInfo\styles.js | C:\valente_conecta\node_modules\next\dist\esm\client\components\react-dev-overlay\internal\components\CodeFrame\styles.js | C:\valente_conecta\node_modules\next\dist\esm\client\components\react-dev-overlay\internal\components\Dialog\styles.js | C:\valente_conecta\node_modules\next\dist\esm\client\components\react-dev-overlay\internal\components\LeftRightDialogHeader\styles.js | C:\valente_conecta\node_modules\next\dist\esm\client\components\react-dev-overlay\internal\components\Overlay\styles.js | C:\valente_conecta\node_modules\next\dist\esm\client\components\react-dev-overlay\internal\components\Terminal\styles.js | C:\valente_conecta\node_modules\next\dist\esm\client\components\react-dev-overlay\internal\components\Toast\styles.js | C:\valente_conecta\node_modules\next\dist\esm\client\components\react-dev-overlay\internal\components\VersionStalenessInfo\styles.js"
"DialogBody.js","2","C:\valente_conecta\node_modules\next\dist\client\components\react-dev-overlay\internal\components\Dialog\DialogBody.js | C:\valente_conecta\node_modules\next\dist\esm\client\components\react-dev-overlay\internal\components\Dialog\DialogBody.js"
"DialogContent.js","2","C:\valente_conecta\node_modules\next\dist\client\components\react-dev-overlay\internal\components\Dialog\DialogContent.js | C:\valente_conecta\node_modules\next\dist\esm\client\components\react-dev-overlay\internal\components\Dialog\DialogContent.js"
"DialogHeader.js","2","C:\valente_conecta\node_modules\next\dist\client\components\react-dev-overlay\internal\components\Dialog\DialogHeader.js | C:\valente_conecta\node_modules\next\dist\esm\client\components\react-dev-overlay\internal\components\Dialog\DialogHeader.js"
"LeftRightDialogHeader.js","2","C:\valente_conecta\node_modules\next\dist\client\components\react-dev-overlay\internal\components\LeftRightDialogHeader\LeftRightDialogHeader.js | C:\valente_conecta\node_modules\next\dist\esm\client\components\react-dev-overlay\internal\components\LeftRightDialogHeader\LeftRightDialogHeader.js"
"body-locker.js","2","C:\valente_conecta\node_modules\next\dist\client\components\react-dev-overlay\internal\components\Overlay\body-locker.js | C:\valente_conecta\node_modules\next\dist\esm\client\components\react-dev-overlay\internal\components\Overlay\body-locker.js"
"maintain--tab-focus.js","2","C:\valente_conecta\node_modules\next\dist\client\components\react-dev-overlay\internal\components\Overlay\maintain--tab-focus.js | C:\valente_conecta\node_modules\next\dist\esm\client\components\react-dev-overlay\internal\components\Overlay\maintain--tab-focus.js"
"Overlay.js","2","C:\valente_conecta\node_modules\next\dist\client\components\react-dev-overlay\internal\components\Overlay\Overlay.js | C:\valente_conecta\node_modules\next\dist\esm\client\components\react-dev-overlay\internal\components\Overlay\Overlay.js"
"EditorLink.js","2","C:\valente_conecta\node_modules\next\dist\client\components\react-dev-overlay\internal\components\Terminal\EditorLink.js | C:\valente_conecta\node_modules\next\dist\esm\client\components\react-dev-overlay\internal\components\Terminal\EditorLink.js"
"Toast.js","2","C:\valente_conecta\node_modules\next\dist\client\components\react-dev-overlay\internal\components\Toast\Toast.js | C:\valente_conecta\node_modules\next\dist\esm\client\components\react-dev-overlay\internal\components\Toast\Toast.js"
"VersionStalenessInfo.js","2","C:\valente_conecta\node_modules\next\dist\client\components\react-dev-overlay\internal\components\VersionStalenessInfo\VersionStalenessInfo.js | C:\valente_conecta\node_modules\next\dist\esm\client\components\react-dev-overlay\internal\components\VersionStalenessInfo\VersionStalenessInfo.js"
"ShadowPortal.js","2","C:\valente_conecta\node_modules\next\dist\client\components\react-dev-overlay\internal\components\ShadowPortal.js | C:\valente_conecta\node_modules\next\dist\esm\client\components\react-dev-overlay\internal\components\ShadowPortal.js"
"CallStackFrame.js","2","C:\valente_conecta\node_modules\next\dist\client\components\react-dev-overlay\internal\container\RuntimeError\CallStackFrame.js | C:\valente_conecta\node_modules\next\dist\esm\client\components\react-dev-overlay\internal\container\RuntimeError\CallStackFrame.js"
"component-stack-pseudo-html.js","2","C:\valente_conecta\node_modules\next\dist\client\components\react-dev-overlay\internal\container\RuntimeError\component-stack-pseudo-html.js | C:\valente_conecta\node_modules\next\dist\esm\client\components\react-dev-overlay\internal\container\RuntimeError\component-stack-pseudo-html.js"
"ComponentStackFrameRow.js","2","C:\valente_conecta\node_modules\next\dist\client\components\react-dev-overlay\internal\container\RuntimeError\ComponentStackFrameRow.js | C:\valente_conecta\node_modules\next\dist\esm\client\components\react-dev-overlay\internal\container\RuntimeError\ComponentStackFrameRow.js"
"GroupedStackFrames.js","2","C:\valente_conecta\node_modules\next\dist\client\components\react-dev-overlay\internal\container\RuntimeError\GroupedStackFrames.js | C:\valente_conecta\node_modules\next\dist\esm\client\components\react-dev-overlay\internal\container\RuntimeError\GroupedStackFrames.js"
"BuildError.js","2","C:\valente_conecta\node_modules\next\dist\client\components\react-dev-overlay\internal\container\BuildError.js | C:\valente_conecta\node_modules\next\dist\esm\client\components\react-dev-overlay\internal\container\BuildError.js"
"root-layout-missing-tags-error.js","2","C:\valente_conecta\node_modules\next\dist\client\components\react-dev-overlay\internal\container\root-layout-missing-tags-error.js | C:\valente_conecta\node_modules\next\dist\esm\client\components\react-dev-overlay\internal\container\root-layout-missing-tags-error.js"
"format-webpack-messages.js","2","C:\valente_conecta\node_modules\next\dist\client\components\react-dev-overlay\internal\helpers\format-webpack-messages.js | C:\valente_conecta\node_modules\next\dist\esm\client\components\react-dev-overlay\internal\helpers\format-webpack-messages.js"
"get-socket-url.js","2","C:\valente_conecta\node_modules\next\dist\client\components\react-dev-overlay\internal\helpers\get-socket-url.js | C:\valente_conecta\node_modules\next\dist\esm\client\components\react-dev-overlay\internal\helpers\get-socket-url.js"
"getErrorByType.js","2","C:\valente_conecta\node_modules\next\dist\client\components\react-dev-overlay\internal\helpers\getErrorByType.js | C:\valente_conecta\node_modules\next\dist\esm\client\components\react-dev-overlay\internal\helpers\getErrorByType.js"
"getRawSourceMap.js","2","C:\valente_conecta\node_modules\next\dist\client\components\react-dev-overlay\internal\helpers\getRawSourceMap.js | C:\valente_conecta\node_modules\next\dist\esm\client\components\react-dev-overlay\internal\helpers\getRawSourceMap.js"
"getSourceMapUrl.js","2","C:\valente_conecta\node_modules\next\dist\client\components\react-dev-overlay\internal\helpers\getSourceMapUrl.js | C:\valente_conecta\node_modules\next\dist\esm\client\components\react-dev-overlay\internal\helpers\getSourceMapUrl.js"
"group-stack-frames-by-framework.js","2","C:\valente_conecta\node_modules\next\dist\client\components\react-dev-overlay\internal\helpers\group-stack-frames-by-framework.js | C:\valente_conecta\node_modules\next\dist\esm\client\components\react-dev-overlay\internal\helpers\group-stack-frames-by-framework.js"
"hydration-error-info.js","2","C:\valente_conecta\node_modules\next\dist\client\components\react-dev-overlay\internal\helpers\hydration-error-info.js | C:\valente_conecta\node_modules\next\dist\esm\client\components\react-dev-overlay\internal\helpers\hydration-error-info.js"
"launchEditor.js","2","C:\valente_conecta\node_modules\next\dist\client\components\react-dev-overlay\internal\helpers\launchEditor.js | C:\valente_conecta\node_modules\next\dist\esm\client\components\react-dev-overlay\internal\helpers\launchEditor.js"
"nodeStackFrames.js","2","C:\valente_conecta\node_modules\next\dist\client\components\react-dev-overlay\internal\helpers\nodeStackFrames.js | C:\valente_conecta\node_modules\next\dist\esm\client\components\react-dev-overlay\internal\helpers\nodeStackFrames.js"
"noop-template.js","2","C:\valente_conecta\node_modules\next\dist\client\components\react-dev-overlay\internal\helpers\noop-template.js | C:\valente_conecta\node_modules\next\dist\esm\client\components\react-dev-overlay\internal\helpers\noop-template.js"
"parse-component-stack.js","2","C:\valente_conecta\node_modules\next\dist\client\components\react-dev-overlay\internal\helpers\parse-component-stack.js | C:\valente_conecta\node_modules\next\dist\esm\client\components\react-dev-overlay\internal\helpers\parse-component-stack.js"
"parseStack.js","2","C:\valente_conecta\node_modules\next\dist\client\components\react-dev-overlay\internal\helpers\parseStack.js | C:\valente_conecta\node_modules\next\dist\esm\client\components\react-dev-overlay\internal\helpers\parseStack.js"
"runtime-error-handler.js","2","C:\valente_conecta\node_modules\next\dist\client\components\react-dev-overlay\internal\helpers\runtime-error-handler.js | C:\valente_conecta\node_modules\next\dist\esm\client\components\react-dev-overlay\internal\helpers\runtime-error-handler.js"
"stack-frame.js","2","C:\valente_conecta\node_modules\next\dist\client\components\react-dev-overlay\internal\helpers\stack-frame.js | C:\valente_conecta\node_modules\next\dist\esm\client\components\react-dev-overlay\internal\helpers\stack-frame.js"
"use-error-handler.js","2","C:\valente_conecta\node_modules\next\dist\client\components\react-dev-overlay\internal\helpers\use-error-handler.js | C:\valente_conecta\node_modules\next\dist\esm\client\components\react-dev-overlay\internal\helpers\use-error-handler.js"
"use-open-in-editor.js","2","C:\valente_conecta\node_modules\next\dist\client\components\react-dev-overlay\internal\helpers\use-open-in-editor.js | C:\valente_conecta\node_modules\next\dist\esm\client\components\react-dev-overlay\internal\helpers\use-open-in-editor.js"
"use-websocket.js","2","C:\valente_conecta\node_modules\next\dist\client\components\react-dev-overlay\internal\helpers\use-websocket.js | C:\valente_conecta\node_modules\next\dist\esm\client\components\react-dev-overlay\internal\helpers\use-websocket.js"
"use-on-click-outside.js","2","C:\valente_conecta\node_modules\next\dist\client\components\react-dev-overlay\internal\hooks\use-on-click-outside.js | C:\valente_conecta\node_modules\next\dist\esm\client\components\react-dev-overlay\internal\hooks\use-on-click-outside.js"
"CloseIcon.js","2","C:\valente_conecta\node_modules\next\dist\client\components\react-dev-overlay\internal\icons\CloseIcon.js | C:\valente_conecta\node_modules\next\dist\esm\client\components\react-dev-overlay\internal\icons\CloseIcon.js"
"CollapseIcon.js","2","C:\valente_conecta\node_modules\next\dist\client\components\react-dev-overlay\internal\icons\CollapseIcon.js | C:\valente_conecta\node_modules\next\dist\esm\client\components\react-dev-overlay\internal\icons\CollapseIcon.js"
"FrameworkIcon.js","2","C:\valente_conecta\node_modules\next\dist\client\components\react-dev-overlay\internal\icons\FrameworkIcon.js | C:\valente_conecta\node_modules\next\dist\esm\client\components\react-dev-overlay\internal\icons\FrameworkIcon.js"
"ComponentStyles.js","2","C:\valente_conecta\node_modules\next\dist\client\components\react-dev-overlay\internal\styles\ComponentStyles.js | C:\valente_conecta\node_modules\next\dist\esm\client\components\react-dev-overlay\internal\styles\ComponentStyles.js"
"CssReset.js","2","C:\valente_conecta\node_modules\next\dist\client\components\react-dev-overlay\internal\styles\CssReset.js | C:\valente_conecta\node_modules\next\dist\esm\client\components\react-dev-overlay\internal\styles\CssReset.js"
"ErrorBoundary.js","2","C:\valente_conecta\node_modules\next\dist\client\components\react-dev-overlay\pages\ErrorBoundary.js | C:\valente_conecta\node_modules\next\dist\esm\client\components\react-dev-overlay\pages\ErrorBoundary.js"
"websocket.d.ts","3","C:\valente_conecta\node_modules\next\dist\client\components\react-dev-overlay\pages\websocket.d.ts | C:\valente_conecta\node_modules\next\dist\client\dev\error-overlay\websocket.d.ts | C:\valente_conecta\node_modules\undici-types\websocket.d.ts"
"websocket.js","4","C:\valente_conecta\node_modules\next\dist\client\components\react-dev-overlay\pages\websocket.js | C:\valente_conecta\node_modules\next\dist\client\dev\error-overlay\websocket.js | C:\valente_conecta\node_modules\next\dist\esm\client\components\react-dev-overlay\pages\websocket.js | C:\valente_conecta\node_modules\next\dist\esm\client\dev\error-overlay\websocket.js"
"middleware-turbopack.js","2","C:\valente_conecta\node_modules\next\dist\client\components\react-dev-overlay\server\middleware-turbopack.js | C:\valente_conecta\node_modules\next\dist\esm\client\components\react-dev-overlay\server\middleware-turbopack.js"
"fast-refresh-reducer.js","2","C:\valente_conecta\node_modules\next\dist\client\components\router-reducer\reducers\fast-refresh-reducer.js | C:\valente_conecta\node_modules\next\dist\esm\client\components\router-reducer\reducers\fast-refresh-reducer.js"
"find-head-in-cache.js","2","C:\valente_conecta\node_modules\next\dist\client\components\router-reducer\reducers\find-head-in-cache.js | C:\valente_conecta\node_modules\next\dist\esm\client\components\router-reducer\reducers\find-head-in-cache.js"
"get-segment-value.js","2","C:\valente_conecta\node_modules\next\dist\client\components\router-reducer\reducers\get-segment-value.js | C:\valente_conecta\node_modules\next\dist\esm\client\components\router-reducer\reducers\get-segment-value.js"
"has-interception-route-in-current-tree.js","2","C:\valente_conecta\node_modules\next\dist\client\components\router-reducer\reducers\has-interception-route-in-current-tree.js | C:\valente_conecta\node_modules\next\dist\esm\client\components\router-reducer\reducers\has-interception-route-in-current-tree.js"
"navigate-reducer.js","2","C:\valente_conecta\node_modules\next\dist\client\components\router-reducer\reducers\navigate-reducer.js | C:\valente_conecta\node_modules\next\dist\esm\client\components\router-reducer\reducers\navigate-reducer.js"
"prefetch-reducer.js","2","C:\valente_conecta\node_modules\next\dist\client\components\router-reducer\reducers\prefetch-reducer.js | C:\valente_conecta\node_modules\next\dist\esm\client\components\router-reducer\reducers\prefetch-reducer.js"
"refresh-reducer.js","2","C:\valente_conecta\node_modules\next\dist\client\components\router-reducer\reducers\refresh-reducer.js | C:\valente_conecta\node_modules\next\dist\esm\client\components\router-reducer\reducers\refresh-reducer.js"
"restore-reducer.js","2","C:\valente_conecta\node_modules\next\dist\client\components\router-reducer\reducers\restore-reducer.js | C:\valente_conecta\node_modules\next\dist\esm\client\components\router-reducer\reducers\restore-reducer.js"
"server-action-reducer.js","2","C:\valente_conecta\node_modules\next\dist\client\components\router-reducer\reducers\server-action-reducer.js | C:\valente_conecta\node_modules\next\dist\esm\client\components\router-reducer\reducers\server-action-reducer.js"
"server-patch-reducer.js","2","C:\valente_conecta\node_modules\next\dist\client\components\router-reducer\reducers\server-patch-reducer.js | C:\valente_conecta\node_modules\next\dist\esm\client\components\router-reducer\reducers\server-patch-reducer.js"
"apply-flight-data.js","2","C:\valente_conecta\node_modules\next\dist\client\components\router-reducer\apply-flight-data.js | C:\valente_conecta\node_modules\next\dist\esm\client\components\router-reducer\apply-flight-data.js"
"apply-router-state-patch-to-tree.js","2","C:\valente_conecta\node_modules\next\dist\client\components\router-reducer\apply-router-state-patch-to-tree.js | C:\valente_conecta\node_modules\next\dist\esm\client\components\router-reducer\apply-router-state-patch-to-tree.js"
"clear-cache-node-data-for-segment-path.js","2","C:\valente_conecta\node_modules\next\dist\client\components\router-reducer\clear-cache-node-data-for-segment-path.js | C:\valente_conecta\node_modules\next\dist\esm\client\components\router-reducer\clear-cache-node-data-for-segment-path.js"
"compute-changed-path.js","2","C:\valente_conecta\node_modules\next\dist\client\components\router-reducer\compute-changed-path.js | C:\valente_conecta\node_modules\next\dist\esm\client\components\router-reducer\compute-changed-path.js"
"create-href-from-url.js","2","C:\valente_conecta\node_modules\next\dist\client\components\router-reducer\create-href-from-url.js | C:\valente_conecta\node_modules\next\dist\esm\client\components\router-reducer\create-href-from-url.js"
"create-initial-router-state.js","2","C:\valente_conecta\node_modules\next\dist\client\components\router-reducer\create-initial-router-state.js | C:\valente_conecta\node_modules\next\dist\esm\client\components\router-reducer\create-initial-router-state.js"
"create-router-cache-key.js","2","C:\valente_conecta\node_modules\next\dist\client\components\router-reducer\create-router-cache-key.js | C:\valente_conecta\node_modules\next\dist\esm\client\components\router-reducer\create-router-cache-key.js"
"fetch-server-response.js","2","C:\valente_conecta\node_modules\next\dist\client\components\router-reducer\fetch-server-response.js | C:\valente_conecta\node_modules\next\dist\esm\client\components\router-reducer\fetch-server-response.js"
"fill-cache-with-new-subtree-data.js","2","C:\valente_conecta\node_modules\next\dist\client\components\router-reducer\fill-cache-with-new-subtree-data.js | C:\valente_conecta\node_modules\next\dist\esm\client\components\router-reducer\fill-cache-with-new-subtree-data.js"
"fill-lazy-items-till-leaf-with-head.js","2","C:\valente_conecta\node_modules\next\dist\client\components\router-reducer\fill-lazy-items-till-leaf-with-head.js | C:\valente_conecta\node_modules\next\dist\esm\client\components\router-reducer\fill-lazy-items-till-leaf-with-head.js"
"handle-mutable.js","2","C:\valente_conecta\node_modules\next\dist\client\components\router-reducer\handle-mutable.js | C:\valente_conecta\node_modules\next\dist\esm\client\components\router-reducer\handle-mutable.js"
"handle-segment-mismatch.js","2","C:\valente_conecta\node_modules\next\dist\client\components\router-reducer\handle-segment-mismatch.js | C:\valente_conecta\node_modules\next\dist\esm\client\components\router-reducer\handle-segment-mismatch.js"
"invalidate-cache-below-flight-segmentpath.js","2","C:\valente_conecta\node_modules\next\dist\client\components\router-reducer\invalidate-cache-below-flight-segmentpath.js | C:\valente_conecta\node_modules\next\dist\esm\client\components\router-reducer\invalidate-cache-below-flight-segmentpath.js"
"invalidate-cache-by-router-state.js","2","C:\valente_conecta\node_modules\next\dist\client\components\router-reducer\invalidate-cache-by-router-state.js | C:\valente_conecta\node_modules\next\dist\esm\client\components\router-reducer\invalidate-cache-by-router-state.js"
"is-navigating-to-new-root-layout.js","2","C:\valente_conecta\node_modules\next\dist\client\components\router-reducer\is-navigating-to-new-root-layout.js | C:\valente_conecta\node_modules\next\dist\esm\client\components\router-reducer\is-navigating-to-new-root-layout.js"
"ppr-navigations.js","2","C:\valente_conecta\node_modules\next\dist\client\components\router-reducer\ppr-navigations.js | C:\valente_conecta\node_modules\next\dist\esm\client\components\router-reducer\ppr-navigations.js"
"prefetch-cache-utils.js","2","C:\valente_conecta\node_modules\next\dist\client\components\router-reducer\prefetch-cache-utils.js | C:\valente_conecta\node_modules\next\dist\esm\client\components\router-reducer\prefetch-cache-utils.js"
"refetch-inactive-parallel-segments.js","2","C:\valente_conecta\node_modules\next\dist\client\components\router-reducer\refetch-inactive-parallel-segments.js | C:\valente_conecta\node_modules\next\dist\esm\client\components\router-reducer\refetch-inactive-parallel-segments.js"
"router-reducer-types.js","2","C:\valente_conecta\node_modules\next\dist\client\components\router-reducer\router-reducer-types.js | C:\valente_conecta\node_modules\next\dist\esm\client\components\router-reducer\router-reducer-types.js"
"router-reducer.js","2","C:\valente_conecta\node_modules\next\dist\client\components\router-reducer\router-reducer.js | C:\valente_conecta\node_modules\next\dist\esm\client\components\router-reducer\router-reducer.js"
"should-hard-navigate.js","2","C:\valente_conecta\node_modules\next\dist\client\components\router-reducer\should-hard-navigate.js | C:\valente_conecta\node_modules\next\dist\esm\client\components\router-reducer\should-hard-navigate.js"
"action-async-storage-instance.js","2","C:\valente_conecta\node_modules\next\dist\client\components\action-async-storage-instance.js | C:\valente_conecta\node_modules\next\dist\esm\client\components\action-async-storage-instance.js"
"action-async-storage.external.js","2","C:\valente_conecta\node_modules\next\dist\client\components\action-async-storage.external.js | C:\valente_conecta\node_modules\next\dist\esm\client\components\action-async-storage.external.js"
"app-router-announcer.js","2","C:\valente_conecta\node_modules\next\dist\client\components\app-router-announcer.js | C:\valente_conecta\node_modules\next\dist\esm\client\components\app-router-announcer.js"
"app-router-headers.js","2","C:\valente_conecta\node_modules\next\dist\client\components\app-router-headers.js | C:\valente_conecta\node_modules\next\dist\esm\client\components\app-router-headers.js"
"app-router.js","2","C:\valente_conecta\node_modules\next\dist\client\components\app-router.js | C:\valente_conecta\node_modules\next\dist\esm\client\components\app-router.js"
"async-local-storage.js","2","C:\valente_conecta\node_modules\next\dist\client\components\async-local-storage.js | C:\valente_conecta\node_modules\next\dist\esm\client\components\async-local-storage.js"
"bailout-to-client-rendering.js","2","C:\valente_conecta\node_modules\next\dist\client\components\bailout-to-client-rendering.js | C:\valente_conecta\node_modules\next\dist\esm\client\components\bailout-to-client-rendering.js"
"client-page.js","2","C:\valente_conecta\node_modules\next\dist\client\components\client-page.js | C:\valente_conecta\node_modules\next\dist\esm\client\components\client-page.js"
"default-layout.js","2","C:\valente_conecta\node_modules\next\dist\client\components\default-layout.js | C:\valente_conecta\node_modules\next\dist\esm\client\components\default-layout.js"
"dev-root-not-found-boundary.js","2","C:\valente_conecta\node_modules\next\dist\client\components\dev-root-not-found-boundary.js | C:\valente_conecta\node_modules\next\dist\esm\client\components\dev-root-not-found-boundary.js"
"draft-mode.js","2","C:\valente_conecta\node_modules\next\dist\client\components\draft-mode.js | C:\valente_conecta\node_modules\next\dist\esm\client\components\draft-mode.js"
"error-boundary.js","2","C:\valente_conecta\node_modules\next\dist\client\components\error-boundary.js | C:\valente_conecta\node_modules\next\dist\esm\client\components\error-boundary.js"
"hooks-server-context.js","2","C:\valente_conecta\node_modules\next\dist\client\components\hooks-server-context.js | C:\valente_conecta\node_modules\next\dist\esm\client\components\hooks-server-context.js"
"is-hydration-error.js","2","C:\valente_conecta\node_modules\next\dist\client\components\is-hydration-error.js | C:\valente_conecta\node_modules\next\dist\esm\client\components\is-hydration-error.js"
"is-next-router-error.js","2","C:\valente_conecta\node_modules\next\dist\client\components\is-next-router-error.js | C:\valente_conecta\node_modules\next\dist\esm\client\components\is-next-router-error.js"
"layout-router.js","2","C:\valente_conecta\node_modules\next\dist\client\components\layout-router.js | C:\valente_conecta\node_modules\next\dist\esm\client\components\layout-router.js"
"match-segments.js","2","C:\valente_conecta\node_modules\next\dist\client\components\match-segments.js | C:\valente_conecta\node_modules\next\dist\esm\client\components\match-segments.js"
"noop-head.js","2","C:\valente_conecta\node_modules\next\dist\client\components\noop-head.js | C:\valente_conecta\node_modules\next\dist\esm\client\components\noop-head.js"
"not-found-boundary.js","2","C:\valente_conecta\node_modules\next\dist\client\components\not-found-boundary.js | C:\valente_conecta\node_modules\next\dist\esm\client\components\not-found-boundary.js"
"not-found-error.js","2","C:\valente_conecta\node_modules\next\dist\client\components\not-found-error.js | C:\valente_conecta\node_modules\next\dist\esm\client\components\not-found-error.js"
"not-found.js","2","C:\valente_conecta\node_modules\next\dist\client\components\not-found.js | C:\valente_conecta\node_modules\next\dist\esm\client\components\not-found.js"
"parallel-route-default.js","2","C:\valente_conecta\node_modules\next\dist\client\components\parallel-route-default.js | C:\valente_conecta\node_modules\next\dist\esm\client\components\parallel-route-default.js"
"promise-queue.js","2","C:\valente_conecta\node_modules\next\dist\client\components\promise-queue.js | C:\valente_conecta\node_modules\next\dist\esm\client\components\promise-queue.js"
"redirect-boundary.js","2","C:\valente_conecta\node_modules\next\dist\client\components\redirect-boundary.js | C:\valente_conecta\node_modules\next\dist\esm\client\components\redirect-boundary.js"
"redirect-status-code.js","2","C:\valente_conecta\node_modules\next\dist\client\components\redirect-status-code.js | C:\valente_conecta\node_modules\next\dist\esm\client\components\redirect-status-code.js"
"redirect.js","2","C:\valente_conecta\node_modules\next\dist\client\components\redirect.js | C:\valente_conecta\node_modules\next\dist\esm\client\components\redirect.js"
"render-from-template-context.js","2","C:\valente_conecta\node_modules\next\dist\client\components\render-from-template-context.js | C:\valente_conecta\node_modules\next\dist\esm\client\components\render-from-template-context.js"
"request-async-storage-instance.js","2","C:\valente_conecta\node_modules\next\dist\client\components\request-async-storage-instance.js | C:\valente_conecta\node_modules\next\dist\esm\client\components\request-async-storage-instance.js"
"request-async-storage.external.js","2","C:\valente_conecta\node_modules\next\dist\client\components\request-async-storage.external.js | C:\valente_conecta\node_modules\next\dist\esm\client\components\request-async-storage.external.js"
"search-params.js","2","C:\valente_conecta\node_modules\next\dist\client\components\search-params.js | C:\valente_conecta\node_modules\next\dist\esm\client\components\search-params.js"
"static-generation-async-storage-instance.js","2","C:\valente_conecta\node_modules\next\dist\client\components\static-generation-async-storage-instance.js | C:\valente_conecta\node_modules\next\dist\esm\client\components\static-generation-async-storage-instance.js"
"static-generation-async-storage.external.js","2","C:\valente_conecta\node_modules\next\dist\client\components\static-generation-async-storage.external.js | C:\valente_conecta\node_modules\next\dist\esm\client\components\static-generation-async-storage.external.js"
"static-generation-bailout.js","2","C:\valente_conecta\node_modules\next\dist\client\components\static-generation-bailout.js | C:\valente_conecta\node_modules\next\dist\esm\client\components\static-generation-bailout.js"
"unresolved-thenable.js","2","C:\valente_conecta\node_modules\next\dist\client\components\unresolved-thenable.js | C:\valente_conecta\node_modules\next\dist\esm\client\components\unresolved-thenable.js"
"use-reducer-with-devtools.js","2","C:\valente_conecta\node_modules\next\dist\client\components\use-reducer-with-devtools.js | C:\valente_conecta\node_modules\next\dist\esm\client\components\use-reducer-with-devtools.js"
"amp-dev.js","2","C:\valente_conecta\node_modules\next\dist\client\dev\amp-dev.js | C:\valente_conecta\node_modules\next\dist\esm\client\dev\amp-dev.js"
"dev-build-watcher.js","2","C:\valente_conecta\node_modules\next\dist\client\dev\dev-build-watcher.js | C:\valente_conecta\node_modules\next\dist\esm\client\dev\dev-build-watcher.js"
"fouc.js","2","C:\valente_conecta\node_modules\next\dist\client\dev\fouc.js | C:\valente_conecta\node_modules\next\dist\esm\client\dev\fouc.js"
"hot-middleware-client.js","2","C:\valente_conecta\node_modules\next\dist\client\dev\hot-middleware-client.js | C:\valente_conecta\node_modules\next\dist\esm\client\dev\hot-middleware-client.js"
"noop-turbopack-hmr.js","2","C:\valente_conecta\node_modules\next\dist\client\dev\noop-turbopack-hmr.js | C:\valente_conecta\node_modules\next\dist\esm\client\dev\noop-turbopack-hmr.js"
"on-demand-entries-client.js","2","C:\valente_conecta\node_modules\next\dist\client\dev\on-demand-entries-client.js | C:\valente_conecta\node_modules\next\dist\esm\client\dev\on-demand-entries-client.js"
"report-to-socket.js","2","C:\valente_conecta\node_modules\next\dist\client\tracing\report-to-socket.js | C:\valente_conecta\node_modules\next\dist\esm\client\tracing\report-to-socket.js"
"tracer.d.ts","2","C:\valente_conecta\node_modules\next\dist\client\tracing\tracer.d.ts | C:\valente_conecta\node_modules\next\dist\server\lib\trace\tracer.d.ts"
"tracer.js","4","C:\valente_conecta\node_modules\next\dist\client\tracing\tracer.js | C:\valente_conecta\node_modules\next\dist\esm\client\tracing\tracer.js | C:\valente_conecta\node_modules\next\dist\esm\server\lib\trace\tracer.js | C:\valente_conecta\node_modules\next\dist\server\lib\trace\tracer.js"
"add-base-path.js","2","C:\valente_conecta\node_modules\next\dist\client\add-base-path.js | C:\valente_conecta\node_modules\next\dist\esm\client\add-base-path.js"
"add-locale.d.ts","2","C:\valente_conecta\node_modules\next\dist\client\add-locale.d.ts | C:\valente_conecta\node_modules\next\dist\shared\lib\router\utils\add-locale.d.ts"
"add-locale.js","4","C:\valente_conecta\node_modules\next\dist\client\add-locale.js | C:\valente_conecta\node_modules\next\dist\esm\client\add-locale.js | C:\valente_conecta\node_modules\next\dist\esm\shared\lib\router\utils\add-locale.js | C:\valente_conecta\node_modules\next\dist\shared\lib\router\utils\add-locale.js"
"app-bootstrap.js","2","C:\valente_conecta\node_modules\next\dist\client\app-bootstrap.js | C:\valente_conecta\node_modules\next\dist\esm\client\app-bootstrap.js"
"app-call-server.js","2","C:\valente_conecta\node_modules\next\dist\client\app-call-server.js | C:\valente_conecta\node_modules\next\dist\esm\client\app-call-server.js"
"app-index.js","2","C:\valente_conecta\node_modules\next\dist\client\app-index.js | C:\valente_conecta\node_modules\next\dist\esm\client\app-index.js"
"app-link-gc.js","2","C:\valente_conecta\node_modules\next\dist\client\app-link-gc.js | C:\valente_conecta\node_modules\next\dist\esm\client\app-link-gc.js"
"app-next-dev.js","2","C:\valente_conecta\node_modules\next\dist\client\app-next-dev.js | C:\valente_conecta\node_modules\next\dist\esm\client\app-next-dev.js"
"app-next-turbopack.js","2","C:\valente_conecta\node_modules\next\dist\client\app-next-turbopack.js | C:\valente_conecta\node_modules\next\dist\esm\client\app-next-turbopack.js"
"app-next.js","2","C:\valente_conecta\node_modules\next\dist\client\app-next.js | C:\valente_conecta\node_modules\next\dist\esm\client\app-next.js"
"app-webpack.js","2","C:\valente_conecta\node_modules\next\dist\client\app-webpack.js | C:\valente_conecta\node_modules\next\dist\esm\client\app-webpack.js"
"detect-domain-locale.d.ts","2","C:\valente_conecta\node_modules\next\dist\client\detect-domain-locale.d.ts | C:\valente_conecta\node_modules\next\dist\shared\lib\i18n\detect-domain-locale.d.ts"
"detect-domain-locale.js","4","C:\valente_conecta\node_modules\next\dist\client\detect-domain-locale.js | C:\valente_conecta\node_modules\next\dist\esm\client\detect-domain-locale.js | C:\valente_conecta\node_modules\next\dist\esm\shared\lib\i18n\detect-domain-locale.js | C:\valente_conecta\node_modules\next\dist\shared\lib\i18n\detect-domain-locale.js"
"get-domain-locale.js","2","C:\valente_conecta\node_modules\next\dist\client\get-domain-locale.js | C:\valente_conecta\node_modules\next\dist\esm\client\get-domain-locale.js"
"has-base-path.js","2","C:\valente_conecta\node_modules\next\dist\client\has-base-path.js | C:\valente_conecta\node_modules\next\dist\esm\client\has-base-path.js"
"head-manager.js","2","C:\valente_conecta\node_modules\next\dist\client\head-manager.js | C:\valente_conecta\node_modules\next\dist\esm\client\head-manager.js"
"image-component.js","2","C:\valente_conecta\node_modules\next\dist\client\image-component.js | C:\valente_conecta\node_modules\next\dist\esm\client\image-component.js"
"next-dev-turbopack.js","2","C:\valente_conecta\node_modules\next\dist\client\next-dev-turbopack.js | C:\valente_conecta\node_modules\next\dist\esm\client\next-dev-turbopack.js"
"normalize-locale-path.d.ts","2","C:\valente_conecta\node_modules\next\dist\client\normalize-locale-path.d.ts | C:\valente_conecta\node_modules\next\dist\shared\lib\i18n\normalize-locale-path.d.ts"
"normalize-locale-path.js","4","C:\valente_conecta\node_modules\next\dist\client\normalize-locale-path.js | C:\valente_conecta\node_modules\next\dist\esm\client\normalize-locale-path.js | C:\valente_conecta\node_modules\next\dist\esm\shared\lib\i18n\normalize-locale-path.js | C:\valente_conecta\node_modules\next\dist\shared\lib\i18n\normalize-locale-path.js"
"normalize-trailing-slash.js","2","C:\valente_conecta\node_modules\next\dist\client\normalize-trailing-slash.js | C:\valente_conecta\node_modules\next\dist\esm\client\normalize-trailing-slash.js"
"on-recoverable-error.js","2","C:\valente_conecta\node_modules\next\dist\client\on-recoverable-error.js | C:\valente_conecta\node_modules\next\dist\esm\client\on-recoverable-error.js"
"page-bootstrap.js","2","C:\valente_conecta\node_modules\next\dist\client\page-bootstrap.js | C:\valente_conecta\node_modules\next\dist\esm\client\page-bootstrap.js"
"page-loader.js","2","C:\valente_conecta\node_modules\next\dist\client\page-loader.js | C:\valente_conecta\node_modules\next\dist\esm\client\page-loader.js"
"performance-relayer-app.js","2","C:\valente_conecta\node_modules\next\dist\client\performance-relayer-app.js | C:\valente_conecta\node_modules\next\dist\esm\client\performance-relayer-app.js"
"performance-relayer.js","2","C:\valente_conecta\node_modules\next\dist\client\performance-relayer.js | C:\valente_conecta\node_modules\next\dist\esm\client\performance-relayer.js"
"remove-base-path.js","2","C:\valente_conecta\node_modules\next\dist\client\remove-base-path.js | C:\valente_conecta\node_modules\next\dist\esm\client\remove-base-path.js"
"remove-locale.js","2","C:\valente_conecta\node_modules\next\dist\client\remove-locale.js | C:\valente_conecta\node_modules\next\dist\esm\client\remove-locale.js"
"request-idle-callback.js","2","C:\valente_conecta\node_modules\next\dist\client\request-idle-callback.js | C:\valente_conecta\node_modules\next\dist\esm\client\request-idle-callback.js"
"resolve-href.js","2","C:\valente_conecta\node_modules\next\dist\client\resolve-href.js | C:\valente_conecta\node_modules\next\dist\esm\client\resolve-href.js"
"route-announcer.js","2","C:\valente_conecta\node_modules\next\dist\client\route-announcer.js | C:\valente_conecta\node_modules\next\dist\esm\client\route-announcer.js"
"route-loader.js","2","C:\valente_conecta\node_modules\next\dist\client\route-loader.js | C:\valente_conecta\node_modules\next\dist\esm\client\route-loader.js"
"setup-hydration-warning.js","2","C:\valente_conecta\node_modules\next\dist\client\setup-hydration-warning.js | C:\valente_conecta\node_modules\next\dist\esm\client\setup-hydration-warning.js"
"use-intersection.js","2","C:\valente_conecta\node_modules\next\dist\client\use-intersection.js | C:\valente_conecta\node_modules\next\dist\esm\client\use-intersection.js"
"web-vitals.d.ts","2","C:\valente_conecta\node_modules\next\dist\client\web-vitals.d.ts | C:\valente_conecta\node_modules\next\web-vitals.d.ts"
"web-vitals.js","4","C:\valente_conecta\node_modules\next\dist\client\web-vitals.js | C:\valente_conecta\node_modules\next\dist\compiled\web-vitals\web-vitals.js | C:\valente_conecta\node_modules\next\dist\esm\client\web-vitals.js | C:\valente_conecta\node_modules\next\web-vitals.js"
"webpack.d.ts","2","C:\valente_conecta\node_modules\next\dist\client\webpack.d.ts | C:\valente_conecta\node_modules\next\dist\compiled\webpack\webpack.d.ts"
"with-router.js","2","C:\valente_conecta\node_modules\next\dist\client\with-router.js | C:\valente_conecta\node_modules\next\dist\esm\client\with-router.js"
"AsyncGenerator.js","2","C:\valente_conecta\node_modules\next\dist\compiled\@babel\runtime\helpers\esm\AsyncGenerator.js | C:\valente_conecta\node_modules\next\dist\compiled\@babel\runtime\helpers\AsyncGenerator.js"
"iterableToArrayLimitLoose.js","2","C:\valente_conecta\node_modules\next\dist\compiled\@babel\runtime\helpers\esm\iterableToArrayLimitLoose.js | C:\valente_conecta\node_modules\next\dist\compiled\@babel\runtime\helpers\iterableToArrayLimitLoose.js"
"slicedToArrayLoose.js","2","C:\valente_conecta\node_modules\next\dist\compiled\@babel\runtime\helpers\esm\slicedToArrayLoose.js | C:\valente_conecta\node_modules\next\dist\compiled\@babel\runtime\helpers\slicedToArrayLoose.js"
"loader.test.d.ts","2","C:\valente_conecta\node_modules\next\dist\compiled\@next\font\dist\google\loader.test.d.ts | C:\valente_conecta\node_modules\next\dist\compiled\@next\font\dist\local\loader.test.d.ts"
"loader.test.js","2","C:\valente_conecta\node_modules\next\dist\compiled\@next\font\dist\google\loader.test.js | C:\valente_conecta\node_modules\next\dist\compiled\@next\font\dist\local\loader.test.js"
"events.js","3","C:\valente_conecta\node_modules\next\dist\compiled\events\events.js | C:\valente_conecta\node_modules\recharts\es6\util\Events.js | C:\valente_conecta\node_modules\recharts\lib\util\Events.js"
"cjs.js","2","C:\valente_conecta\node_modules\next\dist\compiled\mini-css-extract-plugin\cjs.js | C:\valente_conecta\node_modules\next\dist\compiled\sass-loader\cjs.js"
"react-jsx-dev-runtime.development.js","3","C:\valente_conecta\node_modules\next\dist\compiled\react\cjs\react-jsx-dev-runtime.development.js | C:\valente_conecta\node_modules\next\dist\compiled\react-experimental\cjs\react-jsx-dev-runtime.development.js | C:\valente_conecta\node_modules\react\cjs\react-jsx-dev-runtime.development.js"
"react-jsx-dev-runtime.production.js","2","C:\valente_conecta\node_modules\next\dist\compiled\react\cjs\react-jsx-dev-runtime.production.js | C:\valente_conecta\node_modules\next\dist\compiled\react-experimental\cjs\react-jsx-dev-runtime.production.js"
"react-jsx-dev-runtime.production.min.js","3","C:\valente_conecta\node_modules\next\dist\compiled\react\cjs\react-jsx-dev-runtime.production.min.js | C:\valente_conecta\node_modules\next\dist\compiled\react-experimental\cjs\react-jsx-dev-runtime.production.min.js | C:\valente_conecta\node_modules\react\cjs\react-jsx-dev-runtime.production.min.js"
"react-jsx-dev-runtime.profiling.js","2","C:\valente_conecta\node_modules\next\dist\compiled\react\cjs\react-jsx-dev-runtime.profiling.js | C:\valente_conecta\node_modules\next\dist\compiled\react-experimental\cjs\react-jsx-dev-runtime.profiling.js"
"react-jsx-dev-runtime.profiling.min.js","3","C:\valente_conecta\node_modules\next\dist\compiled\react\cjs\react-jsx-dev-runtime.profiling.min.js | C:\valente_conecta\node_modules\next\dist\compiled\react-experimental\cjs\react-jsx-dev-runtime.profiling.min.js | C:\valente_conecta\node_modules\react\cjs\react-jsx-dev-runtime.profiling.min.js"
"react-jsx-runtime.development.js","3","C:\valente_conecta\node_modules\next\dist\compiled\react\cjs\react-jsx-runtime.development.js | C:\valente_conecta\node_modules\next\dist\compiled\react-experimental\cjs\react-jsx-runtime.development.js | C:\valente_conecta\node_modules\react\cjs\react-jsx-runtime.development.js"
"react-jsx-runtime.production.js","2","C:\valente_conecta\node_modules\next\dist\compiled\react\cjs\react-jsx-runtime.production.js | C:\valente_conecta\node_modules\next\dist\compiled\react-experimental\cjs\react-jsx-runtime.production.js"
"react-jsx-runtime.production.min.js","3","C:\valente_conecta\node_modules\next\dist\compiled\react\cjs\react-jsx-runtime.production.min.js | C:\valente_conecta\node_modules\next\dist\compiled\react-experimental\cjs\react-jsx-runtime.production.min.js | C:\valente_conecta\node_modules\react\cjs\react-jsx-runtime.production.min.js"
"react-jsx-runtime.profiling.js","2","C:\valente_conecta\node_modules\next\dist\compiled\react\cjs\react-jsx-runtime.profiling.js | C:\valente_conecta\node_modules\next\dist\compiled\react-experimental\cjs\react-jsx-runtime.profiling.js"
"react-jsx-runtime.profiling.min.js","3","C:\valente_conecta\node_modules\next\dist\compiled\react\cjs\react-jsx-runtime.profiling.min.js | C:\valente_conecta\node_modules\next\dist\compiled\react-experimental\cjs\react-jsx-runtime.profiling.min.js | C:\valente_conecta\node_modules\react\cjs\react-jsx-runtime.profiling.min.js"
"react-jsx-runtime.react-server.development.js","2","C:\valente_conecta\node_modules\next\dist\compiled\react\cjs\react-jsx-runtime.react-server.development.js | C:\valente_conecta\node_modules\next\dist\compiled\react-experimental\cjs\react-jsx-runtime.react-server.development.js"
"react-jsx-runtime.react-server.production.js","2","C:\valente_conecta\node_modules\next\dist\compiled\react\cjs\react-jsx-runtime.react-server.production.js | C:\valente_conecta\node_modules\next\dist\compiled\react-experimental\cjs\react-jsx-runtime.react-server.production.js"
"react-jsx-runtime.react-server.production.min.js","2","C:\valente_conecta\node_modules\next\dist\compiled\react\cjs\react-jsx-runtime.react-server.production.min.js | C:\valente_conecta\node_modules\next\dist\compiled\react-experimental\cjs\react-jsx-runtime.react-server.production.min.js"
"react.development.js","4","C:\valente_conecta\node_modules\next\dist\compiled\react\cjs\react.development.js | C:\valente_conecta\node_modules\next\dist\compiled\react-experimental\cjs\react.development.js | C:\valente_conecta\node_modules\react\cjs\react.development.js | C:\valente_conecta\node_modules\react\umd\react.development.js"
"react.production.js","2","C:\valente_conecta\node_modules\next\dist\compiled\react\cjs\react.production.js | C:\valente_conecta\node_modules\next\dist\compiled\react-experimental\cjs\react.production.js"
"react.production.min.js","4","C:\valente_conecta\node_modules\next\dist\compiled\react\cjs\react.production.min.js | C:\valente_conecta\node_modules\next\dist\compiled\react-experimental\cjs\react.production.min.js | C:\valente_conecta\node_modules\react\cjs\react.production.min.js | C:\valente_conecta\node_modules\react\umd\react.production.min.js"
"react.react-server.development.js","2","C:\valente_conecta\node_modules\next\dist\compiled\react\cjs\react.react-server.development.js | C:\valente_conecta\node_modules\next\dist\compiled\react-experimental\cjs\react.react-server.development.js"
"react.react-server.production.js","2","C:\valente_conecta\node_modules\next\dist\compiled\react\cjs\react.react-server.production.js | C:\valente_conecta\node_modules\next\dist\compiled\react-experimental\cjs\react.react-server.production.js"
"react.react-server.production.min.js","2","C:\valente_conecta\node_modules\next\dist\compiled\react\cjs\react.react-server.production.min.js | C:\valente_conecta\node_modules\next\dist\compiled\react-experimental\cjs\react.react-server.production.min.js"
"jsx-dev-runtime.js","3","C:\valente_conecta\node_modules\next\dist\compiled\react\jsx-dev-runtime.js | C:\valente_conecta\node_modules\next\dist\compiled\react-experimental\jsx-dev-runtime.js | C:\valente_conecta\node_modules\react\jsx-dev-runtime.js"
"jsx-runtime.js","3","C:\valente_conecta\node_modules\next\dist\compiled\react\jsx-runtime.js | C:\valente_conecta\node_modules\next\dist\compiled\react-experimental\jsx-runtime.js | C:\valente_conecta\node_modules\react\jsx-runtime.js"
"jsx-runtime.react-server.js","2","C:\valente_conecta\node_modules\next\dist\compiled\react\jsx-runtime.react-server.js | C:\valente_conecta\node_modules\next\dist\compiled\react-experimental\jsx-runtime.react-server.js"
"react.react-server.js","2","C:\valente_conecta\node_modules\next\dist\compiled\react\react.react-server.js | C:\valente_conecta\node_modules\next\dist\compiled\react-experimental\react.react-server.js"
"react-dom-server-legacy.browser.development.js","4","C:\valente_conecta\node_modules\next\dist\compiled\react-dom\cjs\react-dom-server-legacy.browser.development.js | C:\valente_conecta\node_modules\next\dist\compiled\react-dom-experimental\cjs\react-dom-server-legacy.browser.development.js | C:\valente_conecta\node_modules\react-dom\cjs\react-dom-server-legacy.browser.development.js | C:\valente_conecta\node_modules\react-dom\umd\react-dom-server-legacy.browser.development.js"
"react-dom-server-legacy.browser.production.js","2","C:\valente_conecta\node_modules\next\dist\compiled\react-dom\cjs\react-dom-server-legacy.browser.production.js | C:\valente_conecta\node_modules\next\dist\compiled\react-dom-experimental\cjs\react-dom-server-legacy.browser.production.js"
"react-dom-server-legacy.browser.production.min.js","4","C:\valente_conecta\node_modules\next\dist\compiled\react-dom\cjs\react-dom-server-legacy.browser.production.min.js | C:\valente_conecta\node_modules\next\dist\compiled\react-dom-experimental\cjs\react-dom-server-legacy.browser.production.min.js | C:\valente_conecta\node_modules\react-dom\cjs\react-dom-server-legacy.browser.production.min.js | C:\valente_conecta\node_modules\react-dom\umd\react-dom-server-legacy.browser.production.min.js"
"react-dom-server-legacy.node.development.js","3","C:\valente_conecta\node_modules\next\dist\compiled\react-dom\cjs\react-dom-server-legacy.node.development.js | C:\valente_conecta\node_modules\next\dist\compiled\react-dom-experimental\cjs\react-dom-server-legacy.node.development.js | C:\valente_conecta\node_modules\react-dom\cjs\react-dom-server-legacy.node.development.js"
"react-dom-server-legacy.node.production.js","2","C:\valente_conecta\node_modules\next\dist\compiled\react-dom\cjs\react-dom-server-legacy.node.production.js | C:\valente_conecta\node_modules\next\dist\compiled\react-dom-experimental\cjs\react-dom-server-legacy.node.production.js"
"react-dom-server-legacy.node.production.min.js","3","C:\valente_conecta\node_modules\next\dist\compiled\react-dom\cjs\react-dom-server-legacy.node.production.min.js | C:\valente_conecta\node_modules\next\dist\compiled\react-dom-experimental\cjs\react-dom-server-legacy.node.production.min.js | C:\valente_conecta\node_modules\react-dom\cjs\react-dom-server-legacy.node.production.min.js"
"react-dom-server-rendering-stub.development.js","2","C:\valente_conecta\node_modules\next\dist\compiled\react-dom\cjs\react-dom-server-rendering-stub.development.js | C:\valente_conecta\node_modules\next\dist\compiled\react-dom-experimental\cjs\react-dom-server-rendering-stub.development.js"
"react-dom-server-rendering-stub.production.js","2","C:\valente_conecta\node_modules\next\dist\compiled\react-dom\cjs\react-dom-server-rendering-stub.production.js | C:\valente_conecta\node_modules\next\dist\compiled\react-dom-experimental\cjs\react-dom-server-rendering-stub.production.js"
"react-dom-server-rendering-stub.production.min.js","2","C:\valente_conecta\node_modules\next\dist\compiled\react-dom\cjs\react-dom-server-rendering-stub.production.min.js | C:\valente_conecta\node_modules\next\dist\compiled\react-dom-experimental\cjs\react-dom-server-rendering-stub.production.min.js"
"react-dom-server.browser.development.js","4","C:\valente_conecta\node_modules\next\dist\compiled\react-dom\cjs\react-dom-server.browser.development.js | C:\valente_conecta\node_modules\next\dist\compiled\react-dom-experimental\cjs\react-dom-server.browser.development.js | C:\valente_conecta\node_modules\react-dom\cjs\react-dom-server.browser.development.js | C:\valente_conecta\node_modules\react-dom\umd\react-dom-server.browser.development.js"
"react-dom-server.browser.production.js","2","C:\valente_conecta\node_modules\next\dist\compiled\react-dom\cjs\react-dom-server.browser.production.js | C:\valente_conecta\node_modules\next\dist\compiled\react-dom-experimental\cjs\react-dom-server.browser.production.js"
"react-dom-server.browser.production.min.js","4","C:\valente_conecta\node_modules\next\dist\compiled\react-dom\cjs\react-dom-server.browser.production.min.js | C:\valente_conecta\node_modules\next\dist\compiled\react-dom-experimental\cjs\react-dom-server.browser.production.min.js | C:\valente_conecta\node_modules\react-dom\cjs\react-dom-server.browser.production.min.js | C:\valente_conecta\node_modules\react-dom\umd\react-dom-server.browser.production.min.js"
"react-dom-server.bun.production.js","2","C:\valente_conecta\node_modules\next\dist\compiled\react-dom\cjs\react-dom-server.bun.production.js | C:\valente_conecta\node_modules\next\dist\compiled\react-dom-experimental\cjs\react-dom-server.bun.production.js"
"react-dom-server.edge.development.js","2","C:\valente_conecta\node_modules\next\dist\compiled\react-dom\cjs\react-dom-server.edge.development.js | C:\valente_conecta\node_modules\next\dist\compiled\react-dom-experimental\cjs\react-dom-server.edge.development.js"
"react-dom-server.edge.production.js","2","C:\valente_conecta\node_modules\next\dist\compiled\react-dom\cjs\react-dom-server.edge.production.js | C:\valente_conecta\node_modules\next\dist\compiled\react-dom-experimental\cjs\react-dom-server.edge.production.js"
"react-dom-server.edge.production.min.js","2","C:\valente_conecta\node_modules\next\dist\compiled\react-dom\cjs\react-dom-server.edge.production.min.js | C:\valente_conecta\node_modules\next\dist\compiled\react-dom-experimental\cjs\react-dom-server.edge.production.min.js"
"react-dom-server.node.development.js","3","C:\valente_conecta\node_modules\next\dist\compiled\react-dom\cjs\react-dom-server.node.development.js | C:\valente_conecta\node_modules\next\dist\compiled\react-dom-experimental\cjs\react-dom-server.node.development.js | C:\valente_conecta\node_modules\react-dom\cjs\react-dom-server.node.development.js"
"react-dom-server.node.production.js","2","C:\valente_conecta\node_modules\next\dist\compiled\react-dom\cjs\react-dom-server.node.production.js | C:\valente_conecta\node_modules\next\dist\compiled\react-dom-experimental\cjs\react-dom-server.node.production.js"
"react-dom-server.node.production.min.js","3","C:\valente_conecta\node_modules\next\dist\compiled\react-dom\cjs\react-dom-server.node.production.min.js | C:\valente_conecta\node_modules\next\dist\compiled\react-dom-experimental\cjs\react-dom-server.node.production.min.js | C:\valente_conecta\node_modules\react-dom\cjs\react-dom-server.node.production.min.js"
"react-dom-test-utils.production.js","2","C:\valente_conecta\node_modules\next\dist\compiled\react-dom\cjs\react-dom-test-utils.production.js | C:\valente_conecta\node_modules\next\dist\compiled\react-dom-experimental\cjs\react-dom-test-utils.production.js"
"react-dom.development.js","4","C:\valente_conecta\node_modules\next\dist\compiled\react-dom\cjs\react-dom.development.js | C:\valente_conecta\node_modules\next\dist\compiled\react-dom-experimental\cjs\react-dom.development.js | C:\valente_conecta\node_modules\react-dom\cjs\react-dom.development.js | C:\valente_conecta\node_modules\react-dom\umd\react-dom.development.js"
"react-dom.production.js","2","C:\valente_conecta\node_modules\next\dist\compiled\react-dom\cjs\react-dom.production.js | C:\valente_conecta\node_modules\next\dist\compiled\react-dom-experimental\cjs\react-dom.production.js"
"react-dom.production.min.js","4","C:\valente_conecta\node_modules\next\dist\compiled\react-dom\cjs\react-dom.production.min.js | C:\valente_conecta\node_modules\next\dist\compiled\react-dom-experimental\cjs\react-dom.production.min.js | C:\valente_conecta\node_modules\react-dom\cjs\react-dom.production.min.js | C:\valente_conecta\node_modules\react-dom\umd\react-dom.production.min.js"
"react-dom.profiling.js","2","C:\valente_conecta\node_modules\next\dist\compiled\react-dom\cjs\react-dom.profiling.js | C:\valente_conecta\node_modules\next\dist\compiled\react-dom-experimental\cjs\react-dom.profiling.js"
"react-dom.profiling.min.js","4","C:\valente_conecta\node_modules\next\dist\compiled\react-dom\cjs\react-dom.profiling.min.js | C:\valente_conecta\node_modules\next\dist\compiled\react-dom-experimental\cjs\react-dom.profiling.min.js | C:\valente_conecta\node_modules\react-dom\cjs\react-dom.profiling.min.js | C:\valente_conecta\node_modules\react-dom\umd\react-dom.profiling.min.js"
"react-dom.react-server.development.js","2","C:\valente_conecta\node_modules\next\dist\compiled\react-dom\cjs\react-dom.react-server.development.js | C:\valente_conecta\node_modules\next\dist\compiled\react-dom-experimental\cjs\react-dom.react-server.development.js"
"react-dom.react-server.production.js","2","C:\valente_conecta\node_modules\next\dist\compiled\react-dom\cjs\react-dom.react-server.production.js | C:\valente_conecta\node_modules\next\dist\compiled\react-dom-experimental\cjs\react-dom.react-server.production.js"
"react-dom.react-server.production.min.js","2","C:\valente_conecta\node_modules\next\dist\compiled\react-dom\cjs\react-dom.react-server.production.min.js | C:\valente_conecta\node_modules\next\dist\compiled\react-dom-experimental\cjs\react-dom.react-server.production.min.js"
"profiling.js","3","C:\valente_conecta\node_modules\next\dist\compiled\react-dom\profiling.js | C:\valente_conecta\node_modules\next\dist\compiled\react-dom-experimental\profiling.js | C:\valente_conecta\node_modules\react-dom\profiling.js"
"react-dom.react-server.js","2","C:\valente_conecta\node_modules\next\dist\compiled\react-dom\react-dom.react-server.js | C:\valente_conecta\node_modules\next\dist\compiled\react-dom-experimental\react-dom.react-server.js"
"server-rendering-stub.js","2","C:\valente_conecta\node_modules\next\dist\compiled\react-dom\server-rendering-stub.js | C:\valente_conecta\node_modules\next\dist\compiled\react-dom-experimental\server-rendering-stub.js"
"server.browser.js","7","C:\valente_conecta\node_modules\next\dist\compiled\react-dom\server.browser.js | C:\valente_conecta\node_modules\next\dist\compiled\react-dom-experimental\server.browser.js | C:\valente_conecta\node_modules\next\dist\compiled\react-server-dom-turbopack\server.browser.js | C:\valente_conecta\node_modules\next\dist\compiled\react-server-dom-turbopack-experimental\server.browser.js | C:\valente_conecta\node_modules\next\dist\compiled\react-server-dom-webpack\server.browser.js | C:\valente_conecta\node_modules\next\dist\compiled\react-server-dom-webpack-experimental\server.browser.js | C:\valente_conecta\node_modules\react-dom\server.browser.js"
"server.edge.js","6","C:\valente_conecta\node_modules\next\dist\compiled\react-dom\server.edge.js | C:\valente_conecta\node_modules\next\dist\compiled\react-dom-experimental\server.edge.js | C:\valente_conecta\node_modules\next\dist\compiled\react-server-dom-turbopack\server.edge.js | C:\valente_conecta\node_modules\next\dist\compiled\react-server-dom-turbopack-experimental\server.edge.js | C:\valente_conecta\node_modules\next\dist\compiled\react-server-dom-webpack\server.edge.js | C:\valente_conecta\node_modules\next\dist\compiled\react-server-dom-webpack-experimental\server.edge.js"
"server.node.js","7","C:\valente_conecta\node_modules\next\dist\compiled\react-dom\server.node.js | C:\valente_conecta\node_modules\next\dist\compiled\react-dom-experimental\server.node.js | C:\valente_conecta\node_modules\next\dist\compiled\react-server-dom-turbopack\server.node.js | C:\valente_conecta\node_modules\next\dist\compiled\react-server-dom-turbopack-experimental\server.node.js | C:\valente_conecta\node_modules\next\dist\compiled\react-server-dom-webpack\server.node.js | C:\valente_conecta\node_modules\next\dist\compiled\react-server-dom-webpack-experimental\server.node.js | C:\valente_conecta\node_modules\react-dom\server.node.js"
"static.edge.js","2","C:\valente_conecta\node_modules\next\dist\compiled\react-dom\static.edge.js | C:\valente_conecta\node_modules\next\dist\compiled\react-dom-experimental\static.edge.js"
"react-is.development.js","3","C:\valente_conecta\node_modules\next\dist\compiled\react-is\cjs\react-is.development.js | C:\valente_conecta\node_modules\next\dist\compiled\react-is\umd\react-is.development.js | C:\valente_conecta\node_modules\react-is\cjs\react-is.development.js"
"react-is.production.min.js","2","C:\valente_conecta\node_modules\next\dist\compiled\react-is\cjs\react-is.production.min.js | C:\valente_conecta\node_modules\next\dist\compiled\react-is\umd\react-is.production.min.js"
"react-server-dom-turbopack-client.browser.development.js","2","C:\valente_conecta\node_modules\next\dist\compiled\react-server-dom-turbopack\cjs\react-server-dom-turbopack-client.browser.development.js | C:\valente_conecta\node_modules\next\dist\compiled\react-server-dom-turbopack-experimental\cjs\react-server-dom-turbopack-client.browser.development.js"
"react-server-dom-turbopack-client.browser.production.js","2","C:\valente_conecta\node_modules\next\dist\compiled\react-server-dom-turbopack\cjs\react-server-dom-turbopack-client.browser.production.js | C:\valente_conecta\node_modules\next\dist\compiled\react-server-dom-turbopack-experimental\cjs\react-server-dom-turbopack-client.browser.production.js"
"react-server-dom-turbopack-client.browser.production.min.js","2","C:\valente_conecta\node_modules\next\dist\compiled\react-server-dom-turbopack\cjs\react-server-dom-turbopack-client.browser.production.min.js | C:\valente_conecta\node_modules\next\dist\compiled\react-server-dom-turbopack-experimental\cjs\react-server-dom-turbopack-client.browser.production.min.js"
"react-server-dom-turbopack-client.edge.development.js","2","C:\valente_conecta\node_modules\next\dist\compiled\react-server-dom-turbopack\cjs\react-server-dom-turbopack-client.edge.development.js | C:\valente_conecta\node_modules\next\dist\compiled\react-server-dom-turbopack-experimental\cjs\react-server-dom-turbopack-client.edge.development.js"
"react-server-dom-turbopack-client.edge.production.js","2","C:\valente_conecta\node_modules\next\dist\compiled\react-server-dom-turbopack\cjs\react-server-dom-turbopack-client.edge.production.js | C:\valente_conecta\node_modules\next\dist\compiled\react-server-dom-turbopack-experimental\cjs\react-server-dom-turbopack-client.edge.production.js"
"react-server-dom-turbopack-client.edge.production.min.js","2","C:\valente_conecta\node_modules\next\dist\compiled\react-server-dom-turbopack\cjs\react-server-dom-turbopack-client.edge.production.min.js | C:\valente_conecta\node_modules\next\dist\compiled\react-server-dom-turbopack-experimental\cjs\react-server-dom-turbopack-client.edge.production.min.js"
"react-server-dom-turbopack-client.node.development.js","2","C:\valente_conecta\node_modules\next\dist\compiled\react-server-dom-turbopack\cjs\react-server-dom-turbopack-client.node.development.js | C:\valente_conecta\node_modules\next\dist\compiled\react-server-dom-turbopack-experimental\cjs\react-server-dom-turbopack-client.node.development.js"
"react-server-dom-turbopack-client.node.production.js","2","C:\valente_conecta\node_modules\next\dist\compiled\react-server-dom-turbopack\cjs\react-server-dom-turbopack-client.node.production.js | C:\valente_conecta\node_modules\next\dist\compiled\react-server-dom-turbopack-experimental\cjs\react-server-dom-turbopack-client.node.production.js"
"react-server-dom-turbopack-client.node.production.min.js","2","C:\valente_conecta\node_modules\next\dist\compiled\react-server-dom-turbopack\cjs\react-server-dom-turbopack-client.node.production.min.js | C:\valente_conecta\node_modules\next\dist\compiled\react-server-dom-turbopack-experimental\cjs\react-server-dom-turbopack-client.node.production.min.js"
"react-server-dom-turbopack-client.node.unbundled.development.js","2","C:\valente_conecta\node_modules\next\dist\compiled\react-server-dom-turbopack\cjs\react-server-dom-turbopack-client.node.unbundled.development.js | C:\valente_conecta\node_modules\next\dist\compiled\react-server-dom-turbopack-experimental\cjs\react-server-dom-turbopack-client.node.unbundled.development.js"
"react-server-dom-turbopack-client.node.unbundled.production.js","2","C:\valente_conecta\node_modules\next\dist\compiled\react-server-dom-turbopack\cjs\react-server-dom-turbopack-client.node.unbundled.production.js | C:\valente_conecta\node_modules\next\dist\compiled\react-server-dom-turbopack-experimental\cjs\react-server-dom-turbopack-client.node.unbundled.production.js"
"react-server-dom-turbopack-client.node.unbundled.production.min.js","2","C:\valente_conecta\node_modules\next\dist\compiled\react-server-dom-turbopack\cjs\react-server-dom-turbopack-client.node.unbundled.production.min.js | C:\valente_conecta\node_modules\next\dist\compiled\react-server-dom-turbopack-experimental\cjs\react-server-dom-turbopack-client.node.unbundled.production.min.js"
"react-server-dom-turbopack-node-register.js","2","C:\valente_conecta\node_modules\next\dist\compiled\react-server-dom-turbopack\cjs\react-server-dom-turbopack-node-register.js | C:\valente_conecta\node_modules\next\dist\compiled\react-server-dom-turbopack-experimental\cjs\react-server-dom-turbopack-node-register.js"
"react-server-dom-turbopack-server.browser.development.js","2","C:\valente_conecta\node_modules\next\dist\compiled\react-server-dom-turbopack\cjs\react-server-dom-turbopack-server.browser.development.js | C:\valente_conecta\node_modules\next\dist\compiled\react-server-dom-turbopack-experimental\cjs\react-server-dom-turbopack-server.browser.development.js"
"react-server-dom-turbopack-server.browser.production.js","2","C:\valente_conecta\node_modules\next\dist\compiled\react-server-dom-turbopack\cjs\react-server-dom-turbopack-server.browser.production.js | C:\valente_conecta\node_modules\next\dist\compiled\react-server-dom-turbopack-experimental\cjs\react-server-dom-turbopack-server.browser.production.js"
"react-server-dom-turbopack-server.browser.production.min.js","2","C:\valente_conecta\node_modules\next\dist\compiled\react-server-dom-turbopack\cjs\react-server-dom-turbopack-server.browser.production.min.js | C:\valente_conecta\node_modules\next\dist\compiled\react-server-dom-turbopack-experimental\cjs\react-server-dom-turbopack-server.browser.production.min.js"
"react-server-dom-turbopack-server.edge.development.js","2","C:\valente_conecta\node_modules\next\dist\compiled\react-server-dom-turbopack\cjs\react-server-dom-turbopack-server.edge.development.js | C:\valente_conecta\node_modules\next\dist\compiled\react-server-dom-turbopack-experimental\cjs\react-server-dom-turbopack-server.edge.development.js"
"react-server-dom-turbopack-server.edge.production.js","2","C:\valente_conecta\node_modules\next\dist\compiled\react-server-dom-turbopack\cjs\react-server-dom-turbopack-server.edge.production.js | C:\valente_conecta\node_modules\next\dist\compiled\react-server-dom-turbopack-experimental\cjs\react-server-dom-turbopack-server.edge.production.js"
"react-server-dom-turbopack-server.edge.production.min.js","2","C:\valente_conecta\node_modules\next\dist\compiled\react-server-dom-turbopack\cjs\react-server-dom-turbopack-server.edge.production.min.js | C:\valente_conecta\node_modules\next\dist\compiled\react-server-dom-turbopack-experimental\cjs\react-server-dom-turbopack-server.edge.production.min.js"
"react-server-dom-turbopack-server.node.development.js","2","C:\valente_conecta\node_modules\next\dist\compiled\react-server-dom-turbopack\cjs\react-server-dom-turbopack-server.node.development.js | C:\valente_conecta\node_modules\next\dist\compiled\react-server-dom-turbopack-experimental\cjs\react-server-dom-turbopack-server.node.development.js"
"react-server-dom-turbopack-server.node.production.js","2","C:\valente_conecta\node_modules\next\dist\compiled\react-server-dom-turbopack\cjs\react-server-dom-turbopack-server.node.production.js | C:\valente_conecta\node_modules\next\dist\compiled\react-server-dom-turbopack-experimental\cjs\react-server-dom-turbopack-server.node.production.js"
"react-server-dom-turbopack-server.node.production.min.js","2","C:\valente_conecta\node_modules\next\dist\compiled\react-server-dom-turbopack\cjs\react-server-dom-turbopack-server.node.production.min.js | C:\valente_conecta\node_modules\next\dist\compiled\react-server-dom-turbopack-experimental\cjs\react-server-dom-turbopack-server.node.production.min.js"
"react-server-dom-turbopack-server.node.unbundled.development.js","2","C:\valente_conecta\node_modules\next\dist\compiled\react-server-dom-turbopack\cjs\react-server-dom-turbopack-server.node.unbundled.development.js | C:\valente_conecta\node_modules\next\dist\compiled\react-server-dom-turbopack-experimental\cjs\react-server-dom-turbopack-server.node.unbundled.development.js"
"react-server-dom-turbopack-server.node.unbundled.production.js","2","C:\valente_conecta\node_modules\next\dist\compiled\react-server-dom-turbopack\cjs\react-server-dom-turbopack-server.node.unbundled.production.js | C:\valente_conecta\node_modules\next\dist\compiled\react-server-dom-turbopack-experimental\cjs\react-server-dom-turbopack-server.node.unbundled.production.js"
"react-server-dom-turbopack-server.node.unbundled.production.min.js","2","C:\valente_conecta\node_modules\next\dist\compiled\react-server-dom-turbopack\cjs\react-server-dom-turbopack-server.node.unbundled.production.min.js | C:\valente_conecta\node_modules\next\dist\compiled\react-server-dom-turbopack-experimental\cjs\react-server-dom-turbopack-server.node.unbundled.production.min.js"
"client.browser.js","4","C:\valente_conecta\node_modules\next\dist\compiled\react-server-dom-turbopack\client.browser.js | C:\valente_conecta\node_modules\next\dist\compiled\react-server-dom-turbopack-experimental\client.browser.js | C:\valente_conecta\node_modules\next\dist\compiled\react-server-dom-webpack\client.browser.js | C:\valente_conecta\node_modules\next\dist\compiled\react-server-dom-webpack-experimental\client.browser.js"
"client.edge.js","4","C:\valente_conecta\node_modules\next\dist\compiled\react-server-dom-turbopack\client.edge.js | C:\valente_conecta\node_modules\next\dist\compiled\react-server-dom-turbopack-experimental\client.edge.js | C:\valente_conecta\node_modules\next\dist\compiled\react-server-dom-webpack\client.edge.js | C:\valente_conecta\node_modules\next\dist\compiled\react-server-dom-webpack-experimental\client.edge.js"
"client.node.js","4","C:\valente_conecta\node_modules\next\dist\compiled\react-server-dom-turbopack\client.node.js | C:\valente_conecta\node_modules\next\dist\compiled\react-server-dom-turbopack-experimental\client.node.js | C:\valente_conecta\node_modules\next\dist\compiled\react-server-dom-webpack\client.node.js | C:\valente_conecta\node_modules\next\dist\compiled\react-server-dom-webpack-experimental\client.node.js"
"client.node.unbundled.js","4","C:\valente_conecta\node_modules\next\dist\compiled\react-server-dom-turbopack\client.node.unbundled.js | C:\valente_conecta\node_modules\next\dist\compiled\react-server-dom-turbopack-experimental\client.node.unbundled.js | C:\valente_conecta\node_modules\next\dist\compiled\react-server-dom-webpack\client.node.unbundled.js | C:\valente_conecta\node_modules\next\dist\compiled\react-server-dom-webpack-experimental\client.node.unbundled.js"
"node-register.js","4","C:\valente_conecta\node_modules\next\dist\compiled\react-server-dom-turbopack\node-register.js | C:\valente_conecta\node_modules\next\dist\compiled\react-server-dom-turbopack-experimental\node-register.js | C:\valente_conecta\node_modules\next\dist\compiled\react-server-dom-webpack\node-register.js | C:\valente_conecta\node_modules\next\dist\compiled\react-server-dom-webpack-experimental\node-register.js"
"server.node.unbundled.js","4","C:\valente_conecta\node_modules\next\dist\compiled\react-server-dom-turbopack\server.node.unbundled.js | C:\valente_conecta\node_modules\next\dist\compiled\react-server-dom-turbopack-experimental\server.node.unbundled.js | C:\valente_conecta\node_modules\next\dist\compiled\react-server-dom-webpack\server.node.unbundled.js | C:\valente_conecta\node_modules\next\dist\compiled\react-server-dom-webpack-experimental\server.node.unbundled.js"
"react-server-dom-webpack-client.browser.development.js","2","C:\valente_conecta\node_modules\next\dist\compiled\react-server-dom-webpack\cjs\react-server-dom-webpack-client.browser.development.js | C:\valente_conecta\node_modules\next\dist\compiled\react-server-dom-webpack-experimental\cjs\react-server-dom-webpack-client.browser.development.js"
"react-server-dom-webpack-client.browser.production.js","2","C:\valente_conecta\node_modules\next\dist\compiled\react-server-dom-webpack\cjs\react-server-dom-webpack-client.browser.production.js | C:\valente_conecta\node_modules\next\dist\compiled\react-server-dom-webpack-experimental\cjs\react-server-dom-webpack-client.browser.production.js"
"react-server-dom-webpack-client.browser.production.min.js","2","C:\valente_conecta\node_modules\next\dist\compiled\react-server-dom-webpack\cjs\react-server-dom-webpack-client.browser.production.min.js | C:\valente_conecta\node_modules\next\dist\compiled\react-server-dom-webpack-experimental\cjs\react-server-dom-webpack-client.browser.production.min.js"
"react-server-dom-webpack-client.edge.development.js","2","C:\valente_conecta\node_modules\next\dist\compiled\react-server-dom-webpack\cjs\react-server-dom-webpack-client.edge.development.js | C:\valente_conecta\node_modules\next\dist\compiled\react-server-dom-webpack-experimental\cjs\react-server-dom-webpack-client.edge.development.js"
"react-server-dom-webpack-client.edge.production.js","2","C:\valente_conecta\node_modules\next\dist\compiled\react-server-dom-webpack\cjs\react-server-dom-webpack-client.edge.production.js | C:\valente_conecta\node_modules\next\dist\compiled\react-server-dom-webpack-experimental\cjs\react-server-dom-webpack-client.edge.production.js"
"react-server-dom-webpack-client.edge.production.min.js","2","C:\valente_conecta\node_modules\next\dist\compiled\react-server-dom-webpack\cjs\react-server-dom-webpack-client.edge.production.min.js | C:\valente_conecta\node_modules\next\dist\compiled\react-server-dom-webpack-experimental\cjs\react-server-dom-webpack-client.edge.production.min.js"
"react-server-dom-webpack-client.node.development.js","2","C:\valente_conecta\node_modules\next\dist\compiled\react-server-dom-webpack\cjs\react-server-dom-webpack-client.node.development.js | C:\valente_conecta\node_modules\next\dist\compiled\react-server-dom-webpack-experimental\cjs\react-server-dom-webpack-client.node.development.js"
"react-server-dom-webpack-client.node.production.js","2","C:\valente_conecta\node_modules\next\dist\compiled\react-server-dom-webpack\cjs\react-server-dom-webpack-client.node.production.js | C:\valente_conecta\node_modules\next\dist\compiled\react-server-dom-webpack-experimental\cjs\react-server-dom-webpack-client.node.production.js"
"react-server-dom-webpack-client.node.production.min.js","2","C:\valente_conecta\node_modules\next\dist\compiled\react-server-dom-webpack\cjs\react-server-dom-webpack-client.node.production.min.js | C:\valente_conecta\node_modules\next\dist\compiled\react-server-dom-webpack-experimental\cjs\react-server-dom-webpack-client.node.production.min.js"
"react-server-dom-webpack-client.node.unbundled.development.js","2","C:\valente_conecta\node_modules\next\dist\compiled\react-server-dom-webpack\cjs\react-server-dom-webpack-client.node.unbundled.development.js | C:\valente_conecta\node_modules\next\dist\compiled\react-server-dom-webpack-experimental\cjs\react-server-dom-webpack-client.node.unbundled.development.js"
"react-server-dom-webpack-client.node.unbundled.production.js","2","C:\valente_conecta\node_modules\next\dist\compiled\react-server-dom-webpack\cjs\react-server-dom-webpack-client.node.unbundled.production.js | C:\valente_conecta\node_modules\next\dist\compiled\react-server-dom-webpack-experimental\cjs\react-server-dom-webpack-client.node.unbundled.production.js"
"react-server-dom-webpack-client.node.unbundled.production.min.js","2","C:\valente_conecta\node_modules\next\dist\compiled\react-server-dom-webpack\cjs\react-server-dom-webpack-client.node.unbundled.production.min.js | C:\valente_conecta\node_modules\next\dist\compiled\react-server-dom-webpack-experimental\cjs\react-server-dom-webpack-client.node.unbundled.production.min.js"
"react-server-dom-webpack-node-register.js","2","C:\valente_conecta\node_modules\next\dist\compiled\react-server-dom-webpack\cjs\react-server-dom-webpack-node-register.js | C:\valente_conecta\node_modules\next\dist\compiled\react-server-dom-webpack-experimental\cjs\react-server-dom-webpack-node-register.js"
"react-server-dom-webpack-plugin.js","2","C:\valente_conecta\node_modules\next\dist\compiled\react-server-dom-webpack\cjs\react-server-dom-webpack-plugin.js | C:\valente_conecta\node_modules\next\dist\compiled\react-server-dom-webpack-experimental\cjs\react-server-dom-webpack-plugin.js"
"react-server-dom-webpack-server.browser.development.js","2","C:\valente_conecta\node_modules\next\dist\compiled\react-server-dom-webpack\cjs\react-server-dom-webpack-server.browser.development.js | C:\valente_conecta\node_modules\next\dist\compiled\react-server-dom-webpack-experimental\cjs\react-server-dom-webpack-server.browser.development.js"
"react-server-dom-webpack-server.browser.production.js","2","C:\valente_conecta\node_modules\next\dist\compiled\react-server-dom-webpack\cjs\react-server-dom-webpack-server.browser.production.js | C:\valente_conecta\node_modules\next\dist\compiled\react-server-dom-webpack-experimental\cjs\react-server-dom-webpack-server.browser.production.js"
"react-server-dom-webpack-server.browser.production.min.js","2","C:\valente_conecta\node_modules\next\dist\compiled\react-server-dom-webpack\cjs\react-server-dom-webpack-server.browser.production.min.js | C:\valente_conecta\node_modules\next\dist\compiled\react-server-dom-webpack-experimental\cjs\react-server-dom-webpack-server.browser.production.min.js"
"react-server-dom-webpack-server.edge.development.js","2","C:\valente_conecta\node_modules\next\dist\compiled\react-server-dom-webpack\cjs\react-server-dom-webpack-server.edge.development.js | C:\valente_conecta\node_modules\next\dist\compiled\react-server-dom-webpack-experimental\cjs\react-server-dom-webpack-server.edge.development.js"
"react-server-dom-webpack-server.edge.production.js","2","C:\valente_conecta\node_modules\next\dist\compiled\react-server-dom-webpack\cjs\react-server-dom-webpack-server.edge.production.js | C:\valente_conecta\node_modules\next\dist\compiled\react-server-dom-webpack-experimental\cjs\react-server-dom-webpack-server.edge.production.js"
"react-server-dom-webpack-server.edge.production.min.js","2","C:\valente_conecta\node_modules\next\dist\compiled\react-server-dom-webpack\cjs\react-server-dom-webpack-server.edge.production.min.js | C:\valente_conecta\node_modules\next\dist\compiled\react-server-dom-webpack-experimental\cjs\react-server-dom-webpack-server.edge.production.min.js"
"react-server-dom-webpack-server.node.development.js","2","C:\valente_conecta\node_modules\next\dist\compiled\react-server-dom-webpack\cjs\react-server-dom-webpack-server.node.development.js | C:\valente_conecta\node_modules\next\dist\compiled\react-server-dom-webpack-experimental\cjs\react-server-dom-webpack-server.node.development.js"
"react-server-dom-webpack-server.node.production.js","2","C:\valente_conecta\node_modules\next\dist\compiled\react-server-dom-webpack\cjs\react-server-dom-webpack-server.node.production.js | C:\valente_conecta\node_modules\next\dist\compiled\react-server-dom-webpack-experimental\cjs\react-server-dom-webpack-server.node.production.js"
"react-server-dom-webpack-server.node.production.min.js","2","C:\valente_conecta\node_modules\next\dist\compiled\react-server-dom-webpack\cjs\react-server-dom-webpack-server.node.production.min.js | C:\valente_conecta\node_modules\next\dist\compiled\react-server-dom-webpack-experimental\cjs\react-server-dom-webpack-server.node.production.min.js"
"react-server-dom-webpack-server.node.unbundled.development.js","2","C:\valente_conecta\node_modules\next\dist\compiled\react-server-dom-webpack\cjs\react-server-dom-webpack-server.node.unbundled.development.js | C:\valente_conecta\node_modules\next\dist\compiled\react-server-dom-webpack-experimental\cjs\react-server-dom-webpack-server.node.unbundled.development.js"
"react-server-dom-webpack-server.node.unbundled.production.js","2","C:\valente_conecta\node_modules\next\dist\compiled\react-server-dom-webpack\cjs\react-server-dom-webpack-server.node.unbundled.production.js | C:\valente_conecta\node_modules\next\dist\compiled\react-server-dom-webpack-experimental\cjs\react-server-dom-webpack-server.node.unbundled.production.js"
"react-server-dom-webpack-server.node.unbundled.production.min.js","2","C:\valente_conecta\node_modules\next\dist\compiled\react-server-dom-webpack\cjs\react-server-dom-webpack-server.node.unbundled.production.min.js | C:\valente_conecta\node_modules\next\dist\compiled\react-server-dom-webpack-experimental\cjs\react-server-dom-webpack-server.node.unbundled.production.min.js"
"plugin.js","9","C:\valente_conecta\node_modules\next\dist\compiled\react-server-dom-webpack\plugin.js | C:\valente_conecta\node_modules\next\dist\compiled\react-server-dom-webpack-experimental\plugin.js | C:\valente_conecta\node_modules\tailwindcss\lib\cli\build\plugin.js | C:\valente_conecta\node_modules\tailwindcss\lib\postcss-plugins\nesting\plugin.js | C:\valente_conecta\node_modules\tailwindcss\lib\plugin.js | C:\valente_conecta\node_modules\tailwindcss\src\cli\build\plugin.js | C:\valente_conecta\node_modules\tailwindcss\src\postcss-plugins\nesting\plugin.js | C:\valente_conecta\node_modules\tailwindcss\src\plugin.js | C:\valente_conecta\node_modules\tailwindcss\plugin.js"
"scheduler-unstable_mock.development.js","4","C:\valente_conecta\node_modules\next\dist\compiled\scheduler\cjs\scheduler-unstable_mock.development.js | C:\valente_conecta\node_modules\next\dist\compiled\scheduler-experimental\cjs\scheduler-unstable_mock.development.js | C:\valente_conecta\node_modules\scheduler\cjs\scheduler-unstable_mock.development.js | C:\valente_conecta\node_modules\scheduler\umd\scheduler-unstable_mock.development.js"
"scheduler-unstable_mock.production.js","2","C:\valente_conecta\node_modules\next\dist\compiled\scheduler\cjs\scheduler-unstable_mock.production.js | C:\valente_conecta\node_modules\next\dist\compiled\scheduler-experimental\cjs\scheduler-unstable_mock.production.js"
"scheduler-unstable_mock.production.min.js","4","C:\valente_conecta\node_modules\next\dist\compiled\scheduler\cjs\scheduler-unstable_mock.production.min.js | C:\valente_conecta\node_modules\next\dist\compiled\scheduler-experimental\cjs\scheduler-unstable_mock.production.min.js | C:\valente_conecta\node_modules\scheduler\cjs\scheduler-unstable_mock.production.min.js | C:\valente_conecta\node_modules\scheduler\umd\scheduler-unstable_mock.production.min.js"
"scheduler-unstable_post_task.development.js","3","C:\valente_conecta\node_modules\next\dist\compiled\scheduler\cjs\scheduler-unstable_post_task.development.js | C:\valente_conecta\node_modules\next\dist\compiled\scheduler-experimental\cjs\scheduler-unstable_post_task.development.js | C:\valente_conecta\node_modules\scheduler\cjs\scheduler-unstable_post_task.development.js"
"scheduler-unstable_post_task.production.js","2","C:\valente_conecta\node_modules\next\dist\compiled\scheduler\cjs\scheduler-unstable_post_task.production.js | C:\valente_conecta\node_modules\next\dist\compiled\scheduler-experimental\cjs\scheduler-unstable_post_task.production.js"
"scheduler-unstable_post_task.production.min.js","3","C:\valente_conecta\node_modules\next\dist\compiled\scheduler\cjs\scheduler-unstable_post_task.production.min.js | C:\valente_conecta\node_modules\next\dist\compiled\scheduler-experimental\cjs\scheduler-unstable_post_task.production.min.js | C:\valente_conecta\node_modules\scheduler\cjs\scheduler-unstable_post_task.production.min.js"
"scheduler.development.js","4","C:\valente_conecta\node_modules\next\dist\compiled\scheduler\cjs\scheduler.development.js | C:\valente_conecta\node_modules\next\dist\compiled\scheduler-experimental\cjs\scheduler.development.js | C:\valente_conecta\node_modules\scheduler\cjs\scheduler.development.js | C:\valente_conecta\node_modules\scheduler\umd\scheduler.development.js"
"scheduler.native.development.js","2","C:\valente_conecta\node_modules\next\dist\compiled\scheduler\cjs\scheduler.native.development.js | C:\valente_conecta\node_modules\next\dist\compiled\scheduler-experimental\cjs\scheduler.native.development.js"
"scheduler.native.production.js","2","C:\valente_conecta\node_modules\next\dist\compiled\scheduler\cjs\scheduler.native.production.js | C:\valente_conecta\node_modules\next\dist\compiled\scheduler-experimental\cjs\scheduler.native.production.js"
"scheduler.native.production.min.js","2","C:\valente_conecta\node_modules\next\dist\compiled\scheduler\cjs\scheduler.native.production.min.js | C:\valente_conecta\node_modules\next\dist\compiled\scheduler-experimental\cjs\scheduler.native.production.min.js"
"scheduler.production.js","2","C:\valente_conecta\node_modules\next\dist\compiled\scheduler\cjs\scheduler.production.js | C:\valente_conecta\node_modules\next\dist\compiled\scheduler-experimental\cjs\scheduler.production.js"
"scheduler.production.min.js","4","C:\valente_conecta\node_modules\next\dist\compiled\scheduler\cjs\scheduler.production.min.js | C:\valente_conecta\node_modules\next\dist\compiled\scheduler-experimental\cjs\scheduler.production.min.js | C:\valente_conecta\node_modules\scheduler\cjs\scheduler.production.min.js | C:\valente_conecta\node_modules\scheduler\umd\scheduler.production.min.js"
"unstable_mock.js","3","C:\valente_conecta\node_modules\next\dist\compiled\scheduler\unstable_mock.js | C:\valente_conecta\node_modules\next\dist\compiled\scheduler-experimental\unstable_mock.js | C:\valente_conecta\node_modules\scheduler\unstable_mock.js"
"unstable_post_task.js","3","C:\valente_conecta\node_modules\next\dist\compiled\scheduler\unstable_post_task.js | C:\valente_conecta\node_modules\next\dist\compiled\scheduler-experimental\unstable_post_task.js | C:\valente_conecta\node_modules\scheduler\unstable_post_task.js"
"source-map.js","3","C:\valente_conecta\node_modules\next\dist\compiled\source-map\source-map.js | C:\valente_conecta\node_modules\next\dist\compiled\source-map08\source-map.js | C:\valente_conecta\node_modules\source-map-js\source-map.js"
"string_decoder.js","2","C:\valente_conecta\node_modules\next\dist\compiled\string_decoder\string_decoder.js | C:\valente_conecta\node_modules\string_decoder\lib\string_decoder.js"
"main.js","8","C:\valente_conecta\node_modules\next\dist\compiled\timers-browserify\main.js | C:\valente_conecta\node_modules\next\dist\esm\server\lib\squoosh\main.js | C:\valente_conecta\node_modules\next\dist\server\lib\squoosh\main.js | C:\valente_conecta\node_modules\resolve\test\module_dir\zmodules\bbb\main.js | C:\valente_conecta\node_modules\resolve\test\pathfilter\deep_ref\main.js | C:\valente_conecta\node_modules\resolve\test\precedence\aaa\main.js | C:\valente_conecta\node_modules\resolve\test\precedence\bbb\main.js | C:\valente_conecta\node_modules\resolve\test\resolver\without_basedir\main.js"
"create-incremental-cache.js","2","C:\valente_conecta\node_modules\next\dist\esm\export\helpers\create-incremental-cache.js | C:\valente_conecta\node_modules\next\dist\export\helpers\create-incremental-cache.js"
"get-params.js","2","C:\valente_conecta\node_modules\next\dist\esm\export\helpers\get-params.js | C:\valente_conecta\node_modules\next\dist\export\helpers\get-params.js"
"is-dynamic-usage-error.js","2","C:\valente_conecta\node_modules\next\dist\esm\export\helpers\is-dynamic-usage-error.js | C:\valente_conecta\node_modules\next\dist\export\helpers\is-dynamic-usage-error.js"
"is-navigation-signal-error.js","2","C:\valente_conecta\node_modules\next\dist\esm\export\helpers\is-navigation-signal-error.js | C:\valente_conecta\node_modules\next\dist\export\helpers\is-navigation-signal-error.js"
"customFormatter.js","2","C:\valente_conecta\node_modules\next\dist\esm\lib\eslint\customFormatter.js | C:\valente_conecta\node_modules\next\dist\lib\eslint\customFormatter.js"
"getESLintPromptValues.js","2","C:\valente_conecta\node_modules\next\dist\esm\lib\eslint\getESLintPromptValues.js | C:\valente_conecta\node_modules\next\dist\lib\eslint\getESLintPromptValues.js"
"hasEslintConfiguration.js","2","C:\valente_conecta\node_modules\next\dist\esm\lib\eslint\hasEslintConfiguration.js | C:\valente_conecta\node_modules\next\dist\lib\eslint\hasEslintConfiguration.js"
"runLintCheck.js","2","C:\valente_conecta\node_modules\next\dist\esm\lib\eslint\runLintCheck.js | C:\valente_conecta\node_modules\next\dist\lib\eslint\runLintCheck.js"
"writeDefaultConfig.js","2","C:\valente_conecta\node_modules\next\dist\esm\lib\eslint\writeDefaultConfig.js | C:\valente_conecta\node_modules\next\dist\lib\eslint\writeDefaultConfig.js"
"writeOutputFile.js","2","C:\valente_conecta\node_modules\next\dist\esm\lib\eslint\writeOutputFile.js | C:\valente_conecta\node_modules\next\dist\lib\eslint\writeOutputFile.js"
"rename.js","2","C:\valente_conecta\node_modules\next\dist\esm\lib\fs\rename.js | C:\valente_conecta\node_modules\next\dist\lib\fs\rename.js"
"write-atomic.js","2","C:\valente_conecta\node_modules\next\dist\esm\lib\fs\write-atomic.js | C:\valente_conecta\node_modules\next\dist\lib\fs\write-atomic.js"
"get-cache-directory.js","2","C:\valente_conecta\node_modules\next\dist\esm\lib\helpers\get-cache-directory.js | C:\valente_conecta\node_modules\next\dist\lib\helpers\get-cache-directory.js"
"get-npx-command.js","2","C:\valente_conecta\node_modules\next\dist\esm\lib\helpers\get-npx-command.js | C:\valente_conecta\node_modules\next\dist\lib\helpers\get-npx-command.js"
"get-online.js","2","C:\valente_conecta\node_modules\next\dist\esm\lib\helpers\get-online.js | C:\valente_conecta\node_modules\next\dist\lib\helpers\get-online.js"
"get-pkg-manager.js","2","C:\valente_conecta\node_modules\next\dist\esm\lib\helpers\get-pkg-manager.js | C:\valente_conecta\node_modules\next\dist\lib\helpers\get-pkg-manager.js"
"get-registry.js","2","C:\valente_conecta\node_modules\next\dist\esm\lib\helpers\get-registry.js | C:\valente_conecta\node_modules\next\dist\lib\helpers\get-registry.js"
"get-reserved-port.js","2","C:\valente_conecta\node_modules\next\dist\esm\lib\helpers\get-reserved-port.js | C:\valente_conecta\node_modules\next\dist\lib\helpers\get-reserved-port.js"
"install.js","2","C:\valente_conecta\node_modules\next\dist\esm\lib\helpers\install.js | C:\valente_conecta\node_modules\next\dist\lib\helpers\install.js"
"gc-observer.js","2","C:\valente_conecta\node_modules\next\dist\esm\lib\memory\gc-observer.js | C:\valente_conecta\node_modules\next\dist\lib\memory\gc-observer.js"
"shutdown.js","2","C:\valente_conecta\node_modules\next\dist\esm\lib\memory\shutdown.js | C:\valente_conecta\node_modules\next\dist\lib\memory\shutdown.js"
"startup.js","2","C:\valente_conecta\node_modules\next\dist\esm\lib\memory\startup.js | C:\valente_conecta\node_modules\next\dist\lib\memory\startup.js"
"trace.js","3","C:\valente_conecta\node_modules\next\dist\esm\lib\memory\trace.js | C:\valente_conecta\node_modules\next\dist\lib\memory\trace.js | C:\valente_conecta\node_modules\next\dist\trace\trace.js"
"alternate.js","2","C:\valente_conecta\node_modules\next\dist\esm\lib\metadata\generate\alternate.js | C:\valente_conecta\node_modules\next\dist\lib\metadata\generate\alternate.js"
"basic.js","3","C:\valente_conecta\node_modules\next\dist\esm\lib\metadata\generate\basic.js | C:\valente_conecta\node_modules\next\dist\lib\metadata\generate\basic.js | C:\valente_conecta\node_modules\simple-concat\test\basic.js"
"icons.js","4","C:\valente_conecta\node_modules\next\dist\esm\lib\metadata\generate\icons.js | C:\valente_conecta\node_modules\next\dist\esm\lib\metadata\types\icons.js | C:\valente_conecta\node_modules\next\dist\lib\metadata\generate\icons.js | C:\valente_conecta\node_modules\next\dist\lib\metadata\types\icons.js"
"meta.js","2","C:\valente_conecta\node_modules\next\dist\esm\lib\metadata\generate\meta.js | C:\valente_conecta\node_modules\next\dist\lib\metadata\generate\meta.js"
"opengraph.js","2","C:\valente_conecta\node_modules\next\dist\esm\lib\metadata\generate\opengraph.js | C:\valente_conecta\node_modules\next\dist\lib\metadata\generate\opengraph.js"
"resolve-basics.js","2","C:\valente_conecta\node_modules\next\dist\esm\lib\metadata\resolvers\resolve-basics.js | C:\valente_conecta\node_modules\next\dist\lib\metadata\resolvers\resolve-basics.js"
"resolve-icons.js","2","C:\valente_conecta\node_modules\next\dist\esm\lib\metadata\resolvers\resolve-icons.js | C:\valente_conecta\node_modules\next\dist\lib\metadata\resolvers\resolve-icons.js"
"resolve-opengraph.js","2","C:\valente_conecta\node_modules\next\dist\esm\lib\metadata\resolvers\resolve-opengraph.js | C:\valente_conecta\node_modules\next\dist\lib\metadata\resolvers\resolve-opengraph.js"
"resolve-title.js","2","C:\valente_conecta\node_modules\next\dist\esm\lib\metadata\resolvers\resolve-title.js | C:\valente_conecta\node_modules\next\dist\lib\metadata\resolvers\resolve-title.js"
"resolve-url.js","2","C:\valente_conecta\node_modules\next\dist\esm\lib\metadata\resolvers\resolve-url.js | C:\valente_conecta\node_modules\next\dist\lib\metadata\resolvers\resolve-url.js"
"alternative-urls-types.js","2","C:\valente_conecta\node_modules\next\dist\esm\lib\metadata\types\alternative-urls-types.js | C:\valente_conecta\node_modules\next\dist\lib\metadata\types\alternative-urls-types.js"
"extra-types.js","2","C:\valente_conecta\node_modules\next\dist\esm\lib\metadata\types\extra-types.js | C:\valente_conecta\node_modules\next\dist\lib\metadata\types\extra-types.js"
"manifest-types.js","2","C:\valente_conecta\node_modules\next\dist\esm\lib\metadata\types\manifest-types.js | C:\valente_conecta\node_modules\next\dist\lib\metadata\types\manifest-types.js"
"metadata-interface.js","2","C:\valente_conecta\node_modules\next\dist\esm\lib\metadata\types\metadata-interface.js | C:\valente_conecta\node_modules\next\dist\lib\metadata\types\metadata-interface.js"
"metadata-types.js","2","C:\valente_conecta\node_modules\next\dist\esm\lib\metadata\types\metadata-types.js | C:\valente_conecta\node_modules\next\dist\lib\metadata\types\metadata-types.js"
"opengraph-types.js","2","C:\valente_conecta\node_modules\next\dist\esm\lib\metadata\types\opengraph-types.js | C:\valente_conecta\node_modules\next\dist\lib\metadata\types\opengraph-types.js"
"resolvers.js","2","C:\valente_conecta\node_modules\next\dist\esm\lib\metadata\types\resolvers.js | C:\valente_conecta\node_modules\next\dist\lib\metadata\types\resolvers.js"
"twitter-types.js","2","C:\valente_conecta\node_modules\next\dist\esm\lib\metadata\types\twitter-types.js | C:\valente_conecta\node_modules\next\dist\lib\metadata\types\twitter-types.js"
"clone-metadata.js","2","C:\valente_conecta\node_modules\next\dist\esm\lib\metadata\clone-metadata.js | C:\valente_conecta\node_modules\next\dist\lib\metadata\clone-metadata.js"
"default-metadata.js","2","C:\valente_conecta\node_modules\next\dist\esm\lib\metadata\default-metadata.js | C:\valente_conecta\node_modules\next\dist\lib\metadata\default-metadata.js"
"get-metadata-route.js","2","C:\valente_conecta\node_modules\next\dist\esm\lib\metadata\get-metadata-route.js | C:\valente_conecta\node_modules\next\dist\lib\metadata\get-metadata-route.js"
"is-metadata-route.js","2","C:\valente_conecta\node_modules\next\dist\esm\lib\metadata\is-metadata-route.js | C:\valente_conecta\node_modules\next\dist\lib\metadata\is-metadata-route.js"
"resolve-metadata.js","2","C:\valente_conecta\node_modules\next\dist\esm\lib\metadata\resolve-metadata.js | C:\valente_conecta\node_modules\next\dist\lib\metadata\resolve-metadata.js"
"diagnosticFormatter.js","2","C:\valente_conecta\node_modules\next\dist\esm\lib\typescript\diagnosticFormatter.js | C:\valente_conecta\node_modules\next\dist\lib\typescript\diagnosticFormatter.js"
"getTypeScriptConfiguration.js","2","C:\valente_conecta\node_modules\next\dist\esm\lib\typescript\getTypeScriptConfiguration.js | C:\valente_conecta\node_modules\next\dist\lib\typescript\getTypeScriptConfiguration.js"
"getTypeScriptIntent.js","2","C:\valente_conecta\node_modules\next\dist\esm\lib\typescript\getTypeScriptIntent.js | C:\valente_conecta\node_modules\next\dist\lib\typescript\getTypeScriptIntent.js"
"missingDependencyError.js","2","C:\valente_conecta\node_modules\next\dist\esm\lib\typescript\missingDependencyError.js | C:\valente_conecta\node_modules\next\dist\lib\typescript\missingDependencyError.js"
"runTypeCheck.js","2","C:\valente_conecta\node_modules\next\dist\esm\lib\typescript\runTypeCheck.js | C:\valente_conecta\node_modules\next\dist\lib\typescript\runTypeCheck.js"
"writeAppTypeDeclarations.js","2","C:\valente_conecta\node_modules\next\dist\esm\lib\typescript\writeAppTypeDeclarations.js | C:\valente_conecta\node_modules\next\dist\lib\typescript\writeAppTypeDeclarations.js"
"writeConfigurationDefaults.js","2","C:\valente_conecta\node_modules\next\dist\esm\lib\typescript\writeConfigurationDefaults.js | C:\valente_conecta\node_modules\next\dist\lib\typescript\writeConfigurationDefaults.js"
"batcher.js","2","C:\valente_conecta\node_modules\next\dist\esm\lib\batcher.js | C:\valente_conecta\node_modules\next\dist\lib\batcher.js"
"build-custom-route.js","2","C:\valente_conecta\node_modules\next\dist\esm\lib\build-custom-route.js | C:\valente_conecta\node_modules\next\dist\lib\build-custom-route.js"
"client-reference.js","2","C:\valente_conecta\node_modules\next\dist\esm\lib\client-reference.js | C:\valente_conecta\node_modules\next\dist\lib\client-reference.js"
"coalesced-function.js","2","C:\valente_conecta\node_modules\next\dist\esm\lib\coalesced-function.js | C:\valente_conecta\node_modules\next\dist\lib\coalesced-function.js"
"compile-error.js","2","C:\valente_conecta\node_modules\next\dist\esm\lib\compile-error.js | C:\valente_conecta\node_modules\next\dist\lib\compile-error.js"
"create-client-router-filter.js","2","C:\valente_conecta\node_modules\next\dist\esm\lib\create-client-router-filter.js | C:\valente_conecta\node_modules\next\dist\lib\create-client-router-filter.js"
"detached-promise.js","2","C:\valente_conecta\node_modules\next\dist\esm\lib\detached-promise.js | C:\valente_conecta\node_modules\next\dist\lib\detached-promise.js"
"detect-typo.js","2","C:\valente_conecta\node_modules\next\dist\esm\lib\detect-typo.js | C:\valente_conecta\node_modules\next\dist\lib\detect-typo.js"
"download-swc.js","2","C:\valente_conecta\node_modules\next\dist\esm\lib\download-swc.js | C:\valente_conecta\node_modules\next\dist\lib\download-swc.js"
"fatal-error.js","2","C:\valente_conecta\node_modules\next\dist\esm\lib\fatal-error.js | C:\valente_conecta\node_modules\next\dist\lib\fatal-error.js"
"file-exists.js","2","C:\valente_conecta\node_modules\next\dist\esm\lib\file-exists.js | C:\valente_conecta\node_modules\next\dist\lib\file-exists.js"
"find-config.js","2","C:\valente_conecta\node_modules\next\dist\esm\lib\find-config.js | C:\valente_conecta\node_modules\next\dist\lib\find-config.js"
"find-pages-dir.js","2","C:\valente_conecta\node_modules\next\dist\esm\lib\find-pages-dir.js | C:\valente_conecta\node_modules\next\dist\lib\find-pages-dir.js"
"find-root.js","2","C:\valente_conecta\node_modules\next\dist\esm\lib\find-root.js | C:\valente_conecta\node_modules\next\dist\lib\find-root.js"
"format-cli-help-output.js","2","C:\valente_conecta\node_modules\next\dist\esm\lib\format-cli-help-output.js | C:\valente_conecta\node_modules\next\dist\lib\format-cli-help-output.js"
"format-dynamic-import-path.js","2","C:\valente_conecta\node_modules\next\dist\esm\lib\format-dynamic-import-path.js | C:\valente_conecta\node_modules\next\dist\lib\format-dynamic-import-path.js"
"format-server-error.js","2","C:\valente_conecta\node_modules\next\dist\esm\lib\format-server-error.js | C:\valente_conecta\node_modules\next\dist\lib\format-server-error.js"
"generate-interception-routes-rewrites.js","2","C:\valente_conecta\node_modules\next\dist\esm\lib\generate-interception-routes-rewrites.js | C:\valente_conecta\node_modules\next\dist\lib\generate-interception-routes-rewrites.js"
"get-files-in-dir.js","2","C:\valente_conecta\node_modules\next\dist\esm\lib\get-files-in-dir.js | C:\valente_conecta\node_modules\next\dist\lib\get-files-in-dir.js"
"get-package-version.js","2","C:\valente_conecta\node_modules\next\dist\esm\lib\get-package-version.js | C:\valente_conecta\node_modules\next\dist\lib\get-package-version.js"
"get-project-dir.js","2","C:\valente_conecta\node_modules\next\dist\esm\lib\get-project-dir.js | C:\valente_conecta\node_modules\next\dist\lib\get-project-dir.js"
"has-necessary-dependencies.js","2","C:\valente_conecta\node_modules\next\dist\esm\lib\has-necessary-dependencies.js | C:\valente_conecta\node_modules\next\dist\lib\has-necessary-dependencies.js"
"import-next-warning.js","2","C:\valente_conecta\node_modules\next\dist\esm\lib\import-next-warning.js | C:\valente_conecta\node_modules\next\dist\lib\import-next-warning.js"
"install-dependencies.js","2","C:\valente_conecta\node_modules\next\dist\esm\lib\install-dependencies.js | C:\valente_conecta\node_modules\next\dist\lib\install-dependencies.js"
"interop-default.js","4","C:\valente_conecta\node_modules\next\dist\esm\lib\interop-default.js | C:\valente_conecta\node_modules\next\dist\esm\server\app-render\interop-default.js | C:\valente_conecta\node_modules\next\dist\lib\interop-default.js | C:\valente_conecta\node_modules\next\dist\server\app-render\interop-default.js"
"is-api-route.js","2","C:\valente_conecta\node_modules\next\dist\esm\lib\is-api-route.js | C:\valente_conecta\node_modules\next\dist\lib\is-api-route.js"
"is-app-page-route.js","2","C:\valente_conecta\node_modules\next\dist\esm\lib\is-app-page-route.js | C:\valente_conecta\node_modules\next\dist\lib\is-app-page-route.js"
"is-app-route-route.js","2","C:\valente_conecta\node_modules\next\dist\esm\lib\is-app-route-route.js | C:\valente_conecta\node_modules\next\dist\lib\is-app-route-route.js"
"is-edge-runtime.js","2","C:\valente_conecta\node_modules\next\dist\esm\lib\is-edge-runtime.js | C:\valente_conecta\node_modules\next\dist\lib\is-edge-runtime.js"
"is-internal-component.js","2","C:\valente_conecta\node_modules\next\dist\esm\lib\is-internal-component.js | C:\valente_conecta\node_modules\next\dist\lib\is-internal-component.js"
"is-serializable-props.js","2","C:\valente_conecta\node_modules\next\dist\esm\lib\is-serializable-props.js | C:\valente_conecta\node_modules\next\dist\lib\is-serializable-props.js"
"load-custom-routes.js","2","C:\valente_conecta\node_modules\next\dist\esm\lib\load-custom-routes.js | C:\valente_conecta\node_modules\next\dist\lib\load-custom-routes.js"
"mime-type.js","2","C:\valente_conecta\node_modules\next\dist\esm\lib\mime-type.js | C:\valente_conecta\node_modules\next\dist\lib\mime-type.js"
"mkcert.js","2","C:\valente_conecta\node_modules\next\dist\esm\lib\mkcert.js | C:\valente_conecta\node_modules\next\dist\lib\mkcert.js"
"needs-experimental-react.js","2","C:\valente_conecta\node_modules\next\dist\esm\lib\needs-experimental-react.js | C:\valente_conecta\node_modules\next\dist\lib\needs-experimental-react.js"
"non-nullable.js","2","C:\valente_conecta\node_modules\next\dist\esm\lib\non-nullable.js | C:\valente_conecta\node_modules\next\dist\lib\non-nullable.js"
"oxford-comma-list.js","2","C:\valente_conecta\node_modules\next\dist\esm\lib\oxford-comma-list.js | C:\valente_conecta\node_modules\next\dist\lib\oxford-comma-list.js"
"page-types.js","2","C:\valente_conecta\node_modules\next\dist\esm\lib\page-types.js | C:\valente_conecta\node_modules\next\dist\lib\page-types.js"
"patch-incorrect-lockfile.js","2","C:\valente_conecta\node_modules\next\dist\esm\lib\patch-incorrect-lockfile.js | C:\valente_conecta\node_modules\next\dist\lib\patch-incorrect-lockfile.js"
"picocolors.js","3","C:\valente_conecta\node_modules\next\dist\esm\lib\picocolors.js | C:\valente_conecta\node_modules\next\dist\lib\picocolors.js | C:\valente_conecta\node_modules\picocolors\picocolors.js"
"pretty-bytes.js","2","C:\valente_conecta\node_modules\next\dist\esm\lib\pretty-bytes.js | C:\valente_conecta\node_modules\next\dist\lib\pretty-bytes.js"
"realpath.js","2","C:\valente_conecta\node_modules\next\dist\esm\lib\realpath.js | C:\valente_conecta\node_modules\next\dist\lib\realpath.js"
"recursive-copy.js","2","C:\valente_conecta\node_modules\next\dist\esm\lib\recursive-copy.js | C:\valente_conecta\node_modules\next\dist\lib\recursive-copy.js"
"recursive-delete.js","2","C:\valente_conecta\node_modules\next\dist\esm\lib\recursive-delete.js | C:\valente_conecta\node_modules\next\dist\lib\recursive-delete.js"
"recursive-readdir.js","2","C:\valente_conecta\node_modules\next\dist\esm\lib\recursive-readdir.js | C:\valente_conecta\node_modules\next\dist\lib\recursive-readdir.js"
"redirect-status.js","2","C:\valente_conecta\node_modules\next\dist\esm\lib\redirect-status.js | C:\valente_conecta\node_modules\next\dist\lib\redirect-status.js"
"resolve-from.js","2","C:\valente_conecta\node_modules\next\dist\esm\lib\resolve-from.js | C:\valente_conecta\node_modules\next\dist\lib\resolve-from.js"
"scheduler.js","2","C:\valente_conecta\node_modules\next\dist\esm\lib\scheduler.js | C:\valente_conecta\node_modules\next\dist\lib\scheduler.js"
"semver-noop.js","2","C:\valente_conecta\node_modules\next\dist\esm\lib\semver-noop.js | C:\valente_conecta\node_modules\next\dist\lib\semver-noop.js"
"setup-exception-listeners.js","2","C:\valente_conecta\node_modules\next\dist\esm\lib\setup-exception-listeners.js | C:\valente_conecta\node_modules\next\dist\lib\setup-exception-listeners.js"
"try-to-parse-path.js","2","C:\valente_conecta\node_modules\next\dist\esm\lib\try-to-parse-path.js | C:\valente_conecta\node_modules\next\dist\lib\try-to-parse-path.js"
"turbopack-warning.js","2","C:\valente_conecta\node_modules\next\dist\esm\lib\turbopack-warning.js | C:\valente_conecta\node_modules\next\dist\lib\turbopack-warning.js"
"verify-partytown-setup.js","2","C:\valente_conecta\node_modules\next\dist\esm\lib\verify-partytown-setup.js | C:\valente_conecta\node_modules\next\dist\lib\verify-partytown-setup.js"
"verify-root-layout.js","2","C:\valente_conecta\node_modules\next\dist\esm\lib\verify-root-layout.js | C:\valente_conecta\node_modules\next\dist\lib\verify-root-layout.js"
"verify-typescript-setup.js","2","C:\valente_conecta\node_modules\next\dist\esm\lib\verify-typescript-setup.js | C:\valente_conecta\node_modules\next\dist\lib\verify-typescript-setup.js"
"verifyAndLint.js","2","C:\valente_conecta\node_modules\next\dist\esm\lib\verifyAndLint.js | C:\valente_conecta\node_modules\next\dist\lib\verifyAndLint.js"
"wait.js","2","C:\valente_conecta\node_modules\next\dist\esm\lib\wait.js | C:\valente_conecta\node_modules\next\dist\lib\wait.js"
"with-promise-cache.js","2","C:\valente_conecta\node_modules\next\dist\esm\lib\with-promise-cache.js | C:\valente_conecta\node_modules\next\dist\lib\with-promise-cache.js"
"_app.js","2","C:\valente_conecta\node_modules\next\dist\esm\pages\_app.js | C:\valente_conecta\node_modules\next\dist\pages\_app.js"
"_document.js","2","C:\valente_conecta\node_modules\next\dist\esm\pages\_document.js | C:\valente_conecta\node_modules\next\dist\pages\_document.js"
"_error.js","4","C:\valente_conecta\node_modules\next\dist\esm\pages\_error.js | C:\valente_conecta\node_modules\next\dist\esm\server\future\route-modules\pages\builtin\_error.js | C:\valente_conecta\node_modules\next\dist\pages\_error.js | C:\valente_conecta\node_modules\next\dist\server\future\route-modules\pages\builtin\_error.js"
"api-resolver.js","2","C:\valente_conecta\node_modules\next\dist\esm\server\api-utils\node\api-resolver.js | C:\valente_conecta\node_modules\next\dist\server\api-utils\node\api-resolver.js"
"parse-body.js","2","C:\valente_conecta\node_modules\next\dist\esm\server\api-utils\node\parse-body.js | C:\valente_conecta\node_modules\next\dist\server\api-utils\node\parse-body.js"
"try-get-preview-data.js","2","C:\valente_conecta\node_modules\next\dist\esm\server\api-utils\node\try-get-preview-data.js | C:\valente_conecta\node_modules\next\dist\server\api-utils\node\try-get-preview-data.js"
"get-cookie-parser.js","2","C:\valente_conecta\node_modules\next\dist\esm\server\api-utils\get-cookie-parser.js | C:\valente_conecta\node_modules\next\dist\server\api-utils\get-cookie-parser.js"
"web.js","6","C:\valente_conecta\node_modules\next\dist\esm\server\api-utils\web.js | C:\valente_conecta\node_modules\next\dist\esm\server\base-http\web.js | C:\valente_conecta\node_modules\next\dist\esm\server\response-cache\web.js | C:\valente_conecta\node_modules\next\dist\server\api-utils\web.js | C:\valente_conecta\node_modules\next\dist\server\base-http\web.js | C:\valente_conecta\node_modules\next\dist\server\response-cache\web.js"
"postpone.js","2","C:\valente_conecta\node_modules\next\dist\esm\server\app-render\rsc\postpone.js | C:\valente_conecta\node_modules\next\dist\server\app-render\rsc\postpone.js"
"preloads.js","2","C:\valente_conecta\node_modules\next\dist\esm\server\app-render\rsc\preloads.js | C:\valente_conecta\node_modules\next\dist\server\app-render\rsc\preloads.js"
"taint.js","2","C:\valente_conecta\node_modules\next\dist\esm\server\app-render\rsc\taint.js | C:\valente_conecta\node_modules\next\dist\server\app-render\rsc\taint.js"
"static-renderer.js","2","C:\valente_conecta\node_modules\next\dist\esm\server\app-render\static\static-renderer.js | C:\valente_conecta\node_modules\next\dist\server\app-render\static\static-renderer.js"
"action-handler.js","2","C:\valente_conecta\node_modules\next\dist\esm\server\app-render\action-handler.js | C:\valente_conecta\node_modules\next\dist\server\app-render\action-handler.js"
"action-utils.js","2","C:\valente_conecta\node_modules\next\dist\esm\server\app-render\action-utils.js | C:\valente_conecta\node_modules\next\dist\server\app-render\action-utils.js"
"app-render.js","2","C:\valente_conecta\node_modules\next\dist\esm\server\app-render\app-render.js | C:\valente_conecta\node_modules\next\dist\server\app-render\app-render.js"
"create-component-styles-and-scripts.js","2","C:\valente_conecta\node_modules\next\dist\esm\server\app-render\create-component-styles-and-scripts.js | C:\valente_conecta\node_modules\next\dist\server\app-render\create-component-styles-and-scripts.js"
"create-component-tree.js","2","C:\valente_conecta\node_modules\next\dist\esm\server\app-render\create-component-tree.js | C:\valente_conecta\node_modules\next\dist\server\app-render\create-component-tree.js"
"create-error-handler.js","2","C:\valente_conecta\node_modules\next\dist\esm\server\app-render\create-error-handler.js | C:\valente_conecta\node_modules\next\dist\server\app-render\create-error-handler.js"
"create-flight-router-state-from-loader-tree.js","2","C:\valente_conecta\node_modules\next\dist\esm\server\app-render\create-flight-router-state-from-loader-tree.js | C:\valente_conecta\node_modules\next\dist\server\app-render\create-flight-router-state-from-loader-tree.js"
"csrf-protection.js","2","C:\valente_conecta\node_modules\next\dist\esm\server\app-render\csrf-protection.js | C:\valente_conecta\node_modules\next\dist\server\app-render\csrf-protection.js"
"dynamic-rendering.js","2","C:\valente_conecta\node_modules\next\dist\esm\server\app-render\dynamic-rendering.js | C:\valente_conecta\node_modules\next\dist\server\app-render\dynamic-rendering.js"
"encryption-utils.js","2","C:\valente_conecta\node_modules\next\dist\esm\server\app-render\encryption-utils.js | C:\valente_conecta\node_modules\next\dist\server\app-render\encryption-utils.js"
"encryption.js","2","C:\valente_conecta\node_modules\next\dist\esm\server\app-render\encryption.js | C:\valente_conecta\node_modules\next\dist\server\app-render\encryption.js"
"entry-base.js","2","C:\valente_conecta\node_modules\next\dist\esm\server\app-render\entry-base.js | C:\valente_conecta\node_modules\next\dist\server\app-render\entry-base.js"
"flight-render-result.js","2","C:\valente_conecta\node_modules\next\dist\esm\server\app-render\flight-render-result.js | C:\valente_conecta\node_modules\next\dist\server\app-render\flight-render-result.js"
"get-asset-query-string.js","2","C:\valente_conecta\node_modules\next\dist\esm\server\app-render\get-asset-query-string.js | C:\valente_conecta\node_modules\next\dist\server\app-render\get-asset-query-string.js"
"get-css-inlined-link-tags.js","2","C:\valente_conecta\node_modules\next\dist\esm\server\app-render\get-css-inlined-link-tags.js | C:\valente_conecta\node_modules\next\dist\server\app-render\get-css-inlined-link-tags.js"
"get-layer-assets.js","2","C:\valente_conecta\node_modules\next\dist\esm\server\app-render\get-layer-assets.js | C:\valente_conecta\node_modules\next\dist\server\app-render\get-layer-assets.js"
"get-preloadable-fonts.js","2","C:\valente_conecta\node_modules\next\dist\esm\server\app-render\get-preloadable-fonts.js | C:\valente_conecta\node_modules\next\dist\server\app-render\get-preloadable-fonts.js"
"get-script-nonce-from-header.js","2","C:\valente_conecta\node_modules\next\dist\esm\server\app-render\get-script-nonce-from-header.js | C:\valente_conecta\node_modules\next\dist\server\app-render\get-script-nonce-from-header.js"
"get-segment-param.js","2","C:\valente_conecta\node_modules\next\dist\esm\server\app-render\get-segment-param.js | C:\valente_conecta\node_modules\next\dist\server\app-render\get-segment-param.js"
"get-short-dynamic-param-type.js","2","C:\valente_conecta\node_modules\next\dist\esm\server\app-render\get-short-dynamic-param-type.js | C:\valente_conecta\node_modules\next\dist\server\app-render\get-short-dynamic-param-type.js"
"has-loading-component-in-tree.js","2","C:\valente_conecta\node_modules\next\dist\esm\server\app-render\has-loading-component-in-tree.js | C:\valente_conecta\node_modules\next\dist\server\app-render\has-loading-component-in-tree.js"
"make-get-server-inserted-html.js","2","C:\valente_conecta\node_modules\next\dist\esm\server\app-render\make-get-server-inserted-html.js | C:\valente_conecta\node_modules\next\dist\server\app-render\make-get-server-inserted-html.js"
"parse-and-validate-flight-router-state.js","2","C:\valente_conecta\node_modules\next\dist\esm\server\app-render\parse-and-validate-flight-router-state.js | C:\valente_conecta\node_modules\next\dist\server\app-render\parse-and-validate-flight-router-state.js"
"parse-loader-tree.js","2","C:\valente_conecta\node_modules\next\dist\esm\server\app-render\parse-loader-tree.js | C:\valente_conecta\node_modules\next\dist\server\app-render\parse-loader-tree.js"
"react-server.node.js","2","C:\valente_conecta\node_modules\next\dist\esm\server\app-render\react-server.node.js | C:\valente_conecta\node_modules\next\dist\server\app-render\react-server.node.js"
"render-to-string.js","2","C:\valente_conecta\node_modules\next\dist\esm\server\app-render\render-to-string.js | C:\valente_conecta\node_modules\next\dist\server\app-render\render-to-string.js"
"required-scripts.js","2","C:\valente_conecta\node_modules\next\dist\esm\server\app-render\required-scripts.js | C:\valente_conecta\node_modules\next\dist\server\app-render\required-scripts.js"
"server-inserted-html.js","6","C:\valente_conecta\node_modules\next\dist\esm\server\app-render\server-inserted-html.js | C:\valente_conecta\node_modules\next\dist\esm\server\future\route-modules\app-page\vendored\contexts\server-inserted-html.js | C:\valente_conecta\node_modules\next\dist\esm\server\future\route-modules\pages\vendored\contexts\server-inserted-html.js | C:\valente_conecta\node_modules\next\dist\server\app-render\server-inserted-html.js | C:\valente_conecta\node_modules\next\dist\server\future\route-modules\app-page\vendored\contexts\server-inserted-html.js | C:\valente_conecta\node_modules\next\dist\server\future\route-modules\pages\vendored\contexts\server-inserted-html.js"
"strip-flight-headers.js","2","C:\valente_conecta\node_modules\next\dist\esm\server\app-render\strip-flight-headers.js | C:\valente_conecta\node_modules\next\dist\server\app-render\strip-flight-headers.js"
"use-flight-response.js","2","C:\valente_conecta\node_modules\next\dist\esm\server\app-render\use-flight-response.js | C:\valente_conecta\node_modules\next\dist\server\app-render\use-flight-response.js"
"validate-url.js","2","C:\valente_conecta\node_modules\next\dist\esm\server\app-render\validate-url.js | C:\valente_conecta\node_modules\next\dist\server\app-render\validate-url.js"
"walk-tree-with-flight-router-state.js","2","C:\valente_conecta\node_modules\next\dist\esm\server\app-render\walk-tree-with-flight-router-state.js | C:\valente_conecta\node_modules\next\dist\server\app-render\walk-tree-with-flight-router-state.js"
"async-storage-wrapper.js","2","C:\valente_conecta\node_modules\next\dist\esm\server\async-storage\async-storage-wrapper.js | C:\valente_conecta\node_modules\next\dist\server\async-storage\async-storage-wrapper.js"
"draft-mode-provider.js","2","C:\valente_conecta\node_modules\next\dist\esm\server\async-storage\draft-mode-provider.js | C:\valente_conecta\node_modules\next\dist\server\async-storage\draft-mode-provider.js"
"request-async-storage-wrapper.js","2","C:\valente_conecta\node_modules\next\dist\esm\server\async-storage\request-async-storage-wrapper.js | C:\valente_conecta\node_modules\next\dist\server\async-storage\request-async-storage-wrapper.js"
"static-generation-async-storage-wrapper.js","2","C:\valente_conecta\node_modules\next\dist\esm\server\async-storage\static-generation-async-storage-wrapper.js | C:\valente_conecta\node_modules\next\dist\server\async-storage\static-generation-async-storage-wrapper.js"
"entry-key.js","2","C:\valente_conecta\node_modules\next\dist\esm\server\dev\turbopack\entry-key.js | C:\valente_conecta\node_modules\next\dist\server\dev\turbopack\entry-key.js"
"manifest-loader.js","4","C:\valente_conecta\node_modules\next\dist\esm\server\dev\turbopack\manifest-loader.js | C:\valente_conecta\node_modules\next\dist\esm\server\future\route-matcher-providers\helpers\manifest-loaders\manifest-loader.js | C:\valente_conecta\node_modules\next\dist\server\dev\turbopack\manifest-loader.js | C:\valente_conecta\node_modules\next\dist\server\future\route-matcher-providers\helpers\manifest-loaders\manifest-loader.js"
"extract-modules-from-turbopack-message.js","2","C:\valente_conecta\node_modules\next\dist\esm\server\dev\extract-modules-from-turbopack-message.js | C:\valente_conecta\node_modules\next\dist\server\dev\extract-modules-from-turbopack-message.js"
"hot-middleware.js","2","C:\valente_conecta\node_modules\next\dist\esm\server\dev\hot-middleware.js | C:\valente_conecta\node_modules\next\dist\server\dev\hot-middleware.js"
"hot-reloader-turbopack.js","2","C:\valente_conecta\node_modules\next\dist\esm\server\dev\hot-reloader-turbopack.js | C:\valente_conecta\node_modules\next\dist\server\dev\hot-reloader-turbopack.js"
"hot-reloader-types.js","2","C:\valente_conecta\node_modules\next\dist\esm\server\dev\hot-reloader-types.js | C:\valente_conecta\node_modules\next\dist\server\dev\hot-reloader-types.js"
"hot-reloader-webpack.js","2","C:\valente_conecta\node_modules\next\dist\esm\server\dev\hot-reloader-webpack.js | C:\valente_conecta\node_modules\next\dist\server\dev\hot-reloader-webpack.js"
"log-app-dir-error.js","2","C:\valente_conecta\node_modules\next\dist\esm\server\dev\log-app-dir-error.js | C:\valente_conecta\node_modules\next\dist\server\dev\log-app-dir-error.js"
"next-dev-server.js","2","C:\valente_conecta\node_modules\next\dist\esm\server\dev\next-dev-server.js | C:\valente_conecta\node_modules\next\dist\server\dev\next-dev-server.js"
"on-demand-entry-handler.js","2","C:\valente_conecta\node_modules\next\dist\esm\server\dev\on-demand-entry-handler.js | C:\valente_conecta\node_modules\next\dist\server\dev\on-demand-entry-handler.js"
"parse-version-info.js","2","C:\valente_conecta\node_modules\next\dist\esm\server\dev\parse-version-info.js | C:\valente_conecta\node_modules\next\dist\server\dev\parse-version-info.js"
"static-paths-worker.js","2","C:\valente_conecta\node_modules\next\dist\esm\server\dev\static-paths-worker.js | C:\valente_conecta\node_modules\next\dist\server\dev\static-paths-worker.js"
"turbopack-utils.js","2","C:\valente_conecta\node_modules\next\dist\esm\server\dev\turbopack-utils.js | C:\valente_conecta\node_modules\next\dist\server\dev\turbopack-utils.js"
"module-loader.js","2","C:\valente_conecta\node_modules\next\dist\esm\server\future\helpers\module-loader\module-loader.js | C:\valente_conecta\node_modules\next\dist\server\future\helpers\module-loader\module-loader.js"
"node-module-loader.js","2","C:\valente_conecta\node_modules\next\dist\esm\server\future\helpers\module-loader\node-module-loader.js | C:\valente_conecta\node_modules\next\dist\server\future\helpers\module-loader\node-module-loader.js"
"route-module-loader.js","2","C:\valente_conecta\node_modules\next\dist\esm\server\future\helpers\module-loader\route-module-loader.js | C:\valente_conecta\node_modules\next\dist\server\future\helpers\module-loader\route-module-loader.js"
"i18n-provider.js","2","C:\valente_conecta\node_modules\next\dist\esm\server\future\helpers\i18n-provider.js | C:\valente_conecta\node_modules\next\dist\server\future\helpers\i18n-provider.js"
"interception-routes.js","2","C:\valente_conecta\node_modules\next\dist\esm\server\future\helpers\interception-routes.js | C:\valente_conecta\node_modules\next\dist\server\future\helpers\interception-routes.js"
"app-bundle-path-normalizer.js","2","C:\valente_conecta\node_modules\next\dist\esm\server\future\normalizers\built\app\app-bundle-path-normalizer.js | C:\valente_conecta\node_modules\next\dist\server\future\normalizers\built\app\app-bundle-path-normalizer.js"
"app-filename-normalizer.js","2","C:\valente_conecta\node_modules\next\dist\esm\server\future\normalizers\built\app\app-filename-normalizer.js | C:\valente_conecta\node_modules\next\dist\server\future\normalizers\built\app\app-filename-normalizer.js"
"app-page-normalizer.js","2","C:\valente_conecta\node_modules\next\dist\esm\server\future\normalizers\built\app\app-page-normalizer.js | C:\valente_conecta\node_modules\next\dist\server\future\normalizers\built\app\app-page-normalizer.js"
"app-pathname-normalizer.js","2","C:\valente_conecta\node_modules\next\dist\esm\server\future\normalizers\built\app\app-pathname-normalizer.js | C:\valente_conecta\node_modules\next\dist\server\future\normalizers\built\app\app-pathname-normalizer.js"
"pages-bundle-path-normalizer.js","2","C:\valente_conecta\node_modules\next\dist\esm\server\future\normalizers\built\pages\pages-bundle-path-normalizer.js | C:\valente_conecta\node_modules\next\dist\server\future\normalizers\built\pages\pages-bundle-path-normalizer.js"
"pages-filename-normalizer.js","2","C:\valente_conecta\node_modules\next\dist\esm\server\future\normalizers\built\pages\pages-filename-normalizer.js | C:\valente_conecta\node_modules\next\dist\server\future\normalizers\built\pages\pages-filename-normalizer.js"
"pages-page-normalizer.js","2","C:\valente_conecta\node_modules\next\dist\esm\server\future\normalizers\built\pages\pages-page-normalizer.js | C:\valente_conecta\node_modules\next\dist\server\future\normalizers\built\pages\pages-page-normalizer.js"
"pages-pathname-normalizer.js","2","C:\valente_conecta\node_modules\next\dist\esm\server\future\normalizers\built\pages\pages-pathname-normalizer.js | C:\valente_conecta\node_modules\next\dist\server\future\normalizers\built\pages\pages-pathname-normalizer.js"
"action.js","2","C:\valente_conecta\node_modules\next\dist\esm\server\future\normalizers\request\action.js | C:\valente_conecta\node_modules\next\dist\server\future\normalizers\request\action.js"
"base-path.js","2","C:\valente_conecta\node_modules\next\dist\esm\server\future\normalizers\request\base-path.js | C:\valente_conecta\node_modules\next\dist\server\future\normalizers\request\base-path.js"
"next-data.js","2","C:\valente_conecta\node_modules\next\dist\esm\server\future\normalizers\request\next-data.js | C:\valente_conecta\node_modules\next\dist\server\future\normalizers\request\next-data.js"
"pathname-normalizer.js","2","C:\valente_conecta\node_modules\next\dist\esm\server\future\normalizers\request\pathname-normalizer.js | C:\valente_conecta\node_modules\next\dist\server\future\normalizers\request\pathname-normalizer.js"
"postponed.js","2","C:\valente_conecta\node_modules\next\dist\esm\server\future\normalizers\request\postponed.js | C:\valente_conecta\node_modules\next\dist\server\future\normalizers\request\postponed.js"
"prefetch-rsc.js","2","C:\valente_conecta\node_modules\next\dist\esm\server\future\normalizers\request\prefetch-rsc.js | C:\valente_conecta\node_modules\next\dist\server\future\normalizers\request\prefetch-rsc.js"
"prefix.js","2","C:\valente_conecta\node_modules\next\dist\esm\server\future\normalizers\request\prefix.js | C:\valente_conecta\node_modules\next\dist\server\future\normalizers\request\prefix.js"
"rsc.js","2","C:\valente_conecta\node_modules\next\dist\esm\server\future\normalizers\request\rsc.js | C:\valente_conecta\node_modules\next\dist\server\future\normalizers\request\rsc.js"
"suffix.js","2","C:\valente_conecta\node_modules\next\dist\esm\server\future\normalizers\request\suffix.js | C:\valente_conecta\node_modules\next\dist\server\future\normalizers\request\suffix.js"
"absolute-filename-normalizer.js","2","C:\valente_conecta\node_modules\next\dist\esm\server\future\normalizers\absolute-filename-normalizer.js | C:\valente_conecta\node_modules\next\dist\server\future\normalizers\absolute-filename-normalizer.js"
"locale-route-normalizer.js","2","C:\valente_conecta\node_modules\next\dist\esm\server\future\normalizers\locale-route-normalizer.js | C:\valente_conecta\node_modules\next\dist\server\future\normalizers\locale-route-normalizer.js"
"normalizer.js","2","C:\valente_conecta\node_modules\next\dist\esm\server\future\normalizers\normalizer.js | C:\valente_conecta\node_modules\next\dist\server\future\normalizers\normalizer.js"
"normalizers.js","2","C:\valente_conecta\node_modules\next\dist\esm\server\future\normalizers\normalizers.js | C:\valente_conecta\node_modules\next\dist\server\future\normalizers\normalizers.js"
"prefixing-normalizer.js","2","C:\valente_conecta\node_modules\next\dist\esm\server\future\normalizers\prefixing-normalizer.js | C:\valente_conecta\node_modules\next\dist\server\future\normalizers\prefixing-normalizer.js"
"underscore-normalizer.js","2","C:\valente_conecta\node_modules\next\dist\esm\server\future\normalizers\underscore-normalizer.js | C:\valente_conecta\node_modules\next\dist\server\future\normalizers\underscore-normalizer.js"
"wrap-normalizer-fn.js","2","C:\valente_conecta\node_modules\next\dist\esm\server\future\normalizers\wrap-normalizer-fn.js | C:\valente_conecta\node_modules\next\dist\server\future\normalizers\wrap-normalizer-fn.js"
"app-page-route-definition.js","2","C:\valente_conecta\node_modules\next\dist\esm\server\future\route-definitions\app-page-route-definition.js | C:\valente_conecta\node_modules\next\dist\server\future\route-definitions\app-page-route-definition.js"
"app-route-route-definition.js","2","C:\valente_conecta\node_modules\next\dist\esm\server\future\route-definitions\app-route-route-definition.js | C:\valente_conecta\node_modules\next\dist\server\future\route-definitions\app-route-route-definition.js"
"locale-route-definition.js","2","C:\valente_conecta\node_modules\next\dist\esm\server\future\route-definitions\locale-route-definition.js | C:\valente_conecta\node_modules\next\dist\server\future\route-definitions\locale-route-definition.js"
"pages-api-route-definition.js","2","C:\valente_conecta\node_modules\next\dist\esm\server\future\route-definitions\pages-api-route-definition.js | C:\valente_conecta\node_modules\next\dist\server\future\route-definitions\pages-api-route-definition.js"
"pages-route-definition.js","2","C:\valente_conecta\node_modules\next\dist\esm\server\future\route-definitions\pages-route-definition.js | C:\valente_conecta\node_modules\next\dist\server\future\route-definitions\pages-route-definition.js"
"route-definition.js","2","C:\valente_conecta\node_modules\next\dist\esm\server\future\route-definitions\route-definition.js | C:\valente_conecta\node_modules\next\dist\server\future\route-definitions\route-definition.js"
"default-route-matcher-manager.js","2","C:\valente_conecta\node_modules\next\dist\esm\server\future\route-matcher-managers\default-route-matcher-manager.js | C:\valente_conecta\node_modules\next\dist\server\future\route-matcher-managers\default-route-matcher-manager.js"
"dev-route-matcher-manager.js","2","C:\valente_conecta\node_modules\next\dist\esm\server\future\route-matcher-managers\dev-route-matcher-manager.js | C:\valente_conecta\node_modules\next\dist\server\future\route-matcher-managers\dev-route-matcher-manager.js"
"route-matcher-manager.js","2","C:\valente_conecta\node_modules\next\dist\esm\server\future\route-matcher-managers\route-matcher-manager.js | C:\valente_conecta\node_modules\next\dist\server\future\route-matcher-managers\route-matcher-manager.js"
"batched-file-reader.js","2","C:\valente_conecta\node_modules\next\dist\esm\server\future\route-matcher-providers\dev\helpers\file-reader\batched-file-reader.js | C:\valente_conecta\node_modules\next\dist\server\future\route-matcher-providers\dev\helpers\file-reader\batched-file-reader.js"
"default-file-reader.js","2","C:\valente_conecta\node_modules\next\dist\esm\server\future\route-matcher-providers\dev\helpers\file-reader\default-file-reader.js | C:\valente_conecta\node_modules\next\dist\server\future\route-matcher-providers\dev\helpers\file-reader\default-file-reader.js"
"file-reader.js","2","C:\valente_conecta\node_modules\next\dist\esm\server\future\route-matcher-providers\dev\helpers\file-reader\file-reader.js | C:\valente_conecta\node_modules\next\dist\server\future\route-matcher-providers\dev\helpers\file-reader\file-reader.js"
"dev-app-page-route-matcher-provider.js","2","C:\valente_conecta\node_modules\next\dist\esm\server\future\route-matcher-providers\dev\dev-app-page-route-matcher-provider.js | C:\valente_conecta\node_modules\next\dist\server\future\route-matcher-providers\dev\dev-app-page-route-matcher-provider.js"
"dev-app-route-route-matcher-provider.js","2","C:\valente_conecta\node_modules\next\dist\esm\server\future\route-matcher-providers\dev\dev-app-route-route-matcher-provider.js | C:\valente_conecta\node_modules\next\dist\server\future\route-matcher-providers\dev\dev-app-route-route-matcher-provider.js"
"dev-pages-api-route-matcher-provider.js","2","C:\valente_conecta\node_modules\next\dist\esm\server\future\route-matcher-providers\dev\dev-pages-api-route-matcher-provider.js | C:\valente_conecta\node_modules\next\dist\server\future\route-matcher-providers\dev\dev-pages-api-route-matcher-provider.js"
"dev-pages-route-matcher-provider.js","2","C:\valente_conecta\node_modules\next\dist\esm\server\future\route-matcher-providers\dev\dev-pages-route-matcher-provider.js | C:\valente_conecta\node_modules\next\dist\server\future\route-matcher-providers\dev\dev-pages-route-matcher-provider.js"
"file-cache-route-matcher-provider.js","2","C:\valente_conecta\node_modules\next\dist\esm\server\future\route-matcher-providers\dev\file-cache-route-matcher-provider.js | C:\valente_conecta\node_modules\next\dist\server\future\route-matcher-providers\dev\file-cache-route-matcher-provider.js"
"node-manifest-loader.js","2","C:\valente_conecta\node_modules\next\dist\esm\server\future\route-matcher-providers\helpers\manifest-loaders\node-manifest-loader.js | C:\valente_conecta\node_modules\next\dist\server\future\route-matcher-providers\helpers\manifest-loaders\node-manifest-loader.js"
"server-manifest-loader.js","2","C:\valente_conecta\node_modules\next\dist\esm\server\future\route-matcher-providers\helpers\manifest-loaders\server-manifest-loader.js | C:\valente_conecta\node_modules\next\dist\server\future\route-matcher-providers\helpers\manifest-loaders\server-manifest-loader.js"
"cached-route-matcher-provider.js","2","C:\valente_conecta\node_modules\next\dist\esm\server\future\route-matcher-providers\helpers\cached-route-matcher-provider.js | C:\valente_conecta\node_modules\next\dist\server\future\route-matcher-providers\helpers\cached-route-matcher-provider.js"
"app-page-route-matcher-provider.js","2","C:\valente_conecta\node_modules\next\dist\esm\server\future\route-matcher-providers\app-page-route-matcher-provider.js | C:\valente_conecta\node_modules\next\dist\server\future\route-matcher-providers\app-page-route-matcher-provider.js"
"app-route-route-matcher-provider.js","2","C:\valente_conecta\node_modules\next\dist\esm\server\future\route-matcher-providers\app-route-route-matcher-provider.js | C:\valente_conecta\node_modules\next\dist\server\future\route-matcher-providers\app-route-route-matcher-provider.js"
"manifest-route-matcher-provider.js","2","C:\valente_conecta\node_modules\next\dist\esm\server\future\route-matcher-providers\manifest-route-matcher-provider.js | C:\valente_conecta\node_modules\next\dist\server\future\route-matcher-providers\manifest-route-matcher-provider.js"
"pages-api-route-matcher-provider.js","2","C:\valente_conecta\node_modules\next\dist\esm\server\future\route-matcher-providers\pages-api-route-matcher-provider.js | C:\valente_conecta\node_modules\next\dist\server\future\route-matcher-providers\pages-api-route-matcher-provider.js"
"pages-route-matcher-provider.js","2","C:\valente_conecta\node_modules\next\dist\esm\server\future\route-matcher-providers\pages-route-matcher-provider.js | C:\valente_conecta\node_modules\next\dist\server\future\route-matcher-providers\pages-route-matcher-provider.js"
"route-matcher-provider.js","2","C:\valente_conecta\node_modules\next\dist\esm\server\future\route-matcher-providers\route-matcher-provider.js | C:\valente_conecta\node_modules\next\dist\server\future\route-matcher-providers\route-matcher-provider.js"
"app-page-route-matcher.js","2","C:\valente_conecta\node_modules\next\dist\esm\server\future\route-matchers\app-page-route-matcher.js | C:\valente_conecta\node_modules\next\dist\server\future\route-matchers\app-page-route-matcher.js"
"app-route-route-matcher.js","2","C:\valente_conecta\node_modules\next\dist\esm\server\future\route-matchers\app-route-route-matcher.js | C:\valente_conecta\node_modules\next\dist\server\future\route-matchers\app-route-route-matcher.js"
"locale-route-matcher.js","2","C:\valente_conecta\node_modules\next\dist\esm\server\future\route-matchers\locale-route-matcher.js | C:\valente_conecta\node_modules\next\dist\server\future\route-matchers\locale-route-matcher.js"
"pages-api-route-matcher.js","2","C:\valente_conecta\node_modules\next\dist\esm\server\future\route-matchers\pages-api-route-matcher.js | C:\valente_conecta\node_modules\next\dist\server\future\route-matchers\pages-api-route-matcher.js"
"pages-route-matcher.js","2","C:\valente_conecta\node_modules\next\dist\esm\server\future\route-matchers\pages-route-matcher.js | C:\valente_conecta\node_modules\next\dist\server\future\route-matchers\pages-route-matcher.js"
"route-matcher.js","4","C:\valente_conecta\node_modules\next\dist\esm\server\future\route-matchers\route-matcher.js | C:\valente_conecta\node_modules\next\dist\esm\shared\lib\router\utils\route-matcher.js | C:\valente_conecta\node_modules\next\dist\server\future\route-matchers\route-matcher.js | C:\valente_conecta\node_modules\next\dist\shared\lib\router\utils\route-matcher.js"
"app-page-route-match.js","2","C:\valente_conecta\node_modules\next\dist\esm\server\future\route-matches\app-page-route-match.js | C:\valente_conecta\node_modules\next\dist\server\future\route-matches\app-page-route-match.js"
"app-route-route-match.js","2","C:\valente_conecta\node_modules\next\dist\esm\server\future\route-matches\app-route-route-match.js | C:\valente_conecta\node_modules\next\dist\server\future\route-matches\app-route-route-match.js"
"locale-route-match.js","2","C:\valente_conecta\node_modules\next\dist\esm\server\future\route-matches\locale-route-match.js | C:\valente_conecta\node_modules\next\dist\server\future\route-matches\locale-route-match.js"
"pages-api-route-match.js","2","C:\valente_conecta\node_modules\next\dist\esm\server\future\route-matches\pages-api-route-match.js | C:\valente_conecta\node_modules\next\dist\server\future\route-matches\pages-api-route-match.js"
"pages-route-match.js","2","C:\valente_conecta\node_modules\next\dist\esm\server\future\route-matches\pages-route-match.js | C:\valente_conecta\node_modules\next\dist\server\future\route-matches\pages-route-match.js"
"route-match.js","2","C:\valente_conecta\node_modules\next\dist\esm\server\future\route-matches\route-match.js | C:\valente_conecta\node_modules\next\dist\server\future\route-matches\route-match.js"
"amp-context.js","4","C:\valente_conecta\node_modules\next\dist\esm\server\future\route-modules\app-page\vendored\contexts\amp-context.js | C:\valente_conecta\node_modules\next\dist\esm\server\future\route-modules\pages\vendored\contexts\amp-context.js | C:\valente_conecta\node_modules\next\dist\server\future\route-modules\app-page\vendored\contexts\amp-context.js | C:\valente_conecta\node_modules\next\dist\server\future\route-modules\pages\vendored\contexts\amp-context.js"
"app-router-context.js","4","C:\valente_conecta\node_modules\next\dist\esm\server\future\route-modules\app-page\vendored\contexts\app-router-context.js | C:\valente_conecta\node_modules\next\dist\esm\server\future\route-modules\pages\vendored\contexts\app-router-context.js | C:\valente_conecta\node_modules\next\dist\server\future\route-modules\app-page\vendored\contexts\app-router-context.js | C:\valente_conecta\node_modules\next\dist\server\future\route-modules\pages\vendored\contexts\app-router-context.js"
"entrypoints.js","8","C:\valente_conecta\node_modules\next\dist\esm\server\future\route-modules\app-page\vendored\contexts\entrypoints.js | C:\valente_conecta\node_modules\next\dist\esm\server\future\route-modules\app-page\vendored\rsc\entrypoints.js | C:\valente_conecta\node_modules\next\dist\esm\server\future\route-modules\app-page\vendored\ssr\entrypoints.js | C:\valente_conecta\node_modules\next\dist\esm\server\future\route-modules\pages\vendored\contexts\entrypoints.js | C:\valente_conecta\node_modules\next\dist\server\future\route-modules\app-page\vendored\contexts\entrypoints.js | C:\valente_conecta\node_modules\next\dist\server\future\route-modules\app-page\vendored\rsc\entrypoints.js | C:\valente_conecta\node_modules\next\dist\server\future\route-modules\app-page\vendored\ssr\entrypoints.js | C:\valente_conecta\node_modules\next\dist\server\future\route-modules\pages\vendored\contexts\entrypoints.js"
"head-manager-context.js","4","C:\valente_conecta\node_modules\next\dist\esm\server\future\route-modules\app-page\vendored\contexts\head-manager-context.js | C:\valente_conecta\node_modules\next\dist\esm\server\future\route-modules\pages\vendored\contexts\head-manager-context.js | C:\valente_conecta\node_modules\next\dist\server\future\route-modules\app-page\vendored\contexts\head-manager-context.js | C:\valente_conecta\node_modules\next\dist\server\future\route-modules\pages\vendored\contexts\head-manager-context.js"
"hooks-client-context.js","4","C:\valente_conecta\node_modules\next\dist\esm\server\future\route-modules\app-page\vendored\contexts\hooks-client-context.js | C:\valente_conecta\node_modules\next\dist\esm\server\future\route-modules\pages\vendored\contexts\hooks-client-context.js | C:\valente_conecta\node_modules\next\dist\server\future\route-modules\app-page\vendored\contexts\hooks-client-context.js | C:\valente_conecta\node_modules\next\dist\server\future\route-modules\pages\vendored\contexts\hooks-client-context.js"
"html-context.js","4","C:\valente_conecta\node_modules\next\dist\esm\server\future\route-modules\app-page\vendored\contexts\html-context.js | C:\valente_conecta\node_modules\next\dist\esm\server\future\route-modules\pages\vendored\contexts\html-context.js | C:\valente_conecta\node_modules\next\dist\server\future\route-modules\app-page\vendored\contexts\html-context.js | C:\valente_conecta\node_modules\next\dist\server\future\route-modules\pages\vendored\contexts\html-context.js"
"image-config-context.js","4","C:\valente_conecta\node_modules\next\dist\esm\server\future\route-modules\app-page\vendored\contexts\image-config-context.js | C:\valente_conecta\node_modules\next\dist\esm\server\future\route-modules\pages\vendored\contexts\image-config-context.js | C:\valente_conecta\node_modules\next\dist\server\future\route-modules\app-page\vendored\contexts\image-config-context.js | C:\valente_conecta\node_modules\next\dist\server\future\route-modules\pages\vendored\contexts\image-config-context.js"
"loadable-context.js","4","C:\valente_conecta\node_modules\next\dist\esm\server\future\route-modules\app-page\vendored\contexts\loadable-context.js | C:\valente_conecta\node_modules\next\dist\esm\server\future\route-modules\pages\vendored\contexts\loadable-context.js | C:\valente_conecta\node_modules\next\dist\server\future\route-modules\app-page\vendored\contexts\loadable-context.js | C:\valente_conecta\node_modules\next\dist\server\future\route-modules\pages\vendored\contexts\loadable-context.js"
"loadable.js","6","C:\valente_conecta\node_modules\next\dist\esm\server\future\route-modules\app-page\vendored\contexts\loadable.js | C:\valente_conecta\node_modules\next\dist\esm\server\future\route-modules\pages\vendored\contexts\loadable.js | C:\valente_conecta\node_modules\next\dist\esm\shared\lib\lazy-dynamic\loadable.js | C:\valente_conecta\node_modules\next\dist\server\future\route-modules\app-page\vendored\contexts\loadable.js | C:\valente_conecta\node_modules\next\dist\server\future\route-modules\pages\vendored\contexts\loadable.js | C:\valente_conecta\node_modules\next\dist\shared\lib\lazy-dynamic\loadable.js"
"router-context.js","4","C:\valente_conecta\node_modules\next\dist\esm\server\future\route-modules\app-page\vendored\contexts\router-context.js | C:\valente_conecta\node_modules\next\dist\esm\server\future\route-modules\pages\vendored\contexts\router-context.js | C:\valente_conecta\node_modules\next\dist\server\future\route-modules\app-page\vendored\contexts\router-context.js | C:\valente_conecta\node_modules\next\dist\server\future\route-modules\pages\vendored\contexts\router-context.js"
"react-dom.js","4","C:\valente_conecta\node_modules\next\dist\esm\server\future\route-modules\app-page\vendored\rsc\react-dom.js | C:\valente_conecta\node_modules\next\dist\esm\server\future\route-modules\app-page\vendored\ssr\react-dom.js | C:\valente_conecta\node_modules\next\dist\server\future\route-modules\app-page\vendored\rsc\react-dom.js | C:\valente_conecta\node_modules\next\dist\server\future\route-modules\app-page\vendored\ssr\react-dom.js"
"react-jsx-dev-runtime.js","4","C:\valente_conecta\node_modules\next\dist\esm\server\future\route-modules\app-page\vendored\rsc\react-jsx-dev-runtime.js | C:\valente_conecta\node_modules\next\dist\esm\server\future\route-modules\app-page\vendored\ssr\react-jsx-dev-runtime.js | C:\valente_conecta\node_modules\next\dist\server\future\route-modules\app-page\vendored\rsc\react-jsx-dev-runtime.js | C:\valente_conecta\node_modules\next\dist\server\future\route-modules\app-page\vendored\ssr\react-jsx-dev-runtime.js"
"react-jsx-runtime.js","4","C:\valente_conecta\node_modules\next\dist\esm\server\future\route-modules\app-page\vendored\rsc\react-jsx-runtime.js | C:\valente_conecta\node_modules\next\dist\esm\server\future\route-modules\app-page\vendored\ssr\react-jsx-runtime.js | C:\valente_conecta\node_modules\next\dist\server\future\route-modules\app-page\vendored\rsc\react-jsx-runtime.js | C:\valente_conecta\node_modules\next\dist\server\future\route-modules\app-page\vendored\ssr\react-jsx-runtime.js"
"react-server-dom-turbopack-server-edge.js","2","C:\valente_conecta\node_modules\next\dist\esm\server\future\route-modules\app-page\vendored\rsc\react-server-dom-turbopack-server-edge.js | C:\valente_conecta\node_modules\next\dist\server\future\route-modules\app-page\vendored\rsc\react-server-dom-turbopack-server-edge.js"
"react-server-dom-turbopack-server-node.js","2","C:\valente_conecta\node_modules\next\dist\esm\server\future\route-modules\app-page\vendored\rsc\react-server-dom-turbopack-server-node.js | C:\valente_conecta\node_modules\next\dist\server\future\route-modules\app-page\vendored\rsc\react-server-dom-turbopack-server-node.js"
"react-server-dom-webpack-server-edge.js","2","C:\valente_conecta\node_modules\next\dist\esm\server\future\route-modules\app-page\vendored\rsc\react-server-dom-webpack-server-edge.js | C:\valente_conecta\node_modules\next\dist\server\future\route-modules\app-page\vendored\rsc\react-server-dom-webpack-server-edge.js"
"react-server-dom-webpack-server-node.js","2","C:\valente_conecta\node_modules\next\dist\esm\server\future\route-modules\app-page\vendored\rsc\react-server-dom-webpack-server-node.js | C:\valente_conecta\node_modules\next\dist\server\future\route-modules\app-page\vendored\rsc\react-server-dom-webpack-server-node.js"
"react.js","4","C:\valente_conecta\node_modules\next\dist\esm\server\future\route-modules\app-page\vendored\rsc\react.js | C:\valente_conecta\node_modules\next\dist\esm\server\future\route-modules\app-page\vendored\ssr\react.js | C:\valente_conecta\node_modules\next\dist\server\future\route-modules\app-page\vendored\rsc\react.js | C:\valente_conecta\node_modules\next\dist\server\future\route-modules\app-page\vendored\ssr\react.js"
"react-server-dom-turbopack-client-edge.js","2","C:\valente_conecta\node_modules\next\dist\esm\server\future\route-modules\app-page\vendored\ssr\react-server-dom-turbopack-client-edge.js | C:\valente_conecta\node_modules\next\dist\server\future\route-modules\app-page\vendored\ssr\react-server-dom-turbopack-client-edge.js"
"react-server-dom-webpack-client-edge.js","2","C:\valente_conecta\node_modules\next\dist\esm\server\future\route-modules\app-page\vendored\ssr\react-server-dom-webpack-client-edge.js | C:\valente_conecta\node_modules\next\dist\server\future\route-modules\app-page\vendored\ssr\react-server-dom-webpack-client-edge.js"
"module.compiled.d.ts","8","C:\valente_conecta\node_modules\next\dist\esm\server\future\route-modules\app-page\module.compiled.d.ts | C:\valente_conecta\node_modules\next\dist\esm\server\future\route-modules\app-route\module.compiled.d.ts | C:\valente_conecta\node_modules\next\dist\esm\server\future\route-modules\pages\module.compiled.d.ts | C:\valente_conecta\node_modules\next\dist\esm\server\future\route-modules\pages-api\module.compiled.d.ts | C:\valente_conecta\node_modules\next\dist\server\future\route-modules\app-page\module.compiled.d.ts | C:\valente_conecta\node_modules\next\dist\server\future\route-modules\app-route\module.compiled.d.ts | C:\valente_conecta\node_modules\next\dist\server\future\route-modules\pages\module.compiled.d.ts | C:\valente_conecta\node_modules\next\dist\server\future\route-modules\pages-api\module.compiled.d.ts"
"module.compiled.js","8","C:\valente_conecta\node_modules\next\dist\esm\server\future\route-modules\app-page\module.compiled.js | C:\valente_conecta\node_modules\next\dist\esm\server\future\route-modules\app-route\module.compiled.js | C:\valente_conecta\node_modules\next\dist\esm\server\future\route-modules\pages\module.compiled.js | C:\valente_conecta\node_modules\next\dist\esm\server\future\route-modules\pages-api\module.compiled.js | C:\valente_conecta\node_modules\next\dist\server\future\route-modules\app-page\module.compiled.js | C:\valente_conecta\node_modules\next\dist\server\future\route-modules\app-route\module.compiled.js | C:\valente_conecta\node_modules\next\dist\server\future\route-modules\pages\module.compiled.js | C:\valente_conecta\node_modules\next\dist\server\future\route-modules\pages-api\module.compiled.js"
"module.js","8","C:\valente_conecta\node_modules\next\dist\esm\server\future\route-modules\app-page\module.js | C:\valente_conecta\node_modules\next\dist\esm\server\future\route-modules\app-route\module.js | C:\valente_conecta\node_modules\next\dist\esm\server\future\route-modules\pages\module.js | C:\valente_conecta\node_modules\next\dist\esm\server\future\route-modules\pages-api\module.js | C:\valente_conecta\node_modules\next\dist\server\future\route-modules\app-page\module.js | C:\valente_conecta\node_modules\next\dist\server\future\route-modules\app-route\module.js | C:\valente_conecta\node_modules\next\dist\server\future\route-modules\pages\module.js | C:\valente_conecta\node_modules\next\dist\server\future\route-modules\pages-api\module.js"
"module.render.js","4","C:\valente_conecta\node_modules\next\dist\esm\server\future\route-modules\app-page\module.render.js | C:\valente_conecta\node_modules\next\dist\esm\server\future\route-modules\pages\module.render.js | C:\valente_conecta\node_modules\next\dist\server\future\route-modules\app-page\module.render.js | C:\valente_conecta\node_modules\next\dist\server\future\route-modules\pages\module.render.js"
"auto-implement-methods.js","2","C:\valente_conecta\node_modules\next\dist\esm\server\future\route-modules\app-route\helpers\auto-implement-methods.js | C:\valente_conecta\node_modules\next\dist\server\future\route-modules\app-route\helpers\auto-implement-methods.js"
"clean-url.js","2","C:\valente_conecta\node_modules\next\dist\esm\server\future\route-modules\app-route\helpers\clean-url.js | C:\valente_conecta\node_modules\next\dist\server\future\route-modules\app-route\helpers\clean-url.js"
"get-pathname-from-absolute-path.js","2","C:\valente_conecta\node_modules\next\dist\esm\server\future\route-modules\app-route\helpers\get-pathname-from-absolute-path.js | C:\valente_conecta\node_modules\next\dist\server\future\route-modules\app-route\helpers\get-pathname-from-absolute-path.js"
"parsed-url-query-to-params.js","2","C:\valente_conecta\node_modules\next\dist\esm\server\future\route-modules\app-route\helpers\parsed-url-query-to-params.js | C:\valente_conecta\node_modules\next\dist\server\future\route-modules\app-route\helpers\parsed-url-query-to-params.js"
"resolve-handler-error.js","2","C:\valente_conecta\node_modules\next\dist\esm\server\future\route-modules\app-route\helpers\resolve-handler-error.js | C:\valente_conecta\node_modules\next\dist\server\future\route-modules\app-route\helpers\resolve-handler-error.js"
"shared-modules.js","2","C:\valente_conecta\node_modules\next\dist\esm\server\future\route-modules\app-route\shared-modules.js | C:\valente_conecta\node_modules\next\dist\server\future\route-modules\app-route\shared-modules.js"
"response-handlers.js","2","C:\valente_conecta\node_modules\next\dist\esm\server\future\route-modules\helpers\response-handlers.js | C:\valente_conecta\node_modules\next\dist\server\future\route-modules\helpers\response-handlers.js"
"checks.js","2","C:\valente_conecta\node_modules\next\dist\esm\server\future\route-modules\checks.js | C:\valente_conecta\node_modules\next\dist\server\future\route-modules\checks.js"
"route-module.js","2","C:\valente_conecta\node_modules\next\dist\esm\server\future\route-modules\route-module.js | C:\valente_conecta\node_modules\next\dist\server\future\route-modules\route-module.js"
"route-kind.js","2","C:\valente_conecta\node_modules\next\dist\esm\server\future\route-kind.js | C:\valente_conecta\node_modules\next\dist\server\future\route-kind.js"
"fetch-cache.js","2","C:\valente_conecta\node_modules\next\dist\esm\server\lib\incremental-cache\fetch-cache.js | C:\valente_conecta\node_modules\next\dist\server\lib\incremental-cache\fetch-cache.js"
"file-system-cache.js","2","C:\valente_conecta\node_modules\next\dist\esm\server\lib\incremental-cache\file-system-cache.js | C:\valente_conecta\node_modules\next\dist\server\lib\incremental-cache\file-system-cache.js"
"shared-revalidate-timings.js","2","C:\valente_conecta\node_modules\next\dist\esm\server\lib\incremental-cache\shared-revalidate-timings.js | C:\valente_conecta\node_modules\next\dist\server\lib\incremental-cache\shared-revalidate-timings.js"
"build-data-route.js","2","C:\valente_conecta\node_modules\next\dist\esm\server\lib\router-utils\build-data-route.js | C:\valente_conecta\node_modules\next\dist\server\lib\router-utils\build-data-route.js"
"is-postpone.js","2","C:\valente_conecta\node_modules\next\dist\esm\server\lib\router-utils\is-postpone.js | C:\valente_conecta\node_modules\next\dist\server\lib\router-utils\is-postpone.js"
"proxy-request.js","2","C:\valente_conecta\node_modules\next\dist\esm\server\lib\router-utils\proxy-request.js | C:\valente_conecta\node_modules\next\dist\server\lib\router-utils\proxy-request.js"
"resolve-routes.js","2","C:\valente_conecta\node_modules\next\dist\esm\server\lib\router-utils\resolve-routes.js | C:\valente_conecta\node_modules\next\dist\server\lib\router-utils\resolve-routes.js"
"setup-dev-bundler.js","2","C:\valente_conecta\node_modules\next\dist\esm\server\lib\router-utils\setup-dev-bundler.js | C:\valente_conecta\node_modules\next\dist\server\lib\router-utils\setup-dev-bundler.js"
"invoke-request.js","2","C:\valente_conecta\node_modules\next\dist\esm\server\lib\server-ipc\invoke-request.js | C:\valente_conecta\node_modules\next\dist\server\lib\server-ipc\invoke-request.js"
"request-utils.js","2","C:\valente_conecta\node_modules\next\dist\esm\server\lib\server-ipc\request-utils.js | C:\valente_conecta\node_modules\next\dist\server\lib\server-ipc\request-utils.js"
"avif_enc.d.ts","2","C:\valente_conecta\node_modules\next\dist\esm\server\lib\squoosh\avif\avif_enc.d.ts | C:\valente_conecta\node_modules\next\dist\server\lib\squoosh\avif\avif_enc.d.ts"
"avif_node_dec.js","2","C:\valente_conecta\node_modules\next\dist\esm\server\lib\squoosh\avif\avif_node_dec.js | C:\valente_conecta\node_modules\next\dist\server\lib\squoosh\avif\avif_node_dec.js"
"avif_node_enc.js","2","C:\valente_conecta\node_modules\next\dist\esm\server\lib\squoosh\avif\avif_node_enc.js | C:\valente_conecta\node_modules\next\dist\server\lib\squoosh\avif\avif_node_enc.js"
"mozjpeg_enc.d.ts","2","C:\valente_conecta\node_modules\next\dist\esm\server\lib\squoosh\mozjpeg\mozjpeg_enc.d.ts | C:\valente_conecta\node_modules\next\dist\server\lib\squoosh\mozjpeg\mozjpeg_enc.d.ts"
"mozjpeg_node_dec.js","2","C:\valente_conecta\node_modules\next\dist\esm\server\lib\squoosh\mozjpeg\mozjpeg_node_dec.js | C:\valente_conecta\node_modules\next\dist\server\lib\squoosh\mozjpeg\mozjpeg_node_dec.js"
"mozjpeg_node_enc.js","2","C:\valente_conecta\node_modules\next\dist\esm\server\lib\squoosh\mozjpeg\mozjpeg_node_enc.js | C:\valente_conecta\node_modules\next\dist\server\lib\squoosh\mozjpeg\mozjpeg_node_enc.js"
"squoosh_oxipng.js","2","C:\valente_conecta\node_modules\next\dist\esm\server\lib\squoosh\png\squoosh_oxipng.js | C:\valente_conecta\node_modules\next\dist\server\lib\squoosh\png\squoosh_oxipng.js"
"squoosh_png.js","2","C:\valente_conecta\node_modules\next\dist\esm\server\lib\squoosh\png\squoosh_png.js | C:\valente_conecta\node_modules\next\dist\server\lib\squoosh\png\squoosh_png.js"
"squoosh_resize.js","2","C:\valente_conecta\node_modules\next\dist\esm\server\lib\squoosh\resize\squoosh_resize.js | C:\valente_conecta\node_modules\next\dist\server\lib\squoosh\resize\squoosh_resize.js"
"webp_enc.d.ts","2","C:\valente_conecta\node_modules\next\dist\esm\server\lib\squoosh\webp\webp_enc.d.ts | C:\valente_conecta\node_modules\next\dist\server\lib\squoosh\webp\webp_enc.d.ts"
"webp_node_dec.js","2","C:\valente_conecta\node_modules\next\dist\esm\server\lib\squoosh\webp\webp_node_dec.js | C:\valente_conecta\node_modules\next\dist\server\lib\squoosh\webp\webp_node_dec.js"
"webp_node_enc.js","2","C:\valente_conecta\node_modules\next\dist\esm\server\lib\squoosh\webp\webp_node_enc.js | C:\valente_conecta\node_modules\next\dist\server\lib\squoosh\webp\webp_node_enc.js"
"codecs.js","2","C:\valente_conecta\node_modules\next\dist\esm\server\lib\squoosh\codecs.js | C:\valente_conecta\node_modules\next\dist\server\lib\squoosh\codecs.js"
"emscripten-types.d.ts","2","C:\valente_conecta\node_modules\next\dist\esm\server\lib\squoosh\emscripten-types.d.ts | C:\valente_conecta\node_modules\next\dist\server\lib\squoosh\emscripten-types.d.ts"
"emscripten-utils.js","2","C:\valente_conecta\node_modules\next\dist\esm\server\lib\squoosh\emscripten-utils.js | C:\valente_conecta\node_modules\next\dist\server\lib\squoosh\emscripten-utils.js"
"image_data.js","2","C:\valente_conecta\node_modules\next\dist\esm\server\lib\squoosh\image_data.js | C:\valente_conecta\node_modules\next\dist\server\lib\squoosh\image_data.js"
"app-dir-module.js","2","C:\valente_conecta\node_modules\next\dist\esm\server\lib\app-dir-module.js | C:\valente_conecta\node_modules\next\dist\server\lib\app-dir-module.js"
"app-info-log.js","2","C:\valente_conecta\node_modules\next\dist\esm\server\lib\app-info-log.js | C:\valente_conecta\node_modules\next\dist\server\lib\app-info-log.js"
"cpu-profile.js","2","C:\valente_conecta\node_modules\next\dist\esm\server\lib\cpu-profile.js | C:\valente_conecta\node_modules\next\dist\server\lib\cpu-profile.js"
"dev-bundler-service.js","2","C:\valente_conecta\node_modules\next\dist\esm\server\lib\dev-bundler-service.js | C:\valente_conecta\node_modules\next\dist\server\lib\dev-bundler-service.js"
"etag.js","2","C:\valente_conecta\node_modules\next\dist\esm\server\lib\etag.js | C:\valente_conecta\node_modules\next\dist\server\lib\etag.js"
"find-page-file.js","2","C:\valente_conecta\node_modules\next\dist\esm\server\lib\find-page-file.js | C:\valente_conecta\node_modules\next\dist\server\lib\find-page-file.js"
"format-hostname.js","2","C:\valente_conecta\node_modules\next\dist\esm\server\lib\format-hostname.js | C:\valente_conecta\node_modules\next\dist\server\lib\format-hostname.js"
"incremental-cache-server.js","2","C:\valente_conecta\node_modules\next\dist\esm\server\lib\incremental-cache-server.js | C:\valente_conecta\node_modules\next\dist\server\lib\incremental-cache-server.js"
"is-ipv6.js","2","C:\valente_conecta\node_modules\next\dist\esm\server\lib\is-ipv6.js | C:\valente_conecta\node_modules\next\dist\server\lib\is-ipv6.js"
"match-next-data-pathname.js","2","C:\valente_conecta\node_modules\next\dist\esm\server\lib\match-next-data-pathname.js | C:\valente_conecta\node_modules\next\dist\server\lib\match-next-data-pathname.js"
"mock-request.js","2","C:\valente_conecta\node_modules\next\dist\esm\server\lib\mock-request.js | C:\valente_conecta\node_modules\next\dist\server\lib\mock-request.js"
"node-fs-methods.js","2","C:\valente_conecta\node_modules\next\dist\esm\server\lib\node-fs-methods.js | C:\valente_conecta\node_modules\next\dist\server\lib\node-fs-methods.js"
"patch-fetch.js","2","C:\valente_conecta\node_modules\next\dist\esm\server\lib\patch-fetch.js | C:\valente_conecta\node_modules\next\dist\server\lib\patch-fetch.js"
"render-server.js","2","C:\valente_conecta\node_modules\next\dist\esm\server\lib\render-server.js | C:\valente_conecta\node_modules\next\dist\server\lib\render-server.js"
"revalidate.js","4","C:\valente_conecta\node_modules\next\dist\esm\server\lib\revalidate.js | C:\valente_conecta\node_modules\next\dist\esm\server\web\spec-extension\revalidate.js | C:\valente_conecta\node_modules\next\dist\server\lib\revalidate.js | C:\valente_conecta\node_modules\next\dist\server\web\spec-extension\revalidate.js"
"router-server.js","2","C:\valente_conecta\node_modules\next\dist\esm\server\lib\router-server.js | C:\valente_conecta\node_modules\next\dist\server\lib\router-server.js"
"server-action-request-meta.js","2","C:\valente_conecta\node_modules\next\dist\esm\server\lib\server-action-request-meta.js | C:\valente_conecta\node_modules\next\dist\server\lib\server-action-request-meta.js"
"start-server.js","2","C:\valente_conecta\node_modules\next\dist\esm\server\lib\start-server.js | C:\valente_conecta\node_modules\next\dist\server\lib\start-server.js"
"to-route.js","2","C:\valente_conecta\node_modules\next\dist\esm\server\lib\to-route.js | C:\valente_conecta\node_modules\next\dist\server\lib\to-route.js"
"worker-utils.js","2","C:\valente_conecta\node_modules\next\dist\esm\server\lib\worker-utils.js | C:\valente_conecta\node_modules\next\dist\server\lib\worker-utils.js"
"image-response.js","4","C:\valente_conecta\node_modules\next\dist\esm\server\og\image-response.js | C:\valente_conecta\node_modules\next\dist\esm\server\web\spec-extension\image-response.js | C:\valente_conecta\node_modules\next\dist\server\og\image-response.js | C:\valente_conecta\node_modules\next\dist\server\web\spec-extension\image-response.js"
"encodedTags.js","2","C:\valente_conecta\node_modules\next\dist\esm\server\stream-utils\encodedTags.js | C:\valente_conecta\node_modules\next\dist\server\stream-utils\encodedTags.js"
"node-web-streams-helper.js","2","C:\valente_conecta\node_modules\next\dist\esm\server\stream-utils\node-web-streams-helper.js | C:\valente_conecta\node_modules\next\dist\server\stream-utils\node-web-streams-helper.js"
"uint8array-helpers.js","2","C:\valente_conecta\node_modules\next\dist\esm\server\stream-utils\uint8array-helpers.js | C:\valente_conecta\node_modules\next\dist\server\stream-utils\uint8array-helpers.js"
"client-boundary.js","2","C:\valente_conecta\node_modules\next\dist\esm\server\typescript\rules\client-boundary.js | C:\valente_conecta\node_modules\next\dist\server\typescript\rules\client-boundary.js"
"config.js","5","C:\valente_conecta\node_modules\next\dist\esm\server\typescript\rules\config.js | C:\valente_conecta\node_modules\next\dist\esm\server\config.js | C:\valente_conecta\node_modules\next\dist\server\typescript\rules\config.js | C:\valente_conecta\node_modules\next\dist\server\config.js | C:\valente_conecta\node_modules\next\config.js"
"server-boundary.js","2","C:\valente_conecta\node_modules\next\dist\esm\server\typescript\rules\server-boundary.js | C:\valente_conecta\node_modules\next\dist\server\typescript\rules\server-boundary.js"
"fetch-inline-assets.js","2","C:\valente_conecta\node_modules\next\dist\esm\server\web\sandbox\fetch-inline-assets.js | C:\valente_conecta\node_modules\next\dist\server\web\sandbox\fetch-inline-assets.js"
"resource-managers.js","2","C:\valente_conecta\node_modules\next\dist\esm\server\web\sandbox\resource-managers.js | C:\valente_conecta\node_modules\next\dist\server\web\sandbox\resource-managers.js"
"next-request.js","2","C:\valente_conecta\node_modules\next\dist\esm\server\web\spec-extension\adapters\next-request.js | C:\valente_conecta\node_modules\next\dist\server\web\spec-extension\adapters\next-request.js"
"reflect.js","2","C:\valente_conecta\node_modules\next\dist\esm\server\web\spec-extension\adapters\reflect.js | C:\valente_conecta\node_modules\next\dist\server\web\spec-extension\adapters\reflect.js"
"request-cookies.js","2","C:\valente_conecta\node_modules\next\dist\esm\server\web\spec-extension\adapters\request-cookies.js | C:\valente_conecta\node_modules\next\dist\server\web\spec-extension\adapters\request-cookies.js"
"cookies.js","2","C:\valente_conecta\node_modules\next\dist\esm\server\web\spec-extension\cookies.js | C:\valente_conecta\node_modules\next\dist\server\web\spec-extension\cookies.js"
"fetch-event.js","2","C:\valente_conecta\node_modules\next\dist\esm\server\web\spec-extension\fetch-event.js | C:\valente_conecta\node_modules\next\dist\server\web\spec-extension\fetch-event.js"
"unstable-cache.js","2","C:\valente_conecta\node_modules\next\dist\esm\server\web\spec-extension\unstable-cache.js | C:\valente_conecta\node_modules\next\dist\server\web\spec-extension\unstable-cache.js"
"unstable-no-store.js","2","C:\valente_conecta\node_modules\next\dist\esm\server\web\spec-extension\unstable-no-store.js | C:\valente_conecta\node_modules\next\dist\server\web\spec-extension\unstable-no-store.js"
"url-pattern.js","2","C:\valente_conecta\node_modules\next\dist\esm\server\web\spec-extension\url-pattern.js | C:\valente_conecta\node_modules\next\dist\server\web\spec-extension\url-pattern.js"
"user-agent.js","2","C:\valente_conecta\node_modules\next\dist\esm\server\web\spec-extension\user-agent.js | C:\valente_conecta\node_modules\next\dist\server\web\spec-extension\user-agent.js"
"adapter.js","3","C:\valente_conecta\node_modules\next\dist\esm\server\web\adapter.js | C:\valente_conecta\node_modules\next\dist\server\web\adapter.js | C:\valente_conecta\node_modules\webrtc-adapter\out\adapter.js"
"edge-route-module-wrapper.js","2","C:\valente_conecta\node_modules\next\dist\esm\server\web\edge-route-module-wrapper.js | C:\valente_conecta\node_modules\next\dist\server\web\edge-route-module-wrapper.js"
"get-edge-preview-props.js","2","C:\valente_conecta\node_modules\next\dist\esm\server\web\get-edge-preview-props.js | C:\valente_conecta\node_modules\next\dist\server\web\get-edge-preview-props.js"
"globals.js","2","C:\valente_conecta\node_modules\next\dist\esm\server\web\globals.js | C:\valente_conecta\node_modules\next\dist\server\web\globals.js"
"http.js","2","C:\valente_conecta\node_modules\next\dist\esm\server\web\http.js | C:\valente_conecta\node_modules\next\dist\server\web\http.js"
"internal-edge-wait-until.js","2","C:\valente_conecta\node_modules\next\dist\esm\server\web\internal-edge-wait-until.js | C:\valente_conecta\node_modules\next\dist\server\web\internal-edge-wait-until.js"
"next-url.js","2","C:\valente_conecta\node_modules\next\dist\esm\server\web\next-url.js | C:\valente_conecta\node_modules\next\dist\server\web\next-url.js"
"accept-header.js","2","C:\valente_conecta\node_modules\next\dist\esm\server\accept-header.js | C:\valente_conecta\node_modules\next\dist\server\accept-header.js"
"base-server.js","2","C:\valente_conecta\node_modules\next\dist\esm\server\base-server.js | C:\valente_conecta\node_modules\next\dist\server\base-server.js"
"body-streams.js","2","C:\valente_conecta\node_modules\next\dist\esm\server\body-streams.js | C:\valente_conecta\node_modules\next\dist\server\body-streams.js"
"client-component-renderer-logger.js","2","C:\valente_conecta\node_modules\next\dist\esm\server\client-component-renderer-logger.js | C:\valente_conecta\node_modules\next\dist\server\client-component-renderer-logger.js"
"config-schema.js","2","C:\valente_conecta\node_modules\next\dist\esm\server\config-schema.js | C:\valente_conecta\node_modules\next\dist\server\config-schema.js"
"config-shared.js","2","C:\valente_conecta\node_modules\next\dist\esm\server\config-shared.js | C:\valente_conecta\node_modules\next\dist\server\config-shared.js"
"config-utils.js","2","C:\valente_conecta\node_modules\next\dist\esm\server\config-utils.js | C:\valente_conecta\node_modules\next\dist\server\config-utils.js"
"crypto-utils.js","2","C:\valente_conecta\node_modules\next\dist\esm\server\crypto-utils.js | C:\valente_conecta\node_modules\next\dist\server\crypto-utils.js"
"font-utils.js","2","C:\valente_conecta\node_modules\next\dist\esm\server\font-utils.js | C:\valente_conecta\node_modules\next\dist\server\font-utils.js"
"get-app-route-from-entrypoint.js","2","C:\valente_conecta\node_modules\next\dist\esm\server\get-app-route-from-entrypoint.js | C:\valente_conecta\node_modules\next\dist\server\get-app-route-from-entrypoint.js"
"get-page-files.js","2","C:\valente_conecta\node_modules\next\dist\esm\server\get-page-files.js | C:\valente_conecta\node_modules\next\dist\server\get-page-files.js"
"get-route-from-entrypoint.js","2","C:\valente_conecta\node_modules\next\dist\esm\server\get-route-from-entrypoint.js | C:\valente_conecta\node_modules\next\dist\server\get-route-from-entrypoint.js"
"htmlescape.js","2","C:\valente_conecta\node_modules\next\dist\esm\server\htmlescape.js | C:\valente_conecta\node_modules\next\dist\server\htmlescape.js"
"image-optimizer.js","2","C:\valente_conecta\node_modules\next\dist\esm\server\image-optimizer.js | C:\valente_conecta\node_modules\next\dist\server\image-optimizer.js"
"internal-utils.js","2","C:\valente_conecta\node_modules\next\dist\esm\server\internal-utils.js | C:\valente_conecta\node_modules\next\dist\server\internal-utils.js"
"load-components.js","2","C:\valente_conecta\node_modules\next\dist\esm\server\load-components.js | C:\valente_conecta\node_modules\next\dist\server\load-components.js"
"load-default-error-components.js","2","C:\valente_conecta\node_modules\next\dist\esm\server\load-default-error-components.js | C:\valente_conecta\node_modules\next\dist\server\load-default-error-components.js"
"load-manifest.js","2","C:\valente_conecta\node_modules\next\dist\esm\server\load-manifest.js | C:\valente_conecta\node_modules\next\dist\server\load-manifest.js"
"match-bundle.js","2","C:\valente_conecta\node_modules\next\dist\esm\server\match-bundle.js | C:\valente_conecta\node_modules\next\dist\server\match-bundle.js"
"next-server.js","2","C:\valente_conecta\node_modules\next\dist\esm\server\next-server.js | C:\valente_conecta\node_modules\next\dist\server\next-server.js"
"next-typescript.js","2","C:\valente_conecta\node_modules\next\dist\esm\server\next-typescript.js | C:\valente_conecta\node_modules\next\dist\server\next-typescript.js"
"node-environment.js","2","C:\valente_conecta\node_modules\next\dist\esm\server\node-environment.js | C:\valente_conecta\node_modules\next\dist\server\node-environment.js"
"node-polyfill-crypto.js","2","C:\valente_conecta\node_modules\next\dist\esm\server\node-polyfill-crypto.js | C:\valente_conecta\node_modules\next\dist\server\node-polyfill-crypto.js"
"optimize-amp.js","2","C:\valente_conecta\node_modules\next\dist\esm\server\optimize-amp.js | C:\valente_conecta\node_modules\next\dist\server\optimize-amp.js"
"pipe-readable.js","2","C:\valente_conecta\node_modules\next\dist\esm\server\pipe-readable.js | C:\valente_conecta\node_modules\next\dist\server\pipe-readable.js"
"post-process.js","2","C:\valente_conecta\node_modules\next\dist\esm\server\post-process.js | C:\valente_conecta\node_modules\next\dist\server\post-process.js"
"render-result.js","2","C:\valente_conecta\node_modules\next\dist\esm\server\render-result.js | C:\valente_conecta\node_modules\next\dist\server\render-result.js"
"request-meta.js","2","C:\valente_conecta\node_modules\next\dist\esm\server\request-meta.js | C:\valente_conecta\node_modules\next\dist\server\request-meta.js"
"require-hook.js","2","C:\valente_conecta\node_modules\next\dist\esm\server\require-hook.js | C:\valente_conecta\node_modules\next\dist\server\require-hook.js"
"require.js","2","C:\valente_conecta\node_modules\next\dist\esm\server\require.js | C:\valente_conecta\node_modules\next\dist\server\require.js"
"send-payload.js","2","C:\valente_conecta\node_modules\next\dist\esm\server\send-payload.js | C:\valente_conecta\node_modules\next\dist\server\send-payload.js"
"send-response.js","2","C:\valente_conecta\node_modules\next\dist\esm\server\send-response.js | C:\valente_conecta\node_modules\next\dist\server\send-response.js"
"serve-static.js","2","C:\valente_conecta\node_modules\next\dist\esm\server\serve-static.js | C:\valente_conecta\node_modules\next\dist\server\serve-static.js"
"server-route-utils.js","2","C:\valente_conecta\node_modules\next\dist\esm\server\server-route-utils.js | C:\valente_conecta\node_modules\next\dist\server\server-route-utils.js"
"server-utils.js","2","C:\valente_conecta\node_modules\next\dist\esm\server\server-utils.js | C:\valente_conecta\node_modules\next\dist\server\server-utils.js"
"setup-http-agent-env.js","2","C:\valente_conecta\node_modules\next\dist\esm\server\setup-http-agent-env.js | C:\valente_conecta\node_modules\next\dist\server\setup-http-agent-env.js"
"web-server.js","2","C:\valente_conecta\node_modules\next\dist\esm\server\web-server.js | C:\valente_conecta\node_modules\next\dist\server\web-server.js"
"get-locale-redirect.js","2","C:\valente_conecta\node_modules\next\dist\esm\shared\lib\i18n\get-locale-redirect.js | C:\valente_conecta\node_modules\next\dist\shared\lib\i18n\get-locale-redirect.js"
"bailout-to-csr.js","2","C:\valente_conecta\node_modules\next\dist\esm\shared\lib\lazy-dynamic\bailout-to-csr.js | C:\valente_conecta\node_modules\next\dist\shared\lib\lazy-dynamic\bailout-to-csr.js"
"dynamic-bailout-to-csr.js","2","C:\valente_conecta\node_modules\next\dist\esm\shared\lib\lazy-dynamic\dynamic-bailout-to-csr.js | C:\valente_conecta\node_modules\next\dist\shared\lib\lazy-dynamic\dynamic-bailout-to-csr.js"
"preload-css.js","2","C:\valente_conecta\node_modules\next\dist\esm\shared\lib\lazy-dynamic\preload-css.js | C:\valente_conecta\node_modules\next\dist\shared\lib\lazy-dynamic\preload-css.js"
"absolute-path-to-page.js","2","C:\valente_conecta\node_modules\next\dist\esm\shared\lib\page-path\absolute-path-to-page.js | C:\valente_conecta\node_modules\next\dist\shared\lib\page-path\absolute-path-to-page.js"
"denormalize-app-path.js","2","C:\valente_conecta\node_modules\next\dist\esm\shared\lib\page-path\denormalize-app-path.js | C:\valente_conecta\node_modules\next\dist\shared\lib\page-path\denormalize-app-path.js"
"denormalize-page-path.js","2","C:\valente_conecta\node_modules\next\dist\esm\shared\lib\page-path\denormalize-page-path.js | C:\valente_conecta\node_modules\next\dist\shared\lib\page-path\denormalize-page-path.js"
"ensure-leading-slash.js","2","C:\valente_conecta\node_modules\next\dist\esm\shared\lib\page-path\ensure-leading-slash.js | C:\valente_conecta\node_modules\next\dist\shared\lib\page-path\ensure-leading-slash.js"
"get-page-paths.js","2","C:\valente_conecta\node_modules\next\dist\esm\shared\lib\page-path\get-page-paths.js | C:\valente_conecta\node_modules\next\dist\shared\lib\page-path\get-page-paths.js"
"normalize-page-path.js","2","C:\valente_conecta\node_modules\next\dist\esm\shared\lib\page-path\normalize-page-path.js | C:\valente_conecta\node_modules\next\dist\shared\lib\page-path\normalize-page-path.js"
"normalize-path-sep.js","2","C:\valente_conecta\node_modules\next\dist\esm\shared\lib\page-path\normalize-path-sep.js | C:\valente_conecta\node_modules\next\dist\shared\lib\page-path\normalize-path-sep.js"
"remove-page-path-tail.js","2","C:\valente_conecta\node_modules\next\dist\esm\shared\lib\page-path\remove-page-path-tail.js | C:\valente_conecta\node_modules\next\dist\shared\lib\page-path\remove-page-path-tail.js"
"add-path-prefix.js","2","C:\valente_conecta\node_modules\next\dist\esm\shared\lib\router\utils\add-path-prefix.js | C:\valente_conecta\node_modules\next\dist\shared\lib\router\utils\add-path-prefix.js"
"add-path-suffix.js","2","C:\valente_conecta\node_modules\next\dist\esm\shared\lib\router\utils\add-path-suffix.js | C:\valente_conecta\node_modules\next\dist\shared\lib\router\utils\add-path-suffix.js"
"app-paths.js","2","C:\valente_conecta\node_modules\next\dist\esm\shared\lib\router\utils\app-paths.js | C:\valente_conecta\node_modules\next\dist\shared\lib\router\utils\app-paths.js"
"as-path-to-search-params.js","2","C:\valente_conecta\node_modules\next\dist\esm\shared\lib\router\utils\as-path-to-search-params.js | C:\valente_conecta\node_modules\next\dist\shared\lib\router\utils\as-path-to-search-params.js"
"compare-states.js","2","C:\valente_conecta\node_modules\next\dist\esm\shared\lib\router\utils\compare-states.js | C:\valente_conecta\node_modules\next\dist\shared\lib\router\utils\compare-states.js"
"escape-path-delimiters.js","2","C:\valente_conecta\node_modules\next\dist\esm\shared\lib\router\utils\escape-path-delimiters.js | C:\valente_conecta\node_modules\next\dist\shared\lib\router\utils\escape-path-delimiters.js"
"format-next-pathname-info.js","2","C:\valente_conecta\node_modules\next\dist\esm\shared\lib\router\utils\format-next-pathname-info.js | C:\valente_conecta\node_modules\next\dist\shared\lib\router\utils\format-next-pathname-info.js"
"format-url.js","2","C:\valente_conecta\node_modules\next\dist\esm\shared\lib\router\utils\format-url.js | C:\valente_conecta\node_modules\next\dist\shared\lib\router\utils\format-url.js"
"get-asset-path-from-route.js","2","C:\valente_conecta\node_modules\next\dist\esm\shared\lib\router\utils\get-asset-path-from-route.js | C:\valente_conecta\node_modules\next\dist\shared\lib\router\utils\get-asset-path-from-route.js"
"get-next-pathname-info.js","2","C:\valente_conecta\node_modules\next\dist\esm\shared\lib\router\utils\get-next-pathname-info.js | C:\valente_conecta\node_modules\next\dist\shared\lib\router\utils\get-next-pathname-info.js"
"get-route-from-asset-path.js","2","C:\valente_conecta\node_modules\next\dist\esm\shared\lib\router\utils\get-route-from-asset-path.js | C:\valente_conecta\node_modules\next\dist\shared\lib\router\utils\get-route-from-asset-path.js"
"handle-smooth-scroll.js","2","C:\valente_conecta\node_modules\next\dist\esm\shared\lib\router\utils\handle-smooth-scroll.js | C:\valente_conecta\node_modules\next\dist\shared\lib\router\utils\handle-smooth-scroll.js"
"interpolate-as.js","2","C:\valente_conecta\node_modules\next\dist\esm\shared\lib\router\utils\interpolate-as.js | C:\valente_conecta\node_modules\next\dist\shared\lib\router\utils\interpolate-as.js"
"is-bot.js","2","C:\valente_conecta\node_modules\next\dist\esm\shared\lib\router\utils\is-bot.js | C:\valente_conecta\node_modules\next\dist\shared\lib\router\utils\is-bot.js"
"is-dynamic.js","2","C:\valente_conecta\node_modules\next\dist\esm\shared\lib\router\utils\is-dynamic.js | C:\valente_conecta\node_modules\next\dist\shared\lib\router\utils\is-dynamic.js"
"is-local-url.js","2","C:\valente_conecta\node_modules\next\dist\esm\shared\lib\router\utils\is-local-url.js | C:\valente_conecta\node_modules\next\dist\shared\lib\router\utils\is-local-url.js"
"middleware-route-matcher.js","2","C:\valente_conecta\node_modules\next\dist\esm\shared\lib\router\utils\middleware-route-matcher.js | C:\valente_conecta\node_modules\next\dist\shared\lib\router\utils\middleware-route-matcher.js"
"parse-path.js","2","C:\valente_conecta\node_modules\next\dist\esm\shared\lib\router\utils\parse-path.js | C:\valente_conecta\node_modules\next\dist\shared\lib\router\utils\parse-path.js"
"parse-relative-url.js","2","C:\valente_conecta\node_modules\next\dist\esm\shared\lib\router\utils\parse-relative-url.js | C:\valente_conecta\node_modules\next\dist\shared\lib\router\utils\parse-relative-url.js"
"parse-url.js","2","C:\valente_conecta\node_modules\next\dist\esm\shared\lib\router\utils\parse-url.js | C:\valente_conecta\node_modules\next\dist\shared\lib\router\utils\parse-url.js"
"path-has-prefix.js","2","C:\valente_conecta\node_modules\next\dist\esm\shared\lib\router\utils\path-has-prefix.js | C:\valente_conecta\node_modules\next\dist\shared\lib\router\utils\path-has-prefix.js"
"path-match.js","2","C:\valente_conecta\node_modules\next\dist\esm\shared\lib\router\utils\path-match.js | C:\valente_conecta\node_modules\next\dist\shared\lib\router\utils\path-match.js"
"prepare-destination.js","2","C:\valente_conecta\node_modules\next\dist\esm\shared\lib\router\utils\prepare-destination.js | C:\valente_conecta\node_modules\next\dist\shared\lib\router\utils\prepare-destination.js"
"querystring.js","2","C:\valente_conecta\node_modules\next\dist\esm\shared\lib\router\utils\querystring.js | C:\valente_conecta\node_modules\next\dist\shared\lib\router\utils\querystring.js"
"relativize-url.js","2","C:\valente_conecta\node_modules\next\dist\esm\shared\lib\router\utils\relativize-url.js | C:\valente_conecta\node_modules\next\dist\shared\lib\router\utils\relativize-url.js"
"remove-path-prefix.js","2","C:\valente_conecta\node_modules\next\dist\esm\shared\lib\router\utils\remove-path-prefix.js | C:\valente_conecta\node_modules\next\dist\shared\lib\router\utils\remove-path-prefix.js"
"remove-trailing-slash.js","2","C:\valente_conecta\node_modules\next\dist\esm\shared\lib\router\utils\remove-trailing-slash.js | C:\valente_conecta\node_modules\next\dist\shared\lib\router\utils\remove-trailing-slash.js"
"resolve-rewrites.js","2","C:\valente_conecta\node_modules\next\dist\esm\shared\lib\router\utils\resolve-rewrites.js | C:\valente_conecta\node_modules\next\dist\shared\lib\router\utils\resolve-rewrites.js"
"route-regex.js","2","C:\valente_conecta\node_modules\next\dist\esm\shared\lib\router\utils\route-regex.js | C:\valente_conecta\node_modules\next\dist\shared\lib\router\utils\route-regex.js"
"sorted-routes.js","2","C:\valente_conecta\node_modules\next\dist\esm\shared\lib\router\utils\sorted-routes.js | C:\valente_conecta\node_modules\next\dist\shared\lib\router\utils\sorted-routes.js"
"action-queue.js","2","C:\valente_conecta\node_modules\next\dist\esm\shared\lib\router\action-queue.js | C:\valente_conecta\node_modules\next\dist\shared\lib\router\action-queue.js"
"adapters.js","2","C:\valente_conecta\node_modules\next\dist\esm\shared\lib\router\adapters.js | C:\valente_conecta\node_modules\next\dist\shared\lib\router\adapters.js"
"warn-once.js","4","C:\valente_conecta\node_modules\next\dist\esm\shared\lib\utils\warn-once.js | C:\valente_conecta\node_modules\next\dist\shared\lib\utils\warn-once.js | C:\valente_conecta\node_modules\next\node_modules\postcss\lib\warn-once.js | C:\valente_conecta\node_modules\postcss\lib\warn-once.js"
"amp-context.shared-runtime.js","2","C:\valente_conecta\node_modules\next\dist\esm\shared\lib\amp-context.shared-runtime.js | C:\valente_conecta\node_modules\next\dist\shared\lib\amp-context.shared-runtime.js"
"amp-mode.js","2","C:\valente_conecta\node_modules\next\dist\esm\shared\lib\amp-mode.js | C:\valente_conecta\node_modules\next\dist\shared\lib\amp-mode.js"
"amp.js","3","C:\valente_conecta\node_modules\next\dist\esm\shared\lib\amp.js | C:\valente_conecta\node_modules\next\dist\shared\lib\amp.js | C:\valente_conecta\node_modules\next\amp.js"
"app-router-context.shared-runtime.js","2","C:\valente_conecta\node_modules\next\dist\esm\shared\lib\app-router-context.shared-runtime.js | C:\valente_conecta\node_modules\next\dist\shared\lib\app-router-context.shared-runtime.js"
"bloom-filter.js","2","C:\valente_conecta\node_modules\next\dist\esm\shared\lib\bloom-filter.js | C:\valente_conecta\node_modules\next\dist\shared\lib\bloom-filter.js"
"deep-freeze.js","2","C:\valente_conecta\node_modules\next\dist\esm\shared\lib\deep-freeze.js | C:\valente_conecta\node_modules\next\dist\shared\lib\deep-freeze.js"
"deep-readonly.js","2","C:\valente_conecta\node_modules\next\dist\esm\shared\lib\deep-readonly.js | C:\valente_conecta\node_modules\next\dist\shared\lib\deep-readonly.js"
"encode-uri-path.js","2","C:\valente_conecta\node_modules\next\dist\esm\shared\lib\encode-uri-path.js | C:\valente_conecta\node_modules\next\dist\shared\lib\encode-uri-path.js"
"error-source.js","2","C:\valente_conecta\node_modules\next\dist\esm\shared\lib\error-source.js | C:\valente_conecta\node_modules\next\dist\shared\lib\error-source.js"
"escape-regexp.js","2","C:\valente_conecta\node_modules\next\dist\esm\shared\lib\escape-regexp.js | C:\valente_conecta\node_modules\next\dist\shared\lib\escape-regexp.js"
"fnv1a.js","2","C:\valente_conecta\node_modules\next\dist\esm\shared\lib\fnv1a.js | C:\valente_conecta\node_modules\next\dist\shared\lib\fnv1a.js"
"get-hostname.js","2","C:\valente_conecta\node_modules\next\dist\esm\shared\lib\get-hostname.js | C:\valente_conecta\node_modules\next\dist\shared\lib\get-hostname.js"
"get-img-props.js","2","C:\valente_conecta\node_modules\next\dist\esm\shared\lib\get-img-props.js | C:\valente_conecta\node_modules\next\dist\shared\lib\get-img-props.js"
"head-manager-context.shared-runtime.js","2","C:\valente_conecta\node_modules\next\dist\esm\shared\lib\head-manager-context.shared-runtime.js | C:\valente_conecta\node_modules\next\dist\shared\lib\head-manager-context.shared-runtime.js"
"hooks-client-context.shared-runtime.js","2","C:\valente_conecta\node_modules\next\dist\esm\shared\lib\hooks-client-context.shared-runtime.js | C:\valente_conecta\node_modules\next\dist\shared\lib\hooks-client-context.shared-runtime.js"
"html-context.shared-runtime.js","2","C:\valente_conecta\node_modules\next\dist\esm\shared\lib\html-context.shared-runtime.js | C:\valente_conecta\node_modules\next\dist\shared\lib\html-context.shared-runtime.js"
"image-blur-svg.js","2","C:\valente_conecta\node_modules\next\dist\esm\shared\lib\image-blur-svg.js | C:\valente_conecta\node_modules\next\dist\shared\lib\image-blur-svg.js"
"image-config-context.shared-runtime.js","2","C:\valente_conecta\node_modules\next\dist\esm\shared\lib\image-config-context.shared-runtime.js | C:\valente_conecta\node_modules\next\dist\shared\lib\image-config-context.shared-runtime.js"
"image-config.js","2","C:\valente_conecta\node_modules\next\dist\esm\shared\lib\image-config.js | C:\valente_conecta\node_modules\next\dist\shared\lib\image-config.js"
"image-external.js","2","C:\valente_conecta\node_modules\next\dist\esm\shared\lib\image-external.js | C:\valente_conecta\node_modules\next\dist\shared\lib\image-external.js"
"image-loader.js","2","C:\valente_conecta\node_modules\next\dist\esm\shared\lib\image-loader.js | C:\valente_conecta\node_modules\next\dist\shared\lib\image-loader.js"
"is-plain-object.js","2","C:\valente_conecta\node_modules\next\dist\esm\shared\lib\is-plain-object.js | C:\valente_conecta\node_modules\next\dist\shared\lib\is-plain-object.js"
"loadable-context.shared-runtime.js","2","C:\valente_conecta\node_modules\next\dist\esm\shared\lib\loadable-context.shared-runtime.js | C:\valente_conecta\node_modules\next\dist\shared\lib\loadable-context.shared-runtime.js"
"loadable.shared-runtime.js","2","C:\valente_conecta\node_modules\next\dist\esm\shared\lib\loadable.shared-runtime.js | C:\valente_conecta\node_modules\next\dist\shared\lib\loadable.shared-runtime.js"
"magic-identifier.js","2","C:\valente_conecta\node_modules\next\dist\esm\shared\lib\magic-identifier.js | C:\valente_conecta\node_modules\next\dist\shared\lib\magic-identifier.js"
"match-local-pattern.js","2","C:\valente_conecta\node_modules\next\dist\esm\shared\lib\match-local-pattern.js | C:\valente_conecta\node_modules\next\dist\shared\lib\match-local-pattern.js"
"match-remote-pattern.js","2","C:\valente_conecta\node_modules\next\dist\esm\shared\lib\match-remote-pattern.js | C:\valente_conecta\node_modules\next\dist\shared\lib\match-remote-pattern.js"
"mitt.js","2","C:\valente_conecta\node_modules\next\dist\esm\shared\lib\mitt.js | C:\valente_conecta\node_modules\next\dist\shared\lib\mitt.js"
"modern-browserslist-target.d.ts","2","C:\valente_conecta\node_modules\next\dist\esm\shared\lib\modern-browserslist-target.d.ts | C:\valente_conecta\node_modules\next\dist\shared\lib\modern-browserslist-target.d.ts"
"modern-browserslist-target.js","2","C:\valente_conecta\node_modules\next\dist\esm\shared\lib\modern-browserslist-target.js | C:\valente_conecta\node_modules\next\dist\shared\lib\modern-browserslist-target.js"
"normalized-asset-prefix.js","2","C:\valente_conecta\node_modules\next\dist\esm\shared\lib\normalized-asset-prefix.js | C:\valente_conecta\node_modules\next\dist\shared\lib\normalized-asset-prefix.js"
"router-context.shared-runtime.js","2","C:\valente_conecta\node_modules\next\dist\esm\shared\lib\router-context.shared-runtime.js | C:\valente_conecta\node_modules\next\dist\shared\lib\router-context.shared-runtime.js"
"runtime-config.external.js","2","C:\valente_conecta\node_modules\next\dist\esm\shared\lib\runtime-config.external.js | C:\valente_conecta\node_modules\next\dist\shared\lib\runtime-config.external.js"
"segment.js","2","C:\valente_conecta\node_modules\next\dist\esm\shared\lib\segment.js | C:\valente_conecta\node_modules\next\dist\shared\lib\segment.js"
"server-inserted-html.shared-runtime.js","2","C:\valente_conecta\node_modules\next\dist\esm\shared\lib\server-inserted-html.shared-runtime.js | C:\valente_conecta\node_modules\next\dist\shared\lib\server-inserted-html.shared-runtime.js"
"side-effect.js","2","C:\valente_conecta\node_modules\next\dist\esm\shared\lib\side-effect.js | C:\valente_conecta\node_modules\next\dist\shared\lib\side-effect.js"
"styled-jsx.d.ts","2","C:\valente_conecta\node_modules\next\dist\esm\shared\lib\styled-jsx.d.ts | C:\valente_conecta\node_modules\next\dist\shared\lib\styled-jsx.d.ts"
"styled-jsx.js","2","C:\valente_conecta\node_modules\next\dist\esm\shared\lib\styled-jsx.js | C:\valente_conecta\node_modules\next\dist\shared\lib\styled-jsx.js"
"msw.d.ts","2","C:\valente_conecta\node_modules\next\dist\experimental\testmode\playwright\msw.d.ts | C:\valente_conecta\node_modules\next\experimental\testmode\playwright\msw.d.ts"
"msw.js","2","C:\valente_conecta\node_modules\next\dist\experimental\testmode\playwright\msw.js | C:\valente_conecta\node_modules\next\experimental\testmode\playwright\msw.js"
"trace.d.ts","2","C:\valente_conecta\node_modules\next\dist\lib\memory\trace.d.ts | C:\valente_conecta\node_modules\next\dist\trace\trace.d.ts"
"icons.d.ts","2","C:\valente_conecta\node_modules\next\dist\lib\metadata\generate\icons.d.ts | C:\valente_conecta\node_modules\next\dist\lib\metadata\types\icons.d.ts"
"metadata.d.ts","2","C:\valente_conecta\node_modules\next\dist\lib\metadata\metadata.d.ts | C:\valente_conecta\node_modules\next\dist\server\typescript\rules\metadata.d.ts"
"interop-default.d.ts","2","C:\valente_conecta\node_modules\next\dist\lib\interop-default.d.ts | C:\valente_conecta\node_modules\next\dist\server\app-render\interop-default.d.ts"
"picocolors.d.ts","2","C:\valente_conecta\node_modules\next\dist\lib\picocolors.d.ts | C:\valente_conecta\node_modules\picocolors\picocolors.d.ts"
"_error.d.ts","2","C:\valente_conecta\node_modules\next\dist\pages\_error.d.ts | C:\valente_conecta\node_modules\next\dist\server\future\route-modules\pages\builtin\_error.d.ts"
"server-inserted-html.d.ts","3","C:\valente_conecta\node_modules\next\dist\server\app-render\server-inserted-html.d.ts | C:\valente_conecta\node_modules\next\dist\server\future\route-modules\app-page\vendored\contexts\server-inserted-html.d.ts | C:\valente_conecta\node_modules\next\dist\server\future\route-modules\pages\vendored\contexts\server-inserted-html.d.ts"
"manifest-loader.d.ts","2","C:\valente_conecta\node_modules\next\dist\server\dev\turbopack\manifest-loader.d.ts | C:\valente_conecta\node_modules\next\dist\server\future\route-matcher-providers\helpers\manifest-loaders\manifest-loader.d.ts"
"route-matcher.d.ts","2","C:\valente_conecta\node_modules\next\dist\server\future\route-matchers\route-matcher.d.ts | C:\valente_conecta\node_modules\next\dist\shared\lib\router\utils\route-matcher.d.ts"
"amp-context.d.ts","2","C:\valente_conecta\node_modules\next\dist\server\future\route-modules\app-page\vendored\contexts\amp-context.d.ts | C:\valente_conecta\node_modules\next\dist\server\future\route-modules\pages\vendored\contexts\amp-context.d.ts"
"app-router-context.d.ts","2","C:\valente_conecta\node_modules\next\dist\server\future\route-modules\app-page\vendored\contexts\app-router-context.d.ts | C:\valente_conecta\node_modules\next\dist\server\future\route-modules\pages\vendored\contexts\app-router-context.d.ts"
"entrypoints.d.ts","4","C:\valente_conecta\node_modules\next\dist\server\future\route-modules\app-page\vendored\contexts\entrypoints.d.ts | C:\valente_conecta\node_modules\next\dist\server\future\route-modules\app-page\vendored\rsc\entrypoints.d.ts | C:\valente_conecta\node_modules\next\dist\server\future\route-modules\app-page\vendored\ssr\entrypoints.d.ts | C:\valente_conecta\node_modules\next\dist\server\future\route-modules\pages\vendored\contexts\entrypoints.d.ts"
"head-manager-context.d.ts","2","C:\valente_conecta\node_modules\next\dist\server\future\route-modules\app-page\vendored\contexts\head-manager-context.d.ts | C:\valente_conecta\node_modules\next\dist\server\future\route-modules\pages\vendored\contexts\head-manager-context.d.ts"
"hooks-client-context.d.ts","2","C:\valente_conecta\node_modules\next\dist\server\future\route-modules\app-page\vendored\contexts\hooks-client-context.d.ts | C:\valente_conecta\node_modules\next\dist\server\future\route-modules\pages\vendored\contexts\hooks-client-context.d.ts"
"html-context.d.ts","2","C:\valente_conecta\node_modules\next\dist\server\future\route-modules\app-page\vendored\contexts\html-context.d.ts | C:\valente_conecta\node_modules\next\dist\server\future\route-modules\pages\vendored\contexts\html-context.d.ts"
"image-config-context.d.ts","2","C:\valente_conecta\node_modules\next\dist\server\future\route-modules\app-page\vendored\contexts\image-config-context.d.ts | C:\valente_conecta\node_modules\next\dist\server\future\route-modules\pages\vendored\contexts\image-config-context.d.ts"
"loadable-context.d.ts","2","C:\valente_conecta\node_modules\next\dist\server\future\route-modules\app-page\vendored\contexts\loadable-context.d.ts | C:\valente_conecta\node_modules\next\dist\server\future\route-modules\pages\vendored\contexts\loadable-context.d.ts"
"loadable.d.ts","3","C:\valente_conecta\node_modules\next\dist\server\future\route-modules\app-page\vendored\contexts\loadable.d.ts | C:\valente_conecta\node_modules\next\dist\server\future\route-modules\pages\vendored\contexts\loadable.d.ts | C:\valente_conecta\node_modules\next\dist\shared\lib\lazy-dynamic\loadable.d.ts"
"router-context.d.ts","2","C:\valente_conecta\node_modules\next\dist\server\future\route-modules\app-page\vendored\contexts\router-context.d.ts | C:\valente_conecta\node_modules\next\dist\server\future\route-modules\pages\vendored\contexts\router-context.d.ts"
"react-dom.d.ts","2","C:\valente_conecta\node_modules\next\dist\server\future\route-modules\app-page\vendored\rsc\react-dom.d.ts | C:\valente_conecta\node_modules\next\dist\server\future\route-modules\app-page\vendored\ssr\react-dom.d.ts"
"react-jsx-dev-runtime.d.ts","2","C:\valente_conecta\node_modules\next\dist\server\future\route-modules\app-page\vendored\rsc\react-jsx-dev-runtime.d.ts | C:\valente_conecta\node_modules\next\dist\server\future\route-modules\app-page\vendored\ssr\react-jsx-dev-runtime.d.ts"
"react-jsx-runtime.d.ts","2","C:\valente_conecta\node_modules\next\dist\server\future\route-modules\app-page\vendored\rsc\react-jsx-runtime.d.ts | C:\valente_conecta\node_modules\next\dist\server\future\route-modules\app-page\vendored\ssr\react-jsx-runtime.d.ts"
"react.d.ts","2","C:\valente_conecta\node_modules\next\dist\server\future\route-modules\app-page\vendored\rsc\react.d.ts | C:\valente_conecta\node_modules\next\dist\server\future\route-modules\app-page\vendored\ssr\react.d.ts"
"module.render.d.ts","2","C:\valente_conecta\node_modules\next\dist\server\future\route-modules\app-page\module.render.d.ts | C:\valente_conecta\node_modules\next\dist\server\future\route-modules\pages\module.render.d.ts"
"revalidate.d.ts","2","C:\valente_conecta\node_modules\next\dist\server\lib\revalidate.d.ts | C:\valente_conecta\node_modules\next\dist\server\web\spec-extension\revalidate.d.ts"
"image-response.d.ts","2","C:\valente_conecta\node_modules\next\dist\server\og\image-response.d.ts | C:\valente_conecta\node_modules\next\dist\server\web\spec-extension\image-response.d.ts"
"config.d.ts","4","C:\valente_conecta\node_modules\next\dist\server\typescript\rules\config.d.ts | C:\valente_conecta\node_modules\next\dist\server\config.d.ts | C:\valente_conecta\node_modules\next\config.d.ts | C:\valente_conecta\node_modules\tailwindcss\types\config.d.ts"
"cookies.d.ts","2","C:\valente_conecta\node_modules\next\dist\server\web\spec-extension\cookies.d.ts | C:\valente_conecta\node_modules\undici-types\cookies.d.ts"
"amp.d.ts","2","C:\valente_conecta\node_modules\next\dist\shared\lib\amp.d.ts | C:\valente_conecta\node_modules\next\amp.d.ts"
"css.d.ts","2","C:\valente_conecta\node_modules\next\dist\styled-jsx\types\css.d.ts | C:\valente_conecta\node_modules\styled-jsx\css.d.ts"
"macro.d.ts","2","C:\valente_conecta\node_modules\next\dist\styled-jsx\types\macro.d.ts | C:\valente_conecta\node_modules\styled-jsx\macro.d.ts"
"style.d.ts","2","C:\valente_conecta\node_modules\next\dist\styled-jsx\types\style.d.ts | C:\valente_conecta\node_modules\styled-jsx\style.d.ts"
"at-rule.d.ts","2","C:\valente_conecta\node_modules\next\node_modules\postcss\lib\at-rule.d.ts | C:\valente_conecta\node_modules\postcss\lib\at-rule.d.ts"
"comment.d.ts","2","C:\valente_conecta\node_modules\next\node_modules\postcss\lib\comment.d.ts | C:\valente_conecta\node_modules\postcss\lib\comment.d.ts"
"comment.js","3","C:\valente_conecta\node_modules\next\node_modules\postcss\lib\comment.js | C:\valente_conecta\node_modules\postcss\lib\comment.js | C:\valente_conecta\node_modules\postcss-selector-parser\dist\selectors\comment.js"
"container.d.ts","2","C:\valente_conecta\node_modules\next\node_modules\postcss\lib\container.d.ts | C:\valente_conecta\node_modules\postcss\lib\container.d.ts"
"css-syntax-error.d.ts","2","C:\valente_conecta\node_modules\next\node_modules\postcss\lib\css-syntax-error.d.ts | C:\valente_conecta\node_modules\postcss\lib\css-syntax-error.d.ts"
"css-syntax-error.js","2","C:\valente_conecta\node_modules\next\node_modules\postcss\lib\css-syntax-error.js | C:\valente_conecta\node_modules\postcss\lib\css-syntax-error.js"
"declaration.d.ts","2","C:\valente_conecta\node_modules\next\node_modules\postcss\lib\declaration.d.ts | C:\valente_conecta\node_modules\postcss\lib\declaration.d.ts"
"fromJSON.d.ts","2","C:\valente_conecta\node_modules\next\node_modules\postcss\lib\fromJSON.d.ts | C:\valente_conecta\node_modules\postcss\lib\fromJSON.d.ts"
"fromJSON.js","2","C:\valente_conecta\node_modules\next\node_modules\postcss\lib\fromJSON.js | C:\valente_conecta\node_modules\postcss\lib\fromJSON.js"
"input.d.ts","2","C:\valente_conecta\node_modules\next\node_modules\postcss\lib\input.d.ts | C:\valente_conecta\node_modules\postcss\lib\input.d.ts"
"input.js","2","C:\valente_conecta\node_modules\next\node_modules\postcss\lib\input.js | C:\valente_conecta\node_modules\postcss\lib\input.js"
"lazy-result.d.ts","2","C:\valente_conecta\node_modules\next\node_modules\postcss\lib\lazy-result.d.ts | C:\valente_conecta\node_modules\postcss\lib\lazy-result.d.ts"
"lazy-result.js","2","C:\valente_conecta\node_modules\next\node_modules\postcss\lib\lazy-result.js | C:\valente_conecta\node_modules\postcss\lib\lazy-result.js"
"list.d.ts","3","C:\valente_conecta\node_modules\next\node_modules\postcss\lib\list.d.ts | C:\valente_conecta\node_modules\postcss\lib\list.d.ts | C:\valente_conecta\node_modules\side-channel-list\list.d.ts"
"map-generator.js","2","C:\valente_conecta\node_modules\next\node_modules\postcss\lib\map-generator.js | C:\valente_conecta\node_modules\postcss\lib\map-generator.js"
"no-work-result.d.ts","2","C:\valente_conecta\node_modules\next\node_modules\postcss\lib\no-work-result.d.ts | C:\valente_conecta\node_modules\postcss\lib\no-work-result.d.ts"
"no-work-result.js","2","C:\valente_conecta\node_modules\next\node_modules\postcss\lib\no-work-result.js | C:\valente_conecta\node_modules\postcss\lib\no-work-result.js"
"parse.d.ts","2","C:\valente_conecta\node_modules\next\node_modules\postcss\lib\parse.d.ts | C:\valente_conecta\node_modules\postcss\lib\parse.d.ts"
"previous-map.d.ts","2","C:\valente_conecta\node_modules\next\node_modules\postcss\lib\previous-map.d.ts | C:\valente_conecta\node_modules\postcss\lib\previous-map.d.ts"
"previous-map.js","2","C:\valente_conecta\node_modules\next\node_modules\postcss\lib\previous-map.js | C:\valente_conecta\node_modules\postcss\lib\previous-map.js"
"processor.d.ts","2","C:\valente_conecta\node_modules\next\node_modules\postcss\lib\processor.d.ts | C:\valente_conecta\node_modules\postcss\lib\processor.d.ts"
"root.d.ts","2","C:\valente_conecta\node_modules\next\node_modules\postcss\lib\root.d.ts | C:\valente_conecta\node_modules\postcss\lib\root.d.ts"
"root.js","4","C:\valente_conecta\node_modules\next\node_modules\postcss\lib\root.js | C:\valente_conecta\node_modules\postcss\lib\root.js | C:\valente_conecta\node_modules\postcss-selector-parser\dist\selectors\root.js | C:\valente_conecta\node_modules\resolve\test\resolver\other_path\root.js"
"rule.d.ts","2","C:\valente_conecta\node_modules\next\node_modules\postcss\lib\rule.d.ts | C:\valente_conecta\node_modules\postcss\lib\rule.d.ts"
"rule.js","2","C:\valente_conecta\node_modules\next\node_modules\postcss\lib\rule.js | C:\valente_conecta\node_modules\postcss\lib\rule.js"
"stringifier.d.ts","2","C:\valente_conecta\node_modules\next\node_modules\postcss\lib\stringifier.d.ts | C:\valente_conecta\node_modules\postcss\lib\stringifier.d.ts"
"stringifier.js","2","C:\valente_conecta\node_modules\next\node_modules\postcss\lib\stringifier.js | C:\valente_conecta\node_modules\postcss\lib\stringifier.js"
"stringify.d.ts","2","C:\valente_conecta\node_modules\next\node_modules\postcss\lib\stringify.d.ts | C:\valente_conecta\node_modules\postcss\lib\stringify.d.ts"
"symbols.js","4","C:\valente_conecta\node_modules\next\node_modules\postcss\lib\symbols.js | C:\valente_conecta\node_modules\postcss\lib\symbols.js | C:\valente_conecta\node_modules\recharts\es6\shape\Symbols.js | C:\valente_conecta\node_modules\recharts\lib\shape\Symbols.js"
"terminal-highlight.js","2","C:\valente_conecta\node_modules\next\node_modules\postcss\lib\terminal-highlight.js | C:\valente_conecta\node_modules\postcss\lib\terminal-highlight.js"
"tokenize.js","3","C:\valente_conecta\node_modules\next\node_modules\postcss\lib\tokenize.js | C:\valente_conecta\node_modules\postcss\lib\tokenize.js | C:\valente_conecta\node_modules\postcss-selector-parser\dist\tokenize.js"
"cache.d.ts","2","C:\valente_conecta\node_modules\next\cache.d.ts | C:\valente_conecta\node_modules\undici-types\cache.d.ts"
"circular.js","2","C:\valente_conecta\node_modules\object-inspect\example\circular.js | C:\valente_conecta\node_modules\object-inspect\test\circular.js"
"fn.js","2","C:\valente_conecta\node_modules\object-inspect\example\fn.js | C:\valente_conecta\node_modules\object-inspect\test\fn.js"
"deflate.js","2","C:\valente_conecta\node_modules\pako\lib\zlib\deflate.js | C:\valente_conecta\node_modules\pako\lib\deflate.js"
"inflate.js","2","C:\valente_conecta\node_modules\pako\lib\zlib\inflate.js | C:\valente_conecta\node_modules\pako\lib\inflate.js"
"picomatch.js","2","C:\valente_conecta\node_modules\picomatch\lib\picomatch.js | C:\valente_conecta\node_modules\tinyglobby\node_modules\picomatch\lib\picomatch.js"
"unit.js","3","C:\valente_conecta\node_modules\postcss-value-parser\lib\unit.js | C:\valente_conecta\node_modules\tailwindcss\lib\value-parser\unit.js | C:\valente_conecta\node_modules\tailwindcss\src\value-parser\unit.js"
"walk.js","3","C:\valente_conecta\node_modules\postcss-value-parser\lib\walk.js | C:\valente_conecta\node_modules\tailwindcss\lib\value-parser\walk.js | C:\valente_conecta\node_modules\tailwindcss\src\value-parser\walk.js"
"react-dom-test-utils.development.js","2","C:\valente_conecta\node_modules\react-dom\cjs\react-dom-test-utils.development.js | C:\valente_conecta\node_modules\react-dom\umd\react-dom-test-utils.development.js"
"react-dom-test-utils.production.min.js","2","C:\valente_conecta\node_modules\react-dom\cjs\react-dom-test-utils.production.min.js | C:\valente_conecta\node_modules\react-dom\umd\react-dom-test-utils.production.min.js"
"store.ts","2","C:\valente_conecta\node_modules\react-hot-toast\src\core\store.ts | C:\valente_conecta\node_modules\redux\src\types\store.ts"
"bindActionCreators.ts","2","C:\valente_conecta\node_modules\react-redux\src\utils\bindActionCreators.ts | C:\valente_conecta\node_modules\redux\src\bindActionCreators.ts"
"isPlainObject.ts","2","C:\valente_conecta\node_modules\react-redux\src\utils\isPlainObject.ts | C:\valente_conecta\node_modules\redux\src\utils\isPlainObject.ts"
"warning.ts","2","C:\valente_conecta\node_modules\react-redux\src\utils\warning.ts | C:\valente_conecta\node_modules\redux\src\utils\warning.ts"
"state.js","3","C:\valente_conecta\node_modules\readable-stream\lib\internal\streams\state.js | C:\valente_conecta\node_modules\sucrase\dist\esm\parser\tokenizer\state.js | C:\valente_conecta\node_modules\sucrase\dist\parser\tokenizer\state.js"
"AnimationManager.js","2","C:\valente_conecta\node_modules\recharts\es6\animation\AnimationManager.js | C:\valente_conecta\node_modules\recharts\lib\animation\AnimationManager.js"
"configUpdate.js","2","C:\valente_conecta\node_modules\recharts\es6\animation\configUpdate.js | C:\valente_conecta\node_modules\recharts\lib\animation\configUpdate.js"
"createDefaultAnimationManager.js","2","C:\valente_conecta\node_modules\recharts\es6\animation\createDefaultAnimationManager.js | C:\valente_conecta\node_modules\recharts\lib\animation\createDefaultAnimationManager.js"
"CSSTransitionAnimate.js","2","C:\valente_conecta\node_modules\recharts\es6\animation\CSSTransitionAnimate.js | C:\valente_conecta\node_modules\recharts\lib\animation\CSSTransitionAnimate.js"
"easing.js","2","C:\valente_conecta\node_modules\recharts\es6\animation\easing.js | C:\valente_conecta\node_modules\recharts\lib\animation\easing.js"
"JavascriptAnimate.js","2","C:\valente_conecta\node_modules\recharts\es6\animation\JavascriptAnimate.js | C:\valente_conecta\node_modules\recharts\lib\animation\JavascriptAnimate.js"
"timeoutController.js","2","C:\valente_conecta\node_modules\recharts\es6\animation\timeoutController.js | C:\valente_conecta\node_modules\recharts\lib\animation\timeoutController.js"
"useAnimationManager.js","2","C:\valente_conecta\node_modules\recharts\es6\animation\useAnimationManager.js | C:\valente_conecta\node_modules\recharts\lib\animation\useAnimationManager.js"
"Bar.js","3","C:\valente_conecta\node_modules\recharts\es6\cartesian\Bar.js | C:\valente_conecta\node_modules\recharts\lib\cartesian\Bar.js | C:\valente_conecta\node_modules\resolve\test\resolver\symlinked\package\bar.js"
"BarStack.js","2","C:\valente_conecta\node_modules\recharts\es6\cartesian\BarStack.js | C:\valente_conecta\node_modules\recharts\lib\cartesian\BarStack.js"
"CartesianAxis.js","2","C:\valente_conecta\node_modules\recharts\es6\cartesian\CartesianAxis.js | C:\valente_conecta\node_modules\recharts\lib\cartesian\CartesianAxis.js"
"CartesianGrid.js","2","C:\valente_conecta\node_modules\recharts\es6\cartesian\CartesianGrid.js | C:\valente_conecta\node_modules\recharts\lib\cartesian\CartesianGrid.js"
"ErrorBar.js","2","C:\valente_conecta\node_modules\recharts\es6\cartesian\ErrorBar.js | C:\valente_conecta\node_modules\recharts\lib\cartesian\ErrorBar.js"
"Funnel.js","2","C:\valente_conecta\node_modules\recharts\es6\cartesian\Funnel.js | C:\valente_conecta\node_modules\recharts\lib\cartesian\Funnel.js"
"getCartesianPosition.js","2","C:\valente_conecta\node_modules\recharts\es6\cartesian\getCartesianPosition.js | C:\valente_conecta\node_modules\recharts\lib\cartesian\getCartesianPosition.js"
"getEquidistantTicks.js","2","C:\valente_conecta\node_modules\recharts\es6\cartesian\getEquidistantTicks.js | C:\valente_conecta\node_modules\recharts\lib\cartesian\getEquidistantTicks.js"
"getTicks.js","2","C:\valente_conecta\node_modules\recharts\es6\cartesian\getTicks.js | C:\valente_conecta\node_modules\recharts\lib\cartesian\getTicks.js"
"GraphicalItemClipPath.js","2","C:\valente_conecta\node_modules\recharts\es6\cartesian\GraphicalItemClipPath.js | C:\valente_conecta\node_modules\recharts\lib\cartesian\GraphicalItemClipPath.js"
"ReferenceArea.js","2","C:\valente_conecta\node_modules\recharts\es6\cartesian\ReferenceArea.js | C:\valente_conecta\node_modules\recharts\lib\cartesian\ReferenceArea.js"
"ReferenceDot.js","2","C:\valente_conecta\node_modules\recharts\es6\cartesian\ReferenceDot.js | C:\valente_conecta\node_modules\recharts\lib\cartesian\ReferenceDot.js"
"ReferenceLine.js","2","C:\valente_conecta\node_modules\recharts\es6\cartesian\ReferenceLine.js | C:\valente_conecta\node_modules\recharts\lib\cartesian\ReferenceLine.js"
"Scatter.js","2","C:\valente_conecta\node_modules\recharts\es6\cartesian\Scatter.js | C:\valente_conecta\node_modules\recharts\lib\cartesian\Scatter.js"
"XAxis.js","2","C:\valente_conecta\node_modules\recharts\es6\cartesian\XAxis.js | C:\valente_conecta\node_modules\recharts\lib\cartesian\XAxis.js"
"YAxis.js","2","C:\valente_conecta\node_modules\recharts\es6\cartesian\YAxis.js | C:\valente_conecta\node_modules\recharts\lib\cartesian\YAxis.js"
"ZAxis.js","2","C:\valente_conecta\node_modules\recharts\es6\cartesian\ZAxis.js | C:\valente_conecta\node_modules\recharts\lib\cartesian\ZAxis.js"
"AreaChart.js","2","C:\valente_conecta\node_modules\recharts\es6\chart\AreaChart.js | C:\valente_conecta\node_modules\recharts\lib\chart\AreaChart.js"
"BarChart.js","2","C:\valente_conecta\node_modules\recharts\es6\chart\BarChart.js | C:\valente_conecta\node_modules\recharts\lib\chart\BarChart.js"
"CartesianChart.js","2","C:\valente_conecta\node_modules\recharts\es6\chart\CartesianChart.js | C:\valente_conecta\node_modules\recharts\lib\chart\CartesianChart.js"
"CategoricalChart.js","2","C:\valente_conecta\node_modules\recharts\es6\chart\CategoricalChart.js | C:\valente_conecta\node_modules\recharts\lib\chart\CategoricalChart.js"
"ComposedChart.js","2","C:\valente_conecta\node_modules\recharts\es6\chart\ComposedChart.js | C:\valente_conecta\node_modules\recharts\lib\chart\ComposedChart.js"
"FunnelChart.js","2","C:\valente_conecta\node_modules\recharts\es6\chart\FunnelChart.js | C:\valente_conecta\node_modules\recharts\lib\chart\FunnelChart.js"
"LineChart.js","2","C:\valente_conecta\node_modules\recharts\es6\chart\LineChart.js | C:\valente_conecta\node_modules\recharts\lib\chart\LineChart.js"
"PieChart.js","2","C:\valente_conecta\node_modules\recharts\es6\chart\PieChart.js | C:\valente_conecta\node_modules\recharts\lib\chart\PieChart.js"
"PolarChart.js","2","C:\valente_conecta\node_modules\recharts\es6\chart\PolarChart.js | C:\valente_conecta\node_modules\recharts\lib\chart\PolarChart.js"
"RadarChart.js","2","C:\valente_conecta\node_modules\recharts\es6\chart\RadarChart.js | C:\valente_conecta\node_modules\recharts\lib\chart\RadarChart.js"
"RadialBarChart.js","2","C:\valente_conecta\node_modules\recharts\es6\chart\RadialBarChart.js | C:\valente_conecta\node_modules\recharts\lib\chart\RadialBarChart.js"
"RechartsWrapper.js","2","C:\valente_conecta\node_modules\recharts\es6\chart\RechartsWrapper.js | C:\valente_conecta\node_modules\recharts\lib\chart\RechartsWrapper.js"
"Sankey.js","2","C:\valente_conecta\node_modules\recharts\es6\chart\Sankey.js | C:\valente_conecta\node_modules\recharts\lib\chart\Sankey.js"
"ScatterChart.js","2","C:\valente_conecta\node_modules\recharts\es6\chart\ScatterChart.js | C:\valente_conecta\node_modules\recharts\lib\chart\ScatterChart.js"
"SunburstChart.js","2","C:\valente_conecta\node_modules\recharts\es6\chart\SunburstChart.js | C:\valente_conecta\node_modules\recharts\lib\chart\SunburstChart.js"
"Treemap.js","2","C:\valente_conecta\node_modules\recharts\es6\chart\Treemap.js | C:\valente_conecta\node_modules\recharts\lib\chart\Treemap.js"
"ActivePoints.js","2","C:\valente_conecta\node_modules\recharts\es6\component\ActivePoints.js | C:\valente_conecta\node_modules\recharts\lib\component\ActivePoints.js"
"Cell.js","3","C:\valente_conecta\node_modules\recharts\es6\component\Cell.js | C:\valente_conecta\node_modules\recharts\lib\component\Cell.js | C:\valente_conecta\node_modules\victory-vendor\lib-vendor\d3-voronoi\src\Cell.js"
"Cursor.js","2","C:\valente_conecta\node_modules\recharts\es6\component\Cursor.js | C:\valente_conecta\node_modules\recharts\lib\component\Cursor.js"
"Customized.js","2","C:\valente_conecta\node_modules\recharts\es6\component\Customized.js | C:\valente_conecta\node_modules\recharts\lib\component\Customized.js"
"DefaultLegendContent.js","2","C:\valente_conecta\node_modules\recharts\es6\component\DefaultLegendContent.js | C:\valente_conecta\node_modules\recharts\lib\component\DefaultLegendContent.js"
"DefaultTooltipContent.js","2","C:\valente_conecta\node_modules\recharts\es6\component\DefaultTooltipContent.js | C:\valente_conecta\node_modules\recharts\lib\component\DefaultTooltipContent.js"
"Dots.js","2","C:\valente_conecta\node_modules\recharts\es6\component\Dots.js | C:\valente_conecta\node_modules\recharts\lib\component\Dots.js"
"Label.js","2","C:\valente_conecta\node_modules\recharts\es6\component\Label.js | C:\valente_conecta\node_modules\recharts\lib\component\Label.js"
"LabelList.js","2","C:\valente_conecta\node_modules\recharts\es6\component\LabelList.js | C:\valente_conecta\node_modules\recharts\lib\component\LabelList.js"
"Legend.js","2","C:\valente_conecta\node_modules\recharts\es6\component\Legend.js | C:\valente_conecta\node_modules\recharts\lib\component\Legend.js"
"ResponsiveContainer.js","2","C:\valente_conecta\node_modules\recharts\es6\component\ResponsiveContainer.js | C:\valente_conecta\node_modules\recharts\lib\component\ResponsiveContainer.js"
"responsiveContainerUtils.js","2","C:\valente_conecta\node_modules\recharts\es6\component\responsiveContainerUtils.js | C:\valente_conecta\node_modules\recharts\lib\component\responsiveContainerUtils.js"
"Tooltip.js","2","C:\valente_conecta\node_modules\recharts\es6\component\Tooltip.js | C:\valente_conecta\node_modules\recharts\lib\component\Tooltip.js"
"TooltipBoundingBox.js","2","C:\valente_conecta\node_modules\recharts\es6\component\TooltipBoundingBox.js | C:\valente_conecta\node_modules\recharts\lib\component\TooltipBoundingBox.js"
"ClipPathProvider.js","2","C:\valente_conecta\node_modules\recharts\es6\container\ClipPathProvider.js | C:\valente_conecta\node_modules\recharts\lib\container\ClipPathProvider.js"
"Layer.js","3","C:\valente_conecta\node_modules\recharts\es6\container\Layer.js | C:\valente_conecta\node_modules\recharts\lib\container\Layer.js | C:\valente_conecta\node_modules\router\lib\layer.js"
"RootSurface.js","2","C:\valente_conecta\node_modules\recharts\es6\container\RootSurface.js | C:\valente_conecta\node_modules\recharts\lib\container\RootSurface.js"
"Surface.js","2","C:\valente_conecta\node_modules\recharts\es6\container\Surface.js | C:\valente_conecta\node_modules\recharts\lib\container\Surface.js"
"accessibilityContext.js","2","C:\valente_conecta\node_modules\recharts\es6\context\accessibilityContext.js | C:\valente_conecta\node_modules\recharts\lib\context\accessibilityContext.js"
"brushUpdateContext.js","2","C:\valente_conecta\node_modules\recharts\es6\context\brushUpdateContext.js | C:\valente_conecta\node_modules\recharts\lib\context\brushUpdateContext.js"
"chartDataContext.js","2","C:\valente_conecta\node_modules\recharts\es6\context\chartDataContext.js | C:\valente_conecta\node_modules\recharts\lib\context\chartDataContext.js"
"chartLayoutContext.js","2","C:\valente_conecta\node_modules\recharts\es6\context\chartLayoutContext.js | C:\valente_conecta\node_modules\recharts\lib\context\chartLayoutContext.js"
"ErrorBarContext.js","2","C:\valente_conecta\node_modules\recharts\es6\context\ErrorBarContext.js | C:\valente_conecta\node_modules\recharts\lib\context\ErrorBarContext.js"
"legendPayloadContext.js","2","C:\valente_conecta\node_modules\recharts\es6\context\legendPayloadContext.js | C:\valente_conecta\node_modules\recharts\lib\context\legendPayloadContext.js"
"legendPortalContext.js","2","C:\valente_conecta\node_modules\recharts\es6\context\legendPortalContext.js | C:\valente_conecta\node_modules\recharts\lib\context\legendPortalContext.js"
"PanoramaContext.js","2","C:\valente_conecta\node_modules\recharts\es6\context\PanoramaContext.js | C:\valente_conecta\node_modules\recharts\lib\context\PanoramaContext.js"
"RegisterGraphicalItemId.js","2","C:\valente_conecta\node_modules\recharts\es6\context\RegisterGraphicalItemId.js | C:\valente_conecta\node_modules\recharts\lib\context\RegisterGraphicalItemId.js"
"tooltipContext.js","2","C:\valente_conecta\node_modules\recharts\es6\context\tooltipContext.js | C:\valente_conecta\node_modules\recharts\lib\context\tooltipContext.js"
"tooltipPortalContext.js","2","C:\valente_conecta\node_modules\recharts\es6\context\tooltipPortalContext.js | C:\valente_conecta\node_modules\recharts\lib\context\tooltipPortalContext.js"
"useTooltipAxis.js","2","C:\valente_conecta\node_modules\recharts\es6\context\useTooltipAxis.js | C:\valente_conecta\node_modules\recharts\lib\context\useTooltipAxis.js"
"defaultPolarAngleAxisProps.js","2","C:\valente_conecta\node_modules\recharts\es6\polar\defaultPolarAngleAxisProps.js | C:\valente_conecta\node_modules\recharts\lib\polar\defaultPolarAngleAxisProps.js"
"defaultPolarRadiusAxisProps.js","2","C:\valente_conecta\node_modules\recharts\es6\polar\defaultPolarRadiusAxisProps.js | C:\valente_conecta\node_modules\recharts\lib\polar\defaultPolarRadiusAxisProps.js"
"PolarAngleAxis.js","2","C:\valente_conecta\node_modules\recharts\es6\polar\PolarAngleAxis.js | C:\valente_conecta\node_modules\recharts\lib\polar\PolarAngleAxis.js"
"PolarGrid.js","2","C:\valente_conecta\node_modules\recharts\es6\polar\PolarGrid.js | C:\valente_conecta\node_modules\recharts\lib\polar\PolarGrid.js"
"PolarRadiusAxis.js","2","C:\valente_conecta\node_modules\recharts\es6\polar\PolarRadiusAxis.js | C:\valente_conecta\node_modules\recharts\lib\polar\PolarRadiusAxis.js"
"RadialBar.js","2","C:\valente_conecta\node_modules\recharts\es6\polar\RadialBar.js | C:\valente_conecta\node_modules\recharts\lib\polar\RadialBar.js"
"Curve.js","2","C:\valente_conecta\node_modules\recharts\es6\shape\Curve.js | C:\valente_conecta\node_modules\recharts\lib\shape\Curve.js"
"Polygon.js","2","C:\valente_conecta\node_modules\recharts\es6\shape\Polygon.js | C:\valente_conecta\node_modules\recharts\lib\shape\Polygon.js"
"Rectangle.js","2","C:\valente_conecta\node_modules\recharts\es6\shape\Rectangle.js | C:\valente_conecta\node_modules\recharts\lib\shape\Rectangle.js"
"Sector.js","2","C:\valente_conecta\node_modules\recharts\es6\shape\Sector.js | C:\valente_conecta\node_modules\recharts\lib\shape\Sector.js"
"Trapezoid.js","2","C:\valente_conecta\node_modules\recharts\es6\shape\Trapezoid.js | C:\valente_conecta\node_modules\recharts\lib\shape\Trapezoid.js"
"combineActiveLabel.js","2","C:\valente_conecta\node_modules\recharts\es6\state\selectors\combiners\combineActiveLabel.js | C:\valente_conecta\node_modules\recharts\lib\state\selectors\combiners\combineActiveLabel.js"
"combineActiveTooltipIndex.js","2","C:\valente_conecta\node_modules\recharts\es6\state\selectors\combiners\combineActiveTooltipIndex.js | C:\valente_conecta\node_modules\recharts\lib\state\selectors\combiners\combineActiveTooltipIndex.js"
"combineAllBarPositions.js","2","C:\valente_conecta\node_modules\recharts\es6\state\selectors\combiners\combineAllBarPositions.js | C:\valente_conecta\node_modules\recharts\lib\state\selectors\combiners\combineAllBarPositions.js"
"combineAxisRangeWithReverse.js","2","C:\valente_conecta\node_modules\recharts\es6\state\selectors\combiners\combineAxisRangeWithReverse.js | C:\valente_conecta\node_modules\recharts\lib\state\selectors\combiners\combineAxisRangeWithReverse.js"
"combineBarPosition.js","2","C:\valente_conecta\node_modules\recharts\es6\state\selectors\combiners\combineBarPosition.js | C:\valente_conecta\node_modules\recharts\lib\state\selectors\combiners\combineBarPosition.js"
"combineBarSizeList.js","2","C:\valente_conecta\node_modules\recharts\es6\state\selectors\combiners\combineBarSizeList.js | C:\valente_conecta\node_modules\recharts\lib\state\selectors\combiners\combineBarSizeList.js"
"combineCheckedDomain.js","2","C:\valente_conecta\node_modules\recharts\es6\state\selectors\combiners\combineCheckedDomain.js | C:\valente_conecta\node_modules\recharts\lib\state\selectors\combiners\combineCheckedDomain.js"
"combineConfiguredScale.js","2","C:\valente_conecta\node_modules\recharts\es6\state\selectors\combiners\combineConfiguredScale.js | C:\valente_conecta\node_modules\recharts\lib\state\selectors\combiners\combineConfiguredScale.js"
"combineCoordinateForDefaultIndex.js","2","C:\valente_conecta\node_modules\recharts\es6\state\selectors\combiners\combineCoordinateForDefaultIndex.js | C:\valente_conecta\node_modules\recharts\lib\state\selectors\combiners\combineCoordinateForDefaultIndex.js"
"combineDisplayedStackedData.js","2","C:\valente_conecta\node_modules\recharts\es6\state\selectors\combiners\combineDisplayedStackedData.js | C:\valente_conecta\node_modules\recharts\lib\state\selectors\combiners\combineDisplayedStackedData.js"
"combineInverseScaleFunction.js","2","C:\valente_conecta\node_modules\recharts\es6\state\selectors\combiners\combineInverseScaleFunction.js | C:\valente_conecta\node_modules\recharts\lib\state\selectors\combiners\combineInverseScaleFunction.js"
"combineRealScaleType.js","2","C:\valente_conecta\node_modules\recharts\es6\state\selectors\combiners\combineRealScaleType.js | C:\valente_conecta\node_modules\recharts\lib\state\selectors\combiners\combineRealScaleType.js"
"combineStackedData.js","2","C:\valente_conecta\node_modules\recharts\es6\state\selectors\combiners\combineStackedData.js | C:\valente_conecta\node_modules\recharts\lib\state\selectors\combiners\combineStackedData.js"
"combineTooltipInteractionState.js","2","C:\valente_conecta\node_modules\recharts\es6\state\selectors\combiners\combineTooltipInteractionState.js | C:\valente_conecta\node_modules\recharts\lib\state\selectors\combiners\combineTooltipInteractionState.js"
"combineTooltipPayload.js","2","C:\valente_conecta\node_modules\recharts\es6\state\selectors\combiners\combineTooltipPayload.js | C:\valente_conecta\node_modules\recharts\lib\state\selectors\combiners\combineTooltipPayload.js"
"combineTooltipPayloadConfigurations.js","2","C:\valente_conecta\node_modules\recharts\es6\state\selectors\combiners\combineTooltipPayloadConfigurations.js | C:\valente_conecta\node_modules\recharts\lib\state\selectors\combiners\combineTooltipPayloadConfigurations.js"
"areaSelectors.js","2","C:\valente_conecta\node_modules\recharts\es6\state\selectors\areaSelectors.js | C:\valente_conecta\node_modules\recharts\lib\state\selectors\areaSelectors.js"
"arrayEqualityCheck.js","2","C:\valente_conecta\node_modules\recharts\es6\state\selectors\arrayEqualityCheck.js | C:\valente_conecta\node_modules\recharts\lib\state\selectors\arrayEqualityCheck.js"
"axisSelectors.js","2","C:\valente_conecta\node_modules\recharts\es6\state\selectors\axisSelectors.js | C:\valente_conecta\node_modules\recharts\lib\state\selectors\axisSelectors.js"
"barSelectors.js","2","C:\valente_conecta\node_modules\recharts\es6\state\selectors\barSelectors.js | C:\valente_conecta\node_modules\recharts\lib\state\selectors\barSelectors.js"
"barStackSelectors.js","2","C:\valente_conecta\node_modules\recharts\es6\state\selectors\barStackSelectors.js | C:\valente_conecta\node_modules\recharts\lib\state\selectors\barStackSelectors.js"
"brushSelectors.js","2","C:\valente_conecta\node_modules\recharts\es6\state\selectors\brushSelectors.js | C:\valente_conecta\node_modules\recharts\lib\state\selectors\brushSelectors.js"
"containerSelectors.js","2","C:\valente_conecta\node_modules\recharts\es6\state\selectors\containerSelectors.js | C:\valente_conecta\node_modules\recharts\lib\state\selectors\containerSelectors.js"
"dataSelectors.js","2","C:\valente_conecta\node_modules\recharts\es6\state\selectors\dataSelectors.js | C:\valente_conecta\node_modules\recharts\lib\state\selectors\dataSelectors.js"
"funnelSelectors.js","2","C:\valente_conecta\node_modules\recharts\es6\state\selectors\funnelSelectors.js | C:\valente_conecta\node_modules\recharts\lib\state\selectors\funnelSelectors.js"
"graphicalItemSelectors.js","2","C:\valente_conecta\node_modules\recharts\es6\state\selectors\graphicalItemSelectors.js | C:\valente_conecta\node_modules\recharts\lib\state\selectors\graphicalItemSelectors.js"
"legendSelectors.js","2","C:\valente_conecta\node_modules\recharts\es6\state\selectors\legendSelectors.js | C:\valente_conecta\node_modules\recharts\lib\state\selectors\legendSelectors.js"
"lineSelectors.js","2","C:\valente_conecta\node_modules\recharts\es6\state\selectors\lineSelectors.js | C:\valente_conecta\node_modules\recharts\lib\state\selectors\lineSelectors.js"
"numberDomainEqualityCheck.js","2","C:\valente_conecta\node_modules\recharts\es6\state\selectors\numberDomainEqualityCheck.js | C:\valente_conecta\node_modules\recharts\lib\state\selectors\numberDomainEqualityCheck.js"
"pickAxisId.js","2","C:\valente_conecta\node_modules\recharts\es6\state\selectors\pickAxisId.js | C:\valente_conecta\node_modules\recharts\lib\state\selectors\pickAxisId.js"
"pickAxisType.js","2","C:\valente_conecta\node_modules\recharts\es6\state\selectors\pickAxisType.js | C:\valente_conecta\node_modules\recharts\lib\state\selectors\pickAxisType.js"
"pieSelectors.js","2","C:\valente_conecta\node_modules\recharts\es6\state\selectors\pieSelectors.js | C:\valente_conecta\node_modules\recharts\lib\state\selectors\pieSelectors.js"
"polarAxisSelectors.js","2","C:\valente_conecta\node_modules\recharts\es6\state\selectors\polarAxisSelectors.js | C:\valente_conecta\node_modules\recharts\lib\state\selectors\polarAxisSelectors.js"
"polarGridSelectors.js","2","C:\valente_conecta\node_modules\recharts\es6\state\selectors\polarGridSelectors.js | C:\valente_conecta\node_modules\recharts\lib\state\selectors\polarGridSelectors.js"
"polarScaleSelectors.js","2","C:\valente_conecta\node_modules\recharts\es6\state\selectors\polarScaleSelectors.js | C:\valente_conecta\node_modules\recharts\lib\state\selectors\polarScaleSelectors.js"
"polarSelectors.js","2","C:\valente_conecta\node_modules\recharts\es6\state\selectors\polarSelectors.js | C:\valente_conecta\node_modules\recharts\lib\state\selectors\polarSelectors.js"
"radarSelectors.js","2","C:\valente_conecta\node_modules\recharts\es6\state\selectors\radarSelectors.js | C:\valente_conecta\node_modules\recharts\lib\state\selectors\radarSelectors.js"
"radialBarSelectors.js","2","C:\valente_conecta\node_modules\recharts\es6\state\selectors\radialBarSelectors.js | C:\valente_conecta\node_modules\recharts\lib\state\selectors\radialBarSelectors.js"
"rootPropsSelectors.js","2","C:\valente_conecta\node_modules\recharts\es6\state\selectors\rootPropsSelectors.js | C:\valente_conecta\node_modules\recharts\lib\state\selectors\rootPropsSelectors.js"
"scatterSelectors.js","2","C:\valente_conecta\node_modules\recharts\es6\state\selectors\scatterSelectors.js | C:\valente_conecta\node_modules\recharts\lib\state\selectors\scatterSelectors.js"
"selectActivePropsFromChartPointer.js","2","C:\valente_conecta\node_modules\recharts\es6\state\selectors\selectActivePropsFromChartPointer.js | C:\valente_conecta\node_modules\recharts\lib\state\selectors\selectActivePropsFromChartPointer.js"
"selectAllAxes.js","2","C:\valente_conecta\node_modules\recharts\es6\state\selectors\selectAllAxes.js | C:\valente_conecta\node_modules\recharts\lib\state\selectors\selectAllAxes.js"
"selectChartOffset.js","2","C:\valente_conecta\node_modules\recharts\es6\state\selectors\selectChartOffset.js | C:\valente_conecta\node_modules\recharts\lib\state\selectors\selectChartOffset.js"
"selectChartOffsetInternal.js","2","C:\valente_conecta\node_modules\recharts\es6\state\selectors\selectChartOffsetInternal.js | C:\valente_conecta\node_modules\recharts\lib\state\selectors\selectChartOffsetInternal.js"
"selectors.js","2","C:\valente_conecta\node_modules\recharts\es6\state\selectors\selectors.js | C:\valente_conecta\node_modules\recharts\lib\state\selectors\selectors.js"
"selectPlotArea.js","2","C:\valente_conecta\node_modules\recharts\es6\state\selectors\selectPlotArea.js | C:\valente_conecta\node_modules\recharts\lib\state\selectors\selectPlotArea.js"
"selectTooltipAxisId.js","2","C:\valente_conecta\node_modules\recharts\es6\state\selectors\selectTooltipAxisId.js | C:\valente_conecta\node_modules\recharts\lib\state\selectors\selectTooltipAxisId.js"
"selectTooltipAxisType.js","2","C:\valente_conecta\node_modules\recharts\es6\state\selectors\selectTooltipAxisType.js | C:\valente_conecta\node_modules\recharts\lib\state\selectors\selectTooltipAxisType.js"
"selectTooltipEventType.js","2","C:\valente_conecta\node_modules\recharts\es6\state\selectors\selectTooltipEventType.js | C:\valente_conecta\node_modules\recharts\lib\state\selectors\selectTooltipEventType.js"
"selectTooltipPayloadSearcher.js","2","C:\valente_conecta\node_modules\recharts\es6\state\selectors\selectTooltipPayloadSearcher.js | C:\valente_conecta\node_modules\recharts\lib\state\selectors\selectTooltipPayloadSearcher.js"
"selectTooltipSettings.js","2","C:\valente_conecta\node_modules\recharts\es6\state\selectors\selectTooltipSettings.js | C:\valente_conecta\node_modules\recharts\lib\state\selectors\selectTooltipSettings.js"
"selectTooltipState.js","2","C:\valente_conecta\node_modules\recharts\es6\state\selectors\selectTooltipState.js | C:\valente_conecta\node_modules\recharts\lib\state\selectors\selectTooltipState.js"
"tooltipSelectors.js","2","C:\valente_conecta\node_modules\recharts\es6\state\selectors\tooltipSelectors.js | C:\valente_conecta\node_modules\recharts\lib\state\selectors\tooltipSelectors.js"
"touchSelectors.js","2","C:\valente_conecta\node_modules\recharts\es6\state\selectors\touchSelectors.js | C:\valente_conecta\node_modules\recharts\lib\state\selectors\touchSelectors.js"
"AreaSettings.js","2","C:\valente_conecta\node_modules\recharts\es6\state\types\AreaSettings.js | C:\valente_conecta\node_modules\recharts\lib\state\types\AreaSettings.js"
"BarSettings.js","2","C:\valente_conecta\node_modules\recharts\es6\state\types\BarSettings.js | C:\valente_conecta\node_modules\recharts\lib\state\types\BarSettings.js"
"LineSettings.js","2","C:\valente_conecta\node_modules\recharts\es6\state\types\LineSettings.js | C:\valente_conecta\node_modules\recharts\lib\state\types\LineSettings.js"
"PieSettings.js","2","C:\valente_conecta\node_modules\recharts\es6\state\types\PieSettings.js | C:\valente_conecta\node_modules\recharts\lib\state\types\PieSettings.js"
"RadarSettings.js","2","C:\valente_conecta\node_modules\recharts\es6\state\types\RadarSettings.js | C:\valente_conecta\node_modules\recharts\lib\state\types\RadarSettings.js"
"RadialBarSettings.js","2","C:\valente_conecta\node_modules\recharts\es6\state\types\RadialBarSettings.js | C:\valente_conecta\node_modules\recharts\lib\state\types\RadialBarSettings.js"
"ScatterSettings.js","2","C:\valente_conecta\node_modules\recharts\es6\state\types\ScatterSettings.js | C:\valente_conecta\node_modules\recharts\lib\state\types\ScatterSettings.js"
"StackedGraphicalItem.js","2","C:\valente_conecta\node_modules\recharts\es6\state\types\StackedGraphicalItem.js | C:\valente_conecta\node_modules\recharts\lib\state\types\StackedGraphicalItem.js"
"brushSlice.js","2","C:\valente_conecta\node_modules\recharts\es6\state\brushSlice.js | C:\valente_conecta\node_modules\recharts\lib\state\brushSlice.js"
"cartesianAxisSlice.js","2","C:\valente_conecta\node_modules\recharts\es6\state\cartesianAxisSlice.js | C:\valente_conecta\node_modules\recharts\lib\state\cartesianAxisSlice.js"
"chartDataSlice.js","2","C:\valente_conecta\node_modules\recharts\es6\state\chartDataSlice.js | C:\valente_conecta\node_modules\recharts\lib\state\chartDataSlice.js"
"errorBarSlice.js","2","C:\valente_conecta\node_modules\recharts\es6\state\errorBarSlice.js | C:\valente_conecta\node_modules\recharts\lib\state\errorBarSlice.js"
"eventSettingsSlice.js","2","C:\valente_conecta\node_modules\recharts\es6\state\eventSettingsSlice.js | C:\valente_conecta\node_modules\recharts\lib\state\eventSettingsSlice.js"
"externalEventsMiddleware.js","2","C:\valente_conecta\node_modules\recharts\es6\state\externalEventsMiddleware.js | C:\valente_conecta\node_modules\recharts\lib\state\externalEventsMiddleware.js"
"graphicalItemsSlice.js","2","C:\valente_conecta\node_modules\recharts\es6\state\graphicalItemsSlice.js | C:\valente_conecta\node_modules\recharts\lib\state\graphicalItemsSlice.js"
"hooks.js","4","C:\valente_conecta\node_modules\recharts\es6\state\hooks.js | C:\valente_conecta\node_modules\recharts\es6\hooks.js | C:\valente_conecta\node_modules\recharts\lib\state\hooks.js | C:\valente_conecta\node_modules\recharts\lib\hooks.js"
"keyboardEventsMiddleware.js","2","C:\valente_conecta\node_modules\recharts\es6\state\keyboardEventsMiddleware.js | C:\valente_conecta\node_modules\recharts\lib\state\keyboardEventsMiddleware.js"
"layoutSlice.js","2","C:\valente_conecta\node_modules\recharts\es6\state\layoutSlice.js | C:\valente_conecta\node_modules\recharts\lib\state\layoutSlice.js"
"legendSlice.js","2","C:\valente_conecta\node_modules\recharts\es6\state\legendSlice.js | C:\valente_conecta\node_modules\recharts\lib\state\legendSlice.js"
"mouseEventsMiddleware.js","2","C:\valente_conecta\node_modules\recharts\es6\state\mouseEventsMiddleware.js | C:\valente_conecta\node_modules\recharts\lib\state\mouseEventsMiddleware.js"
"optionsSlice.js","2","C:\valente_conecta\node_modules\recharts\es6\state\optionsSlice.js | C:\valente_conecta\node_modules\recharts\lib\state\optionsSlice.js"
"polarAxisSlice.js","2","C:\valente_conecta\node_modules\recharts\es6\state\polarAxisSlice.js | C:\valente_conecta\node_modules\recharts\lib\state\polarAxisSlice.js"
"polarOptionsSlice.js","2","C:\valente_conecta\node_modules\recharts\es6\state\polarOptionsSlice.js | C:\valente_conecta\node_modules\recharts\lib\state\polarOptionsSlice.js"
"RechartsReduxContext.js","2","C:\valente_conecta\node_modules\recharts\es6\state\RechartsReduxContext.js | C:\valente_conecta\node_modules\recharts\lib\state\RechartsReduxContext.js"
"RechartsStoreProvider.js","2","C:\valente_conecta\node_modules\recharts\es6\state\RechartsStoreProvider.js | C:\valente_conecta\node_modules\recharts\lib\state\RechartsStoreProvider.js"
"reduxDevtoolsJsonStringifyReplacer.js","2","C:\valente_conecta\node_modules\recharts\es6\state\reduxDevtoolsJsonStringifyReplacer.js | C:\valente_conecta\node_modules\recharts\lib\state\reduxDevtoolsJsonStringifyReplacer.js"
"referenceElementsSlice.js","2","C:\valente_conecta\node_modules\recharts\es6\state\referenceElementsSlice.js | C:\valente_conecta\node_modules\recharts\lib\state\referenceElementsSlice.js"
"renderedTicksSlice.js","2","C:\valente_conecta\node_modules\recharts\es6\state\renderedTicksSlice.js | C:\valente_conecta\node_modules\recharts\lib\state\renderedTicksSlice.js"
"ReportChartProps.js","2","C:\valente_conecta\node_modules\recharts\es6\state\ReportChartProps.js | C:\valente_conecta\node_modules\recharts\lib\state\ReportChartProps.js"
"ReportEventSettings.js","2","C:\valente_conecta\node_modules\recharts\es6\state\ReportEventSettings.js | C:\valente_conecta\node_modules\recharts\lib\state\ReportEventSettings.js"
"ReportMainChartProps.js","2","C:\valente_conecta\node_modules\recharts\es6\state\ReportMainChartProps.js | C:\valente_conecta\node_modules\recharts\lib\state\ReportMainChartProps.js"
"ReportPolarOptions.js","2","C:\valente_conecta\node_modules\recharts\es6\state\ReportPolarOptions.js | C:\valente_conecta\node_modules\recharts\lib\state\ReportPolarOptions.js"
"rootPropsSlice.js","2","C:\valente_conecta\node_modules\recharts\es6\state\rootPropsSlice.js | C:\valente_conecta\node_modules\recharts\lib\state\rootPropsSlice.js"
"SetGraphicalItem.js","2","C:\valente_conecta\node_modules\recharts\es6\state\SetGraphicalItem.js | C:\valente_conecta\node_modules\recharts\lib\state\SetGraphicalItem.js"
"SetLegendPayload.js","2","C:\valente_conecta\node_modules\recharts\es6\state\SetLegendPayload.js | C:\valente_conecta\node_modules\recharts\lib\state\SetLegendPayload.js"
"SetTooltipEntrySettings.js","2","C:\valente_conecta\node_modules\recharts\es6\state\SetTooltipEntrySettings.js | C:\valente_conecta\node_modules\recharts\lib\state\SetTooltipEntrySettings.js"
"tooltipSlice.js","2","C:\valente_conecta\node_modules\recharts\es6\state\tooltipSlice.js | C:\valente_conecta\node_modules\recharts\lib\state\tooltipSlice.js"
"touchEventsMiddleware.js","2","C:\valente_conecta\node_modules\recharts\es6\state\touchEventsMiddleware.js | C:\valente_conecta\node_modules\recharts\lib\state\touchEventsMiddleware.js"
"zIndexSlice.js","2","C:\valente_conecta\node_modules\recharts\es6\state\zIndexSlice.js | C:\valente_conecta\node_modules\recharts\lib\state\zIndexSlice.js"
"syncSelectors.js","2","C:\valente_conecta\node_modules\recharts\es6\synchronisation\syncSelectors.js | C:\valente_conecta\node_modules\recharts\lib\synchronisation\syncSelectors.js"
"useChartSynchronisation.js","2","C:\valente_conecta\node_modules\recharts\es6\synchronisation\useChartSynchronisation.js | C:\valente_conecta\node_modules\recharts\lib\synchronisation\useChartSynchronisation.js"
"getCursorPoints.js","2","C:\valente_conecta\node_modules\recharts\es6\util\cursor\getCursorPoints.js | C:\valente_conecta\node_modules\recharts\lib\util\cursor\getCursorPoints.js"
"getCursorRectangle.js","2","C:\valente_conecta\node_modules\recharts\es6\util\cursor\getCursorRectangle.js | C:\valente_conecta\node_modules\recharts\lib\util\cursor\getCursorRectangle.js"
"getRadialCursorPoints.js","2","C:\valente_conecta\node_modules\recharts\es6\util\cursor\getRadialCursorPoints.js | C:\valente_conecta\node_modules\recharts\lib\util\cursor\getRadialCursorPoints.js"
"getUniqPayload.js","2","C:\valente_conecta\node_modules\recharts\es6\util\payload\getUniqPayload.js | C:\valente_conecta\node_modules\recharts\lib\util\payload\getUniqPayload.js"
"arithmetic.js","2","C:\valente_conecta\node_modules\recharts\es6\util\scale\util\arithmetic.js | C:\valente_conecta\node_modules\recharts\lib\util\scale\util\arithmetic.js"
"CartesianScaleHelper.js","2","C:\valente_conecta\node_modules\recharts\es6\util\scale\CartesianScaleHelper.js | C:\valente_conecta\node_modules\recharts\lib\util\scale\CartesianScaleHelper.js"
"createCategoricalInverse.js","2","C:\valente_conecta\node_modules\recharts\es6\util\scale\createCategoricalInverse.js | C:\valente_conecta\node_modules\recharts\lib\util\scale\createCategoricalInverse.js"
"CustomScaleDefinition.js","2","C:\valente_conecta\node_modules\recharts\es6\util\scale\CustomScaleDefinition.js | C:\valente_conecta\node_modules\recharts\lib\util\scale\CustomScaleDefinition.js"
"getNiceTickValues.js","2","C:\valente_conecta\node_modules\recharts\es6\util\scale\getNiceTickValues.js | C:\valente_conecta\node_modules\recharts\lib\util\scale\getNiceTickValues.js"
"RechartsScale.js","2","C:\valente_conecta\node_modules\recharts\es6\util\scale\RechartsScale.js | C:\valente_conecta\node_modules\recharts\lib\util\scale\RechartsScale.js"
"getStackSeriesIdentifier.js","2","C:\valente_conecta\node_modules\recharts\es6\util\stacks\getStackSeriesIdentifier.js | C:\valente_conecta\node_modules\recharts\lib\util\stacks\getStackSeriesIdentifier.js"
"stackTypes.js","2","C:\valente_conecta\node_modules\recharts\es6\util\stacks\stackTypes.js | C:\valente_conecta\node_modules\recharts\lib\util\stacks\stackTypes.js"
"translate.js","2","C:\valente_conecta\node_modules\recharts\es6\util\tooltip\translate.js | C:\valente_conecta\node_modules\recharts\lib\util\tooltip\translate.js"
"ActiveShapeUtils.js","2","C:\valente_conecta\node_modules\recharts\es6\util\ActiveShapeUtils.js | C:\valente_conecta\node_modules\recharts\lib\util\ActiveShapeUtils.js"
"axisPropsAreEqual.js","2","C:\valente_conecta\node_modules\recharts\es6\util\axisPropsAreEqual.js | C:\valente_conecta\node_modules\recharts\lib\util\axisPropsAreEqual.js"
"BarUtils.js","2","C:\valente_conecta\node_modules\recharts\es6\util\BarUtils.js | C:\valente_conecta\node_modules\recharts\lib\util\BarUtils.js"
"CartesianUtils.js","2","C:\valente_conecta\node_modules\recharts\es6\util\CartesianUtils.js | C:\valente_conecta\node_modules\recharts\lib\util\CartesianUtils.js"
"ChartUtils.js","2","C:\valente_conecta\node_modules\recharts\es6\util\ChartUtils.js | C:\valente_conecta\node_modules\recharts\lib\util\ChartUtils.js"
"createCartesianCharts.js","2","C:\valente_conecta\node_modules\recharts\es6\util\createCartesianCharts.js | C:\valente_conecta\node_modules\recharts\lib\util\createCartesianCharts.js"
"createEventProxy.js","2","C:\valente_conecta\node_modules\recharts\es6\util\createEventProxy.js | C:\valente_conecta\node_modules\recharts\lib\util\createEventProxy.js"
"createPolarCharts.js","2","C:\valente_conecta\node_modules\recharts\es6\util\createPolarCharts.js | C:\valente_conecta\node_modules\recharts\lib\util\createPolarCharts.js"
"CssPrefixUtils.js","2","C:\valente_conecta\node_modules\recharts\es6\util\CssPrefixUtils.js | C:\valente_conecta\node_modules\recharts\lib\util\CssPrefixUtils.js"
"DataUtils.js","2","C:\valente_conecta\node_modules\recharts\es6\util\DataUtils.js | C:\valente_conecta\node_modules\recharts\lib\util\DataUtils.js"
"DOMUtils.js","2","C:\valente_conecta\node_modules\recharts\es6\util\DOMUtils.js | C:\valente_conecta\node_modules\recharts\lib\util\DOMUtils.js"
"excludeEventProps.js","2","C:\valente_conecta\node_modules\recharts\es6\util\excludeEventProps.js | C:\valente_conecta\node_modules\recharts\lib\util\excludeEventProps.js"
"FunnelUtils.js","2","C:\valente_conecta\node_modules\recharts\es6\util\FunnelUtils.js | C:\valente_conecta\node_modules\recharts\lib\util\FunnelUtils.js"
"getActiveCoordinate.js","2","C:\valente_conecta\node_modules\recharts\es6\util\getActiveCoordinate.js | C:\valente_conecta\node_modules\recharts\lib\util\getActiveCoordinate.js"
"getAxisTypeBasedOnLayout.js","2","C:\valente_conecta\node_modules\recharts\es6\util\getAxisTypeBasedOnLayout.js | C:\valente_conecta\node_modules\recharts\lib\util\getAxisTypeBasedOnLayout.js"
"getClassNameFromUnknown.js","2","C:\valente_conecta\node_modules\recharts\es6\util\getClassNameFromUnknown.js | C:\valente_conecta\node_modules\recharts\lib\util\getClassNameFromUnknown.js"
"getEveryNth.js","2","C:\valente_conecta\node_modules\recharts\es6\util\getEveryNth.js | C:\valente_conecta\node_modules\recharts\lib\util\getEveryNth.js"
"getRadiusAndStrokeWidthFromDot.js","2","C:\valente_conecta\node_modules\recharts\es6\util\getRadiusAndStrokeWidthFromDot.js | C:\valente_conecta\node_modules\recharts\lib\util\getRadiusAndStrokeWidthFromDot.js"
"getRelativeCoordinate.js","2","C:\valente_conecta\node_modules\recharts\es6\util\getRelativeCoordinate.js | C:\valente_conecta\node_modules\recharts\lib\util\getRelativeCoordinate.js"
"getSliced.js","2","C:\valente_conecta\node_modules\recharts\es6\util\getSliced.js | C:\valente_conecta\node_modules\recharts\lib\util\getSliced.js"
"IfOverflow.js","2","C:\valente_conecta\node_modules\recharts\es6\util\IfOverflow.js | C:\valente_conecta\node_modules\recharts\lib\util\IfOverflow.js"
"isDomainSpecifiedByUser.js","2","C:\valente_conecta\node_modules\recharts\es6\util\isDomainSpecifiedByUser.js | C:\valente_conecta\node_modules\recharts\lib\util\isDomainSpecifiedByUser.js"
"isWellBehavedNumber.js","2","C:\valente_conecta\node_modules\recharts\es6\util\isWellBehavedNumber.js | C:\valente_conecta\node_modules\recharts\lib\util\isWellBehavedNumber.js"
"LogUtils.js","2","C:\valente_conecta\node_modules\recharts\es6\util\LogUtils.js | C:\valente_conecta\node_modules\recharts\lib\util\LogUtils.js"
"LRUCache.js","3","C:\valente_conecta\node_modules\recharts\es6\util\LRUCache.js | C:\valente_conecta\node_modules\recharts\lib\util\LRUCache.js | C:\valente_conecta\node_modules\semver\internal\lrucache.js"
"PolarUtils.js","2","C:\valente_conecta\node_modules\recharts\es6\util\PolarUtils.js | C:\valente_conecta\node_modules\recharts\lib\util\PolarUtils.js"
"propsAreEqual.js","2","C:\valente_conecta\node_modules\recharts\es6\util\propsAreEqual.js | C:\valente_conecta\node_modules\recharts\lib\util\propsAreEqual.js"
"RadialBarUtils.js","2","C:\valente_conecta\node_modules\recharts\es6\util\RadialBarUtils.js | C:\valente_conecta\node_modules\recharts\lib\util\RadialBarUtils.js"
"ReactUtils.js","2","C:\valente_conecta\node_modules\recharts\es6\util\ReactUtils.js | C:\valente_conecta\node_modules\recharts\lib\util\ReactUtils.js"
"ReduceCSSCalc.js","2","C:\valente_conecta\node_modules\recharts\es6\util\ReduceCSSCalc.js | C:\valente_conecta\node_modules\recharts\lib\util\ReduceCSSCalc.js"
"resolveDefaultProps.js","2","C:\valente_conecta\node_modules\recharts\es6\util\resolveDefaultProps.js | C:\valente_conecta\node_modules\recharts\lib\util\resolveDefaultProps.js"
"ScatterUtils.js","2","C:\valente_conecta\node_modules\recharts\es6\util\ScatterUtils.js | C:\valente_conecta\node_modules\recharts\lib\util\ScatterUtils.js"
"svgPropertiesAndEvents.js","2","C:\valente_conecta\node_modules\recharts\es6\util\svgPropertiesAndEvents.js | C:\valente_conecta\node_modules\recharts\lib\util\svgPropertiesAndEvents.js"
"svgPropertiesNoEvents.js","2","C:\valente_conecta\node_modules\recharts\es6\util\svgPropertiesNoEvents.js | C:\valente_conecta\node_modules\recharts\lib\util\svgPropertiesNoEvents.js"
"TickUtils.js","2","C:\valente_conecta\node_modules\recharts\es6\util\TickUtils.js | C:\valente_conecta\node_modules\recharts\lib\util\TickUtils.js"
"typedDataKey.js","2","C:\valente_conecta\node_modules\recharts\es6\util\typedDataKey.js | C:\valente_conecta\node_modules\recharts\lib\util\typedDataKey.js"
"useAnimationId.js","2","C:\valente_conecta\node_modules\recharts\es6\util\useAnimationId.js | C:\valente_conecta\node_modules\recharts\lib\util\useAnimationId.js"
"useElementOffset.js","2","C:\valente_conecta\node_modules\recharts\es6\util\useElementOffset.js | C:\valente_conecta\node_modules\recharts\lib\util\useElementOffset.js"
"useId.js","2","C:\valente_conecta\node_modules\recharts\es6\util\useId.js | C:\valente_conecta\node_modules\recharts\lib\util\useId.js"
"usePrefersReducedMotion.js","2","C:\valente_conecta\node_modules\recharts\es6\util\usePrefersReducedMotion.js | C:\valente_conecta\node_modules\recharts\lib\util\usePrefersReducedMotion.js"
"useReportScale.js","2","C:\valente_conecta\node_modules\recharts\es6\util\useReportScale.js | C:\valente_conecta\node_modules\recharts\lib\util\useReportScale.js"
"useUniqueId.js","2","C:\valente_conecta\node_modules\recharts\es6\util\useUniqueId.js | C:\valente_conecta\node_modules\recharts\lib\util\useUniqueId.js"
"YAxisUtils.js","2","C:\valente_conecta\node_modules\recharts\es6\util\YAxisUtils.js | C:\valente_conecta\node_modules\recharts\lib\util\YAxisUtils.js"
"DefaultZIndexes.js","2","C:\valente_conecta\node_modules\recharts\es6\zIndex\DefaultZIndexes.js | C:\valente_conecta\node_modules\recharts\lib\zIndex\DefaultZIndexes.js"
"getZIndexFromUnknown.js","2","C:\valente_conecta\node_modules\recharts\es6\zIndex\getZIndexFromUnknown.js | C:\valente_conecta\node_modules\recharts\lib\zIndex\getZIndexFromUnknown.js"
"ZIndexLayer.js","2","C:\valente_conecta\node_modules\recharts\es6\zIndex\ZIndexLayer.js | C:\valente_conecta\node_modules\recharts\lib\zIndex\ZIndexLayer.js"
"ZIndexPortal.js","2","C:\valente_conecta\node_modules\recharts\es6\zIndex\ZIndexPortal.js | C:\valente_conecta\node_modules\recharts\lib\zIndex\ZIndexPortal.js"
"zIndexSelectors.js","2","C:\valente_conecta\node_modules\recharts\es6\zIndex\zIndexSelectors.js | C:\valente_conecta\node_modules\recharts\lib\zIndex\zIndexSelectors.js"
"hooks.d.ts","2","C:\valente_conecta\node_modules\recharts\types\state\hooks.d.ts | C:\valente_conecta\node_modules\recharts\types\hooks.d.ts"
"middleware.ts","2","C:\valente_conecta\node_modules\redux\src\types\middleware.ts | C:\valente_conecta\middleware.ts"
"homedir.js","2","C:\valente_conecta\node_modules\resolve\lib\homedir.js | C:\valente_conecta\node_modules\resolve\test\homedir.js"
"node-modules-paths.js","2","C:\valente_conecta\node_modules\resolve\lib\node-modules-paths.js | C:\valente_conecta\node_modules\resolve\test\node-modules-paths.js"
"foo.js","3","C:\valente_conecta\node_modules\resolve\test\resolver\same_names\foo.js | C:\valente_conecta\node_modules\resolve\test\resolver\symlinked\_\node_modules\foo.js | C:\valente_conecta\node_modules\resolve\test\resolver\foo.js"
"sdp.js","2","C:\valente_conecta\node_modules\sdp\dist\sdp.js | C:\valente_conecta\node_modules\sdp\sdp.js"
"semver.js","2","C:\valente_conecta\node_modules\semver\bin\semver.js | C:\valente_conecta\node_modules\semver\classes\semver.js"
"valid.js","2","C:\valente_conecta\node_modules\semver\functions\valid.js | C:\valente_conecta\node_modules\semver\ranges\valid.js"
"stackblur.js","2","C:\valente_conecta\node_modules\stackblur-canvas\dist\stackblur.js | C:\valente_conecta\node_modules\stackblur-canvas\src\stackblur.js"
"typescript.js","3","C:\valente_conecta\node_modules\sucrase\dist\esm\parser\plugins\typescript.js | C:\valente_conecta\node_modules\sucrase\dist\parser\plugins\typescript.js | C:\valente_conecta\node_modules\typescript\lib\typescript.js"
"keywords.js","2","C:\valente_conecta\node_modules\sucrase\dist\esm\parser\tokenizer\keywords.js | C:\valente_conecta\node_modules\sucrase\dist\parser\tokenizer\keywords.js"
"readWord.js","2","C:\valente_conecta\node_modules\sucrase\dist\esm\parser\tokenizer\readWord.js | C:\valente_conecta\node_modules\sucrase\dist\parser\tokenizer\readWord.js"
"readWordTree.js","2","C:\valente_conecta\node_modules\sucrase\dist\esm\parser\tokenizer\readWordTree.js | C:\valente_conecta\node_modules\sucrase\dist\parser\tokenizer\readWordTree.js"
"lval.js","2","C:\valente_conecta\node_modules\sucrase\dist\esm\parser\traverser\lval.js | C:\valente_conecta\node_modules\sucrase\dist\parser\traverser\lval.js"
"statement.js","2","C:\valente_conecta\node_modules\sucrase\dist\esm\parser\traverser\statement.js | C:\valente_conecta\node_modules\sucrase\dist\parser\traverser\statement.js"
"charcodes.js","2","C:\valente_conecta\node_modules\sucrase\dist\esm\parser\util\charcodes.js | C:\valente_conecta\node_modules\sucrase\dist\parser\util\charcodes.js"
"identifier.js","2","C:\valente_conecta\node_modules\sucrase\dist\esm\parser\util\identifier.js | C:\valente_conecta\node_modules\sucrase\dist\parser\util\identifier.js"
"CJSImportTransformer.js","2","C:\valente_conecta\node_modules\sucrase\dist\esm\transformers\CJSImportTransformer.js | C:\valente_conecta\node_modules\sucrase\dist\transformers\CJSImportTransformer.js"
"ESMImportTransformer.js","2","C:\valente_conecta\node_modules\sucrase\dist\esm\transformers\ESMImportTransformer.js | C:\valente_conecta\node_modules\sucrase\dist\transformers\ESMImportTransformer.js"
"FlowTransformer.js","2","C:\valente_conecta\node_modules\sucrase\dist\esm\transformers\FlowTransformer.js | C:\valente_conecta\node_modules\sucrase\dist\transformers\FlowTransformer.js"
"JestHoistTransformer.js","2","C:\valente_conecta\node_modules\sucrase\dist\esm\transformers\JestHoistTransformer.js | C:\valente_conecta\node_modules\sucrase\dist\transformers\JestHoistTransformer.js"
"JSXTransformer.js","2","C:\valente_conecta\node_modules\sucrase\dist\esm\transformers\JSXTransformer.js | C:\valente_conecta\node_modules\sucrase\dist\transformers\JSXTransformer.js"
"NumericSeparatorTransformer.js","2","C:\valente_conecta\node_modules\sucrase\dist\esm\transformers\NumericSeparatorTransformer.js | C:\valente_conecta\node_modules\sucrase\dist\transformers\NumericSeparatorTransformer.js"
"OptionalCatchBindingTransformer.js","2","C:\valente_conecta\node_modules\sucrase\dist\esm\transformers\OptionalCatchBindingTransformer.js | C:\valente_conecta\node_modules\sucrase\dist\transformers\OptionalCatchBindingTransformer.js"
"OptionalChainingNullishTransformer.js","2","C:\valente_conecta\node_modules\sucrase\dist\esm\transformers\OptionalChainingNullishTransformer.js | C:\valente_conecta\node_modules\sucrase\dist\transformers\OptionalChainingNullishTransformer.js"
"ReactDisplayNameTransformer.js","2","C:\valente_conecta\node_modules\sucrase\dist\esm\transformers\ReactDisplayNameTransformer.js | C:\valente_conecta\node_modules\sucrase\dist\transformers\ReactDisplayNameTransformer.js"
"ReactHotLoaderTransformer.js","2","C:\valente_conecta\node_modules\sucrase\dist\esm\transformers\ReactHotLoaderTransformer.js | C:\valente_conecta\node_modules\sucrase\dist\transformers\ReactHotLoaderTransformer.js"
"RootTransformer.js","2","C:\valente_conecta\node_modules\sucrase\dist\esm\transformers\RootTransformer.js | C:\valente_conecta\node_modules\sucrase\dist\transformers\RootTransformer.js"
"Transformer.js","2","C:\valente_conecta\node_modules\sucrase\dist\esm\transformers\Transformer.js | C:\valente_conecta\node_modules\sucrase\dist\transformers\Transformer.js"
"TypeScriptTransformer.js","2","C:\valente_conecta\node_modules\sucrase\dist\esm\transformers\TypeScriptTransformer.js | C:\valente_conecta\node_modules\sucrase\dist\transformers\TypeScriptTransformer.js"
"elideImportEquals.js","2","C:\valente_conecta\node_modules\sucrase\dist\esm\util\elideImportEquals.js | C:\valente_conecta\node_modules\sucrase\dist\util\elideImportEquals.js"
"formatTokens.js","2","C:\valente_conecta\node_modules\sucrase\dist\esm\util\formatTokens.js | C:\valente_conecta\node_modules\sucrase\dist\util\formatTokens.js"
"getClassInfo.js","2","C:\valente_conecta\node_modules\sucrase\dist\esm\util\getClassInfo.js | C:\valente_conecta\node_modules\sucrase\dist\util\getClassInfo.js"
"getDeclarationInfo.js","2","C:\valente_conecta\node_modules\sucrase\dist\esm\util\getDeclarationInfo.js | C:\valente_conecta\node_modules\sucrase\dist\util\getDeclarationInfo.js"
"getIdentifierNames.js","2","C:\valente_conecta\node_modules\sucrase\dist\esm\util\getIdentifierNames.js | C:\valente_conecta\node_modules\sucrase\dist\util\getIdentifierNames.js"
"getImportExportSpecifierInfo.js","2","C:\valente_conecta\node_modules\sucrase\dist\esm\util\getImportExportSpecifierInfo.js | C:\valente_conecta\node_modules\sucrase\dist\util\getImportExportSpecifierInfo.js"
"getJSXPragmaInfo.js","2","C:\valente_conecta\node_modules\sucrase\dist\esm\util\getJSXPragmaInfo.js | C:\valente_conecta\node_modules\sucrase\dist\util\getJSXPragmaInfo.js"
"getNonTypeIdentifiers.js","2","C:\valente_conecta\node_modules\sucrase\dist\esm\util\getNonTypeIdentifiers.js | C:\valente_conecta\node_modules\sucrase\dist\util\getNonTypeIdentifiers.js"
"getTSImportedNames.js","2","C:\valente_conecta\node_modules\sucrase\dist\esm\util\getTSImportedNames.js | C:\valente_conecta\node_modules\sucrase\dist\util\getTSImportedNames.js"
"isAsyncOperation.js","2","C:\valente_conecta\node_modules\sucrase\dist\esm\util\isAsyncOperation.js | C:\valente_conecta\node_modules\sucrase\dist\util\isAsyncOperation.js"
"isExportFrom.js","2","C:\valente_conecta\node_modules\sucrase\dist\esm\util\isExportFrom.js | C:\valente_conecta\node_modules\sucrase\dist\util\isExportFrom.js"
"isIdentifier.js","2","C:\valente_conecta\node_modules\sucrase\dist\esm\util\isIdentifier.js | C:\valente_conecta\node_modules\sucrase\dist\util\isIdentifier.js"
"removeMaybeImportAttributes.js","2","C:\valente_conecta\node_modules\sucrase\dist\esm\util\removeMaybeImportAttributes.js | C:\valente_conecta\node_modules\sucrase\dist\util\removeMaybeImportAttributes.js"
"shouldElideDefaultExport.js","2","C:\valente_conecta\node_modules\sucrase\dist\esm\util\shouldElideDefaultExport.js | C:\valente_conecta\node_modules\sucrase\dist\util\shouldElideDefaultExport.js"
"CJSImportProcessor.js","2","C:\valente_conecta\node_modules\sucrase\dist\esm\CJSImportProcessor.js | C:\valente_conecta\node_modules\sucrase\dist\CJSImportProcessor.js"
"computeSourceMap.js","2","C:\valente_conecta\node_modules\sucrase\dist\esm\computeSourceMap.js | C:\valente_conecta\node_modules\sucrase\dist\computeSourceMap.js"
"HelperManager.js","2","C:\valente_conecta\node_modules\sucrase\dist\esm\HelperManager.js | C:\valente_conecta\node_modules\sucrase\dist\HelperManager.js"
"identifyShadowedGlobals.js","2","C:\valente_conecta\node_modules\sucrase\dist\esm\identifyShadowedGlobals.js | C:\valente_conecta\node_modules\sucrase\dist\identifyShadowedGlobals.js"
"NameManager.js","2","C:\valente_conecta\node_modules\sucrase\dist\esm\NameManager.js | C:\valente_conecta\node_modules\sucrase\dist\NameManager.js"
"Options-gen-types.js","2","C:\valente_conecta\node_modules\sucrase\dist\esm\Options-gen-types.js | C:\valente_conecta\node_modules\sucrase\dist\Options-gen-types.js"
"TokenProcessor.js","2","C:\valente_conecta\node_modules\sucrase\dist\esm\TokenProcessor.js | C:\valente_conecta\node_modules\sucrase\dist\TokenProcessor.js"
"typescript.d.ts","2","C:\valente_conecta\node_modules\sucrase\dist\types\parser\plugins\typescript.d.ts | C:\valente_conecta\node_modules\typescript\lib\typescript.d.ts"
"deps.js","2","C:\valente_conecta\node_modules\tailwindcss\lib\cli\build\deps.js | C:\valente_conecta\node_modules\tailwindcss\src\cli\build\deps.js"
"watching.js","2","C:\valente_conecta\node_modules\tailwindcss\lib\cli\build\watching.js | C:\valente_conecta\node_modules\tailwindcss\src\cli\build\watching.js"
"cacheInvalidation.js","2","C:\valente_conecta\node_modules\tailwindcss\lib\lib\cacheInvalidation.js | C:\valente_conecta\node_modules\tailwindcss\src\lib\cacheInvalidation.js"
"collapseAdjacentRules.js","2","C:\valente_conecta\node_modules\tailwindcss\lib\lib\collapseAdjacentRules.js | C:\valente_conecta\node_modules\tailwindcss\src\lib\collapseAdjacentRules.js"
"collapseDuplicateDeclarations.js","2","C:\valente_conecta\node_modules\tailwindcss\lib\lib\collapseDuplicateDeclarations.js | C:\valente_conecta\node_modules\tailwindcss\src\lib\collapseDuplicateDeclarations.js"
"defaultExtractor.js","2","C:\valente_conecta\node_modules\tailwindcss\lib\lib\defaultExtractor.js | C:\valente_conecta\node_modules\tailwindcss\src\lib\defaultExtractor.js"
"evaluateTailwindFunctions.js","2","C:\valente_conecta\node_modules\tailwindcss\lib\lib\evaluateTailwindFunctions.js | C:\valente_conecta\node_modules\tailwindcss\src\lib\evaluateTailwindFunctions.js"
"expandApplyAtRules.js","2","C:\valente_conecta\node_modules\tailwindcss\lib\lib\expandApplyAtRules.js | C:\valente_conecta\node_modules\tailwindcss\src\lib\expandApplyAtRules.js"
"expandTailwindAtRules.js","2","C:\valente_conecta\node_modules\tailwindcss\lib\lib\expandTailwindAtRules.js | C:\valente_conecta\node_modules\tailwindcss\src\lib\expandTailwindAtRules.js"
"findAtConfigPath.js","2","C:\valente_conecta\node_modules\tailwindcss\lib\lib\findAtConfigPath.js | C:\valente_conecta\node_modules\tailwindcss\src\lib\findAtConfigPath.js"
"generateRules.js","2","C:\valente_conecta\node_modules\tailwindcss\lib\lib\generateRules.js | C:\valente_conecta\node_modules\tailwindcss\src\lib\generateRules.js"
"getModuleDependencies.js","2","C:\valente_conecta\node_modules\tailwindcss\lib\lib\getModuleDependencies.js | C:\valente_conecta\node_modules\tailwindcss\src\lib\getModuleDependencies.js"
"load-config.js","3","C:\valente_conecta\node_modules\tailwindcss\lib\lib\load-config.js | C:\valente_conecta\node_modules\tailwindcss\lib\public\load-config.js | C:\valente_conecta\node_modules\tailwindcss\src\public\load-config.js"
"normalizeTailwindDirectives.js","2","C:\valente_conecta\node_modules\tailwindcss\lib\lib\normalizeTailwindDirectives.js | C:\valente_conecta\node_modules\tailwindcss\src\lib\normalizeTailwindDirectives.js"
"offsets.js","2","C:\valente_conecta\node_modules\tailwindcss\lib\lib\offsets.js | C:\valente_conecta\node_modules\tailwindcss\src\lib\offsets.js"
"partitionApplyAtRules.js","2","C:\valente_conecta\node_modules\tailwindcss\lib\lib\partitionApplyAtRules.js | C:\valente_conecta\node_modules\tailwindcss\src\lib\partitionApplyAtRules.js"
"remap-bitfield.js","2","C:\valente_conecta\node_modules\tailwindcss\lib\lib\remap-bitfield.js | C:\valente_conecta\node_modules\tailwindcss\src\lib\remap-bitfield.js"
"resolveDefaultsAtRules.js","2","C:\valente_conecta\node_modules\tailwindcss\lib\lib\resolveDefaultsAtRules.js | C:\valente_conecta\node_modules\tailwindcss\src\lib\resolveDefaultsAtRules.js"
"setupContextUtils.js","2","C:\valente_conecta\node_modules\tailwindcss\lib\lib\setupContextUtils.js | C:\valente_conecta\node_modules\tailwindcss\src\lib\setupContextUtils.js"
"setupTrackingContext.js","2","C:\valente_conecta\node_modules\tailwindcss\lib\lib\setupTrackingContext.js | C:\valente_conecta\node_modules\tailwindcss\src\lib\setupTrackingContext.js"
"sharedState.js","2","C:\valente_conecta\node_modules\tailwindcss\lib\lib\sharedState.js | C:\valente_conecta\node_modules\tailwindcss\src\lib\sharedState.js"
"substituteScreenAtRules.js","2","C:\valente_conecta\node_modules\tailwindcss\lib\lib\substituteScreenAtRules.js | C:\valente_conecta\node_modules\tailwindcss\src\lib\substituteScreenAtRules.js"
"create-plugin.js","2","C:\valente_conecta\node_modules\tailwindcss\lib\public\create-plugin.js | C:\valente_conecta\node_modules\tailwindcss\src\public\create-plugin.js"
"default-config.js","2","C:\valente_conecta\node_modules\tailwindcss\lib\public\default-config.js | C:\valente_conecta\node_modules\tailwindcss\src\public\default-config.js"
"default-theme.js","2","C:\valente_conecta\node_modules\tailwindcss\lib\public\default-theme.js | C:\valente_conecta\node_modules\tailwindcss\src\public\default-theme.js"
"resolve-config.js","2","C:\valente_conecta\node_modules\tailwindcss\lib\public\resolve-config.js | C:\valente_conecta\node_modules\tailwindcss\src\public\resolve-config.js"
"applyImportantSelector.js","2","C:\valente_conecta\node_modules\tailwindcss\lib\util\applyImportantSelector.js | C:\valente_conecta\node_modules\tailwindcss\src\util\applyImportantSelector.js"
"bigSign.js","2","C:\valente_conecta\node_modules\tailwindcss\lib\util\bigSign.js | C:\valente_conecta\node_modules\tailwindcss\src\util\bigSign.js"
"buildMediaQuery.js","2","C:\valente_conecta\node_modules\tailwindcss\lib\util\buildMediaQuery.js | C:\valente_conecta\node_modules\tailwindcss\src\util\buildMediaQuery.js"
"cloneNodes.js","2","C:\valente_conecta\node_modules\tailwindcss\lib\util\cloneNodes.js | C:\valente_conecta\node_modules\tailwindcss\src\util\cloneNodes.js"
"colorNames.js","2","C:\valente_conecta\node_modules\tailwindcss\lib\util\colorNames.js | C:\valente_conecta\node_modules\tailwindcss\src\util\colorNames.js"
"configurePlugins.js","2","C:\valente_conecta\node_modules\tailwindcss\lib\util\configurePlugins.js | C:\valente_conecta\node_modules\tailwindcss\src\util\configurePlugins.js"
"createPlugin.js","2","C:\valente_conecta\node_modules\tailwindcss\lib\util\createPlugin.js | C:\valente_conecta\node_modules\tailwindcss\src\util\createPlugin.js"
"createUtilityPlugin.js","2","C:\valente_conecta\node_modules\tailwindcss\lib\util\createUtilityPlugin.js | C:\valente_conecta\node_modules\tailwindcss\src\util\createUtilityPlugin.js"
"dataTypes.js","2","C:\valente_conecta\node_modules\tailwindcss\lib\util\dataTypes.js | C:\valente_conecta\node_modules\tailwindcss\src\util\dataTypes.js"
"escapeClassName.js","2","C:\valente_conecta\node_modules\tailwindcss\lib\util\escapeClassName.js | C:\valente_conecta\node_modules\tailwindcss\src\util\escapeClassName.js"
"escapeCommas.js","2","C:\valente_conecta\node_modules\tailwindcss\lib\util\escapeCommas.js | C:\valente_conecta\node_modules\tailwindcss\src\util\escapeCommas.js"
"flattenColorPalette.js","2","C:\valente_conecta\node_modules\tailwindcss\lib\util\flattenColorPalette.js | C:\valente_conecta\node_modules\tailwindcss\src\util\flattenColorPalette.js"
"formatVariantSelector.js","2","C:\valente_conecta\node_modules\tailwindcss\lib\util\formatVariantSelector.js | C:\valente_conecta\node_modules\tailwindcss\src\util\formatVariantSelector.js"
"getAllConfigs.js","2","C:\valente_conecta\node_modules\tailwindcss\lib\util\getAllConfigs.js | C:\valente_conecta\node_modules\tailwindcss\src\util\getAllConfigs.js"
"hashConfig.js","2","C:\valente_conecta\node_modules\tailwindcss\lib\util\hashConfig.js | C:\valente_conecta\node_modules\tailwindcss\src\util\hashConfig.js"
"isKeyframeRule.js","2","C:\valente_conecta\node_modules\tailwindcss\lib\util\isKeyframeRule.js | C:\valente_conecta\node_modules\tailwindcss\src\util\isKeyframeRule.js"
"isSyntacticallyValidPropertyValue.js","2","C:\valente_conecta\node_modules\tailwindcss\lib\util\isSyntacticallyValidPropertyValue.js | C:\valente_conecta\node_modules\tailwindcss\src\util\isSyntacticallyValidPropertyValue.js"
"nameClass.js","2","C:\valente_conecta\node_modules\tailwindcss\lib\util\nameClass.js | C:\valente_conecta\node_modules\tailwindcss\src\util\nameClass.js"
"negateValue.js","2","C:\valente_conecta\node_modules\tailwindcss\lib\util\negateValue.js | C:\valente_conecta\node_modules\tailwindcss\src\util\negateValue.js"
"normalizeConfig.js","2","C:\valente_conecta\node_modules\tailwindcss\lib\util\normalizeConfig.js | C:\valente_conecta\node_modules\tailwindcss\src\util\normalizeConfig.js"
"normalizeScreens.js","2","C:\valente_conecta\node_modules\tailwindcss\lib\util\normalizeScreens.js | C:\valente_conecta\node_modules\tailwindcss\src\util\normalizeScreens.js"
"parseAnimationValue.js","2","C:\valente_conecta\node_modules\tailwindcss\lib\util\parseAnimationValue.js | C:\valente_conecta\node_modules\tailwindcss\src\util\parseAnimationValue.js"
"parseBoxShadowValue.js","2","C:\valente_conecta\node_modules\tailwindcss\lib\util\parseBoxShadowValue.js | C:\valente_conecta\node_modules\tailwindcss\src\util\parseBoxShadowValue.js"
"parseDependency.js","2","C:\valente_conecta\node_modules\tailwindcss\lib\util\parseDependency.js | C:\valente_conecta\node_modules\tailwindcss\src\util\parseDependency.js"
"parseGlob.js","2","C:\valente_conecta\node_modules\tailwindcss\lib\util\parseGlob.js | C:\valente_conecta\node_modules\tailwindcss\src\util\parseGlob.js"
"parseObjectStyles.js","2","C:\valente_conecta\node_modules\tailwindcss\lib\util\parseObjectStyles.js | C:\valente_conecta\node_modules\tailwindcss\src\util\parseObjectStyles.js"
"pluginUtils.js","2","C:\valente_conecta\node_modules\tailwindcss\lib\util\pluginUtils.js | C:\valente_conecta\node_modules\tailwindcss\src\util\pluginUtils.js"
"prefixSelector.js","2","C:\valente_conecta\node_modules\tailwindcss\lib\util\prefixSelector.js | C:\valente_conecta\node_modules\tailwindcss\src\util\prefixSelector.js"
"pseudoElements.js","2","C:\valente_conecta\node_modules\tailwindcss\lib\util\pseudoElements.js | C:\valente_conecta\node_modules\tailwindcss\src\util\pseudoElements.js"
"removeAlphaVariables.js","2","C:\valente_conecta\node_modules\tailwindcss\lib\util\removeAlphaVariables.js | C:\valente_conecta\node_modules\tailwindcss\src\util\removeAlphaVariables.js"
"resolveConfig.js","3","C:\valente_conecta\node_modules\tailwindcss\lib\util\resolveConfig.js | C:\valente_conecta\node_modules\tailwindcss\src\util\resolveConfig.js | C:\valente_conecta\node_modules\tailwindcss\resolveConfig.js"
"resolveConfigPath.js","2","C:\valente_conecta\node_modules\tailwindcss\lib\util\resolveConfigPath.js | C:\valente_conecta\node_modules\tailwindcss\src\util\resolveConfigPath.js"
"responsive.js","2","C:\valente_conecta\node_modules\tailwindcss\lib\util\responsive.js | C:\valente_conecta\node_modules\tailwindcss\src\util\responsive.js"
"splitAtTopLevelOnly.js","2","C:\valente_conecta\node_modules\tailwindcss\lib\util\splitAtTopLevelOnly.js | C:\valente_conecta\node_modules\tailwindcss\src\util\splitAtTopLevelOnly.js"
"toColorValue.js","2","C:\valente_conecta\node_modules\tailwindcss\lib\util\toColorValue.js | C:\valente_conecta\node_modules\tailwindcss\src\util\toColorValue.js"
"transformThemeValue.js","2","C:\valente_conecta\node_modules\tailwindcss\lib\util\transformThemeValue.js | C:\valente_conecta\node_modules\tailwindcss\src\util\transformThemeValue.js"
"validateConfig.js","2","C:\valente_conecta\node_modules\tailwindcss\lib\util\validateConfig.js | C:\valente_conecta\node_modules\tailwindcss\src\util\validateConfig.js"
"validateFormalSyntax.js","2","C:\valente_conecta\node_modules\tailwindcss\lib\util\validateFormalSyntax.js | C:\valente_conecta\node_modules\tailwindcss\src\util\validateFormalSyntax.js"
"withAlphaVariable.js","2","C:\valente_conecta\node_modules\tailwindcss\lib\util\withAlphaVariable.js | C:\valente_conecta\node_modules\tailwindcss\src\util\withAlphaVariable.js"
"cli-peer-dependencies.js","2","C:\valente_conecta\node_modules\tailwindcss\lib\cli-peer-dependencies.js | C:\valente_conecta\node_modules\tailwindcss\src\cli-peer-dependencies.js"
"corePluginList.js","2","C:\valente_conecta\node_modules\tailwindcss\lib\corePluginList.js | C:\valente_conecta\node_modules\tailwindcss\src\corePluginList.js"
"corePlugins.js","2","C:\valente_conecta\node_modules\tailwindcss\lib\corePlugins.js | C:\valente_conecta\node_modules\tailwindcss\src\corePlugins.js"
"featureFlags.js","2","C:\valente_conecta\node_modules\tailwindcss\lib\featureFlags.js | C:\valente_conecta\node_modules\tailwindcss\src\featureFlags.js"
"processTailwindFeatures.js","2","C:\valente_conecta\node_modules\tailwindcss\lib\processTailwindFeatures.js | C:\valente_conecta\node_modules\tailwindcss\src\processTailwindFeatures.js"
"postcss.config.js","2","C:\valente_conecta\node_modules\tailwindcss\stubs\postcss.config.js | C:\valente_conecta\postcss.config.js"
"tailwind.config.js","2","C:\valente_conecta\node_modules\tailwindcss\stubs\tailwind.config.js | C:\valente_conecta\tailwind.config.js"
"colors.d.ts","2","C:\valente_conecta\node_modules\tailwindcss\types\generated\colors.d.ts | C:\valente_conecta\node_modules\tailwindcss\colors.d.ts"
"tiny-invariant.d.ts","2","C:\valente_conecta\node_modules\tiny-invariant\dist\esm\tiny-invariant.d.ts | C:\valente_conecta\node_modules\tiny-invariant\dist\tiny-invariant.d.ts"
"tiny-invariant.js","2","C:\valente_conecta\node_modules\tiny-invariant\dist\esm\tiny-invariant.js | C:\valente_conecta\node_modules\tiny-invariant\dist\tiny-invariant.js"
"characters.d.ts","2","C:\valente_conecta\node_modules\type-fest\source\internal\characters.d.ts | C:\valente_conecta\node_modules\type-fest\source\characters.d.ts"
"numeric.d.ts","2","C:\valente_conecta\node_modules\type-fest\source\internal\numeric.d.ts | C:\valente_conecta\node_modules\type-fest\source\numeric.d.ts"
"with-selector.js","2","C:\valente_conecta\node_modules\use-sync-external-store\shim\with-selector.js | C:\valente_conecta\node_modules\use-sync-external-store\with-selector.js"
"md5.js","3","C:\valente_conecta\node_modules\uuid\dist\esm-browser\md5.js | C:\valente_conecta\node_modules\uuid\dist\esm-node\md5.js | C:\valente_conecta\node_modules\uuid\dist\md5.js"
"nil.js","3","C:\valente_conecta\node_modules\uuid\dist\esm-browser\nil.js | C:\valente_conecta\node_modules\uuid\dist\esm-node\nil.js | C:\valente_conecta\node_modules\uuid\dist\nil.js"
"rng.js","3","C:\valente_conecta\node_modules\uuid\dist\esm-browser\rng.js | C:\valente_conecta\node_modules\uuid\dist\esm-node\rng.js | C:\valente_conecta\node_modules\uuid\dist\rng.js"
"sha1.js","3","C:\valente_conecta\node_modules\uuid\dist\esm-browser\sha1.js | C:\valente_conecta\node_modules\uuid\dist\esm-node\sha1.js | C:\valente_conecta\node_modules\uuid\dist\sha1.js"
"v1.js","3","C:\valente_conecta\node_modules\uuid\dist\esm-browser\v1.js | C:\valente_conecta\node_modules\uuid\dist\esm-node\v1.js | C:\valente_conecta\node_modules\uuid\dist\v1.js"
"v3.js","3","C:\valente_conecta\node_modules\uuid\dist\esm-browser\v3.js | C:\valente_conecta\node_modules\uuid\dist\esm-node\v3.js | C:\valente_conecta\node_modules\uuid\dist\v3.js"
"v35.js","3","C:\valente_conecta\node_modules\uuid\dist\esm-browser\v35.js | C:\valente_conecta\node_modules\uuid\dist\esm-node\v35.js | C:\valente_conecta\node_modules\uuid\dist\v35.js"
"v4.js","3","C:\valente_conecta\node_modules\uuid\dist\esm-browser\v4.js | C:\valente_conecta\node_modules\uuid\dist\esm-node\v4.js | C:\valente_conecta\node_modules\uuid\dist\v4.js"
"v5.js","3","C:\valente_conecta\node_modules\uuid\dist\esm-browser\v5.js | C:\valente_conecta\node_modules\uuid\dist\esm-node\v5.js | C:\valente_conecta\node_modules\uuid\dist\v5.js"
"validate.js","3","C:\valente_conecta\node_modules\uuid\dist\esm-browser\validate.js | C:\valente_conecta\node_modules\uuid\dist\esm-node\validate.js | C:\valente_conecta\node_modules\uuid\dist\validate.js"
"d3-voronoi.js","2","C:\valente_conecta\node_modules\victory-vendor\es\d3-voronoi.js | C:\valente_conecta\node_modules\victory-vendor\lib\d3-voronoi.js"
"chrome_shim.js","2","C:\valente_conecta\node_modules\webrtc-adapter\dist\chrome\chrome_shim.js | C:\valente_conecta\node_modules\webrtc-adapter\src\js\chrome\chrome_shim.js"
"getusermedia.js","4","C:\valente_conecta\node_modules\webrtc-adapter\dist\chrome\getusermedia.js | C:\valente_conecta\node_modules\webrtc-adapter\dist\firefox\getusermedia.js | C:\valente_conecta\node_modules\webrtc-adapter\src\js\chrome\getusermedia.js | C:\valente_conecta\node_modules\webrtc-adapter\src\js\firefox\getusermedia.js"
"firefox_shim.js","2","C:\valente_conecta\node_modules\webrtc-adapter\dist\firefox\firefox_shim.js | C:\valente_conecta\node_modules\webrtc-adapter\src\js\firefox\firefox_shim.js"
"getdisplaymedia.js","2","C:\valente_conecta\node_modules\webrtc-adapter\dist\firefox\getdisplaymedia.js | C:\valente_conecta\node_modules\webrtc-adapter\src\js\firefox\getdisplaymedia.js"
"safari_shim.js","2","C:\valente_conecta\node_modules\webrtc-adapter\dist\safari\safari_shim.js | C:\valente_conecta\node_modules\webrtc-adapter\src\js\safari\safari_shim.js"
"adapter_core.js","2","C:\valente_conecta\node_modules\webrtc-adapter\dist\adapter_core.js | C:\valente_conecta\node_modules\webrtc-adapter\src\js\adapter_core.js"
"adapter_core5.js","2","C:\valente_conecta\node_modules\webrtc-adapter\dist\adapter_core5.js | C:\valente_conecta\node_modules\webrtc-adapter\src\js\adapter_core5.js"
"adapter_factory.js","2","C:\valente_conecta\node_modules\webrtc-adapter\dist\adapter_factory.js | C:\valente_conecta\node_modules\webrtc-adapter\src\js\adapter_factory.js"
"common_shim.js","2","C:\valente_conecta\node_modules\webrtc-adapter\dist\common_shim.js | C:\valente_conecta\node_modules\webrtc-adapter\src\js\common_shim.js"
"barcodeFormat.d.ts","2","C:\valente_conecta\node_modules\zxing-wasm\dist\cjs\bindings\barcodeFormat.d.ts | C:\valente_conecta\node_modules\zxing-wasm\dist\es\bindings\barcodeFormat.d.ts"
"barcodeSymbol.d.ts","2","C:\valente_conecta\node_modules\zxing-wasm\dist\cjs\bindings\barcodeSymbol.d.ts | C:\valente_conecta\node_modules\zxing-wasm\dist\es\bindings\barcodeSymbol.d.ts"
"binarizer.d.ts","2","C:\valente_conecta\node_modules\zxing-wasm\dist\cjs\bindings\binarizer.d.ts | C:\valente_conecta\node_modules\zxing-wasm\dist\es\bindings\binarizer.d.ts"
"characterSet.d.ts","2","C:\valente_conecta\node_modules\zxing-wasm\dist\cjs\bindings\characterSet.d.ts | C:\valente_conecta\node_modules\zxing-wasm\dist\es\bindings\characterSet.d.ts"
"contentType.d.ts","2","C:\valente_conecta\node_modules\zxing-wasm\dist\cjs\bindings\contentType.d.ts | C:\valente_conecta\node_modules\zxing-wasm\dist\es\bindings\contentType.d.ts"
"eanAddOnSymbol.d.ts","2","C:\valente_conecta\node_modules\zxing-wasm\dist\cjs\bindings\eanAddOnSymbol.d.ts | C:\valente_conecta\node_modules\zxing-wasm\dist\es\bindings\eanAddOnSymbol.d.ts"
"ecLevel.d.ts","2","C:\valente_conecta\node_modules\zxing-wasm\dist\cjs\bindings\ecLevel.d.ts | C:\valente_conecta\node_modules\zxing-wasm\dist\es\bindings\ecLevel.d.ts"
"exposedReaderBindings.d.ts","2","C:\valente_conecta\node_modules\zxing-wasm\dist\cjs\bindings\exposedReaderBindings.d.ts | C:\valente_conecta\node_modules\zxing-wasm\dist\es\bindings\exposedReaderBindings.d.ts"
"exposedWriterBindings.d.ts","2","C:\valente_conecta\node_modules\zxing-wasm\dist\cjs\bindings\exposedWriterBindings.d.ts | C:\valente_conecta\node_modules\zxing-wasm\dist\es\bindings\exposedWriterBindings.d.ts"
"readerOptions.d.ts","2","C:\valente_conecta\node_modules\zxing-wasm\dist\cjs\bindings\readerOptions.d.ts | C:\valente_conecta\node_modules\zxing-wasm\dist\es\bindings\readerOptions.d.ts"
"readResult.d.ts","2","C:\valente_conecta\node_modules\zxing-wasm\dist\cjs\bindings\readResult.d.ts | C:\valente_conecta\node_modules\zxing-wasm\dist\es\bindings\readResult.d.ts"
"textMode.d.ts","2","C:\valente_conecta\node_modules\zxing-wasm\dist\cjs\bindings\textMode.d.ts | C:\valente_conecta\node_modules\zxing-wasm\dist\es\bindings\textMode.d.ts"
"writeResult.d.ts","2","C:\valente_conecta\node_modules\zxing-wasm\dist\cjs\bindings\writeResult.d.ts | C:\valente_conecta\node_modules\zxing-wasm\dist\es\bindings\writeResult.d.ts"
"writerOptions.d.ts","2","C:\valente_conecta\node_modules\zxing-wasm\dist\cjs\bindings\writerOptions.d.ts | C:\valente_conecta\node_modules\zxing-wasm\dist\es\bindings\writerOptions.d.ts"
"imageData.d.ts","2","C:\valente_conecta\node_modules\zxing-wasm\dist\cjs\types\imageData.d.ts | C:\valente_conecta\node_modules\zxing-wasm\dist\es\types\imageData.d.ts"
"wasm.d.ts","2","C:\valente_conecta\node_modules\zxing-wasm\dist\cjs\types\wasm.d.ts | C:\valente_conecta\node_modules\zxing-wasm\dist\es\types\wasm.d.ts"
"share.d.ts","2","C:\valente_conecta\node_modules\zxing-wasm\dist\cjs\share.d.ts | C:\valente_conecta\node_modules\zxing-wasm\dist\es\share.d.ts"
"corrigir_receitas.js","2","C:\valente_conecta\scripts\corrigir_receitas.js | C:\valente_conecta\corrigir_receitas.js"
"payment.ts","2","C:\valente_conecta\services\mercadopago\payment.ts | C:\valente_conecta\types\payment.ts"
