"FullName","Name","Directory"
"C:\valente_conecta\.next\types\app\admin-master\cozinha-chef\estoque\page.ts","page.ts","C:\valente_conecta\.next\types\app\admin-master\cozinha-chef\estoque"
"C:\valente_conecta\.next\types\app\admin-master\cozinha-chef\preview\page.ts","page.ts","C:\valente_conecta\.next\types\app\admin-master\cozinha-chef\preview"
"C:\valente_conecta\.next\types\app\admin-master\cozinha-chef\receitas\page.ts","page.ts","C:\valente_conecta\.next\types\app\admin-master\cozinha-chef\receitas"
"C:\valente_conecta\.next\types\app\admin-master\dashboard\page.ts","page.ts","C:\valente_conecta\.next\types\app\admin-master\dashboard"
"C:\valente_conecta\.next\types\app\admin-master\layout.ts","layout.ts","C:\valente_conecta\.next\types\app\admin-master"
"C:\valente_conecta\.next\types\app\admin-master\page.ts","page.ts","C:\valente_conecta\.next\types\app\admin-master"
"C:\valente_conecta\.next\types\app\cozinha\page.ts","page.ts","C:\valente_conecta\.next\types\app\cozinha"
"C:\valente_conecta\.next\types\app\layout.ts","layout.ts","C:\valente_conecta\.next\types\app"
"C:\valente_conecta\app\academia\academia-local\page.tsx","page.tsx","C:\valente_conecta\app\academia\academia-local"
"C:\valente_conecta\app\academia\biblioteca\page.tsx","page.tsx","C:\valente_conecta\app\academia\biblioteca"
"C:\valente_conecta\app\academia\cadastro-inicial\page.tsx","page.tsx","C:\valente_conecta\app\academia\cadastro-inicial"
"C:\valente_conecta\app\academia\dashboard\page.tsx","page.tsx","C:\valente_conecta\app\academia\dashboard"
"C:\valente_conecta\app\academia\esportes\page.tsx","page.tsx","C:\valente_conecta\app\academia\esportes"
"C:\valente_conecta\app\academia\historico-carga\page.tsx","page.tsx","C:\valente_conecta\app\academia\historico-carga"
"C:\valente_conecta\app\academia\ia\page.tsx","page.tsx","C:\valente_conecta\app\academia\ia"
"C:\valente_conecta\app\academia\perfil\page.tsx","page.tsx","C:\valente_conecta\app\academia\perfil"
"C:\valente_conecta\app\academia\page.tsx","page.tsx","C:\valente_conecta\app\academia"
"C:\valente_conecta\app\acesso-expirado\page.tsx","page.tsx","C:\valente_conecta\app\acesso-expirado"
"C:\valente_conecta\app\admin\academia\page.tsx","page.tsx","C:\valente_conecta\app\admin\academia"
"C:\valente_conecta\app\admin\beneficios\page.tsx","page.tsx","C:\valente_conecta\app\admin\beneficios"
"C:\valente_conecta\app\admin\comercio\page.tsx","page.tsx","C:\valente_conecta\app\admin\comercio"
"C:\valente_conecta\app\admin\configuracoes\cambio\page.tsx","page.tsx","C:\valente_conecta\app\admin\configuracoes\cambio"
"C:\valente_conecta\app\admin\configuracoes\notificacoes\page.tsx","page.tsx","C:\valente_conecta\app\admin\configuracoes\notificacoes"
"C:\valente_conecta\app\admin\configuracoes\page.tsx","page.tsx","C:\valente_conecta\app\admin\configuracoes"
"C:\valente_conecta\app\admin\dashboard\page.tsx","page.tsx","C:\valente_conecta\app\admin\dashboard"
"C:\valente_conecta\app\admin\demandas\page.tsx","page.tsx","C:\valente_conecta\app\admin\demandas"
"C:\valente_conecta\app\admin\financeiro\page.tsx","page.tsx","C:\valente_conecta\app\admin\financeiro"
"C:\valente_conecta\app\admin\financeiro-pessoal\categorias\page.tsx","page.tsx","C:\valente_conecta\app\admin\financeiro-pessoal\categorias"
"C:\valente_conecta\app\admin\financeiro-pessoal\configuracoes\page.tsx","page.tsx","C:\valente_conecta\app\admin\financeiro-pessoal\configuracoes"
"C:\valente_conecta\app\admin\financeiro-pessoal\contas-pagar\page.tsx","page.tsx","C:\valente_conecta\app\admin\financeiro-pessoal\contas-pagar"
"C:\valente_conecta\app\admin\financeiro-pessoal\contas-receber\page.tsx","page.tsx","C:\valente_conecta\app\admin\financeiro-pessoal\contas-receber"
"C:\valente_conecta\app\admin\financeiro-pessoal\extrato\page.tsx","page.tsx","C:\valente_conecta\app\admin\financeiro-pessoal\extrato"
"C:\valente_conecta\app\admin\financeiro-pessoal\relatorios\page.tsx","page.tsx","C:\valente_conecta\app\admin\financeiro-pessoal\relatorios"
"C:\valente_conecta\app\admin\financeiro-pessoal\transacoes\page.tsx","page.tsx","C:\valente_conecta\app\admin\financeiro-pessoal\transacoes"
"C:\valente_conecta\app\admin\financeiro-pessoal\page.tsx","page.tsx","C:\valente_conecta\app\admin\financeiro-pessoal"
"C:\valente_conecta\app\admin\ia\page.tsx","page.tsx","C:\valente_conecta\app\admin\ia"
"C:\valente_conecta\app\admin\mototaxi\page.tsx","page.tsx","C:\valente_conecta\app\admin\mototaxi"
"C:\valente_conecta\app\admin\notificacoes\components\NotificacaoCard.tsx","NotificacaoCard.tsx","C:\valente_conecta\app\admin\notificacoes\components"
"C:\valente_conecta\app\admin\notificacoes\components\NotificacaoForm.tsx","NotificacaoForm.tsx","C:\valente_conecta\app\admin\notificacoes\components"
"C:\valente_conecta\app\admin\notificacoes\components\NotificacaoHeader.tsx","NotificacaoHeader.tsx","C:\valente_conecta\app\admin\notificacoes\components"
"C:\valente_conecta\app\admin\notificacoes\components\NotificacaoInfo.tsx","NotificacaoInfo.tsx","C:\valente_conecta\app\admin\notificacoes\components"
"C:\valente_conecta\app\admin\notificacoes\components\NotificacaoList.tsx","NotificacaoList.tsx","C:\valente_conecta\app\admin\notificacoes\components"
"C:\valente_conecta\app\admin\notificacoes\components\NotificacaoStats.tsx","NotificacaoStats.tsx","C:\valente_conecta\app\admin\notificacoes\components"
"C:\valente_conecta\app\admin\notificacoes\hooks\useNotificacoes.ts","useNotificacoes.ts","C:\valente_conecta\app\admin\notificacoes\hooks"
"C:\valente_conecta\app\admin\notificacoes\types\notificacao.types.ts","notificacao.types.ts","C:\valente_conecta\app\admin\notificacoes\types"
"C:\valente_conecta\app\admin\notificacoes\page.tsx","page.tsx","C:\valente_conecta\app\admin\notificacoes"
"C:\valente_conecta\app\admin\planos\page.tsx","page.tsx","C:\valente_conecta\app\admin\planos"
"C:\valente_conecta\app\admin\servicos\page.tsx","page.tsx","C:\valente_conecta\app\admin\servicos"
"C:\valente_conecta\app\admin\servicos-pagos\page.tsx","page.tsx","C:\valente_conecta\app\admin\servicos-pagos"
"C:\valente_conecta\app\admin\sync\page.tsx","page.tsx","C:\valente_conecta\app\admin\sync"
"C:\valente_conecta\app\admin\usuarios\page.tsx","page.tsx","C:\valente_conecta\app\admin\usuarios"
"C:\valente_conecta\app\admin\layout.tsx","layout.tsx","C:\valente_conecta\app\admin"
"C:\valente_conecta\app\admin\page.tsx","page.tsx","C:\valente_conecta\app\admin"
"C:\valente_conecta\app\admin-master\academia\aluno\page.tsx","page.tsx","C:\valente_conecta\app\admin-master\academia\aluno"
"C:\valente_conecta\app\admin-master\academia\components\DemandView.tsx","DemandView.tsx","C:\valente_conecta\app\admin-master\academia\components"
"C:\valente_conecta\app\admin-master\academia\crossfit\page.tsx","page.tsx","C:\valente_conecta\app\admin-master\academia\crossfit"
"C:\valente_conecta\app\admin-master\academia\danca\page.tsx","page.tsx","C:\valente_conecta\app\admin-master\academia\danca"
"C:\valente_conecta\app\admin-master\academia\empresa\page.tsx","page.tsx","C:\valente_conecta\app\admin-master\academia\empresa"
"C:\valente_conecta\app\admin-master\academia\funcional\page.tsx","page.tsx","C:\valente_conecta\app\admin-master\academia\funcional"
"C:\valente_conecta\app\admin-master\academia\personal\page.tsx","page.tsx","C:\valente_conecta\app\admin-master\academia\personal"
"C:\valente_conecta\app\admin-master\academia\page.tsx","page.tsx","C:\valente_conecta\app\admin-master\academia"
"C:\valente_conecta\app\admin-master\academia-master\components\DemandView.tsx","DemandView.tsx","C:\valente_conecta\app\admin-master\academia-master\components"
"C:\valente_conecta\app\admin-master\academia-master\page.tsx","page.tsx","C:\valente_conecta\app\admin-master\academia-master"
"C:\valente_conecta\app\admin-master\agro\agropecuaria\page.tsx","page.tsx","C:\valente_conecta\app\admin-master\agro\agropecuaria"
"C:\valente_conecta\app\admin-master\agro\components\DemandView.tsx","DemandView.tsx","C:\valente_conecta\app\admin-master\agro\components"
"C:\valente_conecta\app\admin-master\agro\ferramentas\page.tsx","page.tsx","C:\valente_conecta\app\admin-master\agro\ferramentas"
"C:\valente_conecta\app\admin-master\agro\insumos\page.tsx","page.tsx","C:\valente_conecta\app\admin-master\agro\insumos"
"C:\valente_conecta\app\admin-master\agro\irrigacao\page.tsx","page.tsx","C:\valente_conecta\app\admin-master\agro\irrigacao"
"C:\valente_conecta\app\admin-master\agro\produtos\page.tsx","page.tsx","C:\valente_conecta\app\admin-master\agro\produtos"
"C:\valente_conecta\app\admin-master\agro\racao\page.tsx","page.tsx","C:\valente_conecta\app\admin-master\agro\racao"
"C:\valente_conecta\app\admin-master\agro\sisal\page.tsx","page.tsx","C:\valente_conecta\app\admin-master\agro\sisal"
"C:\valente_conecta\app\admin-master\agro\veterinario\page.tsx","page.tsx","C:\valente_conecta\app\admin-master\agro\veterinario"
"C:\valente_conecta\app\admin-master\agro\page.tsx","page.tsx","C:\valente_conecta\app\admin-master\agro"
"C:\valente_conecta\app\admin-master\agua-gas\page.tsx","page.tsx","C:\valente_conecta\app\admin-master\agua-gas"
"C:\valente_conecta\app\admin-master\alimentacao\acai\page.tsx","page.tsx","C:\valente_conecta\app\admin-master\alimentacao\acai"
"C:\valente_conecta\app\admin-master\alimentacao\cafeterias\page.tsx","page.tsx","C:\valente_conecta\app\admin-master\alimentacao\cafeterias"
"C:\valente_conecta\app\admin-master\alimentacao\churrascarias\page.tsx","page.tsx","C:\valente_conecta\app\admin-master\alimentacao\churrascarias"
"C:\valente_conecta\app\admin-master\alimentacao\components\DemandView.tsx","DemandView.tsx","C:\valente_conecta\app\admin-master\alimentacao\components"
"C:\valente_conecta\app\admin-master\alimentacao\delivery\page.tsx","page.tsx","C:\valente_conecta\app\admin-master\alimentacao\delivery"
"C:\valente_conecta\app\admin-master\alimentacao\espetinhos\page.tsx","page.tsx","C:\valente_conecta\app\admin-master\alimentacao\espetinhos"
"C:\valente_conecta\app\admin-master\alimentacao\fitness\page.tsx","page.tsx","C:\valente_conecta\app\admin-master\alimentacao\fitness"
"C:\valente_conecta\app\admin-master\alimentacao\hamburguerias\page.tsx","page.tsx","C:\valente_conecta\app\admin-master\alimentacao\hamburguerias"
"C:\valente_conecta\app\admin-master\alimentacao\lanchonetes\page.tsx","page.tsx","C:\valente_conecta\app\admin-master\alimentacao\lanchonetes"
"C:\valente_conecta\app\admin-master\alimentacao\padarias\page.tsx","page.tsx","C:\valente_conecta\app\admin-master\alimentacao\padarias"
"C:\valente_conecta\app\admin-master\alimentacao\pizzarias\page.tsx","page.tsx","C:\valente_conecta\app\admin-master\alimentacao\pizzarias"
"C:\valente_conecta\app\admin-master\alimentacao\regional\page.tsx","page.tsx","C:\valente_conecta\app\admin-master\alimentacao\regional"
"C:\valente_conecta\app\admin-master\alimentacao\restaurantes\page.tsx","page.tsx","C:\valente_conecta\app\admin-master\alimentacao\restaurantes"
"C:\valente_conecta\app\admin-master\alimentacao\[id]\page.tsx","page.tsx","C:\valente_conecta\app\admin-master\alimentacao\[id]"
"C:\valente_conecta\app\admin-master\alimentacao\page.tsx","page.tsx","C:\valente_conecta\app\admin-master\alimentacao"
"C:\valente_conecta\app\admin-master\automotivo\borracharia\page.tsx","page.tsx","C:\valente_conecta\app\admin-master\automotivo\borracharia"
"C:\valente_conecta\app\admin-master\automotivo\components\DemandView.tsx","DemandView.tsx","C:\valente_conecta\app\admin-master\automotivo\components"
"C:\valente_conecta\app\admin-master\automotivo\eletrica\page.tsx","page.tsx","C:\valente_conecta\app\admin-master\automotivo\eletrica"
"C:\valente_conecta\app\admin-master\automotivo\lava-jato\page.tsx","page.tsx","C:\valente_conecta\app\admin-master\automotivo\lava-jato"
"C:\valente_conecta\app\admin-master\automotivo\motos\page.tsx","page.tsx","C:\valente_conecta\app\admin-master\automotivo\motos"
"C:\valente_conecta\app\admin-master\automotivo\oficina\page.tsx","page.tsx","C:\valente_conecta\app\admin-master\automotivo\oficina"
"C:\valente_conecta\app\admin-master\automotivo\pecas\page.tsx","page.tsx","C:\valente_conecta\app\admin-master\automotivo\pecas"
"C:\valente_conecta\app\admin-master\automotivo\som\page.tsx","page.tsx","C:\valente_conecta\app\admin-master\automotivo\som"
"C:\valente_conecta\app\admin-master\automotivo\page.tsx","page.tsx","C:\valente_conecta\app\admin-master\automotivo"
"C:\valente_conecta\app\admin-master\beleza\barbearia\page.tsx","page.tsx","C:\valente_conecta\app\admin-master\beleza\barbearia"
"C:\valente_conecta\app\admin-master\beleza\components\DemandView.tsx","DemandView.tsx","C:\valente_conecta\app\admin-master\beleza\components"
"C:\valente_conecta\app\admin-master\beleza\corporal\page.tsx","page.tsx","C:\valente_conecta\app\admin-master\beleza\corporal"
"C:\valente_conecta\app\admin-master\beleza\cosmeticos\page.tsx","page.tsx","C:\valente_conecta\app\admin-master\beleza\cosmeticos"
"C:\valente_conecta\app\admin-master\beleza\facial\page.tsx","page.tsx","C:\valente_conecta\app\admin-master\beleza\facial"
"C:\valente_conecta\app\admin-master\beleza\manicure\page.tsx","page.tsx","C:\valente_conecta\app\admin-master\beleza\manicure"
"C:\valente_conecta\app\admin-master\beleza\maquiagem\page.tsx","page.tsx","C:\valente_conecta\app\admin-master\beleza\maquiagem"
"C:\valente_conecta\app\admin-master\beleza\perfumaria\page.tsx","page.tsx","C:\valente_conecta\app\admin-master\beleza\perfumaria"
"C:\valente_conecta\app\admin-master\beleza\salao\page.tsx","page.tsx","C:\valente_conecta\app\admin-master\beleza\salao"
"C:\valente_conecta\app\admin-master\beleza\page.tsx","page.tsx","C:\valente_conecta\app\admin-master\beleza"
"C:\valente_conecta\app\admin-master\bonus\components\DemandView.tsx","DemandView.tsx","C:\valente_conecta\app\admin-master\bonus\components"
"C:\valente_conecta\app\admin-master\bonus\page.tsx","page.tsx","C:\valente_conecta\app\admin-master\bonus"
"C:\valente_conecta\app\admin-master\cardapio\components\DemandView.tsx","DemandView.tsx","C:\valente_conecta\app\admin-master\cardapio\components"
"C:\valente_conecta\app\admin-master\cardapio\compras\lista-compras\page.tsx","page.tsx","C:\valente_conecta\app\admin-master\cardapio\compras\lista-compras"
"C:\valente_conecta\app\admin-master\cardapio\compras\page.tsx","page.tsx","C:\valente_conecta\app\admin-master\cardapio\compras"
"C:\valente_conecta\app\admin-master\cardapio\configuracao\page.tsx","page.tsx","C:\valente_conecta\app\admin-master\cardapio\configuracao"
"C:\valente_conecta\app\admin-master\cardapio\extrato-compras\page.tsx","page.tsx","C:\valente_conecta\app\admin-master\cardapio\extrato-compras"
"C:\valente_conecta\app\admin-master\cardapio\pratos\page.tsx","page.tsx","C:\valente_conecta\app\admin-master\cardapio\pratos"
"C:\valente_conecta\app\admin-master\cardapio\page.tsx","page.tsx","C:\valente_conecta\app\admin-master\cardapio"
"C:\valente_conecta\app\admin-master\comercio\components\DemandView.tsx","DemandView.tsx","C:\valente_conecta\app\admin-master\comercio\components"
"C:\valente_conecta\app\admin-master\comercio\page.tsx","page.tsx","C:\valente_conecta\app\admin-master\comercio"
"C:\valente_conecta\app\admin-master\components\components\DemandView.tsx","DemandView.tsx","C:\valente_conecta\app\admin-master\components\components"
"C:\valente_conecta\app\admin-master\components\MenuAdmin.tsx","MenuAdmin.tsx","C:\valente_conecta\app\admin-master\components"
"C:\valente_conecta\app\admin-master\components\MetricasGrafico.tsx","MetricasGrafico.tsx","C:\valente_conecta\app\admin-master\components"
"C:\valente_conecta\app\admin-master\components\page.tsx","page.tsx","C:\valente_conecta\app\admin-master\components"
"C:\valente_conecta\app\admin-master\configuracoes\bonus\page.tsx","page.tsx","C:\valente_conecta\app\admin-master\configuracoes\bonus"
"C:\valente_conecta\app\admin-master\configuracoes\components\DemandView.tsx","DemandView.tsx","C:\valente_conecta\app\admin-master\configuracoes\components"
"C:\valente_conecta\app\admin-master\configuracoes\planos-home\page.tsx","page.tsx","C:\valente_conecta\app\admin-master\configuracoes\planos-home"
"C:\valente_conecta\app\admin-master\configuracoes\page.tsx","page.tsx","C:\valente_conecta\app\admin-master\configuracoes"
"C:\valente_conecta\app\admin-master\configuracoes-imoveis\components\DemandView.tsx","DemandView.tsx","C:\valente_conecta\app\admin-master\configuracoes-imoveis\components"
"C:\valente_conecta\app\admin-master\configuracoes-imoveis\page.tsx","page.tsx","C:\valente_conecta\app\admin-master\configuracoes-imoveis"
"C:\valente_conecta\app\admin-master\construcao\components\DemandView.tsx","DemandView.tsx","C:\valente_conecta\app\admin-master\construcao\components"
"C:\valente_conecta\app\admin-master\construcao\eletricista\page.tsx","page.tsx","C:\valente_conecta\app\admin-master\construcao\eletricista"
"C:\valente_conecta\app\admin-master\construcao\encanador\page.tsx","page.tsx","C:\valente_conecta\app\admin-master\construcao\encanador"
"C:\valente_conecta\app\admin-master\construcao\marceneiro\page.tsx","page.tsx","C:\valente_conecta\app\admin-master\construcao\marceneiro"
"C:\valente_conecta\app\admin-master\construcao\pedreiro\page.tsx","page.tsx","C:\valente_conecta\app\admin-master\construcao\pedreiro"
"C:\valente_conecta\app\admin-master\construcao\pintor\page.tsx","page.tsx","C:\valente_conecta\app\admin-master\construcao\pintor"
"C:\valente_conecta\app\admin-master\construcao\page.tsx","page.tsx","C:\valente_conecta\app\admin-master\construcao"
"C:\valente_conecta\app\admin-master\contatos\components\DemandView.tsx","DemandView.tsx","C:\valente_conecta\app\admin-master\contatos\components"
"C:\valente_conecta\app\admin-master\contatos\page.tsx","page.tsx","C:\valente_conecta\app\admin-master\contatos"
"C:\valente_conecta\app\admin-master\cozinha-admin\components\DemandView.tsx","DemandView.tsx","C:\valente_conecta\app\admin-master\cozinha-admin\components"
"C:\valente_conecta\app\admin-master\cozinha-admin\page.tsx","page.tsx","C:\valente_conecta\app\admin-master\cozinha-admin"
"C:\valente_conecta\app\admin-master\cozinha-chef\components\DashboardUI.tsx","DashboardUI.tsx","C:\valente_conecta\app\admin-master\cozinha-chef\components"
"C:\valente_conecta\app\admin-master\cozinha-chef\compras\page.tsx","page.tsx","C:\valente_conecta\app\admin-master\cozinha-chef\compras"
"C:\valente_conecta\app\admin-master\cozinha-chef\containers\DashboardContainer.tsx","DashboardContainer.tsx","C:\valente_conecta\app\admin-master\cozinha-chef\containers"
"C:\valente_conecta\app\admin-master\cozinha-chef\estoque\design.config.ts","design.config.ts","C:\valente_conecta\app\admin-master\cozinha-chef\estoque"
"C:\valente_conecta\app\admin-master\cozinha-chef\estoque\page.tsx","page.tsx","C:\valente_conecta\app\admin-master\cozinha-chef\estoque"
"C:\valente_conecta\app\admin-master\cozinha-chef\financeiro\page.tsx","page.tsx","C:\valente_conecta\app\admin-master\cozinha-chef\financeiro"
"C:\valente_conecta\app\admin-master\cozinha-chef\hooks\useCardapio.ts","useCardapio.ts","C:\valente_conecta\app\admin-master\cozinha-chef\hooks"
"C:\valente_conecta\app\admin-master\cozinha-chef\hooks\useCatalogo.ts","useCatalogo.ts","C:\valente_conecta\app\admin-master\cozinha-chef\hooks"
"C:\valente_conecta\app\admin-master\cozinha-chef\hooks\useComprasRequests.ts","useComprasRequests.ts","C:\valente_conecta\app\admin-master\cozinha-chef\hooks"
"C:\valente_conecta\app\admin-master\cozinha-chef\hooks\useDashboard.ts","useDashboard.ts","C:\valente_conecta\app\admin-master\cozinha-chef\hooks"
"C:\valente_conecta\app\admin-master\cozinha-chef\hooks\useEditarReceita.ts","useEditarReceita.ts","C:\valente_conecta\app\admin-master\cozinha-chef\hooks"
"C:\valente_conecta\app\admin-master\cozinha-chef\hooks\useEstoque.ts","useEstoque.ts","C:\valente_conecta\app\admin-master\cozinha-chef\hooks"
"C:\valente_conecta\app\admin-master\cozinha-chef\hooks\useFinanceiro.ts","useFinanceiro.ts","C:\valente_conecta\app\admin-master\cozinha-chef\hooks"
"C:\valente_conecta\app\admin-master\cozinha-chef\hooks\useFinanceiroPessoal.ts","useFinanceiroPessoal.ts","C:\valente_conecta\app\admin-master\cozinha-chef\hooks"
"C:\valente_conecta\app\admin-master\cozinha-chef\hooks\useHybridData.ts","useHybridData.ts","C:\valente_conecta\app\admin-master\cozinha-chef\hooks"
"C:\valente_conecta\app\admin-master\cozinha-chef\hooks\useIngredients.ts","useIngredients.ts","C:\valente_conecta\app\admin-master\cozinha-chef\hooks"
"C:\valente_conecta\app\admin-master\cozinha-chef\hooks\useMovimentacoes.ts","useMovimentacoes.ts","C:\valente_conecta\app\admin-master\cozinha-chef\hooks"
"C:\valente_conecta\app\admin-master\cozinha-chef\hooks\usePedidos.ts","usePedidos.ts","C:\valente_conecta\app\admin-master\cozinha-chef\hooks"
"C:\valente_conecta\app\admin-master\cozinha-chef\hooks\usePerfilCozinha.ts","usePerfilCozinha.ts","C:\valente_conecta\app\admin-master\cozinha-chef\hooks"
"C:\valente_conecta\app\admin-master\cozinha-chef\hooks\useProducao.ts","useProducao.ts","C:\valente_conecta\app\admin-master\cozinha-chef\hooks"
"C:\valente_conecta\app\admin-master\cozinha-chef\hooks\useReceita.ts","useReceita.ts","C:\valente_conecta\app\admin-master\cozinha-chef\hooks"
"C:\valente_conecta\app\admin-master\cozinha-chef\hooks\useReceitas.ts","useReceitas.ts","C:\valente_conecta\app\admin-master\cozinha-chef\hooks"
"C:\valente_conecta\app\admin-master\cozinha-chef\movimentacoes\page.tsx","page.tsx","C:\valente_conecta\app\admin-master\cozinha-chef\movimentacoes"
"C:\valente_conecta\app\admin-master\cozinha-chef\preview\design.config.ts","design.config.ts","C:\valente_conecta\app\admin-master\cozinha-chef\preview"
"C:\valente_conecta\app\admin-master\cozinha-chef\preview\page.tsx","page.tsx","C:\valente_conecta\app\admin-master\cozinha-chef\preview"
"C:\valente_conecta\app\admin-master\cozinha-chef\receitas\page.tsx","page.tsx","C:\valente_conecta\app\admin-master\cozinha-chef\receitas"
"C:\valente_conecta\app\admin-master\cozinha-chef\services\cardapioService.ts","cardapioService.ts","C:\valente_conecta\app\admin-master\cozinha-chef\services"
"C:\valente_conecta\app\admin-master\cozinha-chef\services\comprasService.ts","comprasService.ts","C:\valente_conecta\app\admin-master\cozinha-chef\services"
"C:\valente_conecta\app\admin-master\cozinha-chef\services\custoService.ts","custoService.ts","C:\valente_conecta\app\admin-master\cozinha-chef\services"
"C:\valente_conecta\app\admin-master\cozinha-chef\services\dashboardService.ts","dashboardService.ts","C:\valente_conecta\app\admin-master\cozinha-chef\services"
"C:\valente_conecta\app\admin-master\cozinha-chef\services\estoqueService.ts","estoqueService.ts","C:\valente_conecta\app\admin-master\cozinha-chef\services"
"C:\valente_conecta\app\admin-master\cozinha-chef\services\index.ts","index.ts","C:\valente_conecta\app\admin-master\cozinha-chef\services"
"C:\valente_conecta\app\admin-master\cozinha-chef\services\pedidoService.ts","pedidoService.ts","C:\valente_conecta\app\admin-master\cozinha-chef\services"
"C:\valente_conecta\app\admin-master\cozinha-chef\services\pratosService.ts","pratosService.ts","C:\valente_conecta\app\admin-master\cozinha-chef\services"
"C:\valente_conecta\app\admin-master\cozinha-chef\services\producaoService.ts","producaoService.ts","C:\valente_conecta\app\admin-master\cozinha-chef\services"
"C:\valente_conecta\app\admin-master\cozinha-chef\services\receitaService.ts","receitaService.ts","C:\valente_conecta\app\admin-master\cozinha-chef\services"
"C:\valente_conecta\app\admin-master\cozinha-chef\types\cardapio.ts","cardapio.ts","C:\valente_conecta\app\admin-master\cozinha-chef\types"
"C:\valente_conecta\app\admin-master\cozinha-chef\types\estoque.ts","estoque.ts","C:\valente_conecta\app\admin-master\cozinha-chef\types"
"C:\valente_conecta\app\admin-master\cozinha-chef\types\index.ts","index.ts","C:\valente_conecta\app\admin-master\cozinha-chef\types"
"C:\valente_conecta\app\admin-master\cozinha-chef\types\producao.ts","producao.ts","C:\valente_conecta\app\admin-master\cozinha-chef\types"
"C:\valente_conecta\app\admin-master\cozinha-chef\index.ts","index.ts","C:\valente_conecta\app\admin-master\cozinha-chef"
"C:\valente_conecta\app\admin-master\cozinha-chef\page.tsx","page.tsx","C:\valente_conecta\app\admin-master\cozinha-chef"
"C:\valente_conecta\app\admin-master\cozinha-chef\useDashboardCozinha.ts","useDashboardCozinha.ts","C:\valente_conecta\app\admin-master\cozinha-chef"
"C:\valente_conecta\app\admin-master\dashboard\components\DemandView.tsx","DemandView.tsx","C:\valente_conecta\app\admin-master\dashboard\components"
"C:\valente_conecta\app\admin-master\dashboard\inteligencia\bairros-demanda.tsx","bairros-demanda.tsx","C:\valente_conecta\app\admin-master\dashboard\inteligencia"
"C:\valente_conecta\app\admin-master\dashboard\relatorios\fiado-vencimento.tsx","fiado-vencimento.tsx","C:\valente_conecta\app\admin-master\dashboard\relatorios"
"C:\valente_conecta\app\admin-master\dashboard\page.tsx","page.tsx","C:\valente_conecta\app\admin-master\dashboard"
"C:\valente_conecta\app\admin-master\dashboard-graficos\components\DemandView.tsx","DemandView.tsx","C:\valente_conecta\app\admin-master\dashboard-graficos\components"
"C:\valente_conecta\app\admin-master\dashboard-graficos\page.tsx","page.tsx","C:\valente_conecta\app\admin-master\dashboard-graficos"
"C:\valente_conecta\app\admin-master\dashboard-inteligente\components\AlertsPanel.tsx","AlertsPanel.tsx","C:\valente_conecta\app\admin-master\dashboard-inteligente\components"
"C:\valente_conecta\app\admin-master\dashboard-inteligente\components\ChartsSection.tsx","ChartsSection.tsx","C:\valente_conecta\app\admin-master\dashboard-inteligente\components"
"C:\valente_conecta\app\admin-master\dashboard-inteligente\components\ControlCenter.tsx","ControlCenter.tsx","C:\valente_conecta\app\admin-master\dashboard-inteligente\components"
"C:\valente_conecta\app\admin-master\dashboard-inteligente\components\ConversionFunnel.tsx","ConversionFunnel.tsx","C:\valente_conecta\app\admin-master\dashboard-inteligente\components"
"C:\valente_conecta\app\admin-master\dashboard-inteligente\components\DemandView.tsx","DemandView.tsx","C:\valente_conecta\app\admin-master\dashboard-inteligente\components"
"C:\valente_conecta\app\admin-master\dashboard-inteligente\components\HeatMap.tsx","HeatMap.tsx","C:\valente_conecta\app\admin-master\dashboard-inteligente\components"
"C:\valente_conecta\app\admin-master\dashboard-inteligente\components\MetricCard.tsx","MetricCard.tsx","C:\valente_conecta\app\admin-master\dashboard-inteligente\components"
"C:\valente_conecta\app\admin-master\dashboard-inteligente\control-center\page.tsx","page.tsx","C:\valente_conecta\app\admin-master\dashboard-inteligente\control-center"
"C:\valente_conecta\app\admin-master\dashboard-inteligente\page.tsx","page.tsx","C:\valente_conecta\app\admin-master\dashboard-inteligente"
"C:\valente_conecta\app\admin-master\dashboard-metricas\components\DemandView.tsx","DemandView.tsx","C:\valente_conecta\app\admin-master\dashboard-metricas\components"
"C:\valente_conecta\app\admin-master\dashboard-metricas\page.tsx","page.tsx","C:\valente_conecta\app\admin-master\dashboard-metricas"
"C:\valente_conecta\app\admin-master\educacao\components\DemandView.tsx","DemandView.tsx","C:\valente_conecta\app\admin-master\educacao\components"
"C:\valente_conecta\app\admin-master\educacao\cursos\page.tsx","page.tsx","C:\valente_conecta\app\admin-master\educacao\cursos"
"C:\valente_conecta\app\admin-master\educacao\escolas\page.tsx","page.tsx","C:\valente_conecta\app\admin-master\educacao\escolas"
"C:\valente_conecta\app\admin-master\educacao\idiomas\page.tsx","page.tsx","C:\valente_conecta\app\admin-master\educacao\idiomas"
"C:\valente_conecta\app\admin-master\educacao\informatica\page.tsx","page.tsx","C:\valente_conecta\app\admin-master\educacao\informatica"
"C:\valente_conecta\app\admin-master\educacao\musica\page.tsx","page.tsx","C:\valente_conecta\app\admin-master\educacao\musica"
"C:\valente_conecta\app\admin-master\educacao\reforco\page.tsx","page.tsx","C:\valente_conecta\app\admin-master\educacao\reforco"
"C:\valente_conecta\app\admin-master\educacao\page.tsx","page.tsx","C:\valente_conecta\app\admin-master\educacao"
"C:\valente_conecta\app\admin-master\em-construcao\components\DemandView.tsx","DemandView.tsx","C:\valente_conecta\app\admin-master\em-construcao\components"
"C:\valente_conecta\app\admin-master\em-construcao\page.tsx","page.tsx","C:\valente_conecta\app\admin-master\em-construcao"
"C:\valente_conecta\app\admin-master\estoque\components\DemandView.tsx","DemandView.tsx","C:\valente_conecta\app\admin-master\estoque\components"
"C:\valente_conecta\app\admin-master\estoque\page.tsx","page.tsx","C:\valente_conecta\app\admin-master\estoque"
"C:\valente_conecta\app\admin-master\eventos\buffet\page.tsx","page.tsx","C:\valente_conecta\app\admin-master\eventos\buffet"
"C:\valente_conecta\app\admin-master\eventos\components\DemandView.tsx","DemandView.tsx","C:\valente_conecta\app\admin-master\eventos\components"
"C:\valente_conecta\app\admin-master\eventos\convites\page.tsx","page.tsx","C:\valente_conecta\app\admin-master\eventos\convites"
"C:\valente_conecta\app\admin-master\eventos\decoracao\page.tsx","page.tsx","C:\valente_conecta\app\admin-master\eventos\decoracao"
"C:\valente_conecta\app\admin-master\eventos\espacos\page.tsx","page.tsx","C:\valente_conecta\app\admin-master\eventos\espacos"
"C:\valente_conecta\app\admin-master\eventos\eventos\page.tsx","page.tsx","C:\valente_conecta\app\admin-master\eventos\eventos"
"C:\valente_conecta\app\admin-master\eventos\filme\page.tsx","page.tsx","C:\valente_conecta\app\admin-master\eventos\filme"
"C:\valente_conecta\app\admin-master\eventos\foto\page.tsx","page.tsx","C:\valente_conecta\app\admin-master\eventos\foto"
"C:\valente_conecta\app\admin-master\eventos\som\page.tsx","page.tsx","C:\valente_conecta\app\admin-master\eventos\som"
"C:\valente_conecta\app\admin-master\eventos\page.tsx","page.tsx","C:\valente_conecta\app\admin-master\eventos"
"C:\valente_conecta\app\admin-master\fabrica-videos\components\DemandView.tsx","DemandView.tsx","C:\valente_conecta\app\admin-master\fabrica-videos\components"
"C:\valente_conecta\app\admin-master\fabrica-videos\page.tsx","page.tsx","C:\valente_conecta\app\admin-master\fabrica-videos"
"C:\valente_conecta\app\admin-master\ferramentas\components\DemandView.tsx","DemandView.tsx","C:\valente_conecta\app\admin-master\ferramentas\components"
"C:\valente_conecta\app\admin-master\ferramentas\fabrica-videos\page.tsx","page.tsx","C:\valente_conecta\app\admin-master\ferramentas\fabrica-videos"
"C:\valente_conecta\app\admin-master\ferramentas\page.tsx","page.tsx","C:\valente_conecta\app\admin-master\ferramentas"
"C:\valente_conecta\app\admin-master\financeiro\components\DemandView.tsx","DemandView.tsx","C:\valente_conecta\app\admin-master\financeiro\components"
"C:\valente_conecta\app\admin-master\financeiro\consultoria\page.tsx","page.tsx","C:\valente_conecta\app\admin-master\financeiro\consultoria"
"C:\valente_conecta\app\admin-master\financeiro\contabilidade\page.tsx","page.tsx","C:\valente_conecta\app\admin-master\financeiro\contabilidade"
"C:\valente_conecta\app\admin-master\financeiro\corresp\page.tsx","page.tsx","C:\valente_conecta\app\admin-master\financeiro\corresp"
"C:\valente_conecta\app\admin-master\financeiro\emprestimos\page.tsx","page.tsx","C:\valente_conecta\app\admin-master\financeiro\emprestimos"
"C:\valente_conecta\app\admin-master\financeiro\seguros\page.tsx","page.tsx","C:\valente_conecta\app\admin-master\financeiro\seguros"
"C:\valente_conecta\app\admin-master\financeiro\page.tsx","page.tsx","C:\valente_conecta\app\admin-master\financeiro"
"C:\valente_conecta\app\admin-master\financeiro-pessoal\components\DemandView.tsx","DemandView.tsx","C:\valente_conecta\app\admin-master\financeiro-pessoal\components"
"C:\valente_conecta\app\admin-master\financeiro-pessoal\transacoes\page.tsx","page.tsx","C:\valente_conecta\app\admin-master\financeiro-pessoal\transacoes"
"C:\valente_conecta\app\admin-master\financeiro-pessoal\page.tsx","page.tsx","C:\valente_conecta\app\admin-master\financeiro-pessoal"
"C:\valente_conecta\app\admin-master\gerenciar-transportes\components\DemandView.tsx","DemandView.tsx","C:\valente_conecta\app\admin-master\gerenciar-transportes\components"
"C:\valente_conecta\app\admin-master\gerenciar-transportes\page.tsx","page.tsx","C:\valente_conecta\app\admin-master\gerenciar-transportes"
"C:\valente_conecta\app\admin-master\graficos\components\DemandView.tsx","DemandView.tsx","C:\valente_conecta\app\admin-master\graficos\components"
"C:\valente_conecta\app\admin-master\graficos\page.tsx","page.tsx","C:\valente_conecta\app\admin-master\graficos"
"C:\valente_conecta\app\admin-master\ia\components\DemandView.tsx","DemandView.tsx","C:\valente_conecta\app\admin-master\ia\components"
"C:\valente_conecta\app\admin-master\ia\page.tsx","page.tsx","C:\valente_conecta\app\admin-master\ia"
"C:\valente_conecta\app\admin-master\imovel\aluguel\page.tsx","page.tsx","C:\valente_conecta\app\admin-master\imovel\aluguel"
"C:\valente_conecta\app\admin-master\imovel\components\DemandView.tsx","DemandView.tsx","C:\valente_conecta\app\admin-master\imovel\components"
"C:\valente_conecta\app\admin-master\imovel\dormitorio\page.tsx","page.tsx","C:\valente_conecta\app\admin-master\imovel\dormitorio"
"C:\valente_conecta\app\admin-master\imovel\hotel\page.tsx","page.tsx","C:\valente_conecta\app\admin-master\imovel\hotel"
"C:\valente_conecta\app\admin-master\imovel\pousada\page.tsx","page.tsx","C:\valente_conecta\app\admin-master\imovel\pousada"
"C:\valente_conecta\app\admin-master\imovel\venda\page.tsx","page.tsx","C:\valente_conecta\app\admin-master\imovel\venda"
"C:\valente_conecta\app\admin-master\imovel\page.tsx","page.tsx","C:\valente_conecta\app\admin-master\imovel"
"C:\valente_conecta\app\admin-master\instalador\components\DemandView.tsx","DemandView.tsx","C:\valente_conecta\app\admin-master\instalador\components"
"C:\valente_conecta\app\admin-master\instalador\page.tsx","page.tsx","C:\valente_conecta\app\admin-master\instalador"
"C:\valente_conecta\app\admin-master\instalador\radar-proximidade.tsx","radar-proximidade.tsx","C:\valente_conecta\app\admin-master\instalador"
"C:\valente_conecta\app\admin-master\lista-compra\components\DemandView.tsx","DemandView.tsx","C:\valente_conecta\app\admin-master\lista-compra\components"
"C:\valente_conecta\app\admin-master\lista-compra\page.tsx","page.tsx","C:\valente_conecta\app\admin-master\lista-compra"
"C:\valente_conecta\app\admin-master\login\components\DemandView.tsx","DemandView.tsx","C:\valente_conecta\app\admin-master\login\components"
"C:\valente_conecta\app\admin-master\login\page.tsx","page.tsx","C:\valente_conecta\app\admin-master\login"
"C:\valente_conecta\app\admin-master\lojas\components\DemandView.tsx","DemandView.tsx","C:\valente_conecta\app\admin-master\lojas\components"
"C:\valente_conecta\app\admin-master\lojas\page.tsx","page.tsx","C:\valente_conecta\app\admin-master\lojas"
"C:\valente_conecta\app\admin-master\maquinas\andaime\page.tsx","page.tsx","C:\valente_conecta\app\admin-master\maquinas\andaime"
"C:\valente_conecta\app\admin-master\maquinas\betoneira\page.tsx","page.tsx","C:\valente_conecta\app\admin-master\maquinas\betoneira"
"C:\valente_conecta\app\admin-master\maquinas\components\DemandView.tsx","DemandView.tsx","C:\valente_conecta\app\admin-master\maquinas\components"
"C:\valente_conecta\app\admin-master\maquinas\rompedor\page.tsx","page.tsx","C:\valente_conecta\app\admin-master\maquinas\rompedor"
"C:\valente_conecta\app\admin-master\maquinas\trator\page.tsx","page.tsx","C:\valente_conecta\app\admin-master\maquinas\trator"
"C:\valente_conecta\app\admin-master\maquinas\page.tsx","page.tsx","C:\valente_conecta\app\admin-master\maquinas"
"C:\valente_conecta\app\admin-master\marketing\components\DemandView.tsx","DemandView.tsx","C:\valente_conecta\app\admin-master\marketing\components"
"C:\valente_conecta\app\admin-master\marketing\page.tsx","page.tsx","C:\valente_conecta\app\admin-master\marketing"
"C:\valente_conecta\app\admin-master\marmita\bolos\page.tsx","page.tsx","C:\valente_conecta\app\admin-master\marmita\bolos"
"C:\valente_conecta\app\admin-master\marmita\components\DemandView.tsx","DemandView.tsx","C:\valente_conecta\app\admin-master\marmita\components"
"C:\valente_conecta\app\admin-master\marmita\confeitarias\page.tsx","page.tsx","C:\valente_conecta\app\admin-master\marmita\confeitarias"
"C:\valente_conecta\app\admin-master\marmita\delicatessen\page.tsx","page.tsx","C:\valente_conecta\app\admin-master\marmita\delicatessen"
"C:\valente_conecta\app\admin-master\marmita\doces\page.tsx","page.tsx","C:\valente_conecta\app\admin-master\marmita\doces"
"C:\valente_conecta\app\admin-master\marmita\marmitaria\page.tsx","page.tsx","C:\valente_conecta\app\admin-master\marmita\marmitaria"
"C:\valente_conecta\app\admin-master\marmita\salgados\page.tsx","page.tsx","C:\valente_conecta\app\admin-master\marmita\salgados"
"C:\valente_conecta\app\admin-master\marmita\page.tsx","page.tsx","C:\valente_conecta\app\admin-master\marmita"
"C:\valente_conecta\app\admin-master\mensagens\components\DemandView.tsx","DemandView.tsx","C:\valente_conecta\app\admin-master\mensagens\components"
"C:\valente_conecta\app\admin-master\mensagens\page.tsx","page.tsx","C:\valente_conecta\app\admin-master\mensagens"
"C:\valente_conecta\app\admin-master\mercados\acougues\page.tsx","page.tsx","C:\valente_conecta\app\admin-master\mercados\acougues"
"C:\valente_conecta\app\admin-master\mercados\atacado\page.tsx","page.tsx","C:\valente_conecta\app\admin-master\mercados\atacado"
"C:\valente_conecta\app\admin-master\mercados\components\DemandView.tsx","DemandView.tsx","C:\valente_conecta\app\admin-master\mercados\components"
"C:\valente_conecta\app\admin-master\mercados\conveniencia\page.tsx","page.tsx","C:\valente_conecta\app\admin-master\mercados\conveniencia"
"C:\valente_conecta\app\admin-master\mercados\distribuidoras\page.tsx","page.tsx","C:\valente_conecta\app\admin-master\mercados\distribuidoras"
"C:\valente_conecta\app\admin-master\mercados\grandes\page.tsx","page.tsx","C:\valente_conecta\app\admin-master\mercados\grandes"
"C:\valente_conecta\app\admin-master\mercados\hortifruti\page.tsx","page.tsx","C:\valente_conecta\app\admin-master\mercados\hortifruti"
"C:\valente_conecta\app\admin-master\mercados\pequenos\page.tsx","page.tsx","C:\valente_conecta\app\admin-master\mercados\pequenos"
"C:\valente_conecta\app\admin-master\mercados\page.tsx","page.tsx","C:\valente_conecta\app\admin-master\mercados"
"C:\valente_conecta\app\admin-master\metricas\components\DemandView.tsx","DemandView.tsx","C:\valente_conecta\app\admin-master\metricas\components"
"C:\valente_conecta\app\admin-master\metricas\page.tsx","page.tsx","C:\valente_conecta\app\admin-master\metricas"
"C:\valente_conecta\app\admin-master\metricas-servicos\components\DemandView.tsx","DemandView.tsx","C:\valente_conecta\app\admin-master\metricas-servicos\components"
"C:\valente_conecta\app\admin-master\metricas-servicos\page.tsx","page.tsx","C:\valente_conecta\app\admin-master\metricas-servicos"
"C:\valente_conecta\app\admin-master\moda-fem\acessorios\page.tsx","page.tsx","C:\valente_conecta\app\admin-master\moda-fem\acessorios"
"C:\valente_conecta\app\admin-master\moda-fem\bolsas\page.tsx","page.tsx","C:\valente_conecta\app\admin-master\moda-fem\bolsas"
"C:\valente_conecta\app\admin-master\moda-fem\calcados\page.tsx","page.tsx","C:\valente_conecta\app\admin-master\moda-fem\calcados"
"C:\valente_conecta\app\admin-master\moda-fem\components\DemandView.tsx","DemandView.tsx","C:\valente_conecta\app\admin-master\moda-fem\components"
"C:\valente_conecta\app\admin-master\moda-fem\fitness\page.tsx","page.tsx","C:\valente_conecta\app\admin-master\moda-fem\fitness"
"C:\valente_conecta\app\admin-master\moda-fem\infantil\page.tsx","page.tsx","C:\valente_conecta\app\admin-master\moda-fem\infantil"
"C:\valente_conecta\app\admin-master\moda-fem\intima\page.tsx","page.tsx","C:\valente_conecta\app\admin-master\moda-fem\intima"
"C:\valente_conecta\app\admin-master\moda-fem\page.tsx","page.tsx","C:\valente_conecta\app\admin-master\moda-fem"
"C:\valente_conecta\app\admin-master\moda-masc\bolsas\page.tsx","page.tsx","C:\valente_conecta\app\admin-master\moda-masc\bolsas"
"C:\valente_conecta\app\admin-master\moda-masc\calcados\page.tsx","page.tsx","C:\valente_conecta\app\admin-master\moda-masc\calcados"
"C:\valente_conecta\app\admin-master\moda-masc\components\DemandView.tsx","DemandView.tsx","C:\valente_conecta\app\admin-master\moda-masc\components"
"C:\valente_conecta\app\admin-master\moda-masc\evangelica\page.tsx","page.tsx","C:\valente_conecta\app\admin-master\moda-masc\evangelica"
"C:\valente_conecta\app\admin-master\moda-masc\infantil\page.tsx","page.tsx","C:\valente_conecta\app\admin-master\moda-masc\infantil"
"C:\valente_conecta\app\admin-master\moda-masc\intima\page.tsx","page.tsx","C:\valente_conecta\app\admin-master\moda-masc\intima"
"C:\valente_conecta\app\admin-master\moda-masc\page.tsx","page.tsx","C:\valente_conecta\app\admin-master\moda-masc"
"C:\valente_conecta\app\admin-master\moeda-conecta\transacoes\page.tsx","page.tsx","C:\valente_conecta\app\admin-master\moeda-conecta\transacoes"
"C:\valente_conecta\app\admin-master\monitor\components\DemandView.tsx","DemandView.tsx","C:\valente_conecta\app\admin-master\monitor\components"
"C:\valente_conecta\app\admin-master\monitor\page.tsx","page.tsx","C:\valente_conecta\app\admin-master\monitor"
"C:\valente_conecta\app\admin-master\mototaxi\components\DemandView.tsx","DemandView.tsx","C:\valente_conecta\app\admin-master\mototaxi\components"
"C:\valente_conecta\app\admin-master\mototaxi\page.tsx","page.tsx","C:\valente_conecta\app\admin-master\mototaxi"
"C:\valente_conecta\app\admin-master\pdv-unificado\components\DemandView.tsx","DemandView.tsx","C:\valente_conecta\app\admin-master\pdv-unificado\components"
"C:\valente_conecta\app\admin-master\pdv-unificado\page.tsx","page.tsx","C:\valente_conecta\app\admin-master\pdv-unificado"
"C:\valente_conecta\app\admin-master\pendentes\components\DemandView.tsx","DemandView.tsx","C:\valente_conecta\app\admin-master\pendentes\components"
"C:\valente_conecta\app\admin-master\pendentes\page.tsx","page.tsx","C:\valente_conecta\app\admin-master\pendentes"
"C:\valente_conecta\app\admin-master\pet\banho-tosa\page.tsx","page.tsx","C:\valente_conecta\app\admin-master\pet\banho-tosa"
"C:\valente_conecta\app\admin-master\pet\components\DemandView.tsx","DemandView.tsx","C:\valente_conecta\app\admin-master\pet\components"
"C:\valente_conecta\app\admin-master\pet\medicamentos\page.tsx","page.tsx","C:\valente_conecta\app\admin-master\pet\medicamentos"
"C:\valente_conecta\app\admin-master\pet\racao\page.tsx","page.tsx","C:\valente_conecta\app\admin-master\pet\racao"
"C:\valente_conecta\app\admin-master\pet\shop\page.tsx","page.tsx","C:\valente_conecta\app\admin-master\pet\shop"
"C:\valente_conecta\app\admin-master\pet\veterinario\page.tsx","page.tsx","C:\valente_conecta\app\admin-master\pet\veterinario"
"C:\valente_conecta\app\admin-master\pet\page.tsx","page.tsx","C:\valente_conecta\app\admin-master\pet"
"C:\valente_conecta\app\admin-master\planos\components\DemandView.tsx","DemandView.tsx","C:\valente_conecta\app\admin-master\planos\components"
"C:\valente_conecta\app\admin-master\planos\page.tsx","page.tsx","C:\valente_conecta\app\admin-master\planos"
"C:\valente_conecta\app\admin-master\preview\components\DemandView.tsx","DemandView.tsx","C:\valente_conecta\app\admin-master\preview\components"
"C:\valente_conecta\app\admin-master\preview\page.tsx","page.tsx","C:\valente_conecta\app\admin-master\preview"
"C:\valente_conecta\app\admin-master\producao\components\DemandView.tsx","DemandView.tsx","C:\valente_conecta\app\admin-master\producao\components"
"C:\valente_conecta\app\admin-master\producao\page.tsx","page.tsx","C:\valente_conecta\app\admin-master\producao"
"C:\valente_conecta\app\admin-master\produtos\components\DemandView.tsx","DemandView.tsx","C:\valente_conecta\app\admin-master\produtos\components"
"C:\valente_conecta\app\admin-master\produtos\page.tsx","page.tsx","C:\valente_conecta\app\admin-master\produtos"
"C:\valente_conecta\app\admin-master\profissionais\page.tsx","page.tsx","C:\valente_conecta\app\admin-master\profissionais"
"C:\valente_conecta\app\admin-master\relatorios\components\DemandView.tsx","DemandView.tsx","C:\valente_conecta\app\admin-master\relatorios\components"
"C:\valente_conecta\app\admin-master\relatorios\page.tsx","page.tsx","C:\valente_conecta\app\admin-master\relatorios"
"C:\valente_conecta\app\admin-master\saude\clinicas\page.tsx","page.tsx","C:\valente_conecta\app\admin-master\saude\clinicas"
"C:\valente_conecta\app\admin-master\saude\components\DemandView.tsx","DemandView.tsx","C:\valente_conecta\app\admin-master\saude\components"
"C:\valente_conecta\app\admin-master\saude\dentistas\page.tsx","page.tsx","C:\valente_conecta\app\admin-master\saude\dentistas"
"C:\valente_conecta\app\admin-master\saude\farmacias\page.tsx","page.tsx","C:\valente_conecta\app\admin-master\saude\farmacias"
"C:\valente_conecta\app\admin-master\saude\fisioterapia\page.tsx","page.tsx","C:\valente_conecta\app\admin-master\saude\fisioterapia"
"C:\valente_conecta\app\admin-master\saude\laboratorios\page.tsx","page.tsx","C:\valente_conecta\app\admin-master\saude\laboratorios"
"C:\valente_conecta\app\admin-master\saude\nutricionistas\page.tsx","page.tsx","C:\valente_conecta\app\admin-master\saude\nutricionistas"
"C:\valente_conecta\app\admin-master\saude\oticas\page.tsx","page.tsx","C:\valente_conecta\app\admin-master\saude\oticas"
"C:\valente_conecta\app\admin-master\saude\psicologos\page.tsx","page.tsx","C:\valente_conecta\app\admin-master\saude\psicologos"
"C:\valente_conecta\app\admin-master\saude\page.tsx","page.tsx","C:\valente_conecta\app\admin-master\saude"
"C:\valente_conecta\app\admin-master\servicos\advogado\page.tsx","page.tsx","C:\valente_conecta\app\admin-master\servicos\advogado"
"C:\valente_conecta\app\admin-master\servicos\celular\page.tsx","page.tsx","C:\valente_conecta\app\admin-master\servicos\celular"
"C:\valente_conecta\app\admin-master\servicos\components\DemandView.tsx","DemandView.tsx","C:\valente_conecta\app\admin-master\servicos\components"
"C:\valente_conecta\app\admin-master\servicos\info\page.tsx","page.tsx","C:\valente_conecta\app\admin-master\servicos\info"
"C:\valente_conecta\app\admin-master\servicos\instalacoes\page.tsx","page.tsx","C:\valente_conecta\app\admin-master\servicos\instalacoes"
"C:\valente_conecta\app\admin-master\servicos\montador\page.tsx","page.tsx","C:\valente_conecta\app\admin-master\servicos\montador"
"C:\valente_conecta\app\admin-master\servicos\refrigeracao\page.tsx","page.tsx","C:\valente_conecta\app\admin-master\servicos\refrigeracao"
"C:\valente_conecta\app\admin-master\servicos\serralheiro\page.tsx","page.tsx","C:\valente_conecta\app\admin-master\servicos\serralheiro"
"C:\valente_conecta\app\admin-master\servicos\terapeuta\page.tsx","page.tsx","C:\valente_conecta\app\admin-master\servicos\terapeuta"
"C:\valente_conecta\app\admin-master\servicos\page.tsx","page.tsx","C:\valente_conecta\app\admin-master\servicos"
"C:\valente_conecta\app\admin-master\sugestoes\comercios\page.tsx","page.tsx","C:\valente_conecta\app\admin-master\sugestoes\comercios"
"C:\valente_conecta\app\admin-master\sugestoes\components\DemandView.tsx","DemandView.tsx","C:\valente_conecta\app\admin-master\sugestoes\components"
"C:\valente_conecta\app\admin-master\sugestoes\page.tsx","page.tsx","C:\valente_conecta\app\admin-master\sugestoes"
"C:\valente_conecta\app\admin-master\tecnologia\assistencia\page.tsx","page.tsx","C:\valente_conecta\app\admin-master\tecnologia\assistencia"
"C:\valente_conecta\app\admin-master\tecnologia\cameras\page.tsx","page.tsx","C:\valente_conecta\app\admin-master\tecnologia\cameras"
"C:\valente_conecta\app\admin-master\tecnologia\components\DemandView.tsx","DemandView.tsx","C:\valente_conecta\app\admin-master\tecnologia\components"
"C:\valente_conecta\app\admin-master\tecnologia\informatica\page.tsx","page.tsx","C:\valente_conecta\app\admin-master\tecnologia\informatica"
"C:\valente_conecta\app\admin-master\tecnologia\internet\page.tsx","page.tsx","C:\valente_conecta\app\admin-master\tecnologia\internet"
"C:\valente_conecta\app\admin-master\tecnologia\loja\page.tsx","page.tsx","C:\valente_conecta\app\admin-master\tecnologia\loja"
"C:\valente_conecta\app\admin-master\tecnologia\seguranca\page.tsx","page.tsx","C:\valente_conecta\app\admin-master\tecnologia\seguranca"
"C:\valente_conecta\app\admin-master\tecnologia\page.tsx","page.tsx","C:\valente_conecta\app\admin-master\tecnologia"
"C:\valente_conecta\app\admin-master\transporte\components\DemandView.tsx","DemandView.tsx","C:\valente_conecta\app\admin-master\transporte\components"
"C:\valente_conecta\app\admin-master\transporte\entregadores\page.tsx","page.tsx","C:\valente_conecta\app\admin-master\transporte\entregadores"
"C:\valente_conecta\app\admin-master\transporte\escolar\page.tsx","page.tsx","C:\valente_conecta\app\admin-master\transporte\escolar"
"C:\valente_conecta\app\admin-master\transporte\frete\page.tsx","page.tsx","C:\valente_conecta\app\admin-master\transporte\frete"
"C:\valente_conecta\app\admin-master\transporte\guincho\page.tsx","page.tsx","C:\valente_conecta\app\admin-master\transporte\guincho"
"C:\valente_conecta\app\admin-master\transporte\moto-taxi\page.tsx","page.tsx","C:\valente_conecta\app\admin-master\transporte\moto-taxi"
"C:\valente_conecta\app\admin-master\transporte\mudancas\page.tsx","page.tsx","C:\valente_conecta\app\admin-master\transporte\mudancas"
"C:\valente_conecta\app\admin-master\transporte\page.tsx","page.tsx","C:\valente_conecta\app\admin-master\transporte"
"C:\valente_conecta\app\admin-master\usuarios\cidades\page.tsx","page.tsx","C:\valente_conecta\app\admin-master\usuarios\cidades"
"C:\valente_conecta\app\admin-master\usuarios\components\DemandView.tsx","DemandView.tsx","C:\valente_conecta\app\admin-master\usuarios\components"
"C:\valente_conecta\app\admin-master\usuarios\planos\page.tsx","page.tsx","C:\valente_conecta\app\admin-master\usuarios\planos"
"C:\valente_conecta\app\admin-master\usuarios\page.tsx","page.tsx","C:\valente_conecta\app\admin-master\usuarios"
"C:\valente_conecta\app\admin-master\utilidades\agua-gas\page.tsx","page.tsx","C:\valente_conecta\app\admin-master\utilidades\agua-gas"
"C:\valente_conecta\app\admin-master\utilidades\chaveiros\page.tsx","page.tsx","C:\valente_conecta\app\admin-master\utilidades\chaveiros"
"C:\valente_conecta\app\admin-master\utilidades\components\DemandView.tsx","DemandView.tsx","C:\valente_conecta\app\admin-master\utilidades\components"
"C:\valente_conecta\app\admin-master\utilidades\internet\page.tsx","page.tsx","C:\valente_conecta\app\admin-master\utilidades\internet"
"C:\valente_conecta\app\admin-master\utilidades\page.tsx","page.tsx","C:\valente_conecta\app\admin-master\utilidades"
"C:\valente_conecta\app\admin-master\videos-ia\components\DemandView.tsx","DemandView.tsx","C:\valente_conecta\app\admin-master\videos-ia\components"
"C:\valente_conecta\app\admin-master\videos-ia\page.tsx","page.tsx","C:\valente_conecta\app\admin-master\videos-ia"
"C:\valente_conecta\app\admin-master\layout.tsx","layout.tsx","C:\valente_conecta\app\admin-master"
"C:\valente_conecta\app\admin-master\page.tsx","page.tsx","C:\valente_conecta\app\admin-master"
"C:\valente_conecta\app\agua-gas\fornecedor\page.tsx","page.tsx","C:\valente_conecta\app\agua-gas\fornecedor"
"C:\valente_conecta\app\agua-gas\page.tsx","page.tsx","C:\valente_conecta\app\agua-gas"
"C:\valente_conecta\app\ajuda\page.tsx","page.tsx","C:\valente_conecta\app\ajuda"
"C:\valente_conecta\app\autenticacao-completa\page.tsx","page.tsx","C:\valente_conecta\app\autenticacao-completa"
"C:\valente_conecta\app\busca\page.tsx","page.tsx","C:\valente_conecta\app\busca"
"C:\valente_conecta\app\carteira\indicacoes\page.tsx","page.tsx","C:\valente_conecta\app\carteira\indicacoes"
"C:\valente_conecta\app\carteira\recarga\page.tsx","page.tsx","C:\valente_conecta\app\carteira\recarga"
"C:\valente_conecta\app\carteira\transacoes\page.tsx","page.tsx","C:\valente_conecta\app\carteira\transacoes"
"C:\valente_conecta\app\carteira\page.tsx","page.tsx","C:\valente_conecta\app\carteira"
"C:\valente_conecta\app\catalogo\admin\novo\page.tsx","page.tsx","C:\valente_conecta\app\catalogo\admin\novo"
"C:\valente_conecta\app\catalogo\admin\page.tsx","page.tsx","C:\valente_conecta\app\catalogo\admin"
"C:\valente_conecta\app\catalogo\components\ProdutoCard.tsx","ProdutoCard.tsx","C:\valente_conecta\app\catalogo\components"
"C:\valente_conecta\app\catalogo\produto\[id]\page.tsx","page.tsx","C:\valente_conecta\app\catalogo\produto\[id]"
"C:\valente_conecta\app\catalogo\publicar\components\index.ts","index.ts","C:\valente_conecta\app\catalogo\publicar\components"
"C:\valente_conecta\app\catalogo\publicar\components\WizardAtributos.tsx","WizardAtributos.tsx","C:\valente_conecta\app\catalogo\publicar\components"
"C:\valente_conecta\app\catalogo\publicar\components\WizardCategoria.tsx","WizardCategoria.tsx","C:\valente_conecta\app\catalogo\publicar\components"
"C:\valente_conecta\app\catalogo\publicar\components\WizardMidia.tsx","WizardMidia.tsx","C:\valente_conecta\app\catalogo\publicar\components"
"C:\valente_conecta\app\catalogo\publicar\components\WizardResumo.tsx","WizardResumo.tsx","C:\valente_conecta\app\catalogo\publicar\components"
"C:\valente_conecta\app\catalogo\publicar\hooks\useWizardProduto.ts","useWizardProduto.ts","C:\valente_conecta\app\catalogo\publicar\hooks"
"C:\valente_conecta\app\catalogo\publicar\page.tsx","page.tsx","C:\valente_conecta\app\catalogo\publicar"
"C:\valente_conecta\app\catalogo\page.tsx","page.tsx","C:\valente_conecta\app\catalogo"
"C:\valente_conecta\app\comercio\page.tsx","page.tsx","C:\valente_conecta\app\comercio"
"C:\valente_conecta\app\convite\[codigo]\admin\page.tsx","page.tsx","C:\valente_conecta\app\convite\[codigo]\admin"
"C:\valente_conecta\app\convite\[codigo]\page.tsx","page.tsx","C:\valente_conecta\app\convite\[codigo]"
"C:\valente_conecta\app\cozinha\cardapio\page.tsx","page.tsx","C:\valente_conecta\app\cozinha\cardapio"
"C:\valente_conecta\app\cozinha\catalogo\page.tsx","page.tsx","C:\valente_conecta\app\cozinha\catalogo"
"C:\valente_conecta\app\cozinha\components\CatalogoUI.tsx","CatalogoUI.tsx","C:\valente_conecta\app\cozinha\components"
"C:\valente_conecta\app\cozinha\containers\CatalogoContainer.tsx","CatalogoContainer.tsx","C:\valente_conecta\app\cozinha\containers"
"C:\valente_conecta\app\cozinha\hooks\useReceitas.ts","useReceitas.ts","C:\valente_conecta\app\cozinha\hooks"
"C:\valente_conecta\app\cozinha\services\receitaService.ts","receitaService.ts","C:\valente_conecta\app\cozinha\services"
"C:\valente_conecta\app\cozinha\page.tsx","page.tsx","C:\valente_conecta\app\cozinha"
"C:\valente_conecta\app\diagnostico\page.tsx","page.tsx","C:\valente_conecta\app\diagnostico"
"C:\valente_conecta\app\empregos\components\CandidaturaModal.tsx","CandidaturaModal.tsx","C:\valente_conecta\app\empregos\components"
"C:\valente_conecta\app\empregos\components\CurriculoModal.tsx","CurriculoModal.tsx","C:\valente_conecta\app\empregos\components"
"C:\valente_conecta\app\empregos\components\EmpregosFiltros.tsx","EmpregosFiltros.tsx","C:\valente_conecta\app\empregos\components"
"C:\valente_conecta\app\empregos\components\EmpregosHeader.tsx","EmpregosHeader.tsx","C:\valente_conecta\app\empregos\components"
"C:\valente_conecta\app\empregos\components\EmpregosList.tsx","EmpregosList.tsx","C:\valente_conecta\app\empregos\components"
"C:\valente_conecta\app\empregos\components\EmpregosStats.tsx","EmpregosStats.tsx","C:\valente_conecta\app\empregos\components"
"C:\valente_conecta\app\empregos\components\index.ts","index.ts","C:\valente_conecta\app\empregos\components"
"C:\valente_conecta\app\empregos\components\VagaCard.tsx","VagaCard.tsx","C:\valente_conecta\app\empregos\components"
"C:\valente_conecta\app\empregos\components\VagaModal.tsx","VagaModal.tsx","C:\valente_conecta\app\empregos\components"
"C:\valente_conecta\app\empregos\containers\EmpregosContainer.tsx","EmpregosContainer.tsx","C:\valente_conecta\app\empregos\containers"
"C:\valente_conecta\app\empregos\containers\index.ts","index.ts","C:\valente_conecta\app\empregos\containers"
"C:\valente_conecta\app\empregos\hooks\useEmpregos.ts","useEmpregos.ts","C:\valente_conecta\app\empregos\hooks"
"C:\valente_conecta\app\empregos\types\index.ts","index.ts","C:\valente_conecta\app\empregos\types"
"C:\valente_conecta\app\empregos\utils\empregosUtils.ts","empregosUtils.ts","C:\valente_conecta\app\empregos\utils"
"C:\valente_conecta\app\empregos\page.tsx","page.tsx","C:\valente_conecta\app\empregos"
"C:\valente_conecta\app\extrato\page.tsx","page.tsx","C:\valente_conecta\app\extrato"
"C:\valente_conecta\app\fornecedor\catalog\page.tsx","page.tsx","C:\valente_conecta\app\fornecedor\catalog"
"C:\valente_conecta\app\imoveis\page.tsx","page.tsx","C:\valente_conecta\app\imoveis"
"C:\valente_conecta\app\indicacoes\page.tsx","page.tsx","C:\valente_conecta\app\indicacoes"
"C:\valente_conecta\app\indicar-estabelecimento\page.tsx","page.tsx","C:\valente_conecta\app\indicar-estabelecimento"
"C:\valente_conecta\app\lancamento\page.tsx","page.tsx","C:\valente_conecta\app\lancamento"
"C:\valente_conecta\app\lib\middleware-viral.ts","middleware-viral.ts","C:\valente_conecta\app\lib"
"C:\valente_conecta\app\lib\SuspenseBoundary.tsx","SuspenseBoundary.tsx","C:\valente_conecta\app\lib"
"C:\valente_conecta\app\login\page.tsx","page.tsx","C:\valente_conecta\app\login"
"C:\valente_conecta\app\mototaxi\page.tsx","page.tsx","C:\valente_conecta\app\mototaxi"
"C:\valente_conecta\app\pdv\caixa\page.tsx","page.tsx","C:\valente_conecta\app\pdv\caixa"
"C:\valente_conecta\app\pdv\estoque\page.tsx","page.tsx","C:\valente_conecta\app\pdv\estoque"
"C:\valente_conecta\app\pdv\fiado\page.tsx","page.tsx","C:\valente_conecta\app\pdv\fiado"
"C:\valente_conecta\app\pdv\relatorios\page.tsx","page.tsx","C:\valente_conecta\app\pdv\relatorios"
"C:\valente_conecta\app\pdv\page.tsx","page.tsx","C:\valente_conecta\app\pdv"
"C:\valente_conecta\app\planos\page.tsx","page.tsx","C:\valente_conecta\app\planos"
"C:\valente_conecta\app\profile\page.tsx","page.tsx","C:\valente_conecta\app\profile"
"C:\valente_conecta\app\profissionais\cadastro\page.tsx","page.tsx","C:\valente_conecta\app\profissionais\cadastro"
"C:\valente_conecta\app\profissionais\page.tsx","page.tsx","C:\valente_conecta\app\profissionais"
"C:\valente_conecta\app\publico\agro\page.tsx","page.tsx","C:\valente_conecta\app\publico\agro"
"C:\valente_conecta\app\publico\maquinas\page.tsx","page.tsx","C:\valente_conecta\app\publico\maquinas"
"C:\valente_conecta\app\qr-code\page.tsx","page.tsx","C:\valente_conecta\app\qr-code"
"C:\valente_conecta\app\recarga\page.tsx","page.tsx","C:\valente_conecta\app\recarga"
"C:\valente_conecta\app\register\page.tsx","page.tsx","C:\valente_conecta\app\register"
"C:\valente_conecta\app\servico-indisponivel\page.tsx","page.tsx","C:\valente_conecta\app\servico-indisponivel"
"C:\valente_conecta\app\servicos\page.tsx","page.tsx","C:\valente_conecta\app\servicos"
"C:\valente_conecta\app\teste-geo\page.tsx","page.tsx","C:\valente_conecta\app\teste-geo"
"C:\valente_conecta\app\layout.tsx","layout.tsx","C:\valente_conecta\app"
"C:\valente_conecta\app\page.tsx","page.tsx","C:\valente_conecta\app"
"C:\valente_conecta\backup_20260620_224213\page.tsx","page.tsx","C:\valente_conecta\backup_20260620_224213"
"C:\valente_conecta\backup_modulos_2026-07-16_09-43\app\admin\cozinha-novo\ingredientes\page.tsx","page.tsx","C:\valente_conecta\backup_modulos_2026-07-16_09-43\app\admin\cozinha-novo\ingredientes"
"C:\valente_conecta\backup_modulos_2026-07-16_09-43\app\admin-master\cozinha-chef-neide\page.tsx","page.tsx","C:\valente_conecta\backup_modulos_2026-07-16_09-43\app\admin-master\cozinha-chef-neide"
"C:\valente_conecta\backup_modulos_2026-07-16_09-43\app\admin-master\financeiro-pessoal\cozinha\page.tsx","page.tsx","C:\valente_conecta\backup_modulos_2026-07-16_09-43\app\admin-master\financeiro-pessoal\cozinha"
"C:\valente_conecta\backup_modulos_2026-07-16_09-43\app\catalogo\cozinha-neide\page.tsx","page.tsx","C:\valente_conecta\backup_modulos_2026-07-16_09-43\app\catalogo\cozinha-neide"
"C:\valente_conecta\backup_modulos_2026-07-16_09-43\app\cozinha\catalogo\page.tsx","page.tsx","C:\valente_conecta\backup_modulos_2026-07-16_09-43\app\cozinha\catalogo"
"C:\valente_conecta\backup_modulos_2026-07-16_09-43\app\cozinha\page.tsx","page.tsx","C:\valente_conecta\backup_modulos_2026-07-16_09-43\app\cozinha"
"C:\valente_conecta\backup_modulos_2026-07-16_09-43\app\cozinha-chef-neide\admin\page.tsx","page.tsx","C:\valente_conecta\backup_modulos_2026-07-16_09-43\app\cozinha-chef-neide\admin"
"C:\valente_conecta\backup_modulos_2026-07-16_09-43\app\cozinha-chef-neide\public\page.tsx","page.tsx","C:\valente_conecta\backup_modulos_2026-07-16_09-43\app\cozinha-chef-neide\public"
"C:\valente_conecta\components\academia\LocalizadorAcademia.tsx","LocalizadorAcademia.tsx","C:\valente_conecta\components\academia"
"C:\valente_conecta\components\admin\automacao\rules\aprovacao.ts","aprovacao.ts","C:\valente_conecta\components\admin\automacao\rules"
"C:\valente_conecta\components\admin\automacao\services\monitorService.ts","monitorService.ts","C:\valente_conecta\components\admin\automacao\services"
"C:\valente_conecta\components\admin\automacao\services\selfService.ts","selfService.ts","C:\valente_conecta\components\admin\automacao\services"
"C:\valente_conecta\components\admin\AdminDemandasBusca.tsx","AdminDemandasBusca.tsx","C:\valente_conecta\components\admin"
"C:\valente_conecta\components\admin\adminMenu.ts","adminMenu.ts","C:\valente_conecta\components\admin"
"C:\valente_conecta\components\admin\adminMenuFull.ts","adminMenuFull.ts","C:\valente_conecta\components\admin"
"C:\valente_conecta\components\admin\FinanceiroPDF.tsx","FinanceiroPDF.tsx","C:\valente_conecta\components\admin"
"C:\valente_conecta\components\admin\FormularioReceita.tsx","FormularioReceita.tsx","C:\valente_conecta\components\admin"
"C:\valente_conecta\components\busca\busca\BuscaInteligente.tsx","BuscaInteligente.tsx","C:\valente_conecta\components\busca\busca"
"C:\valente_conecta\components\busca\BuscaInteligente.tsx","BuscaInteligente.tsx","C:\valente_conecta\components\busca"
"C:\valente_conecta\components\busca\BuscaInteligenteView.tsx","BuscaInteligenteView.tsx","C:\valente_conecta\components\busca"
"C:\valente_conecta\components\busca\ResultadoBuscaModal.tsx","ResultadoBuscaModal.tsx","C:\valente_conecta\components\busca"
"C:\valente_conecta\components\cart\CartItem.tsx","CartItem.tsx","C:\valente_conecta\components\cart"
"C:\valente_conecta\components\cart\CartProvider.tsx","CartProvider.tsx","C:\valente_conecta\components\cart"
"C:\valente_conecta\components\cozinha\AlertCard.tsx","AlertCard.tsx","C:\valente_conecta\components\cozinha"
"C:\valente_conecta\components\cozinha\CardPratosDoDia.tsx","CardPratosDoDia.tsx","C:\valente_conecta\components\cozinha"
"C:\valente_conecta\components\cozinha\CatalogoUI.tsx","CatalogoUI.tsx","C:\valente_conecta\components\cozinha"
"C:\valente_conecta\components\cozinha\DashboardUI.tsx","DashboardUI.tsx","C:\valente_conecta\components\cozinha"
"C:\valente_conecta\components\cozinha\DemandView.tsx","DemandView.tsx","C:\valente_conecta\components\cozinha"
"C:\valente_conecta\components\cozinha\ExtratoCompras.tsx","ExtratoCompras.tsx","C:\valente_conecta\components\cozinha"
"C:\valente_conecta\components\cozinha\FiltrosIngredientes.tsx","FiltrosIngredientes.tsx","C:\valente_conecta\components\cozinha"
"C:\valente_conecta\components\cozinha\HeaderIngredientes.tsx","HeaderIngredientes.tsx","C:\valente_conecta\components\cozinha"
"C:\valente_conecta\components\cozinha\ModalAssinatura.tsx","ModalAssinatura.tsx","C:\valente_conecta\components\cozinha"
"C:\valente_conecta\components\cozinha\ModalFotoProduto.tsx","ModalFotoProduto.tsx","C:\valente_conecta\components\cozinha"
"C:\valente_conecta\components\cozinha\ModalIngrediente.tsx","ModalIngrediente.tsx","C:\valente_conecta\components\cozinha"
"C:\valente_conecta\components\cozinha\ModalPagamento.tsx","ModalPagamento.tsx","C:\valente_conecta\components\cozinha"
"C:\valente_conecta\components\cozinha\ModalRevendedor.tsx","ModalRevendedor.tsx","C:\valente_conecta\components\cozinha"
"C:\valente_conecta\components\cozinha\PratoForm.tsx","PratoForm.tsx","C:\valente_conecta\components\cozinha"
"C:\valente_conecta\components\cozinha\PratoList.tsx","PratoList.tsx","C:\valente_conecta\components\cozinha"
"C:\valente_conecta\components\cozinha\PratosUI.tsx","PratosUI.tsx","C:\valente_conecta\components\cozinha"
"C:\valente_conecta\components\cozinha\QuickLink.tsx","QuickLink.tsx","C:\valente_conecta\components\cozinha"
"C:\valente_conecta\components\cozinha\ReceitaForm.tsx","ReceitaForm.tsx","C:\valente_conecta\components\cozinha"
"C:\valente_conecta\components\cozinha\SelecaoPerfilUI.tsx","SelecaoPerfilUI.tsx","C:\valente_conecta\components\cozinha"
"C:\valente_conecta\components\cozinha\StatCard.tsx","StatCard.tsx","C:\valente_conecta\components\cozinha"
"C:\valente_conecta\components\cozinha\TabelaIngredientes.tsx","TabelaIngredientes.tsx","C:\valente_conecta\components\cozinha"
"C:\valente_conecta\components\dev\ModuleFlagIndicator.tsx","ModuleFlagIndicator.tsx","C:\valente_conecta\components\dev"
"C:\valente_conecta\components\financeiro\CardsResumoFinanceiro.tsx","CardsResumoFinanceiro.tsx","C:\valente_conecta\components\financeiro"
"C:\valente_conecta\components\financeiro\ExtratoFinanceiro.tsx","ExtratoFinanceiro.tsx","C:\valente_conecta\components\financeiro"
"C:\valente_conecta\components\financeiro\FiltrosFinanceiro.tsx","FiltrosFinanceiro.tsx","C:\valente_conecta\components\financeiro"
"C:\valente_conecta\components\financeiro\ModalCategoria.tsx","ModalCategoria.tsx","C:\valente_conecta\components\financeiro"
"C:\valente_conecta\components\financeiro\ModalTransacao.tsx","ModalTransacao.tsx","C:\valente_conecta\components\financeiro"
"C:\valente_conecta\components\financeiro\TabelaTransacoes.tsx","TabelaTransacoes.tsx","C:\valente_conecta\components\financeiro"
"C:\valente_conecta\components\financeiro-pessoal\AlertasVencimento.tsx","AlertasVencimento.tsx","C:\valente_conecta\components\financeiro-pessoal"
"C:\valente_conecta\components\financeiro-pessoal\GraficosFinanceiros.tsx","GraficosFinanceiros.tsx","C:\valente_conecta\components\financeiro-pessoal"
"C:\valente_conecta\components\home\BotaoAdmin.tsx","BotaoAdmin.tsx","C:\valente_conecta\components\home"
"C:\valente_conecta\components\home\BuscaHome.tsx","BuscaHome.tsx","C:\valente_conecta\components\home"
"C:\valente_conecta\components\home\CardIndicacao.tsx","CardIndicacao.tsx","C:\valente_conecta\components\home"
"C:\valente_conecta\components\home\CarrosselBanners.tsx","CarrosselBanners.tsx","C:\valente_conecta\components\home"
"C:\valente_conecta\components\home\HeaderHome.tsx","HeaderHome.tsx","C:\valente_conecta\components\home"
"C:\valente_conecta\components\home\HomeViewNew.tsx","HomeViewNew.tsx","C:\valente_conecta\components\home"
"C:\valente_conecta\components\home\SecaoCategorias.tsx","SecaoCategorias.tsx","C:\valente_conecta\components\home"
"C:\valente_conecta\components\home\SecaoEstatisticas.tsx","SecaoEstatisticas.tsx","C:\valente_conecta\components\home"
"C:\valente_conecta\components\home\SecaoPlanos.tsx","SecaoPlanos.tsx","C:\valente_conecta\components\home"
"C:\valente_conecta\components\home\VideoLancamento.tsx","VideoLancamento.tsx","C:\valente_conecta\components\home"
"C:\valente_conecta\components\modal\OptionModal.tsx","OptionModal.tsx","C:\valente_conecta\components\modal"
"C:\valente_conecta\components\navigation\CardHandler.tsx","CardHandler.tsx","C:\valente_conecta\components\navigation"
"C:\valente_conecta\components\product\ProductCard.tsx","ProductCard.tsx","C:\valente_conecta\components\product"
"C:\valente_conecta\components\product\ProductGrid.tsx","ProductGrid.tsx","C:\valente_conecta\components\product"
"C:\valente_conecta\components\templates\FornecedorTemplate.tsx","FornecedorTemplate.tsx","C:\valente_conecta\components\templates"
"C:\valente_conecta\components\ui\Button.tsx","Button.tsx","C:\valente_conecta\components\ui"
"C:\valente_conecta\components\ui\Header.tsx","Header.tsx","C:\valente_conecta\components\ui"
"C:\valente_conecta\components\ui\Input.tsx","Input.tsx","C:\valente_conecta\components\ui"
"C:\valente_conecta\components\ui\Modal.tsx","Modal.tsx","C:\valente_conecta\components\ui"
"C:\valente_conecta\components\ui\Table.tsx","Table.tsx","C:\valente_conecta\components\ui"
"C:\valente_conecta\components\user\EmptyStatePopup.tsx","EmptyStatePopup.tsx","C:\valente_conecta\components\user"
"C:\valente_conecta\components\BuscaInteligente.tsx","BuscaInteligente.tsx","C:\valente_conecta\components"
"C:\valente_conecta\components\ClientOnly.tsx","ClientOnly.tsx","C:\valente_conecta\components"
"C:\valente_conecta\components\DemandView.tsx","DemandView.tsx","C:\valente_conecta\components"
"C:\valente_conecta\components\HomeOffersSection.tsx","HomeOffersSection.tsx","C:\valente_conecta\components"
"C:\valente_conecta\components\NotificacaoSininho.tsx","NotificacaoSininho.tsx","C:\valente_conecta\components"
"C:\valente_conecta\components\NotificationToast.tsx","NotificationToast.tsx","C:\valente_conecta\components"
"C:\valente_conecta\components\PriceSimulator.tsx","PriceSimulator.tsx","C:\valente_conecta\components"
"C:\valente_conecta\components\PushSubscriptionManager.tsx","PushSubscriptionManager.tsx","C:\valente_conecta\components"
"C:\valente_conecta\components\ReceitaUI.tsx","ReceitaUI.tsx","C:\valente_conecta\components"
"C:\valente_conecta\components\ScheduleModal.tsx","ScheduleModal.tsx","C:\valente_conecta\components"
"C:\valente_conecta\components\SolicitacaoModal.tsx","SolicitacaoModal.tsx","C:\valente_conecta\components"
"C:\valente_conecta\components\SuspenseWrapper.tsx","SuspenseWrapper.tsx","C:\valente_conecta\components"
"C:\valente_conecta\components\SyncStatus.tsx","SyncStatus.tsx","C:\valente_conecta\components"
"C:\valente_conecta\config\adminMenu.ts","adminMenu.ts","C:\valente_conecta\config"
"C:\valente_conecta\config\chartConfig.ts","chartConfig.ts","C:\valente_conecta\config"
"C:\valente_conecta\config\index.ts","index.ts","C:\valente_conecta\config"
"C:\valente_conecta\constants\cozinhaConstants.ts","cozinhaConstants.ts","C:\valente_conecta\constants"
"C:\valente_conecta\constants\ingredientesConstants.ts","ingredientesConstants.ts","C:\valente_conecta\constants"
"C:\valente_conecta\features\cozinha\types\index.ts","index.ts","C:\valente_conecta\features\cozinha\types"
"C:\valente_conecta\features\cozinha\utils\calcCost.ts","calcCost.ts","C:\valente_conecta\features\cozinha\utils"
"C:\valente_conecta\features\cozinha\utils\calcMargin.ts","calcMargin.ts","C:\valente_conecta\features\cozinha\utils"
"C:\valente_conecta\features\cozinha\utils\formatCurrency.ts","formatCurrency.ts","C:\valente_conecta\features\cozinha\utils"
"C:\valente_conecta\free-claude-code\src\free_claude_code\cli\launchers\pi_extension.ts","pi_extension.ts","C:\valente_conecta\free-claude-code\src\free_claude_code\cli\launchers"
"C:\valente_conecta\hooks\cozinha\page.tsx","page.tsx","C:\valente_conecta\hooks\cozinha"
"C:\valente_conecta\hooks\cozinha\useCardapio.ts","useCardapio.ts","C:\valente_conecta\hooks\cozinha"
"C:\valente_conecta\hooks\cozinha\useCatalogo.ts","useCatalogo.ts","C:\valente_conecta\hooks\cozinha"
"C:\valente_conecta\hooks\cozinha\useComprasRequests.ts","useComprasRequests.ts","C:\valente_conecta\hooks\cozinha"
"C:\valente_conecta\hooks\cozinha\useDashboard.ts","useDashboard.ts","C:\valente_conecta\hooks\cozinha"
"C:\valente_conecta\hooks\cozinha\useEditarReceita.ts","useEditarReceita.ts","C:\valente_conecta\hooks\cozinha"
"C:\valente_conecta\hooks\cozinha\useEstoque.ts","useEstoque.ts","C:\valente_conecta\hooks\cozinha"
"C:\valente_conecta\hooks\cozinha\useFinanceiro.ts","useFinanceiro.ts","C:\valente_conecta\hooks\cozinha"
"C:\valente_conecta\hooks\cozinha\useFinanceiroPessoal.ts","useFinanceiroPessoal.ts","C:\valente_conecta\hooks\cozinha"
"C:\valente_conecta\hooks\cozinha\useHybridData.ts","useHybridData.ts","C:\valente_conecta\hooks\cozinha"
"C:\valente_conecta\hooks\cozinha\useIngredients.ts","useIngredients.ts","C:\valente_conecta\hooks\cozinha"
"C:\valente_conecta\hooks\cozinha\useMovimentacoes.ts","useMovimentacoes.ts","C:\valente_conecta\hooks\cozinha"
"C:\valente_conecta\hooks\cozinha\usePerfilCozinha.ts","usePerfilCozinha.ts","C:\valente_conecta\hooks\cozinha"
"C:\valente_conecta\hooks\cozinha\useReceita.ts","useReceita.ts","C:\valente_conecta\hooks\cozinha"
"C:\valente_conecta\hooks\cozinha\useReceitas.ts","useReceitas.ts","C:\valente_conecta\hooks\cozinha"
"C:\valente_conecta\hooks\cozinha-novo\useCozinhaData.ts","useCozinhaData.ts","C:\valente_conecta\hooks\cozinha-novo"
"C:\valente_conecta\hooks\cozinha-novo\useIngredients.ts","useIngredients.ts","C:\valente_conecta\hooks\cozinha-novo"
"C:\valente_conecta\hooks\home\useHome.ts","useHome.ts","C:\valente_conecta\hooks\home"
"C:\valente_conecta\hooks\useAcademiaIA.ts","useAcademiaIA.ts","C:\valente_conecta\hooks"
"C:\valente_conecta\hooks\useAuth.ts","useAuth.ts","C:\valente_conecta\hooks"
"C:\valente_conecta\hooks\useCardapio.ts","useCardapio.ts","C:\valente_conecta\hooks"
"C:\valente_conecta\hooks\useCart.ts","useCart.ts","C:\valente_conecta\hooks"
"C:\valente_conecta\hooks\useEditarReceita.ts","useEditarReceita.ts","C:\valente_conecta\hooks"
"C:\valente_conecta\hooks\useEstoque.ts","useEstoque.ts","C:\valente_conecta\hooks"
"C:\valente_conecta\hooks\useGeolocation.ts","useGeolocation.ts","C:\valente_conecta\hooks"
"C:\valente_conecta\hooks\useHomeData.ts","useHomeData.ts","C:\valente_conecta\hooks"
"C:\valente_conecta\hooks\useMovimentacoes.ts","useMovimentacoes.ts","C:\valente_conecta\hooks"
"C:\valente_conecta\hooks\useNotificacoesAdmin.ts","useNotificacoesAdmin.ts","C:\valente_conecta\hooks"
"C:\valente_conecta\hooks\useNotification.ts","useNotification.ts","C:\valente_conecta\hooks"
"C:\valente_conecta\hooks\usePedidos.ts","usePedidos.ts","C:\valente_conecta\hooks"
"C:\valente_conecta\hooks\useReceita.ts","useReceita.ts","C:\valente_conecta\hooks"
"C:\valente_conecta\hooks\useReferralBonusSummary.ts","useReferralBonusSummary.ts","C:\valente_conecta\hooks"
"C:\valente_conecta\lib\catalogo\skuGenerator.ts","skuGenerator.ts","C:\valente_conecta\lib\catalogo"
"C:\valente_conecta\lib\storage\index.ts","index.ts","C:\valente_conecta\lib\storage"
"C:\valente_conecta\lib\storage\localAdapter.ts","localAdapter.ts","C:\valente_conecta\lib\storage"
"C:\valente_conecta\lib\storage-novo\localAdapter.ts","localAdapter.ts","C:\valente_conecta\lib\storage-novo"
"C:\valente_conecta\lib\supabase\server.ts","server.ts","C:\valente_conecta\lib\supabase"
"C:\valente_conecta\lib\db.ts","db.ts","C:\valente_conecta\lib"
"C:\valente_conecta\lib\formatters.ts","formatters.ts","C:\valente_conecta\lib"
"C:\valente_conecta\lib\mercadopago.ts","mercadopago.ts","C:\valente_conecta\lib"
"C:\valente_conecta\lib\polyfills.ts","polyfills.ts","C:\valente_conecta\lib"
"C:\valente_conecta\modules-scaffold\components\shared\AdminTable.tsx","AdminTable.tsx","C:\valente_conecta\modules-scaffold\components\shared"
"C:\valente_conecta\modules-scaffold\components\shared\DemandModal.tsx","DemandModal.tsx","C:\valente_conecta\modules-scaffold\components\shared"
"C:\valente_conecta\modules-scaffold\components\shared\DetailView.tsx","DetailView.tsx","C:\valente_conecta\modules-scaffold\components\shared"
"C:\valente_conecta\modules-scaffold\components\shared\EditorForm.tsx","EditorForm.tsx","C:\valente_conecta\modules-scaffold\components\shared"
"C:\valente_conecta\modules-scaffold\components\shared\Filters.tsx","Filters.tsx","C:\valente_conecta\modules-scaffold\components\shared"
"C:\valente_conecta\modules-scaffold\components\shared\ItemCard.tsx","ItemCard.tsx","C:\valente_conecta\modules-scaffold\components\shared"
"C:\valente_conecta\modules-scaffold\components\shared\ListView.tsx","ListView.tsx","C:\valente_conecta\modules-scaffold\components\shared"
"C:\valente_conecta\modules-scaffold\docs\TEMPLATE.ts","TEMPLATE.ts","C:\valente_conecta\modules-scaffold\docs"
"C:\valente_conecta\modules-scaffold\scripts\sync-to-supabase.ts","sync-to-supabase.ts","C:\valente_conecta\modules-scaffold\scripts"
"C:\valente_conecta\modules-scaffold\services\shared\storageServices.ts","storageServices.ts","C:\valente_conecta\modules-scaffold\services\shared"
"C:\valente_conecta\node_modules\@alloc\quick-lru\index.d.ts","index.d.ts","C:\valente_conecta\node_modules\@alloc\quick-lru"
"C:\valente_conecta\node_modules\@bull-board\api\dist\constants\statuses.d.ts","statuses.d.ts","C:\valente_conecta\node_modules\@bull-board\api\dist\constants"
"C:\valente_conecta\node_modules\@bull-board\api\dist\handlers\addJob.d.ts","addJob.d.ts","C:\valente_conecta\node_modules\@bull-board\api\dist\handlers"
"C:\valente_conecta\node_modules\@bull-board\api\dist\handlers\cleanAll.d.ts","cleanAll.d.ts","C:\valente_conecta\node_modules\@bull-board\api\dist\handlers"
"C:\valente_conecta\node_modules\@bull-board\api\dist\handlers\cleanJob.d.ts","cleanJob.d.ts","C:\valente_conecta\node_modules\@bull-board\api\dist\handlers"
"C:\valente_conecta\node_modules\@bull-board\api\dist\handlers\emptyQueue.d.ts","emptyQueue.d.ts","C:\valente_conecta\node_modules\@bull-board\api\dist\handlers"
"C:\valente_conecta\node_modules\@bull-board\api\dist\handlers\entryPoint.d.ts","entryPoint.d.ts","C:\valente_conecta\node_modules\@bull-board\api\dist\handlers"
"C:\valente_conecta\node_modules\@bull-board\api\dist\handlers\error.d.ts","error.d.ts","C:\valente_conecta\node_modules\@bull-board\api\dist\handlers"
"C:\valente_conecta\node_modules\@bull-board\api\dist\handlers\job.d.ts","job.d.ts","C:\valente_conecta\node_modules\@bull-board\api\dist\handlers"
"C:\valente_conecta\node_modules\@bull-board\api\dist\handlers\jobFlow.d.ts","jobFlow.d.ts","C:\valente_conecta\node_modules\@bull-board\api\dist\handlers"
"C:\valente_conecta\node_modules\@bull-board\api\dist\handlers\jobLogs.d.ts","jobLogs.d.ts","C:\valente_conecta\node_modules\@bull-board\api\dist\handlers"
"C:\valente_conecta\node_modules\@bull-board\api\dist\handlers\metrics.d.ts","metrics.d.ts","C:\valente_conecta\node_modules\@bull-board\api\dist\handlers"
"C:\valente_conecta\node_modules\@bull-board\api\dist\handlers\obliterateQueue.d.ts","obliterateQueue.d.ts","C:\valente_conecta\node_modules\@bull-board\api\dist\handlers"
"C:\valente_conecta\node_modules\@bull-board\api\dist\handlers\pauseAll.d.ts","pauseAll.d.ts","C:\valente_conecta\node_modules\@bull-board\api\dist\handlers"
"C:\valente_conecta\node_modules\@bull-board\api\dist\handlers\pauseQueue.d.ts","pauseQueue.d.ts","C:\valente_conecta\node_modules\@bull-board\api\dist\handlers"
"C:\valente_conecta\node_modules\@bull-board\api\dist\handlers\promoteAll.d.ts","promoteAll.d.ts","C:\valente_conecta\node_modules\@bull-board\api\dist\handlers"
"C:\valente_conecta\node_modules\@bull-board\api\dist\handlers\promotJob.d.ts","promotJob.d.ts","C:\valente_conecta\node_modules\@bull-board\api\dist\handlers"
"C:\valente_conecta\node_modules\@bull-board\api\dist\handlers\queues.d.ts","queues.d.ts","C:\valente_conecta\node_modules\@bull-board\api\dist\handlers"
"C:\valente_conecta\node_modules\@bull-board\api\dist\handlers\redisStats.d.ts","redisStats.d.ts","C:\valente_conecta\node_modules\@bull-board\api\dist\handlers"
"C:\valente_conecta\node_modules\@bull-board\api\dist\handlers\resumeAll.d.ts","resumeAll.d.ts","C:\valente_conecta\node_modules\@bull-board\api\dist\handlers"
"C:\valente_conecta\node_modules\@bull-board\api\dist\handlers\resumeQueue.d.ts","resumeQueue.d.ts","C:\valente_conecta\node_modules\@bull-board\api\dist\handlers"
"C:\valente_conecta\node_modules\@bull-board\api\dist\handlers\retryAll.d.ts","retryAll.d.ts","C:\valente_conecta\node_modules\@bull-board\api\dist\handlers"
"C:\valente_conecta\node_modules\@bull-board\api\dist\handlers\retryJob.d.ts","retryJob.d.ts","C:\valente_conecta\node_modules\@bull-board\api\dist\handlers"
"C:\valente_conecta\node_modules\@bull-board\api\dist\handlers\setGlobalConcurrency.d.ts","setGlobalConcurrency.d.ts","C:\valente_conecta\node_modules\@bull-board\api\dist\handlers"
"C:\valente_conecta\node_modules\@bull-board\api\dist\handlers\updateJobData.d.ts","updateJobData.d.ts","C:\valente_conecta\node_modules\@bull-board\api\dist\handlers"
"C:\valente_conecta\node_modules\@bull-board\api\dist\providers\flow.d.ts","flow.d.ts","C:\valente_conecta\node_modules\@bull-board\api\dist\providers"
"C:\valente_conecta\node_modules\@bull-board\api\dist\providers\job.d.ts","job.d.ts","C:\valente_conecta\node_modules\@bull-board\api\dist\providers"
"C:\valente_conecta\node_modules\@bull-board\api\dist\providers\queue.d.ts","queue.d.ts","C:\valente_conecta\node_modules\@bull-board\api\dist\providers"
"C:\valente_conecta\node_modules\@bull-board\api\dist\queueAdapters\base.d.ts","base.d.ts","C:\valente_conecta\node_modules\@bull-board\api\dist\queueAdapters"
"C:\valente_conecta\node_modules\@bull-board\api\dist\queueAdapters\bull.d.ts","bull.d.ts","C:\valente_conecta\node_modules\@bull-board\api\dist\queueAdapters"
"C:\valente_conecta\node_modules\@bull-board\api\dist\queueAdapters\bullMQ.d.ts","bullMQ.d.ts","C:\valente_conecta\node_modules\@bull-board\api\dist\queueAdapters"
"C:\valente_conecta\node_modules\@bull-board\api\dist\queueAdapters\bullMQPro.d.ts","bullMQPro.d.ts","C:\valente_conecta\node_modules\@bull-board\api\dist\queueAdapters"
"C:\valente_conecta\node_modules\@bull-board\api\dist\queueAdapters\bullMQProTypes.d.ts","bullMQProTypes.d.ts","C:\valente_conecta\node_modules\@bull-board\api\dist\queueAdapters"
"C:\valente_conecta\node_modules\@bull-board\api\dist\index.d.ts","index.d.ts","C:\valente_conecta\node_modules\@bull-board\api\dist"
"C:\valente_conecta\node_modules\@bull-board\api\dist\queuesApi.d.ts","queuesApi.d.ts","C:\valente_conecta\node_modules\@bull-board\api\dist"
"C:\valente_conecta\node_modules\@bull-board\api\dist\routes.d.ts","routes.d.ts","C:\valente_conecta\node_modules\@bull-board\api\dist"
"C:\valente_conecta\node_modules\@bull-board\api\typings\app.d.ts","app.d.ts","C:\valente_conecta\node_modules\@bull-board\api\typings"
"C:\valente_conecta\node_modules\@bull-board\api\typings\responses.d.ts","responses.d.ts","C:\valente_conecta\node_modules\@bull-board\api\typings"
"C:\valente_conecta\node_modules\@bull-board\api\typings\utils.d.ts","utils.d.ts","C:\valente_conecta\node_modules\@bull-board\api\typings"
"C:\valente_conecta\node_modules\@bull-board\api\baseAdapter.d.ts","baseAdapter.d.ts","C:\valente_conecta\node_modules\@bull-board\api"
"C:\valente_conecta\node_modules\@bull-board\api\bullAdapter.d.ts","bullAdapter.d.ts","C:\valente_conecta\node_modules\@bull-board\api"
"C:\valente_conecta\node_modules\@bull-board\api\bullMQAdapter.d.ts","bullMQAdapter.d.ts","C:\valente_conecta\node_modules\@bull-board\api"
"C:\valente_conecta\node_modules\@bull-board\api\bullMQProAdapter.d.ts","bullMQProAdapter.d.ts","C:\valente_conecta\node_modules\@bull-board\api"
"C:\valente_conecta\node_modules\@bull-board\express\dist\helpers\wrapAsync.d.ts","wrapAsync.d.ts","C:\valente_conecta\node_modules\@bull-board\express\dist\helpers"
"C:\valente_conecta\node_modules\@bull-board\express\dist\ExpressAdapter.d.ts","ExpressAdapter.d.ts","C:\valente_conecta\node_modules\@bull-board\express\dist"
"C:\valente_conecta\node_modules\@bull-board\express\dist\index.d.ts","index.d.ts","C:\valente_conecta\node_modules\@bull-board\express\dist"
"C:\valente_conecta\node_modules\@bull-board\ui\typings\app.d.ts","app.d.ts","C:\valente_conecta\node_modules\@bull-board\ui\typings"
"C:\valente_conecta\node_modules\@bull-board\ui\typings\global.d.ts","global.d.ts","C:\valente_conecta\node_modules\@bull-board\ui\typings"
"C:\valente_conecta\node_modules\@fortawesome\fontawesome-common-types\index.d.ts","index.d.ts","C:\valente_conecta\node_modules\@fortawesome\fontawesome-common-types"
"C:\valente_conecta\node_modules\@fortawesome\fontawesome-svg-core\import.macro.d.ts","import.macro.d.ts","C:\valente_conecta\node_modules\@fortawesome\fontawesome-svg-core"
"C:\valente_conecta\node_modules\@fortawesome\fontawesome-svg-core\index.d.ts","index.d.ts","C:\valente_conecta\node_modules\@fortawesome\fontawesome-svg-core"
"C:\valente_conecta\node_modules\@fortawesome\free-solid-svg-icons\fa0.d.ts","fa0.d.ts","C:\valente_conecta\node_modules\@fortawesome\free-solid-svg-icons"
"C:\valente_conecta\node_modules\@fortawesome\free-solid-svg-icons\fa1.d.ts","fa1.d.ts","C:\valente_conecta\node_modules\@fortawesome\free-solid-svg-icons"
"C:\valente_conecta\node_modules\@fortawesome\free-solid-svg-icons\fa2.d.ts","fa2.d.ts","C:\valente_conecta\node_modules\@fortawesome\free-solid-svg-icons"
"C:\valente_conecta\node_modules\@fortawesome\free-solid-svg-icons\fa3.d.ts","fa3.d.ts","C:\valente_conecta\node_modules\@fortawesome\free-solid-svg-icons"
"C:\valente_conecta\node_modules\@fortawesome\free-solid-svg-icons\fa4.d.ts","fa4.d.ts","C:\valente_conecta\node_modules\@fortawesome\free-solid-svg-icons"
"C:\valente_conecta\node_modules\@fortawesome\free-solid-svg-icons\fa5.d.ts","fa5.d.ts","C:\valente_conecta\node_modules\@fortawesome\free-solid-svg-icons"
"C:\valente_conecta\node_modules\@fortawesome\free-solid-svg-icons\fa6.d.ts","fa6.d.ts","C:\valente_conecta\node_modules\@fortawesome\free-solid-svg-icons"
"C:\valente_conecta\node_modules\@fortawesome\free-solid-svg-icons\fa7.d.ts","fa7.d.ts","C:\valente_conecta\node_modules\@fortawesome\free-solid-svg-icons"
"C:\valente_conecta\node_modules\@fortawesome\free-solid-svg-icons\fa8.d.ts","fa8.d.ts","C:\valente_conecta\node_modules\@fortawesome\free-solid-svg-icons"
"C:\valente_conecta\node_modules\@fortawesome\free-solid-svg-icons\fa9.d.ts","fa9.d.ts","C:\valente_conecta\node_modules\@fortawesome\free-solid-svg-icons"
"C:\valente_conecta\node_modules\@fortawesome\free-solid-svg-icons\faA.d.ts","faA.d.ts","C:\valente_conecta\node_modules\@fortawesome\free-solid-svg-icons"
"C:\valente_conecta\node_modules\@fortawesome\free-solid-svg-icons\faAd.d.ts","faAd.d.ts","C:\valente_conecta\node_modules\@fortawesome\free-solid-svg-icons"
"C:\valente_conecta\node_modules\@fortawesome\free-solid-svg-icons\faAdd.d.ts","faAdd.d.ts","C:\valente_conecta\node_modules\@fortawesome\free-solid-svg-icons"
"C:\valente_conecta\node_modules\@fortawesome\free-solid-svg-icons\faAddressBook.d.ts","faAddressBook.d.ts","C:\valente_conecta\node_modules\@fortawesome\free-solid-svg-icons"
"C:\valente_conecta\node_modules\@fortawesome\free-solid-svg-icons\faAddressCard.d.ts","faAddressCard.d.ts","C:\valente_conecta\node_modules\@fortawesome\free-solid-svg-icons"
"C:\valente_conecta\node_modules\@fortawesome\free-solid-svg-icons\faAdjust.d.ts","faAdjust.d.ts","C:\valente_conecta\node_modules\@fortawesome\free-solid-svg-icons"
"C:\valente_conecta\node_modules\@fortawesome\free-solid-svg-icons\faAirFreshener.d.ts","faAirFreshener.d.ts","C:\valente_conecta\node_modules\@fortawesome\free-solid-svg-icons"
"C:\valente_conecta\node_modules\@fortawesome\free-solid-svg-icons\faAlarmClock.d.ts","faAlarmClock.d.ts","C:\valente_conecta\node_modules\@fortawesome\free-solid-svg-icons"
"C:\valente_conecta\node_modules\@fortawesome\free-solid-svg-icons\faAlignCenter.d.ts","faAlignCenter.d.ts","C:\valente_conecta\node_modules\@fortawesome\free-solid-svg-icons"
"C:\valente_conecta\node_modules\@fortawesome\free-solid-svg-icons\faAlignJustify.d.ts","faAlignJustify.d.ts","C:\valente_conecta\node_modules\@fortawesome\free-solid-svg-icons"
"C:\valente_conecta\node_modules\@fortawesome\free-solid-svg-icons\faAlignLeft.d.ts","faAlignLeft.d.ts","C:\valente_conecta\node_modules\@fortawesome\free-solid-svg-icons"
"C:\valente_conecta\node_modules\@fortawesome\free-solid-svg-icons\faAlignRight.d.ts","faAlignRight.d.ts","C:\valente_conecta\node_modules\@fortawesome\free-solid-svg-icons"
"C:\valente_conecta\node_modules\@fortawesome\free-solid-svg-icons\faAllergies.d.ts","faAllergies.d.ts","C:\valente_conecta\node_modules\@fortawesome\free-solid-svg-icons"
"C:\valente_conecta\node_modules\@fortawesome\free-solid-svg-icons\faAmbulance.d.ts","faAmbulance.d.ts","C:\valente_conecta\node_modules\@fortawesome\free-solid-svg-icons"
"C:\valente_conecta\node_modules\@fortawesome\free-solid-svg-icons\faAmericanSignLanguageInterpreting.d.ts","faAmericanSignLanguageInterpreting.d.ts","C:\valente_conecta\node_modules\@fortawesome\free-solid-svg-icons"
"C:\valente_conecta\node_modules\@fortawesome\free-solid-svg-icons\faAnchor.d.ts","faAnchor.d.ts","C:\valente_conecta\node_modules\@fortawesome\free-solid-svg-icons"
"C:\valente_conecta\node_modules\@fortawesome\free-solid-svg-icons\faAnchorCircleCheck.d.ts","faAnchorCircleCheck.d.ts","C:\valente_conecta\node_modules\@fortawesome\free-solid-svg-icons"
"C:\valente_conecta\node_modules\@fortawesome\free-solid-svg-icons\faAnchorCircleExclamation.d.ts","faAnchorCircleExclamation.d.ts","C:\valente_conecta\node_modules\@fortawesome\free-solid-svg-icons"
"C:\valente_conecta\node_modules\@fortawesome\free-solid-svg-icons\faAnchorCircleXmark.d.ts","faAnchorCircleXmark.d.ts","C:\valente_conecta\node_modules\@fortawesome\free-solid-svg-icons"
"C:\valente_conecta\node_modules\@fortawesome\free-solid-svg-icons\faAnchorLock.d.ts","faAnchorLock.d.ts","C:\valente_conecta\node_modules\@fortawesome\free-solid-svg-icons"
"C:\valente_conecta\node_modules\@fortawesome\free-solid-svg-icons\faAngleDoubleDown.d.ts","faAngleDoubleDown.d.ts","C:\valente_conecta\node_modules\@fortawesome\free-solid-svg-icons"
"C:\valente_conecta\node_modules\@fortawesome\free-solid-svg-icons\faAngleDoubleLeft.d.ts","faAngleDoubleLeft.d.ts","C:\valente_conecta\node_modules\@fortawesome\free-solid-svg-icons"
"C:\valente_conecta\node_modules\@fortawesome\free-solid-svg-icons\faAngleDoubleRight.d.ts","faAngleDoubleRight.d.ts","C:\valente_conecta\node_modules\@fortawesome\free-solid-svg-icons"
"C:\valente_conecta\node_modules\@fortawesome\free-solid-svg-icons\faAngleDoubleUp.d.ts","faAngleDoubleUp.d.ts","C:\valente_conecta\node_modules\@fortawesome\free-solid-svg-icons"
"C:\valente_conecta\node_modules\@fortawesome\free-solid-svg-icons\faAngleDown.d.ts","faAngleDown.d.ts","C:\valente_conecta\node_modules\@fortawesome\free-solid-svg-icons"
"C:\valente_conecta\node_modules\@fortawesome\free-solid-svg-icons\faAngleLeft.d.ts","faAngleLeft.d.ts","C:\valente_conecta\node_modules\@fortawesome\free-solid-svg-icons"
"C:\valente_conecta\node_modules\@fortawesome\free-solid-svg-icons\faAngleRight.d.ts","faAngleRight.d.ts","C:\valente_conecta\node_modules\@fortawesome\free-solid-svg-icons"
"C:\valente_conecta\node_modules\@fortawesome\free-solid-svg-icons\faAnglesDown.d.ts","faAnglesDown.d.ts","C:\valente_conecta\node_modules\@fortawesome\free-solid-svg-icons"
"C:\valente_conecta\node_modules\@fortawesome\free-solid-svg-icons\faAnglesLeft.d.ts","faAnglesLeft.d.ts","C:\valente_conecta\node_modules\@fortawesome\free-solid-svg-icons"
"C:\valente_conecta\node_modules\@fortawesome\free-solid-svg-icons\faAnglesRight.d.ts","faAnglesRight.d.ts","C:\valente_conecta\node_modules\@fortawesome\free-solid-svg-icons"
"C:\valente_conecta\node_modules\@fortawesome\free-solid-svg-icons\faAnglesUp.d.ts","faAnglesUp.d.ts","C:\valente_conecta\node_modules\@fortawesome\free-solid-svg-icons"
"C:\valente_conecta\node_modules\@fortawesome\free-solid-svg-icons\faAngleUp.d.ts","faAngleUp.d.ts","C:\valente_conecta\node_modules\@fortawesome\free-solid-svg-icons"
"C:\valente_conecta\node_modules\@fortawesome\free-solid-svg-icons\faAngry.d.ts","faAngry.d.ts","C:\valente_conecta\node_modules\@fortawesome\free-solid-svg-icons"
"C:\valente_conecta\node_modules\@fortawesome\free-solid-svg-icons\faAnkh.d.ts","faAnkh.d.ts","C:\valente_conecta\node_modules\@fortawesome\free-solid-svg-icons"
"C:\valente_conecta\node_modules\@fortawesome\free-solid-svg-icons\faAppleAlt.d.ts","faAppleAlt.d.ts","C:\valente_conecta\node_modules\@fortawesome\free-solid-svg-icons"
"C:\valente_conecta\node_modules\@fortawesome\free-solid-svg-icons\faAppleWhole.d.ts","faAppleWhole.d.ts","C:\valente_conecta\node_modules\@fortawesome\free-solid-svg-icons"
"C:\valente_conecta\node_modules\@fortawesome\free-solid-svg-icons\faAquarius.d.ts","faAquarius.d.ts","C:\valente_conecta\node_modules\@fortawesome\free-solid-svg-icons"
"C:\valente_conecta\node_modules\@fortawesome\free-solid-svg-icons\faArchive.d.ts","faArchive.d.ts","C:\valente_conecta\node_modules\@fortawesome\free-solid-svg-icons"
"C:\valente_conecta\node_modules\@fortawesome\free-solid-svg-icons\faArchway.d.ts","faArchway.d.ts","C:\valente_conecta\node_modules\@fortawesome\free-solid-svg-icons"
"C:\valente_conecta\node_modules\@fortawesome\free-solid-svg-icons\faAreaChart.d.ts","faAreaChart.d.ts","C:\valente_conecta\node_modules\@fortawesome\free-solid-svg-icons"
"C:\valente_conecta\node_modules\@fortawesome\free-solid-svg-icons\faAries.d.ts","faAries.d.ts","C:\valente_conecta\node_modules\@fortawesome\free-solid-svg-icons"
"C:\valente_conecta\node_modules\@fortawesome\free-solid-svg-icons\faArrowAltCircleDown.d.ts","faArrowAltCircleDown.d.ts","C:\valente_conecta\node_modules\@fortawesome\free-solid-svg-icons"
"C:\valente_conecta\node_modules\@fortawesome\free-solid-svg-icons\faArrowAltCircleLeft.d.ts","faArrowAltCircleLeft.d.ts","C:\valente_conecta\node_modules\@fortawesome\free-solid-svg-icons"
"C:\valente_conecta\node_modules\@fortawesome\free-solid-svg-icons\faArrowAltCircleRight.d.ts","faArrowAltCircleRight.d.ts","C:\valente_conecta\node_modules\@fortawesome\free-solid-svg-icons"
"C:\valente_conecta\node_modules\@fortawesome\free-solid-svg-icons\faArrowAltCircleUp.d.ts","faArrowAltCircleUp.d.ts","C:\valente_conecta\node_modules\@fortawesome\free-solid-svg-icons"
"C:\valente_conecta\node_modules\@fortawesome\free-solid-svg-icons\faArrowCircleDown.d.ts","faArrowCircleDown.d.ts","C:\valente_conecta\node_modules\@fortawesome\free-solid-svg-icons"
"C:\valente_conecta\node_modules\@fortawesome\free-solid-svg-icons\faArrowCircleLeft.d.ts","faArrowCircleLeft.d.ts","C:\valente_conecta\node_modules\@fortawesome\free-solid-svg-icons"
"C:\valente_conecta\node_modules\@fortawesome\free-solid-svg-icons\faArrowCircleRight.d.ts","faArrowCircleRight.d.ts","C:\valente_conecta\node_modules\@fortawesome\free-solid-svg-icons"
"C:\valente_conecta\node_modules\@fortawesome\free-solid-svg-icons\faArrowCircleUp.d.ts","faArrowCircleUp.d.ts","C:\valente_conecta\node_modules\@fortawesome\free-solid-svg-icons"
"C:\valente_conecta\node_modules\@fortawesome\free-solid-svg-icons\faArrowDown.d.ts","faArrowDown.d.ts","C:\valente_conecta\node_modules\@fortawesome\free-solid-svg-icons"
"C:\valente_conecta\node_modules\@fortawesome\free-solid-svg-icons\faArrowDown19.d.ts","faArrowDown19.d.ts","C:\valente_conecta\node_modules\@fortawesome\free-solid-svg-icons"
"C:\valente_conecta\node_modules\@fortawesome\free-solid-svg-icons\faArrowDown91.d.ts","faArrowDown91.d.ts","C:\valente_conecta\node_modules\@fortawesome\free-solid-svg-icons"
"C:\valente_conecta\node_modules\@fortawesome\free-solid-svg-icons\faArrowDownAZ.d.ts","faArrowDownAZ.d.ts","C:\valente_conecta\node_modules\@fortawesome\free-solid-svg-icons"
"C:\valente_conecta\node_modules\@fortawesome\free-solid-svg-icons\faArrowDownLong.d.ts","faArrowDownLong.d.ts","C:\valente_conecta\node_modules\@fortawesome\free-solid-svg-icons"
"C:\valente_conecta\node_modules\@fortawesome\free-solid-svg-icons\faArrowDownShortWide.d.ts","faArrowDownShortWide.d.ts","C:\valente_conecta\node_modules\@fortawesome\free-solid-svg-icons"
"C:\valente_conecta\node_modules\@fortawesome\free-solid-svg-icons\faArrowDownUpAcrossLine.d.ts","faArrowDownUpAcrossLine.d.ts","C:\valente_conecta\node_modules\@fortawesome\free-solid-svg-icons"
"C:\valente_conecta\node_modules\@fortawesome\free-solid-svg-icons\faArrowDownUpLock.d.ts","faArrowDownUpLock.d.ts","C:\valente_conecta\node_modules\@fortawesome\free-solid-svg-icons"
"C:\valente_conecta\node_modules\@fortawesome\free-solid-svg-icons\faArrowDownWideShort.d.ts","faArrowDownWideShort.d.ts","C:\valente_conecta\node_modules\@fortawesome\free-solid-svg-icons"
"C:\valente_conecta\node_modules\@fortawesome\free-solid-svg-icons\faArrowDownZA.d.ts","faArrowDownZA.d.ts","C:\valente_conecta\node_modules\@fortawesome\free-solid-svg-icons"
"C:\valente_conecta\node_modules\@fortawesome\free-solid-svg-icons\faArrowLeft.d.ts","faArrowLeft.d.ts","C:\valente_conecta\node_modules\@fortawesome\free-solid-svg-icons"
"C:\valente_conecta\node_modules\@fortawesome\free-solid-svg-icons\faArrowLeftLong.d.ts","faArrowLeftLong.d.ts","C:\valente_conecta\node_modules\@fortawesome\free-solid-svg-icons"
"C:\valente_conecta\node_modules\@fortawesome\free-solid-svg-icons\faArrowLeftRotate.d.ts","faArrowLeftRotate.d.ts","C:\valente_conecta\node_modules\@fortawesome\free-solid-svg-icons"
"C:\valente_conecta\node_modules\@fortawesome\free-solid-svg-icons\faArrowPointer.d.ts","faArrowPointer.d.ts","C:\valente_conecta\node_modules\@fortawesome\free-solid-svg-icons"
"C:\valente_conecta\node_modules\@fortawesome\free-solid-svg-icons\faArrowRight.d.ts","faArrowRight.d.ts","C:\valente_conecta\node_modules\@fortawesome\free-solid-svg-icons"
"C:\valente_conecta\node_modules\@fortawesome\free-solid-svg-icons\faArrowRightArrowLeft.d.ts","faArrowRightArrowLeft.d.ts","C:\valente_conecta\node_modules\@fortawesome\free-solid-svg-icons"
"C:\valente_conecta\node_modules\@fortawesome\free-solid-svg-icons\faArrowRightFromBracket.d.ts","faArrowRightFromBracket.d.ts","C:\valente_conecta\node_modules\@fortawesome\free-solid-svg-icons"
"C:\valente_conecta\node_modules\@fortawesome\free-solid-svg-icons\faArrowRightFromFile.d.ts","faArrowRightFromFile.d.ts","C:\valente_conecta\node_modules\@fortawesome\free-solid-svg-icons"
"C:\valente_conecta\node_modules\@fortawesome\free-solid-svg-icons\faArrowRightLong.d.ts","faArrowRightLong.d.ts","C:\valente_conecta\node_modules\@fortawesome\free-solid-svg-icons"
"C:\valente_conecta\node_modules\@fortawesome\free-solid-svg-icons\faArrowRightRotate.d.ts","faArrowRightRotate.d.ts","C:\valente_conecta\node_modules\@fortawesome\free-solid-svg-icons"
"C:\valente_conecta\node_modules\@fortawesome\free-solid-svg-icons\faArrowRightToBracket.d.ts","faArrowRightToBracket.d.ts","C:\valente_conecta\node_modules\@fortawesome\free-solid-svg-icons"
"C:\valente_conecta\node_modules\@fortawesome\free-solid-svg-icons\faArrowRightToCity.d.ts","faArrowRightToCity.d.ts","C:\valente_conecta\node_modules\@fortawesome\free-solid-svg-icons"
"C:\valente_conecta\node_modules\@fortawesome\free-solid-svg-icons\faArrowRightToFile.d.ts","faArrowRightToFile.d.ts","C:\valente_conecta\node_modules\@fortawesome\free-solid-svg-icons"
"C:\valente_conecta\node_modules\@fortawesome\free-solid-svg-icons\faArrowRotateBack.d.ts","faArrowRotateBack.d.ts","C:\valente_conecta\node_modules\@fortawesome\free-solid-svg-icons"
"C:\valente_conecta\node_modules\@fortawesome\free-solid-svg-icons\faArrowRotateBackward.d.ts","faArrowRotateBackward.d.ts","C:\valente_conecta\node_modules\@fortawesome\free-solid-svg-icons"
"C:\valente_conecta\node_modules\@fortawesome\free-solid-svg-icons\faArrowRotateForward.d.ts","faArrowRotateForward.d.ts","C:\valente_conecta\node_modules\@fortawesome\free-solid-svg-icons"
"C:\valente_conecta\node_modules\@fortawesome\free-solid-svg-icons\faArrowRotateLeft.d.ts","faArrowRotateLeft.d.ts","C:\valente_conecta\node_modules\@fortawesome\free-solid-svg-icons"
"C:\valente_conecta\node_modules\@fortawesome\free-solid-svg-icons\faArrowRotateRight.d.ts","faArrowRotateRight.d.ts","C:\valente_conecta\node_modules\@fortawesome\free-solid-svg-icons"
"C:\valente_conecta\node_modules\@fortawesome\free-solid-svg-icons\faArrows.d.ts","faArrows.d.ts","C:\valente_conecta\node_modules\@fortawesome\free-solid-svg-icons"
"C:\valente_conecta\node_modules\@fortawesome\free-solid-svg-icons\faArrowsAlt.d.ts","faArrowsAlt.d.ts","C:\valente_conecta\node_modules\@fortawesome\free-solid-svg-icons"
"C:\valente_conecta\node_modules\@fortawesome\free-solid-svg-icons\faArrowsAltH.d.ts","faArrowsAltH.d.ts","C:\valente_conecta\node_modules\@fortawesome\free-solid-svg-icons"
"C:\valente_conecta\node_modules\@fortawesome\free-solid-svg-icons\faArrowsAltV.d.ts","faArrowsAltV.d.ts","C:\valente_conecta\node_modules\@fortawesome\free-solid-svg-icons"
"C:\valente_conecta\node_modules\@fortawesome\free-solid-svg-icons\faArrowsDownToLine.d.ts","faArrowsDownToLine.d.ts","C:\valente_conecta\node_modules\@fortawesome\free-solid-svg-icons"
"C:\valente_conecta\node_modules\@fortawesome\free-solid-svg-icons\faArrowsDownToPeople.d.ts","faArrowsDownToPeople.d.ts","C:\valente_conecta\node_modules\@fortawesome\free-solid-svg-icons"
"C:\valente_conecta\node_modules\@fortawesome\free-solid-svg-icons\faArrowsH.d.ts","faArrowsH.d.ts","C:\valente_conecta\node_modules\@fortawesome\free-solid-svg-icons"
"C:\valente_conecta\node_modules\@fortawesome\free-solid-svg-icons\faArrowsLeftRight.d.ts","faArrowsLeftRight.d.ts","C:\valente_conecta\node_modules\@fortawesome\free-solid-svg-icons"
"C:\valente_conecta\node_modules\@fortawesome\free-solid-svg-icons\faArrowsLeftRightToLine.d.ts","faArrowsLeftRightToLine.d.ts","C:\valente_conecta\node_modules\@fortawesome\free-solid-svg-icons"
"C:\valente_conecta\node_modules\@fortawesome\free-solid-svg-icons\faArrowsRotate.d.ts","faArrowsRotate.d.ts","C:\valente_conecta\node_modules\@fortawesome\free-solid-svg-icons"
"C:\valente_conecta\node_modules\@fortawesome\free-solid-svg-icons\faArrowsSpin.d.ts","faArrowsSpin.d.ts","C:\valente_conecta\node_modules\@fortawesome\free-solid-svg-icons"
"C:\valente_conecta\node_modules\@fortawesome\free-solid-svg-icons\faArrowsSplitUpAndLeft.d.ts","faArrowsSplitUpAndLeft.d.ts","C:\valente_conecta\node_modules\@fortawesome\free-solid-svg-icons"
"C:\valente_conecta\node_modules\@fortawesome\free-solid-svg-icons\faArrowsToCircle.d.ts","faArrowsToCircle.d.ts","C:\valente_conecta\node_modules\@fortawesome\free-solid-svg-icons"
"C:\valente_conecta\node_modules\@fortawesome\free-solid-svg-icons\faArrowsToDot.d.ts","faArrowsToDot.d.ts","C:\valente_conecta\node_modules\@fortawesome\free-solid-svg-icons"
"C:\valente_conecta\node_modules\@fortawesome\free-solid-svg-icons\faArrowsToEye.d.ts","faArrowsToEye.d.ts","C:\valente_conecta\node_modules\@fortawesome\free-solid-svg-icons"
"C:\valente_conecta\node_modules\@fortawesome\free-solid-svg-icons\faArrowsTurnRight.d.ts","faArrowsTurnRight.d.ts","C:\valente_conecta\node_modules\@fortawesome\free-solid-svg-icons"
"C:\valente_conecta\node_modules\@fortawesome\free-solid-svg-icons\faArrowsTurnToDots.d.ts","faArrowsTurnToDots.d.ts","C:\valente_conecta\node_modules\@fortawesome\free-solid-svg-icons"
"C:\valente_conecta\node_modules\@fortawesome\free-solid-svg-icons\faArrowsUpDown.d.ts","faArrowsUpDown.d.ts","C:\valente_conecta\node_modules\@fortawesome\free-solid-svg-icons"
"C:\valente_conecta\node_modules\@fortawesome\free-solid-svg-icons\faArrowsUpDownLeftRight.d.ts","faArrowsUpDownLeftRight.d.ts","C:\valente_conecta\node_modules\@fortawesome\free-solid-svg-icons"
"C:\valente_conecta\node_modules\@fortawesome\free-solid-svg-icons\faArrowsUpToLine.d.ts","faArrowsUpToLine.d.ts","C:\valente_conecta\node_modules\@fortawesome\free-solid-svg-icons"
"C:\valente_conecta\node_modules\@fortawesome\free-solid-svg-icons\faArrowsV.d.ts","faArrowsV.d.ts","C:\valente_conecta\node_modules\@fortawesome\free-solid-svg-icons"
"C:\valente_conecta\node_modules\@fortawesome\free-solid-svg-icons\faArrowTrendDown.d.ts","faArrowTrendDown.d.ts","C:\valente_conecta\node_modules\@fortawesome\free-solid-svg-icons"
"C:\valente_conecta\node_modules\@fortawesome\free-solid-svg-icons\faArrowTrendUp.d.ts","faArrowTrendUp.d.ts","C:\valente_conecta\node_modules\@fortawesome\free-solid-svg-icons"
"C:\valente_conecta\node_modules\@fortawesome\free-solid-svg-icons\faArrowTurnDown.d.ts","faArrowTurnDown.d.ts","C:\valente_conecta\node_modules\@fortawesome\free-solid-svg-icons"
"C:\valente_conecta\node_modules\@fortawesome\free-solid-svg-icons\faArrowTurnUp.d.ts","faArrowTurnUp.d.ts","C:\valente_conecta\node_modules\@fortawesome\free-solid-svg-icons"
"C:\valente_conecta\node_modules\@fortawesome\free-solid-svg-icons\faArrowUp.d.ts","faArrowUp.d.ts","C:\valente_conecta\node_modules\@fortawesome\free-solid-svg-icons"
"C:\valente_conecta\node_modules\@fortawesome\free-solid-svg-icons\faArrowUp19.d.ts","faArrowUp19.d.ts","C:\valente_conecta\node_modules\@fortawesome\free-solid-svg-icons"
"C:\valente_conecta\node_modules\@fortawesome\free-solid-svg-icons\faArrowUp91.d.ts","faArrowUp91.d.ts","C:\valente_conecta\node_modules\@fortawesome\free-solid-svg-icons"
"C:\valente_conecta\node_modules\@fortawesome\free-solid-svg-icons\faArrowUpAZ.d.ts","faArrowUpAZ.d.ts","C:\valente_conecta\node_modules\@fortawesome\free-solid-svg-icons"
"C:\valente_conecta\node_modules\@fortawesome\free-solid-svg-icons\faArrowUpFromBracket.d.ts","faArrowUpFromBracket.d.ts","C:\valente_conecta\node_modules\@fortawesome\free-solid-svg-icons"
"C:\valente_conecta\node_modules\@fortawesome\free-solid-svg-icons\faArrowUpFromGroundWater.d.ts","faArrowUpFromGroundWater.d.ts","C:\valente_conecta\node_modules\@fortawesome\free-solid-svg-icons"
"C:\valente_conecta\node_modules\@fortawesome\free-solid-svg-icons\faArrowUpFromWaterPump.d.ts","faArrowUpFromWaterPump.d.ts","C:\valente_conecta\node_modules\@fortawesome\free-solid-svg-icons"
"C:\valente_conecta\node_modules\@fortawesome\free-solid-svg-icons\faArrowUpLong.d.ts","faArrowUpLong.d.ts","C:\valente_conecta\node_modules\@fortawesome\free-solid-svg-icons"
"C:\valente_conecta\node_modules\@fortawesome\free-solid-svg-icons\faArrowUpRightDots.d.ts","faArrowUpRightDots.d.ts","C:\valente_conecta\node_modules\@fortawesome\free-solid-svg-icons"
"C:\valente_conecta\node_modules\@fortawesome\free-solid-svg-icons\faArrowUpRightFromSquare.d.ts","faArrowUpRightFromSquare.d.ts","C:\valente_conecta\node_modules\@fortawesome\free-solid-svg-icons"
"C:\valente_conecta\node_modules\@fortawesome\free-solid-svg-icons\faArrowUpShortWide.d.ts","faArrowUpShortWide.d.ts","C:\valente_conecta\node_modules\@fortawesome\free-solid-svg-icons"
"C:\valente_conecta\node_modules\@fortawesome\free-solid-svg-icons\faArrowUpWideShort.d.ts","faArrowUpWideShort.d.ts","C:\valente_conecta\node_modules\@fortawesome\free-solid-svg-icons"
"C:\valente_conecta\node_modules\@fortawesome\free-solid-svg-icons\faArrowUpZA.d.ts","faArrowUpZA.d.ts","C:\valente_conecta\node_modules\@fortawesome\free-solid-svg-icons"
"C:\valente_conecta\node_modules\@fortawesome\free-solid-svg-icons\faAslInterpreting.d.ts","faAslInterpreting.d.ts","C:\valente_conecta\node_modules\@fortawesome\free-solid-svg-icons"
"C:\valente_conecta\node_modules\@fortawesome\free-solid-svg-icons\faAssistiveListeningSystems.d.ts","faAssistiveListeningSystems.d.ts","C:\valente_conecta\node_modules\@fortawesome\free-solid-svg-icons"
"C:\valente_conecta\node_modules\@fortawesome\free-solid-svg-icons\faAsterisk.d.ts","faAsterisk.d.ts","C:\valente_conecta\node_modules\@fortawesome\free-solid-svg-icons"
"C:\valente_conecta\node_modules\@fortawesome\free-solid-svg-icons\faAt.d.ts","faAt.d.ts","C:\valente_conecta\node_modules\@fortawesome\free-solid-svg-icons"
"C:\valente_conecta\node_modules\@fortawesome\free-solid-svg-icons\faAtlas.d.ts","faAtlas.d.ts","C:\valente_conecta\node_modules\@fortawesome\free-solid-svg-icons"
"C:\valente_conecta\node_modules\@fortawesome\free-solid-svg-icons\faAtom.d.ts","faAtom.d.ts","C:\valente_conecta\node_modules\@fortawesome\free-solid-svg-icons"
"C:\valente_conecta\node_modules\@fortawesome\free-solid-svg-icons\faAudioDescription.d.ts","faAudioDescription.d.ts","C:\valente_conecta\node_modules\@fortawesome\free-solid-svg-icons"
"C:\valente_conecta\node_modules\@fortawesome\free-solid-svg-icons\faAustralSign.d.ts","faAustralSign.d.ts","C:\valente_conecta\node_modules\@fortawesome\free-solid-svg-icons"
"C:\valente_conecta\node_modules\@fortawesome\free-solid-svg-icons\faAutomobile.d.ts","faAutomobile.d.ts","C:\valente_conecta\node_modules\@fortawesome\free-solid-svg-icons"
"C:\valente_conecta\node_modules\@fortawesome\free-solid-svg-icons\faAward.d.ts","faAward.d.ts","C:\valente_conecta\node_modules\@fortawesome\free-solid-svg-icons"
"C:\valente_conecta\node_modules\@fortawesome\free-solid-svg-icons\faB.d.ts","faB.d.ts","C:\valente_conecta\node_modules\@fortawesome\free-solid-svg-icons"
"C:\valente_conecta\node_modules\@fortawesome\free-solid-svg-icons\faBaby.d.ts","faBaby.d.ts","C:\valente_conecta\node_modules\@fortawesome\free-solid-svg-icons"
"C:\valente_conecta\node_modules\@fortawesome\free-solid-svg-icons\faBabyCarriage.d.ts","faBabyCarriage.d.ts","C:\valente_conecta\node_modules\@fortawesome\free-solid-svg-icons"
"C:\valente_conecta\node_modules\@fortawesome\free-solid-svg-icons\faBackspace.d.ts","faBackspace.d.ts","C:\valente_conecta\node_modules\@fortawesome\free-solid-svg-icons"
"C:\valente_conecta\node_modules\@fortawesome\free-solid-svg-icons\faBackward.d.ts","faBackward.d.ts","C:\valente_conecta\node_modules\@fortawesome\free-solid-svg-icons"
"C:\valente_conecta\node_modules\@fortawesome\free-solid-svg-icons\faBackwardFast.d.ts","faBackwardFast.d.ts","C:\valente_conecta\node_modules\@fortawesome\free-solid-svg-icons"
"C:\valente_conecta\node_modules\@fortawesome\free-solid-svg-icons\faBackwardStep.d.ts","faBackwardStep.d.ts","C:\valente_conecta\node_modules\@fortawesome\free-solid-svg-icons"
"C:\valente_conecta\node_modules\@fortawesome\free-solid-svg-icons\faBacon.d.ts","faBacon.d.ts","C:\valente_conecta\node_modules\@fortawesome\free-solid-svg-icons"
"C:\valente_conecta\node_modules\@fortawesome\free-solid-svg-icons\faBacteria.d.ts","faBacteria.d.ts","C:\valente_conecta\node_modules\@fortawesome\free-solid-svg-icons"
"C:\valente_conecta\node_modules\@fortawesome\free-solid-svg-icons\faBacterium.d.ts","faBacterium.d.ts","C:\valente_conecta\node_modules\@fortawesome\free-solid-svg-icons"
"C:\valente_conecta\node_modules\@fortawesome\free-solid-svg-icons\faBagShopping.d.ts","faBagShopping.d.ts","C:\valente_conecta\node_modules\@fortawesome\free-solid-svg-icons"
"C:\valente_conecta\node_modules\@fortawesome\free-solid-svg-icons\faBahai.d.ts","faBahai.d.ts","C:\valente_conecta\node_modules\@fortawesome\free-solid-svg-icons"
"C:\valente_conecta\node_modules\@fortawesome\free-solid-svg-icons\faBahtSign.d.ts","faBahtSign.d.ts","C:\valente_conecta\node_modules\@fortawesome\free-solid-svg-icons"
"C:\valente_conecta\node_modules\@fortawesome\free-solid-svg-icons\faBalanceScale.d.ts","faBalanceScale.d.ts","C:\valente_conecta\node_modules\@fortawesome\free-solid-svg-icons"
"C:\valente_conecta\node_modules\@fortawesome\free-solid-svg-icons\faBalanceScaleLeft.d.ts","faBalanceScaleLeft.d.ts","C:\valente_conecta\node_modules\@fortawesome\free-solid-svg-icons"
"C:\valente_conecta\node_modules\@fortawesome\free-solid-svg-icons\faBalanceScaleRight.d.ts","faBalanceScaleRight.d.ts","C:\valente_conecta\node_modules\@fortawesome\free-solid-svg-icons"
"C:\valente_conecta\node_modules\@fortawesome\free-solid-svg-icons\faBan.d.ts","faBan.d.ts","C:\valente_conecta\node_modules\@fortawesome\free-solid-svg-icons"
"C:\valente_conecta\node_modules\@fortawesome\free-solid-svg-icons\faBandage.d.ts","faBandage.d.ts","C:\valente_conecta\node_modules\@fortawesome\free-solid-svg-icons"
"C:\valente_conecta\node_modules\@fortawesome\free-solid-svg-icons\faBandAid.d.ts","faBandAid.d.ts","C:\valente_conecta\node_modules\@fortawesome\free-solid-svg-icons"
"C:\valente_conecta\node_modules\@fortawesome\free-solid-svg-icons\faBangladeshiTakaSign.d.ts","faBangladeshiTakaSign.d.ts","C:\valente_conecta\node_modules\@fortawesome\free-solid-svg-icons"
"C:\valente_conecta\node_modules\@fortawesome\free-solid-svg-icons\faBank.d.ts","faBank.d.ts","C:\valente_conecta\node_modules\@fortawesome\free-solid-svg-icons"
"C:\valente_conecta\node_modules\@fortawesome\free-solid-svg-icons\faBanSmoking.d.ts","faBanSmoking.d.ts","C:\valente_conecta\node_modules\@fortawesome\free-solid-svg-icons"
"C:\valente_conecta\node_modules\@fortawesome\free-solid-svg-icons\faBarChart.d.ts","faBarChart.d.ts","C:\valente_conecta\node_modules\@fortawesome\free-solid-svg-icons"
"C:\valente_conecta\node_modules\@fortawesome\free-solid-svg-icons\faBarcode.d.ts","faBarcode.d.ts","C:\valente_conecta\node_modules\@fortawesome\free-solid-svg-icons"
"C:\valente_conecta\node_modules\@fortawesome\free-solid-svg-icons\faBars.d.ts","faBars.d.ts","C:\valente_conecta\node_modules\@fortawesome\free-solid-svg-icons"
"C:\valente_conecta\node_modules\@fortawesome\free-solid-svg-icons\faBarsProgress.d.ts","faBarsProgress.d.ts","C:\valente_conecta\node_modules\@fortawesome\free-solid-svg-icons"
"C:\valente_conecta\node_modules\@fortawesome\free-solid-svg-icons\faBarsStaggered.d.ts","faBarsStaggered.d.ts","C:\valente_conecta\node_modules\@fortawesome\free-solid-svg-icons"
"C:\valente_conecta\node_modules\@fortawesome\free-solid-svg-icons\faBaseball.d.ts","faBaseball.d.ts","C:\valente_conecta\node_modules\@fortawesome\free-solid-svg-icons"
"C:\valente_conecta\node_modules\@fortawesome\free-solid-svg-icons\faBaseballBall.d.ts","faBaseballBall.d.ts","C:\valente_conecta\node_modules\@fortawesome\free-solid-svg-icons"
"C:\valente_conecta\node_modules\@fortawesome\free-solid-svg-icons\faBaseballBatBall.d.ts","faBaseballBatBall.d.ts","C:\valente_conecta\node_modules\@fortawesome\free-solid-svg-icons"
"C:\valente_conecta\node_modules\@fortawesome\free-solid-svg-icons\faBasketball.d.ts","faBasketball.d.ts","C:\valente_conecta\node_modules\@fortawesome\free-solid-svg-icons"
"C:\valente_conecta\node_modules\@fortawesome\free-solid-svg-icons\faBasketballBall.d.ts","faBasketballBall.d.ts","C:\valente_conecta\node_modules\@fortawesome\free-solid-svg-icons"
"C:\valente_conecta\node_modules\@fortawesome\free-solid-svg-icons\faBasketShopping.d.ts","faBasketShopping.d.ts","C:\valente_conecta\node_modules\@fortawesome\free-solid-svg-icons"
"C:\valente_conecta\node_modules\@fortawesome\free-solid-svg-icons\faBath.d.ts","faBath.d.ts","C:\valente_conecta\node_modules\@fortawesome\free-solid-svg-icons"
"C:\valente_conecta\node_modules\@fortawesome\free-solid-svg-icons\faBathtub.d.ts","faBathtub.d.ts","C:\valente_conecta\node_modules\@fortawesome\free-solid-svg-icons"
"C:\valente_conecta\node_modules\@fortawesome\free-solid-svg-icons\faBattery.d.ts","faBattery.d.ts","C:\valente_conecta\node_modules\@fortawesome\free-solid-svg-icons"
"C:\valente_conecta\node_modules\@fortawesome\free-solid-svg-icons\faBattery0.d.ts","faBattery0.d.ts","C:\valente_conecta\node_modules\@fortawesome\free-solid-svg-icons"
"C:\valente_conecta\node_modules\@fortawesome\free-solid-svg-icons\faBattery2.d.ts","faBattery2.d.ts","C:\valente_conecta\node_modules\@fortawesome\free-solid-svg-icons"
"C:\valente_conecta\node_modules\@fortawesome\free-solid-svg-icons\faBattery3.d.ts","faBattery3.d.ts","C:\valente_conecta\node_modules\@fortawesome\free-solid-svg-icons"
"C:\valente_conecta\node_modules\@fortawesome\free-solid-svg-icons\faBattery4.d.ts","faBattery4.d.ts","C:\valente_conecta\node_modules\@fortawesome\free-solid-svg-icons"
"C:\valente_conecta\node_modules\@fortawesome\free-solid-svg-icons\faBattery5.d.ts","faBattery5.d.ts","C:\valente_conecta\node_modules\@fortawesome\free-solid-svg-icons"
"C:\valente_conecta\node_modules\@fortawesome\free-solid-svg-icons\faBatteryCar.d.ts","faBatteryCar.d.ts","C:\valente_conecta\node_modules\@fortawesome\free-solid-svg-icons"
"C:\valente_conecta\node_modules\@fortawesome\free-solid-svg-icons\faBatteryEmpty.d.ts","faBatteryEmpty.d.ts","C:\valente_conecta\node_modules\@fortawesome\free-solid-svg-icons"
"C:\valente_conecta\node_modules\@fortawesome\free-solid-svg-icons\faBatteryFull.d.ts","faBatteryFull.d.ts","C:\valente_conecta\node_modules\@fortawesome\free-solid-svg-icons"
"C:\valente_conecta\node_modules\@fortawesome\free-solid-svg-icons\faBatteryHalf.d.ts","faBatteryHalf.d.ts","C:\valente_conecta\node_modules\@fortawesome\free-solid-svg-icons"
"C:\valente_conecta\node_modules\@fortawesome\free-solid-svg-icons\faBatteryQuarter.d.ts","faBatteryQuarter.d.ts","C:\valente_conecta\node_modules\@fortawesome\free-solid-svg-icons"
"C:\valente_conecta\node_modules\@fortawesome\free-solid-svg-icons\faBatteryThreeQuarters.d.ts","faBatteryThreeQuarters.d.ts","C:\valente_conecta\node_modules\@fortawesome\free-solid-svg-icons"
"C:\valente_conecta\node_modules\@fortawesome\free-solid-svg-icons\faBed.d.ts","faBed.d.ts","C:\valente_conecta\node_modules\@fortawesome\free-solid-svg-icons"
"C:\valente_conecta\node_modules\@fortawesome\free-solid-svg-icons\faBedPulse.d.ts","faBedPulse.d.ts","C:\valente_conecta\node_modules\@fortawesome\free-solid-svg-icons"
"C:\valente_conecta\node_modules\@fortawesome\free-solid-svg-icons\faBeer.d.ts","faBeer.d.ts","C:\valente_conecta\node_modules\@fortawesome\free-solid-svg-icons"
"C:\valente_conecta\node_modules\@fortawesome\free-solid-svg-icons\faBeerMugEmpty.d.ts","faBeerMugEmpty.d.ts","C:\valente_conecta\node_modules\@fortawesome\free-solid-svg-icons"
"C:\valente_conecta\node_modules\@fortawesome\free-solid-svg-icons\faBell.d.ts","faBell.d.ts","C:\valente_conecta\node_modules\@fortawesome\free-solid-svg-icons"
"C:\valente_conecta\node_modules\@fortawesome\free-solid-svg-icons\faBellConcierge.d.ts","faBellConcierge.d.ts","C:\valente_conecta\node_modules\@fortawesome\free-solid-svg-icons"
"C:\valente_conecta\node_modules\@fortawesome\free-solid-svg-icons\faBellSlash.d.ts","faBellSlash.d.ts","C:\valente_conecta\node_modules\@fortawesome\free-solid-svg-icons"
"C:\valente_conecta\node_modules\@fortawesome\free-solid-svg-icons\faBezierCurve.d.ts","faBezierCurve.d.ts","C:\valente_conecta\node_modules\@fortawesome\free-solid-svg-icons"
"C:\valente_conecta\node_modules\@fortawesome\free-solid-svg-icons\faBible.d.ts","faBible.d.ts","C:\valente_conecta\node_modules\@fortawesome\free-solid-svg-icons"
"C:\valente_conecta\node_modules\@fortawesome\free-solid-svg-icons\faBicycle.d.ts","faBicycle.d.ts","C:\valente_conecta\node_modules\@fortawesome\free-solid-svg-icons"
"C:\valente_conecta\node_modules\@fortawesome\free-solid-svg-icons\faBiking.d.ts","faBiking.d.ts","C:\valente_conecta\node_modules\@fortawesome\free-solid-svg-icons"
"C:\valente_conecta\node_modules\@fortawesome\free-solid-svg-icons\faBinoculars.d.ts","faBinoculars.d.ts","C:\valente_conecta\node_modules\@fortawesome\free-solid-svg-icons"
"C:\valente_conecta\node_modules\@fortawesome\free-solid-svg-icons\faBiohazard.d.ts","faBiohazard.d.ts","C:\valente_conecta\node_modules\@fortawesome\free-solid-svg-icons"
"C:\valente_conecta\node_modules\@fortawesome\free-solid-svg-icons\faBirthdayCake.d.ts","faBirthdayCake.d.ts","C:\valente_conecta\node_modules\@fortawesome\free-solid-svg-icons"
"C:\valente_conecta\node_modules\@fortawesome\free-solid-svg-icons\faBitcoinSign.d.ts","faBitcoinSign.d.ts","C:\valente_conecta\node_modules\@fortawesome\free-solid-svg-icons"
"C:\valente_conecta\node_modules\@fortawesome\free-solid-svg-icons\faBlackboard.d.ts","faBlackboard.d.ts","C:\valente_conecta\node_modules\@fortawesome\free-solid-svg-icons"
"C:\valente_conecta\node_modules\@fortawesome\free-solid-svg-icons\faBlender.d.ts","faBlender.d.ts","C:\valente_conecta\node_modules\@fortawesome\free-solid-svg-icons"
"C:\valente_conecta\node_modules\@fortawesome\free-solid-svg-icons\faBlenderPhone.d.ts","faBlenderPhone.d.ts","C:\valente_conecta\node_modules\@fortawesome\free-solid-svg-icons"
"C:\valente_conecta\node_modules\@fortawesome\free-solid-svg-icons\faBlind.d.ts","faBlind.d.ts","C:\valente_conecta\node_modules\@fortawesome\free-solid-svg-icons"
"C:\valente_conecta\node_modules\@fortawesome\free-solid-svg-icons\faBlog.d.ts","faBlog.d.ts","C:\valente_conecta\node_modules\@fortawesome\free-solid-svg-icons"
"C:\valente_conecta\node_modules\@fortawesome\free-solid-svg-icons\faBold.d.ts","faBold.d.ts","C:\valente_conecta\node_modules\@fortawesome\free-solid-svg-icons"
"C:\valente_conecta\node_modules\@fortawesome\free-solid-svg-icons\faBolt.d.ts","faBolt.d.ts","C:\valente_conecta\node_modules\@fortawesome\free-solid-svg-icons"
"C:\valente_conecta\node_modules\@fortawesome\free-solid-svg-icons\faBoltLightning.d.ts","faBoltLightning.d.ts","C:\valente_conecta\node_modules\@fortawesome\free-solid-svg-icons"
"C:\valente_conecta\node_modules\@fortawesome\free-solid-svg-icons\faBomb.d.ts","faBomb.d.ts","C:\valente_conecta\node_modules\@fortawesome\free-solid-svg-icons"
"C:\valente_conecta\node_modules\@fortawesome\free-solid-svg-icons\faBone.d.ts","faBone.d.ts","C:\valente_conecta\node_modules\@fortawesome\free-solid-svg-icons"
"C:\valente_conecta\node_modules\@fortawesome\free-solid-svg-icons\faBong.d.ts","faBong.d.ts","C:\valente_conecta\node_modules\@fortawesome\free-solid-svg-icons"
"C:\valente_conecta\node_modules\@fortawesome\free-solid-svg-icons\faBook.d.ts","faBook.d.ts","C:\valente_conecta\node_modules\@fortawesome\free-solid-svg-icons"
"C:\valente_conecta\node_modules\@fortawesome\free-solid-svg-icons\faBookAtlas.d.ts","faBookAtlas.d.ts","C:\valente_conecta\node_modules\@fortawesome\free-solid-svg-icons"
"C:\valente_conecta\node_modules\@fortawesome\free-solid-svg-icons\faBookBible.d.ts","faBookBible.d.ts","C:\valente_conecta\node_modules\@fortawesome\free-solid-svg-icons"
"C:\valente_conecta\node_modules\@fortawesome\free-solid-svg-icons\faBookBookmark.d.ts","faBookBookmark.d.ts","C:\valente_conecta\node_modules\@fortawesome\free-solid-svg-icons"
"C:\valente_conecta\node_modules\@fortawesome\free-solid-svg-icons\faBookDead.d.ts","faBookDead.d.ts","C:\valente_conecta\node_modules\@fortawesome\free-solid-svg-icons"
"C:\valente_conecta\node_modules\@fortawesome\free-solid-svg-icons\faBookJournalWhills.d.ts","faBookJournalWhills.d.ts","C:\valente_conecta\node_modules\@fortawesome\free-solid-svg-icons"
"C:\valente_conecta\node_modules\@fortawesome\free-solid-svg-icons\faBookmark.d.ts","faBookmark.d.ts","C:\valente_conecta\node_modules\@fortawesome\free-solid-svg-icons"
"C:\valente_conecta\node_modules\@fortawesome\free-solid-svg-icons\faBookMedical.d.ts","faBookMedical.d.ts","C:\valente_conecta\node_modules\@fortawesome\free-solid-svg-icons"
"C:\valente_conecta\node_modules\@fortawesome\free-solid-svg-icons\faBookOpen.d.ts","faBookOpen.d.ts","C:\valente_conecta\node_modules\@fortawesome\free-solid-svg-icons"
"C:\valente_conecta\node_modules\@fortawesome\free-solid-svg-icons\faBookOpenReader.d.ts","faBookOpenReader.d.ts","C:\valente_conecta\node_modules\@fortawesome\free-solid-svg-icons"
"C:\valente_conecta\node_modules\@fortawesome\free-solid-svg-icons\faBookQuran.d.ts","faBookQuran.d.ts","C:\valente_conecta\node_modules\@fortawesome\free-solid-svg-icons"
"C:\valente_conecta\node_modules\@fortawesome\free-solid-svg-icons\faBookReader.d.ts","faBookReader.d.ts","C:\valente_conecta\node_modules\@fortawesome\free-solid-svg-icons"
"C:\valente_conecta\node_modules\@fortawesome\free-solid-svg-icons\faBookSkull.d.ts","faBookSkull.d.ts","C:\valente_conecta\node_modules\@fortawesome\free-solid-svg-icons"
"C:\valente_conecta\node_modules\@fortawesome\free-solid-svg-icons\faBookTanakh.d.ts","faBookTanakh.d.ts","C:\valente_conecta\node_modules\@fortawesome\free-solid-svg-icons"
"C:\valente_conecta\node_modules\@fortawesome\free-solid-svg-icons\faBorderAll.d.ts","faBorderAll.d.ts","C:\valente_conecta\node_modules\@fortawesome\free-solid-svg-icons"
"C:\valente_conecta\node_modules\@fortawesome\free-solid-svg-icons\faBorderNone.d.ts","faBorderNone.d.ts","C:\valente_conecta\node_modules\@fortawesome\free-solid-svg-icons"
"C:\valente_conecta\node_modules\@fortawesome\free-solid-svg-icons\faBorderStyle.d.ts","faBorderStyle.d.ts","C:\valente_conecta\node_modules\@fortawesome\free-solid-svg-icons"
"C:\valente_conecta\node_modules\@fortawesome\free-solid-svg-icons\faBorderTopLeft.d.ts","faBorderTopLeft.d.ts","C:\valente_conecta\node_modules\@fortawesome\free-solid-svg-icons"
"C:\valente_conecta\node_modules\@fortawesome\free-solid-svg-icons\faBoreHole.d.ts","faBoreHole.d.ts","C:\valente_conecta\node_modules\@fortawesome\free-solid-svg-icons"
"C:\valente_conecta\node_modules\@fortawesome\free-solid-svg-icons\faBottleDroplet.d.ts","faBottleDroplet.d.ts","C:\valente_conecta\node_modules\@fortawesome\free-solid-svg-icons"
"C:\valente_conecta\node_modules\@fortawesome\free-solid-svg-icons\faBottleWater.d.ts","faBottleWater.d.ts","C:\valente_conecta\node_modules\@fortawesome\free-solid-svg-icons"
"C:\valente_conecta\node_modules\@fortawesome\free-solid-svg-icons\faBowlFood.d.ts","faBowlFood.d.ts","C:\valente_conecta\node_modules\@fortawesome\free-solid-svg-icons"
"C:\valente_conecta\node_modules\@fortawesome\free-solid-svg-icons\faBowlingBall.d.ts","faBowlingBall.d.ts","C:\valente_conecta\node_modules\@fortawesome\free-solid-svg-icons"
"C:\valente_conecta\node_modules\@fortawesome\free-solid-svg-icons\faBowlRice.d.ts","faBowlRice.d.ts","C:\valente_conecta\node_modules\@fortawesome\free-solid-svg-icons"
"C:\valente_conecta\node_modules\@fortawesome\free-solid-svg-icons\faBox.d.ts","faBox.d.ts","C:\valente_conecta\node_modules\@fortawesome\free-solid-svg-icons"
"C:\valente_conecta\node_modules\@fortawesome\free-solid-svg-icons\faBoxArchive.d.ts","faBoxArchive.d.ts","C:\valente_conecta\node_modules\@fortawesome\free-solid-svg-icons"
"C:\valente_conecta\node_modules\@fortawesome\free-solid-svg-icons\faBoxes.d.ts","faBoxes.d.ts","C:\valente_conecta\node_modules\@fortawesome\free-solid-svg-icons"
"C:\valente_conecta\node_modules\@fortawesome\free-solid-svg-icons\faBoxesAlt.d.ts","faBoxesAlt.d.ts","C:\valente_conecta\node_modules\@fortawesome\free-solid-svg-icons"
"C:\valente_conecta\node_modules\@fortawesome\free-solid-svg-icons\faBoxesPacking.d.ts","faBoxesPacking.d.ts","C:\valente_conecta\node_modules\@fortawesome\free-solid-svg-icons"
"C:\valente_conecta\node_modules\@fortawesome\free-solid-svg-icons\faBoxesStacked.d.ts","faBoxesStacked.d.ts","C:\valente_conecta\node_modules\@fortawesome\free-solid-svg-icons"
"C:\valente_conecta\node_modules\@fortawesome\free-solid-svg-icons\faBoxOpen.d.ts","faBoxOpen.d.ts","C:\valente_conecta\node_modules\@fortawesome\free-solid-svg-icons"
"C:\valente_conecta\node_modules\@fortawesome\free-solid-svg-icons\faBoxTissue.d.ts","faBoxTissue.d.ts","C:\valente_conecta\node_modules\@fortawesome\free-solid-svg-icons"
"C:\valente_conecta\node_modules\@fortawesome\free-solid-svg-icons\faBraille.d.ts","faBraille.d.ts","C:\valente_conecta\node_modules\@fortawesome\free-solid-svg-icons"
"C:\valente_conecta\node_modules\@fortawesome\free-solid-svg-icons\faBrain.d.ts","faBrain.d.ts","C:\valente_conecta\node_modules\@fortawesome\free-solid-svg-icons"
"C:\valente_conecta\node_modules\@fortawesome\free-solid-svg-icons\faBrazilianRealSign.d.ts","faBrazilianRealSign.d.ts","C:\valente_conecta\node_modules\@fortawesome\free-solid-svg-icons"
"C:\valente_conecta\node_modules\@fortawesome\free-solid-svg-icons\faBreadSlice.d.ts","faBreadSlice.d.ts","C:\valente_conecta\node_modules\@fortawesome\free-solid-svg-icons"
"C:\valente_conecta\node_modules\@fortawesome\free-solid-svg-icons\faBridge.d.ts","faBridge.d.ts","C:\valente_conecta\node_modules\@fortawesome\free-solid-svg-icons"
"C:\valente_conecta\node_modules\@fortawesome\free-solid-svg-icons\faBridgeCircleCheck.d.ts","faBridgeCircleCheck.d.ts","C:\valente_conecta\node_modules\@fortawesome\free-solid-svg-icons"
"C:\valente_conecta\node_modules\@fortawesome\free-solid-svg-icons\faBridgeCircleExclamation.d.ts","faBridgeCircleExclamation.d.ts","C:\valente_conecta\node_modules\@fortawesome\free-solid-svg-icons"
"C:\valente_conecta\node_modules\@fortawesome\free-solid-svg-icons\faBridgeCircleXmark.d.ts","faBridgeCircleXmark.d.ts","C:\valente_conecta\node_modules\@fortawesome\free-solid-svg-icons"
"C:\valente_conecta\node_modules\@fortawesome\free-solid-svg-icons\faBridgeLock.d.ts","faBridgeLock.d.ts","C:\valente_conecta\node_modules\@fortawesome\free-solid-svg-icons"
"C:\valente_conecta\node_modules\@fortawesome\free-solid-svg-icons\faBridgeWater.d.ts","faBridgeWater.d.ts","C:\valente_conecta\node_modules\@fortawesome\free-solid-svg-icons"
"C:\valente_conecta\node_modules\@fortawesome\free-solid-svg-icons\faBriefcase.d.ts","faBriefcase.d.ts","C:\valente_conecta\node_modules\@fortawesome\free-solid-svg-icons"
"C:\valente_conecta\node_modules\@fortawesome\free-solid-svg-icons\faBriefcaseClock.d.ts","faBriefcaseClock.d.ts","C:\valente_conecta\node_modules\@fortawesome\free-solid-svg-icons"
"C:\valente_conecta\node_modules\@fortawesome\free-solid-svg-icons\faBriefcaseMedical.d.ts","faBriefcaseMedical.d.ts","C:\valente_conecta\node_modules\@fortawesome\free-solid-svg-icons"
"C:\valente_conecta\node_modules\@fortawesome\free-solid-svg-icons\faBroadcastTower.d.ts","faBroadcastTower.d.ts","C:\valente_conecta\node_modules\@fortawesome\free-solid-svg-icons"
"C:\valente_conecta\node_modules\@fortawesome\free-solid-svg-icons\faBroom.d.ts","faBroom.d.ts","C:\valente_conecta\node_modules\@fortawesome\free-solid-svg-icons"
"C:\valente_conecta\node_modules\@fortawesome\free-solid-svg-icons\faBroomBall.d.ts","faBroomBall.d.ts","C:\valente_conecta\node_modules\@fortawesome\free-solid-svg-icons"
"C:\valente_conecta\node_modules\@fortawesome\free-solid-svg-icons\faBrush.d.ts","faBrush.d.ts","C:\valente_conecta\node_modules\@fortawesome\free-solid-svg-icons"
"C:\valente_conecta\node_modules\@fortawesome\free-solid-svg-icons\faBucket.d.ts","faBucket.d.ts","C:\valente_conecta\node_modules\@fortawesome\free-solid-svg-icons"
"C:\valente_conecta\node_modules\@fortawesome\free-solid-svg-icons\faBug.d.ts","faBug.d.ts","C:\valente_conecta\node_modules\@fortawesome\free-solid-svg-icons"
"C:\valente_conecta\node_modules\@fortawesome\free-solid-svg-icons\faBugs.d.ts","faBugs.d.ts","C:\valente_conecta\node_modules\@fortawesome\free-solid-svg-icons"
"C:\valente_conecta\node_modules\@fortawesome\free-solid-svg-icons\faBugSlash.d.ts","faBugSlash.d.ts","C:\valente_conecta\node_modules\@fortawesome\free-solid-svg-icons"
"C:\valente_conecta\node_modules\@fortawesome\free-solid-svg-icons\faBuilding.d.ts","faBuilding.d.ts","C:\valente_conecta\node_modules\@fortawesome\free-solid-svg-icons"
"C:\valente_conecta\node_modules\@fortawesome\free-solid-svg-icons\faBuildingCircleArrowRight.d.ts","faBuildingCircleArrowRight.d.ts","C:\valente_conecta\node_modules\@fortawesome\free-solid-svg-icons"
"C:\valente_conecta\node_modules\@fortawesome\free-solid-svg-icons\faBuildingCircleCheck.d.ts","faBuildingCircleCheck.d.ts","C:\valente_conecta\node_modules\@fortawesome\free-solid-svg-icons"
"C:\valente_conecta\node_modules\@fortawesome\free-solid-svg-icons\faBuildingCircleExclamation.d.ts","faBuildingCircleExclamation.d.ts","C:\valente_conecta\node_modules\@fortawesome\free-solid-svg-icons"
"C:\valente_conecta\node_modules\@fortawesome\free-solid-svg-icons\faBuildingCircleXmark.d.ts","faBuildingCircleXmark.d.ts","C:\valente_conecta\node_modules\@fortawesome\free-solid-svg-icons"
"C:\valente_conecta\node_modules\@fortawesome\free-solid-svg-icons\faBuildingColumns.d.ts","faBuildingColumns.d.ts","C:\valente_conecta\node_modules\@fortawesome\free-solid-svg-icons"
"C:\valente_conecta\node_modules\@fortawesome\free-solid-svg-icons\faBuildingFlag.d.ts","faBuildingFlag.d.ts","C:\valente_conecta\node_modules\@fortawesome\free-solid-svg-icons"
"C:\valente_conecta\node_modules\@fortawesome\free-solid-svg-icons\faBuildingLock.d.ts","faBuildingLock.d.ts","C:\valente_conecta\node_modules\@fortawesome\free-solid-svg-icons"
"C:\valente_conecta\node_modules\@fortawesome\free-solid-svg-icons\faBuildingNgo.d.ts","faBuildingNgo.d.ts","C:\valente_conecta\node_modules\@fortawesome\free-solid-svg-icons"
"C:\valente_conecta\node_modules\@fortawesome\free-solid-svg-icons\faBuildingShield.d.ts","faBuildingShield.d.ts","C:\valente_conecta\node_modules\@fortawesome\free-solid-svg-icons"
"C:\valente_conecta\node_modules\@fortawesome\free-solid-svg-icons\faBuildingUn.d.ts","faBuildingUn.d.ts","C:\valente_conecta\node_modules\@fortawesome\free-solid-svg-icons"
"C:\valente_conecta\node_modules\@fortawesome\free-solid-svg-icons\faBuildingUser.d.ts","faBuildingUser.d.ts","C:\valente_conecta\node_modules\@fortawesome\free-solid-svg-icons"
"C:\valente_conecta\node_modules\@fortawesome\free-solid-svg-icons\faBuildingWheat.d.ts","faBuildingWheat.d.ts","C:\valente_conecta\node_modules\@fortawesome\free-solid-svg-icons"
"C:\valente_conecta\node_modules\@fortawesome\free-solid-svg-icons\faBullhorn.d.ts","faBullhorn.d.ts","C:\valente_conecta\node_modules\@fortawesome\free-solid-svg-icons"
"C:\valente_conecta\node_modules\@fortawesome\free-solid-svg-icons\faBullseye.d.ts","faBullseye.d.ts","C:\valente_conecta\node_modules\@fortawesome\free-solid-svg-icons"
"C:\valente_conecta\node_modules\@fortawesome\free-solid-svg-icons\faBurger.d.ts","faBurger.d.ts","C:\valente_conecta\node_modules\@fortawesome\free-solid-svg-icons"
"C:\valente_conecta\node_modules\@fortawesome\free-solid-svg-icons\faBurn.d.ts","faBurn.d.ts","C:\valente_conecta\node_modules\@fortawesome\free-solid-svg-icons"
"C:\valente_conecta\node_modules\@fortawesome\free-solid-svg-icons\faBurst.d.ts","faBurst.d.ts","C:\valente_conecta\node_modules\@fortawesome\free-solid-svg-icons"
"C:\valente_conecta\node_modules\@fortawesome\free-solid-svg-icons\faBus.d.ts","faBus.d.ts","C:\valente_conecta\node_modules\@fortawesome\free-solid-svg-icons"
"C:\valente_conecta\node_modules\@fortawesome\free-solid-svg-icons\faBusAlt.d.ts","faBusAlt.d.ts","C:\valente_conecta\node_modules\@fortawesome\free-solid-svg-icons"
"C:\valente_conecta\node_modules\@fortawesome\free-solid-svg-icons\faBusinessTime.d.ts","faBusinessTime.d.ts","C:\valente_conecta\node_modules\@fortawesome\free-solid-svg-icons"
"C:\valente_conecta\node_modules\@fortawesome\free-solid-svg-icons\faBusSide.d.ts","faBusSide.d.ts","C:\valente_conecta\node_modules\@fortawesome\free-solid-svg-icons"
"C:\valente_conecta\node_modules\@fortawesome\free-solid-svg-icons\faBusSimple.d.ts","faBusSimple.d.ts","C:\valente_conecta\node_modules\@fortawesome\free-solid-svg-icons"
"C:\valente_conecta\node_modules\@fortawesome\free-solid-svg-icons\faC.d.ts","faC.d.ts","C:\valente_conecta\node_modules\@fortawesome\free-solid-svg-icons"
"C:\valente_conecta\node_modules\@fortawesome\free-solid-svg-icons\faCab.d.ts","faCab.d.ts","C:\valente_conecta\node_modules\@fortawesome\free-solid-svg-icons"
"C:\valente_conecta\node_modules\@fortawesome\free-solid-svg-icons\faCableCar.d.ts","faCableCar.d.ts","C:\valente_conecta\node_modules\@fortawesome\free-solid-svg-icons"
"C:\valente_conecta\node_modules\@fortawesome\free-solid-svg-icons\faCake.d.ts","faCake.d.ts","C:\valente_conecta\node_modules\@fortawesome\free-solid-svg-icons"
"C:\valente_conecta\node_modules\@fortawesome\free-solid-svg-icons\faCakeCandles.d.ts","faCakeCandles.d.ts","C:\valente_conecta\node_modules\@fortawesome\free-solid-svg-icons"
"C:\valente_conecta\node_modules\@fortawesome\free-solid-svg-icons\faCalculator.d.ts","faCalculator.d.ts","C:\valente_conecta\node_modules\@fortawesome\free-solid-svg-icons"
"C:\valente_conecta\node_modules\@fortawesome\free-solid-svg-icons\faCalendar.d.ts","faCalendar.d.ts","C:\valente_conecta\node_modules\@fortawesome\free-solid-svg-icons"
"C:\valente_conecta\node_modules\@fortawesome\free-solid-svg-icons\faCalendarAlt.d.ts","faCalendarAlt.d.ts","C:\valente_conecta\node_modules\@fortawesome\free-solid-svg-icons"
"C:\valente_conecta\node_modules\@fortawesome\free-solid-svg-icons\faCalendarCheck.d.ts","faCalendarCheck.d.ts","C:\valente_conecta\node_modules\@fortawesome\free-solid-svg-icons"
"C:\valente_conecta\node_modules\@fortawesome\free-solid-svg-icons\faCalendarDay.d.ts","faCalendarDay.d.ts","C:\valente_conecta\node_modules\@fortawesome\free-solid-svg-icons"
"C:\valente_conecta\node_modules\@fortawesome\free-solid-svg-icons\faCalendarDays.d.ts","faCalendarDays.d.ts","C:\valente_conecta\node_modules\@fortawesome\free-solid-svg-icons"
"C:\valente_conecta\node_modules\@fortawesome\free-solid-svg-icons\faCalendarMinus.d.ts","faCalendarMinus.d.ts","C:\valente_conecta\node_modules\@fortawesome\free-solid-svg-icons"
"C:\valente_conecta\node_modules\@fortawesome\free-solid-svg-icons\faCalendarPlus.d.ts","faCalendarPlus.d.ts","C:\valente_conecta\node_modules\@fortawesome\free-solid-svg-icons"
"C:\valente_conecta\node_modules\@fortawesome\free-solid-svg-icons\faCalendarTimes.d.ts","faCalendarTimes.d.ts","C:\valente_conecta\node_modules\@fortawesome\free-solid-svg-icons"
"C:\valente_conecta\node_modules\@fortawesome\free-solid-svg-icons\faCalendarWeek.d.ts","faCalendarWeek.d.ts","C:\valente_conecta\node_modules\@fortawesome\free-solid-svg-icons"
"C:\valente_conecta\node_modules\@fortawesome\free-solid-svg-icons\faCalendarXmark.d.ts","faCalendarXmark.d.ts","C:\valente_conecta\node_modules\@fortawesome\free-solid-svg-icons"
"C:\valente_conecta\node_modules\@fortawesome\free-solid-svg-icons\faCamera.d.ts","faCamera.d.ts","C:\valente_conecta\node_modules\@fortawesome\free-solid-svg-icons"
"C:\valente_conecta\node_modules\@fortawesome\free-solid-svg-icons\faCameraAlt.d.ts","faCameraAlt.d.ts","C:\valente_conecta\node_modules\@fortawesome\free-solid-svg-icons"
"C:\valente_conecta\node_modules\@fortawesome\free-solid-svg-icons\faCameraRetro.d.ts","faCameraRetro.d.ts","C:\valente_conecta\node_modules\@fortawesome\free-solid-svg-icons"
"C:\valente_conecta\node_modules\@fortawesome\free-solid-svg-icons\faCameraRotate.d.ts","faCameraRotate.d.ts","C:\valente_conecta\node_modules\@fortawesome\free-solid-svg-icons"
"C:\valente_conecta\node_modules\@fortawesome\free-solid-svg-icons\faCampground.d.ts","faCampground.d.ts","C:\valente_conecta\node_modules\@fortawesome\free-solid-svg-icons"
"C:\valente_conecta\node_modules\@fortawesome\free-solid-svg-icons\faCancel.d.ts","faCancel.d.ts","C:\valente_conecta\node_modules\@fortawesome\free-solid-svg-icons"
"C:\valente_conecta\node_modules\@fortawesome\free-solid-svg-icons\faCancer.d.ts","faCancer.d.ts","C:\valente_conecta\node_modules\@fortawesome\free-solid-svg-icons"
"C:\valente_conecta\node_modules\@fortawesome\free-solid-svg-icons\faCandyCane.d.ts","faCandyCane.d.ts","C:\valente_conecta\node_modules\@fortawesome\free-solid-svg-icons"
"C:\valente_conecta\node_modules\@fortawesome\free-solid-svg-icons\faCannabis.d.ts","faCannabis.d.ts","C:\valente_conecta\node_modules\@fortawesome\free-solid-svg-icons"
"C:\valente_conecta\node_modules\@fortawesome\free-solid-svg-icons\faCapricorn.d.ts","faCapricorn.d.ts","C:\valente_conecta\node_modules\@fortawesome\free-solid-svg-icons"
"C:\valente_conecta\node_modules\@fortawesome\free-solid-svg-icons\faCapsules.d.ts","faCapsules.d.ts","C:\valente_conecta\node_modules\@fortawesome\free-solid-svg-icons"
"C:\valente_conecta\node_modules\@fortawesome\free-solid-svg-icons\faCar.d.ts","faCar.d.ts","C:\valente_conecta\node_modules\@fortawesome\free-solid-svg-icons"
"C:\valente_conecta\node_modules\@fortawesome\free-solid-svg-icons\faCarAlt.d.ts","faCarAlt.d.ts","C:\valente_conecta\node_modules\@fortawesome\free-solid-svg-icons"
"C:\valente_conecta\node_modules\@fortawesome\free-solid-svg-icons\faCaravan.d.ts","faCaravan.d.ts","C:\valente_conecta\node_modules\@fortawesome\free-solid-svg-icons"
"C:\valente_conecta\node_modules\@fortawesome\free-solid-svg-icons\faCarBattery.d.ts","faCarBattery.d.ts","C:\valente_conecta\node_modules\@fortawesome\free-solid-svg-icons"
"C:\valente_conecta\node_modules\@fortawesome\free-solid-svg-icons\faCarBurst.d.ts","faCarBurst.d.ts","C:\valente_conecta\node_modules\@fortawesome\free-solid-svg-icons"
"C:\valente_conecta\node_modules\@fortawesome\free-solid-svg-icons\faCarCrash.d.ts","faCarCrash.d.ts","C:\valente_conecta\node_modules\@fortawesome\free-solid-svg-icons"
"C:\valente_conecta\node_modules\@fortawesome\free-solid-svg-icons\faCaretDown.d.ts","faCaretDown.d.ts","C:\valente_conecta\node_modules\@fortawesome\free-solid-svg-icons"
"C:\valente_conecta\node_modules\@fortawesome\free-solid-svg-icons\faCaretLeft.d.ts","faCaretLeft.d.ts","C:\valente_conecta\node_modules\@fortawesome\free-solid-svg-icons"
"C:\valente_conecta\node_modules\@fortawesome\free-solid-svg-icons\faCaretRight.d.ts","faCaretRight.d.ts","C:\valente_conecta\node_modules\@fortawesome\free-solid-svg-icons"
"C:\valente_conecta\node_modules\@fortawesome\free-solid-svg-icons\faCaretSquareDown.d.ts","faCaretSquareDown.d.ts","C:\valente_conecta\node_modules\@fortawesome\free-solid-svg-icons"
"C:\valente_conecta\node_modules\@fortawesome\free-solid-svg-icons\faCaretSquareLeft.d.ts","faCaretSquareLeft.d.ts","C:\valente_conecta\node_modules\@fortawesome\free-solid-svg-icons"
"C:\valente_conecta\node_modules\@fortawesome\free-solid-svg-icons\faCaretSquareRight.d.ts","faCaretSquareRight.d.ts","C:\valente_conecta\node_modules\@fortawesome\free-solid-svg-icons"
"C:\valente_conecta\node_modules\@fortawesome\free-solid-svg-icons\faCaretSquareUp.d.ts","faCaretSquareUp.d.ts","C:\valente_conecta\node_modules\@fortawesome\free-solid-svg-icons"
"C:\valente_conecta\node_modules\@fortawesome\free-solid-svg-icons\faCaretUp.d.ts","faCaretUp.d.ts","C:\valente_conecta\node_modules\@fortawesome\free-solid-svg-icons"
"C:\valente_conecta\node_modules\@fortawesome\free-solid-svg-icons\faCarOn.d.ts","faCarOn.d.ts","C:\valente_conecta\node_modules\@fortawesome\free-solid-svg-icons"
"C:\valente_conecta\node_modules\@fortawesome\free-solid-svg-icons\faCarRear.d.ts","faCarRear.d.ts","C:\valente_conecta\node_modules\@fortawesome\free-solid-svg-icons"
"C:\valente_conecta\node_modules\@fortawesome\free-solid-svg-icons\faCarriageBaby.d.ts","faCarriageBaby.d.ts","C:\valente_conecta\node_modules\@fortawesome\free-solid-svg-icons"
"C:\valente_conecta\node_modules\@fortawesome\free-solid-svg-icons\faCarrot.d.ts","faCarrot.d.ts","C:\valente_conecta\node_modules\@fortawesome\free-solid-svg-icons"
"C:\valente_conecta\node_modules\@fortawesome\free-solid-svg-icons\faCarSide.d.ts","faCarSide.d.ts","C:\valente_conecta\node_modules\@fortawesome\free-solid-svg-icons"
"C:\valente_conecta\node_modules\@fortawesome\free-solid-svg-icons\faCartArrowDown.d.ts","faCartArrowDown.d.ts","C:\valente_conecta\node_modules\@fortawesome\free-solid-svg-icons"
"C:\valente_conecta\node_modules\@fortawesome\free-solid-svg-icons\faCartFlatbed.d.ts","faCartFlatbed.d.ts","C:\valente_conecta\node_modules\@fortawesome\free-solid-svg-icons"
"C:\valente_conecta\node_modules\@fortawesome\free-solid-svg-icons\faCartFlatbedSuitcase.d.ts","faCartFlatbedSuitcase.d.ts","C:\valente_conecta\node_modules\@fortawesome\free-solid-svg-icons"
"C:\valente_conecta\node_modules\@fortawesome\free-solid-svg-icons\faCartPlus.d.ts","faCartPlus.d.ts","C:\valente_conecta\node_modules\@fortawesome\free-solid-svg-icons"
"C:\valente_conecta\node_modules\@fortawesome\free-solid-svg-icons\faCartShopping.d.ts","faCartShopping.d.ts","C:\valente_conecta\node_modules\@fortawesome\free-solid-svg-icons"
"C:\valente_conecta\node_modules\@fortawesome\free-solid-svg-icons\faCarTunnel.d.ts","faCarTunnel.d.ts","C:\valente_conecta\node_modules\@fortawesome\free-solid-svg-icons"
"C:\valente_conecta\node_modules\@fortawesome\free-solid-svg-icons\faCashRegister.d.ts","faCashRegister.d.ts","C:\valente_conecta\node_modules\@fortawesome\free-solid-svg-icons"
"C:\valente_conecta\node_modules\@fortawesome\free-solid-svg-icons\faCat.d.ts","faCat.d.ts","C:\valente_conecta\node_modules\@fortawesome\free-solid-svg-icons"
"C:\valente_conecta\node_modules\@fortawesome\free-solid-svg-icons\faCediSign.d.ts","faCediSign.d.ts","C:\valente_conecta\node_modules\@fortawesome\free-solid-svg-icons"
"C:\valente_conecta\node_modules\@fortawesome\free-solid-svg-icons\faCentSign.d.ts","faCentSign.d.ts","C:\valente_conecta\node_modules\@fortawesome\free-solid-svg-icons"
"C:\valente_conecta\node_modules\@fortawesome\free-solid-svg-icons\faCertificate.d.ts","faCertificate.d.ts","C:\valente_conecta\node_modules\@fortawesome\free-solid-svg-icons"
"C:\valente_conecta\node_modules\@fortawesome\free-solid-svg-icons\faChain.d.ts","faChain.d.ts","C:\valente_conecta\node_modules\@fortawesome\free-solid-svg-icons"
"C:\valente_conecta\node_modules\@fortawesome\free-solid-svg-icons\faChainBroken.d.ts","faChainBroken.d.ts","C:\valente_conecta\node_modules\@fortawesome\free-solid-svg-icons"
"C:\valente_conecta\node_modules\@fortawesome\free-solid-svg-icons\faChainSlash.d.ts","faChainSlash.d.ts","C:\valente_conecta\node_modules\@fortawesome\free-solid-svg-icons"
"C:\valente_conecta\node_modules\@fortawesome\free-solid-svg-icons\faChair.d.ts","faChair.d.ts","C:\valente_conecta\node_modules\@fortawesome\free-solid-svg-icons"
"C:\valente_conecta\node_modules\@fortawesome\free-solid-svg-icons\faChalkboard.d.ts","faChalkboard.d.ts","C:\valente_conecta\node_modules\@fortawesome\free-solid-svg-icons"
"C:\valente_conecta\node_modules\@fortawesome\free-solid-svg-icons\faChalkboardTeacher.d.ts","faChalkboardTeacher.d.ts","C:\valente_conecta\node_modules\@fortawesome\free-solid-svg-icons"
"C:\valente_conecta\node_modules\@fortawesome\free-solid-svg-icons\faChalkboardUser.d.ts","faChalkboardUser.d.ts","C:\valente_conecta\node_modules\@fortawesome\free-solid-svg-icons"
"C:\valente_conecta\node_modules\@fortawesome\free-solid-svg-icons\faChampagneGlasses.d.ts","faChampagneGlasses.d.ts","C:\valente_conecta\node_modules\@fortawesome\free-solid-svg-icons"
"C:\valente_conecta\node_modules\@fortawesome\free-solid-svg-icons\faChargingStation.d.ts","faChargingStation.d.ts","C:\valente_conecta\node_modules\@fortawesome\free-solid-svg-icons"
"C:\valente_conecta\node_modules\@fortawesome\free-solid-svg-icons\faChartArea.d.ts","faChartArea.d.ts","C:\valente_conecta\node_modules\@fortawesome\free-solid-svg-icons"
"C:\valente_conecta\node_modules\@fortawesome\free-solid-svg-icons\faChartBar.d.ts","faChartBar.d.ts","C:\valente_conecta\node_modules\@fortawesome\free-solid-svg-icons"
"C:\valente_conecta\node_modules\@fortawesome\free-solid-svg-icons\faChartColumn.d.ts","faChartColumn.d.ts","C:\valente_conecta\node_modules\@fortawesome\free-solid-svg-icons"
"C:\valente_conecta\node_modules\@fortawesome\free-solid-svg-icons\faChartDiagram.d.ts","faChartDiagram.d.ts","C:\valente_conecta\node_modules\@fortawesome\free-solid-svg-icons"
"C:\valente_conecta\node_modules\@fortawesome\free-solid-svg-icons\faChartGantt.d.ts","faChartGantt.d.ts","C:\valente_conecta\node_modules\@fortawesome\free-solid-svg-icons"
"C:\valente_conecta\node_modules\@fortawesome\free-solid-svg-icons\faChartLine.d.ts","faChartLine.d.ts","C:\valente_conecta\node_modules\@fortawesome\free-solid-svg-icons"
"C:\valente_conecta\node_modules\@fortawesome\free-solid-svg-icons\faChartPie.d.ts","faChartPie.d.ts","C:\valente_conecta\node_modules\@fortawesome\free-solid-svg-icons"
"C:\valente_conecta\node_modules\@fortawesome\free-solid-svg-icons\faChartSimple.d.ts","faChartSimple.d.ts","C:\valente_conecta\node_modules\@fortawesome\free-solid-svg-icons"
"C:\valente_conecta\node_modules\@fortawesome\free-solid-svg-icons\faCheck.d.ts","faCheck.d.ts","C:\valente_conecta\node_modules\@fortawesome\free-solid-svg-icons"
"C:\valente_conecta\node_modules\@fortawesome\free-solid-svg-icons\faCheckCircle.d.ts","faCheckCircle.d.ts","C:\valente_conecta\node_modules\@fortawesome\free-solid-svg-icons"
"C:\valente_conecta\node_modules\@fortawesome\free-solid-svg-icons\faCheckDouble.d.ts","faCheckDouble.d.ts","C:\valente_conecta\node_modules\@fortawesome\free-solid-svg-icons"
"C:\valente_conecta\node_modules\@fortawesome\free-solid-svg-icons\faCheckSquare.d.ts","faCheckSquare.d.ts","C:\valente_conecta\node_modules\@fortawesome\free-solid-svg-icons"
"C:\valente_conecta\node_modules\@fortawesome\free-solid-svg-icons\faCheckToSlot.d.ts","faCheckToSlot.d.ts","C:\valente_conecta\node_modules\@fortawesome\free-solid-svg-icons"
"C:\valente_conecta\node_modules\@fortawesome\free-solid-svg-icons\faCheese.d.ts","faCheese.d.ts","C:\valente_conecta\node_modules\@fortawesome\free-solid-svg-icons"
"C:\valente_conecta\node_modules\@fortawesome\free-solid-svg-icons\faChess.d.ts","faChess.d.ts","C:\valente_conecta\node_modules\@fortawesome\free-solid-svg-icons"
"C:\valente_conecta\node_modules\@fortawesome\free-solid-svg-icons\faChessBishop.d.ts","faChessBishop.d.ts","C:\valente_conecta\node_modules\@fortawesome\free-solid-svg-icons"
"C:\valente_conecta\node_modules\@fortawesome\free-solid-svg-icons\faChessBoard.d.ts","faChessBoard.d.ts","C:\valente_conecta\node_modules\@fortawesome\free-solid-svg-icons"
"C:\valente_conecta\node_modules\@fortawesome\free-solid-svg-icons\faChessKing.d.ts","faChessKing.d.ts","C:\valente_conecta\node_modules\@fortawesome\free-solid-svg-icons"
"C:\valente_conecta\node_modules\@fortawesome\free-solid-svg-icons\faChessKnight.d.ts","faChessKnight.d.ts","C:\valente_conecta\node_modules\@fortawesome\free-solid-svg-icons"
"C:\valente_conecta\node_modules\@fortawesome\free-solid-svg-icons\faChessPawn.d.ts","faChessPawn.d.ts","C:\valente_conecta\node_modules\@fortawesome\free-solid-svg-icons"
"C:\valente_conecta\node_modules\@fortawesome\free-solid-svg-icons\faChessQueen.d.ts","faChessQueen.d.ts","C:\valente_conecta\node_modules\@fortawesome\free-solid-svg-icons"
"C:\valente_conecta\node_modules\@fortawesome\free-solid-svg-icons\faChessRook.d.ts","faChessRook.d.ts","C:\valente_conecta\node_modules\@fortawesome\free-solid-svg-icons"
"C:\valente_conecta\node_modules\@fortawesome\free-solid-svg-icons\faChevronCircleDown.d.ts","faChevronCircleDown.d.ts","C:\valente_conecta\node_modules\@fortawesome\free-solid-svg-icons"
"C:\valente_conecta\node_modules\@fortawesome\free-solid-svg-icons\faChevronCircleLeft.d.ts","faChevronCircleLeft.d.ts","C:\valente_conecta\node_modules\@fortawesome\free-solid-svg-icons"
"C:\valente_conecta\node_modules\@fortawesome\free-solid-svg-icons\faChevronCircleRight.d.ts","faChevronCircleRight.d.ts","C:\valente_conecta\node_modules\@fortawesome\free-solid-svg-icons"
"C:\valente_conecta\node_modules\@fortawesome\free-solid-svg-icons\faChevronCircleUp.d.ts","faChevronCircleUp.d.ts","C:\valente_conecta\node_modules\@fortawesome\free-solid-svg-icons"
"C:\valente_conecta\node_modules\@fortawesome\free-solid-svg-icons\faChevronDown.d.ts","faChevronDown.d.ts","C:\valente_conecta\node_modules\@fortawesome\free-solid-svg-icons"
"C:\valente_conecta\node_modules\@fortawesome\free-solid-svg-icons\faChevronLeft.d.ts","faChevronLeft.d.ts","C:\valente_conecta\node_modules\@fortawesome\free-solid-svg-icons"
"C:\valente_conecta\node_modules\@fortawesome\free-solid-svg-icons\faChevronRight.d.ts","faChevronRight.d.ts","C:\valente_conecta\node_modules\@fortawesome\free-solid-svg-icons"
"C:\valente_conecta\node_modules\@fortawesome\free-solid-svg-icons\faChevronUp.d.ts","faChevronUp.d.ts","C:\valente_conecta\node_modules\@fortawesome\free-solid-svg-icons"
"C:\valente_conecta\node_modules\@fortawesome\free-solid-svg-icons\faChild.d.ts","faChild.d.ts","C:\valente_conecta\node_modules\@fortawesome\free-solid-svg-icons"
"C:\valente_conecta\node_modules\@fortawesome\free-solid-svg-icons\faChildCombatant.d.ts","faChildCombatant.d.ts","C:\valente_conecta\node_modules\@fortawesome\free-solid-svg-icons"
"C:\valente_conecta\node_modules\@fortawesome\free-solid-svg-icons\faChildDress.d.ts","faChildDress.d.ts","C:\valente_conecta\node_modules\@fortawesome\free-solid-svg-icons"
"C:\valente_conecta\node_modules\@fortawesome\free-solid-svg-icons\faChildReaching.d.ts","faChildReaching.d.ts","C:\valente_conecta\node_modules\@fortawesome\free-solid-svg-icons"
"C:\valente_conecta\node_modules\@fortawesome\free-solid-svg-icons\faChildren.d.ts","faChildren.d.ts","C:\valente_conecta\node_modules\@fortawesome\free-solid-svg-icons"
"C:\valente_conecta\node_modules\@fortawesome\free-solid-svg-icons\faChildRifle.d.ts","faChildRifle.d.ts","C:\valente_conecta\node_modules\@fortawesome\free-solid-svg-icons"
"C:\valente_conecta\node_modules\@fortawesome\free-solid-svg-icons\faChurch.d.ts","faChurch.d.ts","C:\valente_conecta\node_modules\@fortawesome\free-solid-svg-icons"
"C:\valente_conecta\node_modules\@fortawesome\free-solid-svg-icons\faCircle.d.ts","faCircle.d.ts","C:\valente_conecta\node_modules\@fortawesome\free-solid-svg-icons"
"C:\valente_conecta\node_modules\@fortawesome\free-solid-svg-icons\faCircleArrowDown.d.ts","faCircleArrowDown.d.ts","C:\valente_conecta\node_modules\@fortawesome\free-solid-svg-icons"
"C:\valente_conecta\node_modules\@fortawesome\free-solid-svg-icons\faCircleArrowLeft.d.ts","faCircleArrowLeft.d.ts","C:\valente_conecta\node_modules\@fortawesome\free-solid-svg-icons"
"C:\valente_conecta\node_modules\@fortawesome\free-solid-svg-icons\faCircleArrowRight.d.ts","faCircleArrowRight.d.ts","C:\valente_conecta\node_modules\@fortawesome\free-solid-svg-icons"
"C:\valente_conecta\node_modules\@fortawesome\free-solid-svg-icons\faCircleArrowUp.d.ts","faCircleArrowUp.d.ts","C:\valente_conecta\node_modules\@fortawesome\free-solid-svg-icons"
"C:\valente_conecta\node_modules\@fortawesome\free-solid-svg-icons\faCircleCheck.d.ts","faCircleCheck.d.ts","C:\valente_conecta\node_modules\@fortawesome\free-solid-svg-icons"
"C:\valente_conecta\node_modules\@fortawesome\free-solid-svg-icons\faCircleChevronDown.d.ts","faCircleChevronDown.d.ts","C:\valente_conecta\node_modules\@fortawesome\free-solid-svg-icons"
"C:\valente_conecta\node_modules\@fortawesome\free-solid-svg-icons\faCircleChevronLeft.d.ts","faCircleChevronLeft.d.ts","C:\valente_conecta\node_modules\@fortawesome\free-solid-svg-icons"
"C:\valente_conecta\node_modules\@fortawesome\free-solid-svg-icons\faCircleChevronRight.d.ts","faCircleChevronRight.d.ts","C:\valente_conecta\node_modules\@fortawesome\free-solid-svg-icons"
"C:\valente_conecta\node_modules\@fortawesome\free-solid-svg-icons\faCircleChevronUp.d.ts","faCircleChevronUp.d.ts","C:\valente_conecta\node_modules\@fortawesome\free-solid-svg-icons"
"C:\valente_conecta\node_modules\@fortawesome\free-solid-svg-icons\faCircleDollarToSlot.d.ts","faCircleDollarToSlot.d.ts","C:\valente_conecta\node_modules\@fortawesome\free-solid-svg-icons"
"C:\valente_conecta\node_modules\@fortawesome\free-solid-svg-icons\faCircleDot.d.ts","faCircleDot.d.ts","C:\valente_conecta\node_modules\@fortawesome\free-solid-svg-icons"
"C:\valente_conecta\node_modules\@fortawesome\free-solid-svg-icons\faCircleDown.d.ts","faCircleDown.d.ts","C:\valente_conecta\node_modules\@fortawesome\free-solid-svg-icons"
"C:\valente_conecta\node_modules\@fortawesome\free-solid-svg-icons\faCircleExclamation.d.ts","faCircleExclamation.d.ts","C:\valente_conecta\node_modules\@fortawesome\free-solid-svg-icons"
"C:\valente_conecta\node_modules\@fortawesome\free-solid-svg-icons\faCircleH.d.ts","faCircleH.d.ts","C:\valente_conecta\node_modules\@fortawesome\free-solid-svg-icons"
"C:\valente_conecta\node_modules\@fortawesome\free-solid-svg-icons\faCircleHalfStroke.d.ts","faCircleHalfStroke.d.ts","C:\valente_conecta\node_modules\@fortawesome\free-solid-svg-icons"
"C:\valente_conecta\node_modules\@fortawesome\free-solid-svg-icons\faCircleInfo.d.ts","faCircleInfo.d.ts","C:\valente_conecta\node_modules\@fortawesome\free-solid-svg-icons"
"C:\valente_conecta\node_modules\@fortawesome\free-solid-svg-icons\faCircleLeft.d.ts","faCircleLeft.d.ts","C:\valente_conecta\node_modules\@fortawesome\free-solid-svg-icons"
"C:\valente_conecta\node_modules\@fortawesome\free-solid-svg-icons\faCircleMinus.d.ts","faCircleMinus.d.ts","C:\valente_conecta\node_modules\@fortawesome\free-solid-svg-icons"
"C:\valente_conecta\node_modules\@fortawesome\free-solid-svg-icons\faCircleNodes.d.ts","faCircleNodes.d.ts","C:\valente_conecta\node_modules\@fortawesome\free-solid-svg-icons"
"C:\valente_conecta\node_modules\@fortawesome\free-solid-svg-icons\faCircleNotch.d.ts","faCircleNotch.d.ts","C:\valente_conecta\node_modules\@fortawesome\free-solid-svg-icons"
"C:\valente_conecta\node_modules\@fortawesome\free-solid-svg-icons\faCirclePause.d.ts","faCirclePause.d.ts","C:\valente_conecta\node_modules\@fortawesome\free-solid-svg-icons"
"C:\valente_conecta\node_modules\@fortawesome\free-solid-svg-icons\faCirclePlay.d.ts","faCirclePlay.d.ts","C:\valente_conecta\node_modules\@fortawesome\free-solid-svg-icons"
"C:\valente_conecta\node_modules\@fortawesome\free-solid-svg-icons\faCirclePlus.d.ts","faCirclePlus.d.ts","C:\valente_conecta\node_modules\@fortawesome\free-solid-svg-icons"
"C:\valente_conecta\node_modules\@fortawesome\free-solid-svg-icons\faCircleQuestion.d.ts","faCircleQuestion.d.ts","C:\valente_conecta\node_modules\@fortawesome\free-solid-svg-icons"
"C:\valente_conecta\node_modules\@fortawesome\free-solid-svg-icons\faCircleRadiation.d.ts","faCircleRadiation.d.ts","C:\valente_conecta\node_modules\@fortawesome\free-solid-svg-icons"
"C:\valente_conecta\node_modules\@fortawesome\free-solid-svg-icons\faCircleRight.d.ts","faCircleRight.d.ts","C:\valente_conecta\node_modules\@fortawesome\free-solid-svg-icons"
"C:\valente_conecta\node_modules\@fortawesome\free-solid-svg-icons\faCircleStop.d.ts","faCircleStop.d.ts","C:\valente_conecta\node_modules\@fortawesome\free-solid-svg-icons"
"C:\valente_conecta\node_modules\@fortawesome\free-solid-svg-icons\faCircleUp.d.ts","faCircleUp.d.ts","C:\valente_conecta\node_modules\@fortawesome\free-solid-svg-icons"
"C:\valente_conecta\node_modules\@fortawesome\free-solid-svg-icons\faCircleUser.d.ts","faCircleUser.d.ts","C:\valente_conecta\node_modules\@fortawesome\free-solid-svg-icons"
"C:\valente_conecta\node_modules\@fortawesome\free-solid-svg-icons\faCircleXmark.d.ts","faCircleXmark.d.ts","C:\valente_conecta\node_modules\@fortawesome\free-solid-svg-icons"
"C:\valente_conecta\node_modules\@fortawesome\free-solid-svg-icons\faCity.d.ts","faCity.d.ts","C:\valente_conecta\node_modules\@fortawesome\free-solid-svg-icons"
"C:\valente_conecta\node_modules\@fortawesome\free-solid-svg-icons\faClapperboard.d.ts","faClapperboard.d.ts","C:\valente_conecta\node_modules\@fortawesome\free-solid-svg-icons"
"C:\valente_conecta\node_modules\@fortawesome\free-solid-svg-icons\faClinicMedical.d.ts","faClinicMedical.d.ts","C:\valente_conecta\node_modules\@fortawesome\free-solid-svg-icons"
"C:\valente_conecta\node_modules\@fortawesome\free-solid-svg-icons\faClipboard.d.ts","faClipboard.d.ts","C:\valente_conecta\node_modules\@fortawesome\free-solid-svg-icons"
"C:\valente_conecta\node_modules\@fortawesome\free-solid-svg-icons\faClipboardCheck.d.ts","faClipboardCheck.d.ts","C:\valente_conecta\node_modules\@fortawesome\free-solid-svg-icons"
"C:\valente_conecta\node_modules\@fortawesome\free-solid-svg-icons\faClipboardList.d.ts","faClipboardList.d.ts","C:\valente_conecta\node_modules\@fortawesome\free-solid-svg-icons"
"C:\valente_conecta\node_modules\@fortawesome\free-solid-svg-icons\faClipboardQuestion.d.ts","faClipboardQuestion.d.ts","C:\valente_conecta\node_modules\@fortawesome\free-solid-svg-icons"
"C:\valente_conecta\node_modules\@fortawesome\free-solid-svg-icons\faClipboardUser.d.ts","faClipboardUser.d.ts","C:\valente_conecta\node_modules\@fortawesome\free-solid-svg-icons"
"C:\valente_conecta\node_modules\@fortawesome\free-solid-svg-icons\faClock.d.ts","faClock.d.ts","C:\valente_conecta\node_modules\@fortawesome\free-solid-svg-icons"
"C:\valente_conecta\node_modules\@fortawesome\free-solid-svg-icons\faClockFour.d.ts","faClockFour.d.ts","C:\valente_conecta\node_modules\@fortawesome\free-solid-svg-icons"
"C:\valente_conecta\node_modules\@fortawesome\free-solid-svg-icons\faClockRotateLeft.d.ts","faClockRotateLeft.d.ts","C:\valente_conecta\node_modules\@fortawesome\free-solid-svg-icons"
"C:\valente_conecta\node_modules\@fortawesome\free-solid-svg-icons\faClone.d.ts","faClone.d.ts","C:\valente_conecta\node_modules\@fortawesome\free-solid-svg-icons"
"C:\valente_conecta\node_modules\@fortawesome\free-solid-svg-icons\faClose.d.ts","faClose.d.ts","C:\valente_conecta\node_modules\@fortawesome\free-solid-svg-icons"
"C:\valente_conecta\node_modules\@fortawesome\free-solid-svg-icons\faClosedCaptioning.d.ts","faClosedCaptioning.d.ts","C:\valente_conecta\node_modules\@fortawesome\free-solid-svg-icons"
"C:\valente_conecta\node_modules\@fortawesome\free-solid-svg-icons\faClosedCaptioningSlash.d.ts","faClosedCaptioningSlash.d.ts","C:\valente_conecta\node_modules\@fortawesome\free-solid-svg-icons"
"C:\valente_conecta\node_modules\@fortawesome\free-solid-svg-icons\faCloud.d.ts","faCloud.d.ts","C:\valente_conecta\node_modules\@fortawesome\free-solid-svg-icons"
"C:\valente_conecta\node_modules\@fortawesome\free-solid-svg-icons\faCloudArrowDown.d.ts","faCloudArrowDown.d.ts","C:\valente_conecta\node_modules\@fortawesome\free-solid-svg-icons"
"C:\valente_conecta\node_modules\@fortawesome\free-solid-svg-icons\faCloudArrowUp.d.ts","faCloudArrowUp.d.ts","C:\valente_conecta\node_modules\@fortawesome\free-solid-svg-icons"
"C:\valente_conecta\node_modules\@fortawesome\free-solid-svg-icons\faCloudBolt.d.ts","faCloudBolt.d.ts","C:\valente_conecta\node_modules\@fortawesome\free-solid-svg-icons"
"C:\valente_conecta\node_modules\@fortawesome\free-solid-svg-icons\faCloudDownload.d.ts","faCloudDownload.d.ts","C:\valente_conecta\node_modules\@fortawesome\free-solid-svg-icons"
"C:\valente_conecta\node_modules\@fortawesome\free-solid-svg-icons\faCloudDownloadAlt.d.ts","faCloudDownloadAlt.d.ts","C:\valente_conecta\node_modules\@fortawesome\free-solid-svg-icons"
"C:\valente_conecta\node_modules\@fortawesome\free-solid-svg-icons\faCloudMeatball.d.ts","faCloudMeatball.d.ts","C:\valente_conecta\node_modules\@fortawesome\free-solid-svg-icons"
"C:\valente_conecta\node_modules\@fortawesome\free-solid-svg-icons\faCloudMoon.d.ts","faCloudMoon.d.ts","C:\valente_conecta\node_modules\@fortawesome\free-solid-svg-icons"
"C:\valente_conecta\node_modules\@fortawesome\free-solid-svg-icons\faCloudMoonRain.d.ts","faCloudMoonRain.d.ts","C:\valente_conecta\node_modules\@fortawesome\free-solid-svg-icons"
"C:\valente_conecta\node_modules\@fortawesome\free-solid-svg-icons\faCloudRain.d.ts","faCloudRain.d.ts","C:\valente_conecta\node_modules\@fortawesome\free-solid-svg-icons"
"C:\valente_conecta\node_modules\@fortawesome\free-solid-svg-icons\faCloudShowersHeavy.d.ts","faCloudShowersHeavy.d.ts","C:\valente_conecta\node_modules\@fortawesome\free-solid-svg-icons"
"C:\valente_conecta\node_modules\@fortawesome\free-solid-svg-icons\faCloudShowersWater.d.ts","faCloudShowersWater.d.ts","C:\valente_conecta\node_modules\@fortawesome\free-solid-svg-icons"
"C:\valente_conecta\node_modules\@fortawesome\free-solid-svg-icons\faCloudSun.d.ts","faCloudSun.d.ts","C:\valente_conecta\node_modules\@fortawesome\free-solid-svg-icons"
"C:\valente_conecta\node_modules\@fortawesome\free-solid-svg-icons\faCloudSunRain.d.ts","faCloudSunRain.d.ts","C:\valente_conecta\node_modules\@fortawesome\free-solid-svg-icons"
"C:\valente_conecta\node_modules\@fortawesome\free-solid-svg-icons\faCloudUpload.d.ts","faCloudUpload.d.ts","C:\valente_conecta\node_modules\@fortawesome\free-solid-svg-icons"
"C:\valente_conecta\node_modules\@fortawesome\free-solid-svg-icons\faCloudUploadAlt.d.ts","faCloudUploadAlt.d.ts","C:\valente_conecta\node_modules\@fortawesome\free-solid-svg-icons"
"C:\valente_conecta\node_modules\@fortawesome\free-solid-svg-icons\faClover.d.ts","faClover.d.ts","C:\valente_conecta\node_modules\@fortawesome\free-solid-svg-icons"
"C:\valente_conecta\node_modules\@fortawesome\free-solid-svg-icons\faCny.d.ts","faCny.d.ts","C:\valente_conecta\node_modules\@fortawesome\free-solid-svg-icons"
"C:\valente_conecta\node_modules\@fortawesome\free-solid-svg-icons\faCocktail.d.ts","faCocktail.d.ts","C:\valente_conecta\node_modules\@fortawesome\free-solid-svg-icons"
"C:\valente_conecta\node_modules\@fortawesome\free-solid-svg-icons\faCode.d.ts","faCode.d.ts","C:\valente_conecta\node_modules\@fortawesome\free-solid-svg-icons"
"C:\valente_conecta\node_modules\@fortawesome\free-solid-svg-icons\faCodeBranch.d.ts","faCodeBranch.d.ts","C:\valente_conecta\node_modules\@fortawesome\free-solid-svg-icons"
"C:\valente_conecta\node_modules\@fortawesome\free-solid-svg-icons\faCodeCommit.d.ts","faCodeCommit.d.ts","C:\valente_conecta\node_modules\@fortawesome\free-solid-svg-icons"
"C:\valente_conecta\node_modules\@fortawesome\free-solid-svg-icons\faCodeCompare.d.ts","faCodeCompare.d.ts","C:\valente_conecta\node_modules\@fortawesome\free-solid-svg-icons"
"C:\valente_conecta\node_modules\@fortawesome\free-solid-svg-icons\faCodeFork.d.ts","faCodeFork.d.ts","C:\valente_conecta\node_modules\@fortawesome\free-solid-svg-icons"
"C:\valente_conecta\node_modules\@fortawesome\free-solid-svg-icons\faCodeMerge.d.ts","faCodeMerge.d.ts","C:\valente_conecta\node_modules\@fortawesome\free-solid-svg-icons"
"C:\valente_conecta\node_modules\@fortawesome\free-solid-svg-icons\faCodePullRequest.d.ts","faCodePullRequest.d.ts","C:\valente_conecta\node_modules\@fortawesome\free-solid-svg-icons"
"C:\valente_conecta\node_modules\@fortawesome\free-solid-svg-icons\faCoffee.d.ts","faCoffee.d.ts","C:\valente_conecta\node_modules\@fortawesome\free-solid-svg-icons"
"C:\valente_conecta\node_modules\@fortawesome\free-solid-svg-icons\faCog.d.ts","faCog.d.ts","C:\valente_conecta\node_modules\@fortawesome\free-solid-svg-icons"
"C:\valente_conecta\node_modules\@fortawesome\free-solid-svg-icons\faCogs.d.ts","faCogs.d.ts","C:\valente_conecta\node_modules\@fortawesome\free-solid-svg-icons"
"C:\valente_conecta\node_modules\@fortawesome\free-solid-svg-icons\faCoins.d.ts","faCoins.d.ts","C:\valente_conecta\node_modules\@fortawesome\free-solid-svg-icons"
"C:\valente_conecta\node_modules\@fortawesome\free-solid-svg-icons\faColonSign.d.ts","faColonSign.d.ts","C:\valente_conecta\node_modules\@fortawesome\free-solid-svg-icons"
"C:\valente_conecta\node_modules\@fortawesome\free-solid-svg-icons\faColumns.d.ts","faColumns.d.ts","C:\valente_conecta\node_modules\@fortawesome\free-solid-svg-icons"
"C:\valente_conecta\node_modules\@fortawesome\free-solid-svg-icons\faComment.d.ts","faComment.d.ts","C:\valente_conecta\node_modules\@fortawesome\free-solid-svg-icons"
"C:\valente_conecta\node_modules\@fortawesome\free-solid-svg-icons\faCommentAlt.d.ts","faCommentAlt.d.ts","C:\valente_conecta\node_modules\@fortawesome\free-solid-svg-icons"
"C:\valente_conecta\node_modules\@fortawesome\free-solid-svg-icons\faCommentDollar.d.ts","faCommentDollar.d.ts","C:\valente_conecta\node_modules\@fortawesome\free-solid-svg-icons"
"C:\valente_conecta\node_modules\@fortawesome\free-solid-svg-icons\faCommentDots.d.ts","faCommentDots.d.ts","C:\valente_conecta\node_modules\@fortawesome\free-solid-svg-icons"
"C:\valente_conecta\node_modules\@fortawesome\free-solid-svg-icons\faCommenting.d.ts","faCommenting.d.ts","C:\valente_conecta\node_modules\@fortawesome\free-solid-svg-icons"
"C:\valente_conecta\node_modules\@fortawesome\free-solid-svg-icons\faCommentMedical.d.ts","faCommentMedical.d.ts","C:\valente_conecta\node_modules\@fortawesome\free-solid-svg-icons"
"C:\valente_conecta\node_modules\@fortawesome\free-solid-svg-icons\faCommentNodes.d.ts","faCommentNodes.d.ts","C:\valente_conecta\node_modules\@fortawesome\free-solid-svg-icons"
"C:\valente_conecta\node_modules\@fortawesome\free-solid-svg-icons\faComments.d.ts","faComments.d.ts","C:\valente_conecta\node_modules\@fortawesome\free-solid-svg-icons"
"C:\valente_conecta\node_modules\@fortawesome\free-solid-svg-icons\faCommentsDollar.d.ts","faCommentsDollar.d.ts","C:\valente_conecta\node_modules\@fortawesome\free-solid-svg-icons"
"C:\valente_conecta\node_modules\@fortawesome\free-solid-svg-icons\faCommentSlash.d.ts","faCommentSlash.d.ts","C:\valente_conecta\node_modules\@fortawesome\free-solid-svg-icons"
"C:\valente_conecta\node_modules\@fortawesome\free-solid-svg-icons\faCommentSms.d.ts","faCommentSms.d.ts","C:\valente_conecta\node_modules\@fortawesome\free-solid-svg-icons"
"C:\valente_conecta\node_modules\@fortawesome\free-solid-svg-icons\faCompactDisc.d.ts","faCompactDisc.d.ts","C:\valente_conecta\node_modules\@fortawesome\free-solid-svg-icons"
"C:\valente_conecta\node_modules\@fortawesome\free-solid-svg-icons\faCompass.d.ts","faCompass.d.ts","C:\valente_conecta\node_modules\@fortawesome\free-solid-svg-icons"
"C:\valente_conecta\node_modules\@fortawesome\free-solid-svg-icons\faCompassDrafting.d.ts","faCompassDrafting.d.ts","C:\valente_conecta\node_modules\@fortawesome\free-solid-svg-icons"
"C:\valente_conecta\node_modules\@fortawesome\free-solid-svg-icons\faCompress.d.ts","faCompress.d.ts","C:\valente_conecta\node_modules\@fortawesome\free-solid-svg-icons"
"C:\valente_conecta\node_modules\@fortawesome\free-solid-svg-icons\faCompressAlt.d.ts","faCompressAlt.d.ts","C:\valente_conecta\node_modules\@fortawesome\free-solid-svg-icons"
"C:\valente_conecta\node_modules\@fortawesome\free-solid-svg-icons\faCompressArrowsAlt.d.ts","faCompressArrowsAlt.d.ts","C:\valente_conecta\node_modules\@fortawesome\free-solid-svg-icons"
"C:\valente_conecta\node_modules\@fortawesome\free-solid-svg-icons\faComputer.d.ts","faComputer.d.ts","C:\valente_conecta\node_modules\@fortawesome\free-solid-svg-icons"
"C:\valente_conecta\node_modules\@fortawesome\free-solid-svg-icons\faComputerMouse.d.ts","faComputerMouse.d.ts","C:\valente_conecta\node_modules\@fortawesome\free-solid-svg-icons"
"C:\valente_conecta\node_modules\@fortawesome\free-solid-svg-icons\faConciergeBell.d.ts","faConciergeBell.d.ts","C:\valente_conecta\node_modules\@fortawesome\free-solid-svg-icons"
"C:\valente_conecta\node_modules\@fortawesome\free-solid-svg-icons\faContactBook.d.ts","faContactBook.d.ts","C:\valente_conecta\node_modules\@fortawesome\free-solid-svg-icons"
"C:\valente_conecta\node_modules\@fortawesome\free-solid-svg-icons\faContactCard.d.ts","faContactCard.d.ts","C:\valente_conecta\node_modules\@fortawesome\free-solid-svg-icons"
"C:\valente_conecta\node_modules\@fortawesome\free-solid-svg-icons\faCookie.d.ts","faCookie.d.ts","C:\valente_conecta\node_modules\@fortawesome\free-solid-svg-icons"
"C:\valente_conecta\node_modules\@fortawesome\free-solid-svg-icons\faCookieBite.d.ts","faCookieBite.d.ts","C:\valente_conecta\node_modules\@fortawesome\free-solid-svg-icons"
"C:\valente_conecta\node_modules\@fortawesome\free-solid-svg-icons\faCopy.d.ts","faCopy.d.ts","C:\valente_conecta\node_modules\@fortawesome\free-solid-svg-icons"
"C:\valente_conecta\node_modules\@fortawesome\free-solid-svg-icons\faCopyright.d.ts","faCopyright.d.ts","C:\valente_conecta\node_modules\@fortawesome\free-solid-svg-icons"
"C:\valente_conecta\node_modules\@fortawesome\free-solid-svg-icons\faCouch.d.ts","faCouch.d.ts","C:\valente_conecta\node_modules\@fortawesome\free-solid-svg-icons"
"C:\valente_conecta\node_modules\@fortawesome\free-solid-svg-icons\faCow.d.ts","faCow.d.ts","C:\valente_conecta\node_modules\@fortawesome\free-solid-svg-icons"
"C:\valente_conecta\node_modules\@fortawesome\free-solid-svg-icons\faCreditCard.d.ts","faCreditCard.d.ts","C:\valente_conecta\node_modules\@fortawesome\free-solid-svg-icons"
"C:\valente_conecta\node_modules\@fortawesome\free-solid-svg-icons\faCreditCardAlt.d.ts","faCreditCardAlt.d.ts","C:\valente_conecta\node_modules\@fortawesome\free-solid-svg-icons"
"C:\valente_conecta\node_modules\@fortawesome\free-solid-svg-icons\faCrop.d.ts","faCrop.d.ts","C:\valente_conecta\node_modules\@fortawesome\free-solid-svg-icons"
"C:\valente_conecta\node_modules\@fortawesome\free-solid-svg-icons\faCropAlt.d.ts","faCropAlt.d.ts","C:\valente_conecta\node_modules\@fortawesome\free-solid-svg-icons"
"C:\valente_conecta\node_modules\@fortawesome\free-solid-svg-icons\faCropSimple.d.ts","faCropSimple.d.ts","C:\valente_conecta\node_modules\@fortawesome\free-solid-svg-icons"
"C:\valente_conecta\node_modules\@fortawesome\free-solid-svg-icons\faCross.d.ts","faCross.d.ts","C:\valente_conecta\node_modules\@fortawesome\free-solid-svg-icons"
"C:\valente_conecta\node_modules\@fortawesome\free-solid-svg-icons\faCrosshairs.d.ts","faCrosshairs.d.ts","C:\valente_conecta\node_modules\@fortawesome\free-solid-svg-icons"
"C:\valente_conecta\node_modules\@fortawesome\free-solid-svg-icons\faCrow.d.ts","faCrow.d.ts","C:\valente_conecta\node_modules\@fortawesome\free-solid-svg-icons"
"C:\valente_conecta\node_modules\@fortawesome\free-solid-svg-icons\faCrown.d.ts","faCrown.d.ts","C:\valente_conecta\node_modules\@fortawesome\free-solid-svg-icons"
"C:\valente_conecta\node_modules\@fortawesome\free-solid-svg-icons\faCrutch.d.ts","faCrutch.d.ts","C:\valente_conecta\node_modules\@fortawesome\free-solid-svg-icons"
"C:\valente_conecta\node_modules\@fortawesome\free-solid-svg-icons\faCruzeiroSign.d.ts","faCruzeiroSign.d.ts","C:\valente_conecta\node_modules\@fortawesome\free-solid-svg-icons"
"C:\valente_conecta\node_modules\@fortawesome\free-solid-svg-icons\faCube.d.ts","faCube.d.ts","C:\valente_conecta\node_modules\@fortawesome\free-solid-svg-icons"
"C:\valente_conecta\node_modules\@fortawesome\free-solid-svg-icons\faCubes.d.ts","faCubes.d.ts","C:\valente_conecta\node_modules\@fortawesome\free-solid-svg-icons"
"C:\valente_conecta\node_modules\@fortawesome\free-solid-svg-icons\faCubesStacked.d.ts","faCubesStacked.d.ts","C:\valente_conecta\node_modules\@fortawesome\free-solid-svg-icons"
"C:\valente_conecta\node_modules\@fortawesome\free-solid-svg-icons\faCut.d.ts","faCut.d.ts","C:\valente_conecta\node_modules\@fortawesome\free-solid-svg-icons"
"C:\valente_conecta\node_modules\@fortawesome\free-solid-svg-icons\faCutlery.d.ts","faCutlery.d.ts","C:\valente_conecta\node_modules\@fortawesome\free-solid-svg-icons"
"C:\valente_conecta\node_modules\@fortawesome\free-solid-svg-icons\faD.d.ts","faD.d.ts","C:\valente_conecta\node_modules\@fortawesome\free-solid-svg-icons"
"C:\valente_conecta\node_modules\@fortawesome\free-solid-svg-icons\faDashboard.d.ts","faDashboard.d.ts","C:\valente_conecta\node_modules\@fortawesome\free-solid-svg-icons"
"C:\valente_conecta\node_modules\@fortawesome\free-solid-svg-icons\faDatabase.d.ts","faDatabase.d.ts","C:\valente_conecta\node_modules\@fortawesome\free-solid-svg-icons"
"C:\valente_conecta\node_modules\@fortawesome\free-solid-svg-icons\faDeaf.d.ts","faDeaf.d.ts","C:\valente_conecta\node_modules\@fortawesome\free-solid-svg-icons"
"C:\valente_conecta\node_modules\@fortawesome\free-solid-svg-icons\faDeafness.d.ts","faDeafness.d.ts","C:\valente_conecta\node_modules\@fortawesome\free-solid-svg-icons"
"C:\valente_conecta\node_modules\@fortawesome\free-solid-svg-icons\faDedent.d.ts","faDedent.d.ts","C:\valente_conecta\node_modules\@fortawesome\free-solid-svg-icons"
"C:\valente_conecta\node_modules\@fortawesome\free-solid-svg-icons\faDeleteLeft.d.ts","faDeleteLeft.d.ts","C:\valente_conecta\node_modules\@fortawesome\free-solid-svg-icons"
"C:\valente_conecta\node_modules\@fortawesome\free-solid-svg-icons\faDemocrat.d.ts","faDemocrat.d.ts","C:\valente_conecta\node_modules\@fortawesome\free-solid-svg-icons"
"C:\valente_conecta\node_modules\@fortawesome\free-solid-svg-icons\faDesktop.d.ts","faDesktop.d.ts","C:\valente_conecta\node_modules\@fortawesome\free-solid-svg-icons"
"C:\valente_conecta\node_modules\@fortawesome\free-solid-svg-icons\faDesktopAlt.d.ts","faDesktopAlt.d.ts","C:\valente_conecta\node_modules\@fortawesome\free-solid-svg-icons"
"C:\valente_conecta\node_modules\@fortawesome\free-solid-svg-icons\faDharmachakra.d.ts","faDharmachakra.d.ts","C:\valente_conecta\node_modules\@fortawesome\free-solid-svg-icons"
"C:\valente_conecta\node_modules\@fortawesome\free-solid-svg-icons\faDiagnoses.d.ts","faDiagnoses.d.ts","C:\valente_conecta\node_modules\@fortawesome\free-solid-svg-icons"
"C:\valente_conecta\node_modules\@fortawesome\free-solid-svg-icons\faDiagramNext.d.ts","faDiagramNext.d.ts","C:\valente_conecta\node_modules\@fortawesome\free-solid-svg-icons"
"C:\valente_conecta\node_modules\@fortawesome\free-solid-svg-icons\faDiagramPredecessor.d.ts","faDiagramPredecessor.d.ts","C:\valente_conecta\node_modules\@fortawesome\free-solid-svg-icons"
"C:\valente_conecta\node_modules\@fortawesome\free-solid-svg-icons\faDiagramProject.d.ts","faDiagramProject.d.ts","C:\valente_conecta\node_modules\@fortawesome\free-solid-svg-icons"
"C:\valente_conecta\node_modules\@fortawesome\free-solid-svg-icons\faDiagramSuccessor.d.ts","faDiagramSuccessor.d.ts","C:\valente_conecta\node_modules\@fortawesome\free-solid-svg-icons"
"C:\valente_conecta\node_modules\@fortawesome\free-solid-svg-icons\faDiamond.d.ts","faDiamond.d.ts","C:\valente_conecta\node_modules\@fortawesome\free-solid-svg-icons"
"C:\valente_conecta\node_modules\@fortawesome\free-solid-svg-icons\faDiamondTurnRight.d.ts","faDiamondTurnRight.d.ts","C:\valente_conecta\node_modules\@fortawesome\free-solid-svg-icons"
"C:\valente_conecta\node_modules\@fortawesome\free-solid-svg-icons\faDice.d.ts","faDice.d.ts","C:\valente_conecta\node_modules\@fortawesome\free-solid-svg-icons"
"C:\valente_conecta\node_modules\@fortawesome\free-solid-svg-icons\faDiceD20.d.ts","faDiceD20.d.ts","C:\valente_conecta\node_modules\@fortawesome\free-solid-svg-icons"
"C:\valente_conecta\node_modules\@fortawesome\free-solid-svg-icons\faDiceD6.d.ts","faDiceD6.d.ts","C:\valente_conecta\node_modules\@fortawesome\free-solid-svg-icons"
"C:\valente_conecta\node_modules\@fortawesome\free-solid-svg-icons\faDiceFive.d.ts","faDiceFive.d.ts","C:\valente_conecta\node_modules\@fortawesome\free-solid-svg-icons"
"C:\valente_conecta\node_modules\@fortawesome\free-solid-svg-icons\faDiceFour.d.ts","faDiceFour.d.ts","C:\valente_conecta\node_modules\@fortawesome\free-solid-svg-icons"
"C:\valente_conecta\node_modules\@fortawesome\free-solid-svg-icons\faDiceOne.d.ts","faDiceOne.d.ts","C:\valente_conecta\node_modules\@fortawesome\free-solid-svg-icons"
"C:\valente_conecta\node_modules\@fortawesome\free-solid-svg-icons\faDiceSix.d.ts","faDiceSix.d.ts","C:\valente_conecta\node_modules\@fortawesome\free-solid-svg-icons"
"C:\valente_conecta\node_modules\@fortawesome\free-solid-svg-icons\faDiceThree.d.ts","faDiceThree.d.ts","C:\valente_conecta\node_modules\@fortawesome\free-solid-svg-icons"
"C:\valente_conecta\node_modules\@fortawesome\free-solid-svg-icons\faDiceTwo.d.ts","faDiceTwo.d.ts","C:\valente_conecta\node_modules\@fortawesome\free-solid-svg-icons"
"C:\valente_conecta\node_modules\@fortawesome\free-solid-svg-icons\faDigging.d.ts","faDigging.d.ts","C:\valente_conecta\node_modules\@fortawesome\free-solid-svg-icons"
"C:\valente_conecta\node_modules\@fortawesome\free-solid-svg-icons\faDigitalTachograph.d.ts","faDigitalTachograph.d.ts","C:\valente_conecta\node_modules\@fortawesome\free-solid-svg-icons"
"C:\valente_conecta\node_modules\@fortawesome\free-solid-svg-icons\faDirections.d.ts","faDirections.d.ts","C:\valente_conecta\node_modules\@fortawesome\free-solid-svg-icons"
"C:\valente_conecta\node_modules\@fortawesome\free-solid-svg-icons\faDisease.d.ts","faDisease.d.ts","C:\valente_conecta\node_modules\@fortawesome\free-solid-svg-icons"
"C:\valente_conecta\node_modules\@fortawesome\free-solid-svg-icons\faDisplay.d.ts","faDisplay.d.ts","C:\valente_conecta\node_modules\@fortawesome\free-solid-svg-icons"
"C:\valente_conecta\node_modules\@fortawesome\free-solid-svg-icons\faDivide.d.ts","faDivide.d.ts","C:\valente_conecta\node_modules\@fortawesome\free-solid-svg-icons"
"C:\valente_conecta\node_modules\@fortawesome\free-solid-svg-icons\faDizzy.d.ts","faDizzy.d.ts","C:\valente_conecta\node_modules\@fortawesome\free-solid-svg-icons"
"C:\valente_conecta\node_modules\@fortawesome\free-solid-svg-icons\faDna.d.ts","faDna.d.ts","C:\valente_conecta\node_modules\@fortawesome\free-solid-svg-icons"
"C:\valente_conecta\node_modules\@fortawesome\free-solid-svg-icons\faDog.d.ts","faDog.d.ts","C:\valente_conecta\node_modules\@fortawesome\free-solid-svg-icons"
"C:\valente_conecta\node_modules\@fortawesome\free-solid-svg-icons\faDollar.d.ts","faDollar.d.ts","C:\valente_conecta\node_modules\@fortawesome\free-solid-svg-icons"
"C:\valente_conecta\node_modules\@fortawesome\free-solid-svg-icons\faDollarSign.d.ts","faDollarSign.d.ts","C:\valente_conecta\node_modules\@fortawesome\free-solid-svg-icons"
"C:\valente_conecta\node_modules\@fortawesome\free-solid-svg-icons\faDolly.d.ts","faDolly.d.ts","C:\valente_conecta\node_modules\@fortawesome\free-solid-svg-icons"
"C:\valente_conecta\node_modules\@fortawesome\free-solid-svg-icons\faDollyBox.d.ts","faDollyBox.d.ts","C:\valente_conecta\node_modules\@fortawesome\free-solid-svg-icons"
"C:\valente_conecta\node_modules\@fortawesome\free-solid-svg-icons\faDollyFlatbed.d.ts","faDollyFlatbed.d.ts","C:\valente_conecta\node_modules\@fortawesome\free-solid-svg-icons"
"C:\valente_conecta\node_modules\@fortawesome\free-solid-svg-icons\faDonate.d.ts","faDonate.d.ts","C:\valente_conecta\node_modules\@fortawesome\free-solid-svg-icons"
"C:\valente_conecta\node_modules\@fortawesome\free-solid-svg-icons\faDongSign.d.ts","faDongSign.d.ts","C:\valente_conecta\node_modules\@fortawesome\free-solid-svg-icons"
"C:\valente_conecta\node_modules\@fortawesome\free-solid-svg-icons\faDoorClosed.d.ts","faDoorClosed.d.ts","C:\valente_conecta\node_modules\@fortawesome\free-solid-svg-icons"
"C:\valente_conecta\node_modules\@fortawesome\free-solid-svg-icons\faDoorOpen.d.ts","faDoorOpen.d.ts","C:\valente_conecta\node_modules\@fortawesome\free-solid-svg-icons"
"C:\valente_conecta\node_modules\@fortawesome\free-solid-svg-icons\faDotCircle.d.ts","faDotCircle.d.ts","C:\valente_conecta\node_modules\@fortawesome\free-solid-svg-icons"
"C:\valente_conecta\node_modules\@fortawesome\free-solid-svg-icons\faDove.d.ts","faDove.d.ts","C:\valente_conecta\node_modules\@fortawesome\free-solid-svg-icons"
"C:\valente_conecta\node_modules\@fortawesome\free-solid-svg-icons\faDownLeftAndUpRightToCenter.d.ts","faDownLeftAndUpRightToCenter.d.ts","C:\valente_conecta\node_modules\@fortawesome\free-solid-svg-icons"
"C:\valente_conecta\node_modules\@fortawesome\free-solid-svg-icons\faDownload.d.ts","faDownload.d.ts","C:\valente_conecta\node_modules\@fortawesome\free-solid-svg-icons"
"C:\valente_conecta\node_modules\@fortawesome\free-solid-svg-icons\faDownLong.d.ts","faDownLong.d.ts","C:\valente_conecta\node_modules\@fortawesome\free-solid-svg-icons"
"C:\valente_conecta\node_modules\@fortawesome\free-solid-svg-icons\faDraftingCompass.d.ts","faDraftingCompass.d.ts","C:\valente_conecta\node_modules\@fortawesome\free-solid-svg-icons"
"C:\valente_conecta\node_modules\@fortawesome\free-solid-svg-icons\faDragon.d.ts","faDragon.d.ts","C:\valente_conecta\node_modules\@fortawesome\free-solid-svg-icons"
"C:\valente_conecta\node_modules\@fortawesome\free-solid-svg-icons\faDrawPolygon.d.ts","faDrawPolygon.d.ts","C:\valente_conecta\node_modules\@fortawesome\free-solid-svg-icons"
"C:\valente_conecta\node_modules\@fortawesome\free-solid-svg-icons\faDriversLicense.d.ts","faDriversLicense.d.ts","C:\valente_conecta\node_modules\@fortawesome\free-solid-svg-icons"
"C:\valente_conecta\node_modules\@fortawesome\free-solid-svg-icons\faDroplet.d.ts","faDroplet.d.ts","C:\valente_conecta\node_modules\@fortawesome\free-solid-svg-icons"
"C:\valente_conecta\node_modules\@fortawesome\free-solid-svg-icons\faDropletSlash.d.ts","faDropletSlash.d.ts","C:\valente_conecta\node_modules\@fortawesome\free-solid-svg-icons"
"C:\valente_conecta\node_modules\@fortawesome\free-solid-svg-icons\faDrum.d.ts","faDrum.d.ts","C:\valente_conecta\node_modules\@fortawesome\free-solid-svg-icons"
"C:\valente_conecta\node_modules\@fortawesome\free-solid-svg-icons\faDrumSteelpan.d.ts","faDrumSteelpan.d.ts","C:\valente_conecta\node_modules\@fortawesome\free-solid-svg-icons"
"C:\valente_conecta\node_modules\@fortawesome\free-solid-svg-icons\faDrumstickBite.d.ts","faDrumstickBite.d.ts","C:\valente_conecta\node_modules\@fortawesome\free-solid-svg-icons"
"C:\valente_conecta\node_modules\@fortawesome\free-solid-svg-icons\faDumbbell.d.ts","faDumbbell.d.ts","C:\valente_conecta\node_modules\@fortawesome\free-solid-svg-icons"
"C:\valente_conecta\node_modules\@fortawesome\free-solid-svg-icons\faDumpster.d.ts","faDumpster.d.ts","C:\valente_conecta\node_modules\@fortawesome\free-solid-svg-icons"
"C:\valente_conecta\node_modules\@fortawesome\free-solid-svg-icons\faDumpsterFire.d.ts","faDumpsterFire.d.ts","C:\valente_conecta\node_modules\@fortawesome\free-solid-svg-icons"
"C:\valente_conecta\node_modules\@fortawesome\free-solid-svg-icons\faDungeon.d.ts","faDungeon.d.ts","C:\valente_conecta\node_modules\@fortawesome\free-solid-svg-icons"
"C:\valente_conecta\node_modules\@fortawesome\free-solid-svg-icons\faE.d.ts","faE.d.ts","C:\valente_conecta\node_modules\@fortawesome\free-solid-svg-icons"
"C:\valente_conecta\node_modules\@fortawesome\free-solid-svg-icons\faEarDeaf.d.ts","faEarDeaf.d.ts","C:\valente_conecta\node_modules\@fortawesome\free-solid-svg-icons"
"C:\valente_conecta\node_modules\@fortawesome\free-solid-svg-icons\faEarListen.d.ts","faEarListen.d.ts","C:\valente_conecta\node_modules\@fortawesome\free-solid-svg-icons"
"C:\valente_conecta\node_modules\@fortawesome\free-solid-svg-icons\faEarth.d.ts","faEarth.d.ts","C:\valente_conecta\node_modules\@fortawesome\free-solid-svg-icons"
"C:\valente_conecta\node_modules\@fortawesome\free-solid-svg-icons\faEarthAfrica.d.ts","faEarthAfrica.d.ts","C:\valente_conecta\node_modules\@fortawesome\free-solid-svg-icons"
"C:\valente_conecta\node_modules\@fortawesome\free-solid-svg-icons\faEarthAmerica.d.ts","faEarthAmerica.d.ts","C:\valente_conecta\node_modules\@fortawesome\free-solid-svg-icons"
"C:\valente_conecta\node_modules\@fortawesome\free-solid-svg-icons\faEarthAmericas.d.ts","faEarthAmericas.d.ts","C:\valente_conecta\node_modules\@fortawesome\free-solid-svg-icons"
"C:\valente_conecta\node_modules\@fortawesome\free-solid-svg-icons\faEarthAsia.d.ts","faEarthAsia.d.ts","C:\valente_conecta\node_modules\@fortawesome\free-solid-svg-icons"
"C:\valente_conecta\node_modules\@fortawesome\free-solid-svg-icons\faEarthEurope.d.ts","faEarthEurope.d.ts","C:\valente_conecta\node_modules\@fortawesome\free-solid-svg-icons"
"C:\valente_conecta\node_modules\@fortawesome\free-solid-svg-icons\faEarthOceania.d.ts","faEarthOceania.d.ts","C:\valente_conecta\node_modules\@fortawesome\free-solid-svg-icons"
"C:\valente_conecta\node_modules\@fortawesome\free-solid-svg-icons\faEdit.d.ts","faEdit.d.ts","C:\valente_conecta\node_modules\@fortawesome\free-solid-svg-icons"
"C:\valente_conecta\node_modules\@fortawesome\free-solid-svg-icons\faEgg.d.ts","faEgg.d.ts","C:\valente_conecta\node_modules\@fortawesome\free-solid-svg-icons"
"C:\valente_conecta\node_modules\@fortawesome\free-solid-svg-icons\faEject.d.ts","faEject.d.ts","C:\valente_conecta\node_modules\@fortawesome\free-solid-svg-icons"
"C:\valente_conecta\node_modules\@fortawesome\free-solid-svg-icons\faElevator.d.ts","faElevator.d.ts","C:\valente_conecta\node_modules\@fortawesome\free-solid-svg-icons"
"C:\valente_conecta\node_modules\@fortawesome\free-solid-svg-icons\faEllipsis.d.ts","faEllipsis.d.ts","C:\valente_conecta\node_modules\@fortawesome\free-solid-svg-icons"
"C:\valente_conecta\node_modules\@fortawesome\free-solid-svg-icons\faEllipsisH.d.ts","faEllipsisH.d.ts","C:\valente_conecta\node_modules\@fortawesome\free-solid-svg-icons"
"C:\valente_conecta\node_modules\@fortawesome\free-solid-svg-icons\faEllipsisV.d.ts","faEllipsisV.d.ts","C:\valente_conecta\node_modules\@fortawesome\free-solid-svg-icons"
"C:\valente_conecta\node_modules\@fortawesome\free-solid-svg-icons\faEllipsisVertical.d.ts","faEllipsisVertical.d.ts","C:\valente_conecta\node_modules\@fortawesome\free-solid-svg-icons"
"C:\valente_conecta\node_modules\@fortawesome\free-solid-svg-icons\faEnvelope.d.ts","faEnvelope.d.ts","C:\valente_conecta\node_modules\@fortawesome\free-solid-svg-icons"
"C:\valente_conecta\node_modules\@fortawesome\free-solid-svg-icons\faEnvelopeCircleCheck.d.ts","faEnvelopeCircleCheck.d.ts","C:\valente_conecta\node_modules\@fortawesome\free-solid-svg-icons"
"C:\valente_conecta\node_modules\@fortawesome\free-solid-svg-icons\faEnvelopeOpen.d.ts","faEnvelopeOpen.d.ts","C:\valente_conecta\node_modules\@fortawesome\free-solid-svg-icons"
"C:\valente_conecta\node_modules\@fortawesome\free-solid-svg-icons\faEnvelopeOpenText.d.ts","faEnvelopeOpenText.d.ts","C:\valente_conecta\node_modules\@fortawesome\free-solid-svg-icons"
"C:\valente_conecta\node_modules\@fortawesome\free-solid-svg-icons\faEnvelopesBulk.d.ts","faEnvelopesBulk.d.ts","C:\valente_conecta\node_modules\@fortawesome\free-solid-svg-icons"
"C:\valente_conecta\node_modules\@fortawesome\free-solid-svg-icons\faEnvelopeSquare.d.ts","faEnvelopeSquare.d.ts","C:\valente_conecta\node_modules\@fortawesome\free-solid-svg-icons"
"C:\valente_conecta\node_modules\@fortawesome\free-solid-svg-icons\faEquals.d.ts","faEquals.d.ts","C:\valente_conecta\node_modules\@fortawesome\free-solid-svg-icons"
"C:\valente_conecta\node_modules\@fortawesome\free-solid-svg-icons\faEraser.d.ts","faEraser.d.ts","C:\valente_conecta\node_modules\@fortawesome\free-solid-svg-icons"
"C:\valente_conecta\node_modules\@fortawesome\free-solid-svg-icons\faEthernet.d.ts","faEthernet.d.ts","C:\valente_conecta\node_modules\@fortawesome\free-solid-svg-icons"
"C:\valente_conecta\node_modules\@fortawesome\free-solid-svg-icons\faEur.d.ts","faEur.d.ts","C:\valente_conecta\node_modules\@fortawesome\free-solid-svg-icons"
"C:\valente_conecta\node_modules\@fortawesome\free-solid-svg-icons\faEuro.d.ts","faEuro.d.ts","C:\valente_conecta\node_modules\@fortawesome\free-solid-svg-icons"
"C:\valente_conecta\node_modules\@fortawesome\free-solid-svg-icons\faEuroSign.d.ts","faEuroSign.d.ts","C:\valente_conecta\node_modules\@fortawesome\free-solid-svg-icons"
"C:\valente_conecta\node_modules\@fortawesome\free-solid-svg-icons\faExchange.d.ts","faExchange.d.ts","C:\valente_conecta\node_modules\@fortawesome\free-solid-svg-icons"
"C:\valente_conecta\node_modules\@fortawesome\free-solid-svg-icons\faExchangeAlt.d.ts","faExchangeAlt.d.ts","C:\valente_conecta\node_modules\@fortawesome\free-solid-svg-icons"
"C:\valente_conecta\node_modules\@fortawesome\free-solid-svg-icons\faExclamation.d.ts","faExclamation.d.ts","C:\valente_conecta\node_modules\@fortawesome\free-solid-svg-icons"
"C:\valente_conecta\node_modules\@fortawesome\free-solid-svg-icons\faExclamationCircle.d.ts","faExclamationCircle.d.ts","C:\valente_conecta\node_modules\@fortawesome\free-solid-svg-icons"
"C:\valente_conecta\node_modules\@fortawesome\free-solid-svg-icons\faExclamationTriangle.d.ts","faExclamationTriangle.d.ts","C:\valente_conecta\node_modules\@fortawesome\free-solid-svg-icons"
"C:\valente_conecta\node_modules\@fortawesome\free-solid-svg-icons\faExpand.d.ts","faExpand.d.ts","C:\valente_conecta\node_modules\@fortawesome\free-solid-svg-icons"
"C:\valente_conecta\node_modules\@fortawesome\free-solid-svg-icons\faExpandAlt.d.ts","faExpandAlt.d.ts","C:\valente_conecta\node_modules\@fortawesome\free-solid-svg-icons"
"C:\valente_conecta\node_modules\@fortawesome\free-solid-svg-icons\faExpandArrowsAlt.d.ts","faExpandArrowsAlt.d.ts","C:\valente_conecta\node_modules\@fortawesome\free-solid-svg-icons"
"C:\valente_conecta\node_modules\@fortawesome\free-solid-svg-icons\faExplosion.d.ts","faExplosion.d.ts","C:\valente_conecta\node_modules\@fortawesome\free-solid-svg-icons"
"C:\valente_conecta\node_modules\@fortawesome\free-solid-svg-icons\faExternalLink.d.ts","faExternalLink.d.ts","C:\valente_conecta\node_modules\@fortawesome\free-solid-svg-icons"
"C:\valente_conecta\node_modules\@fortawesome\free-solid-svg-icons\faExternalLinkAlt.d.ts","faExternalLinkAlt.d.ts","C:\valente_conecta\node_modules\@fortawesome\free-solid-svg-icons"
"C:\valente_conecta\node_modules\@fortawesome\free-solid-svg-icons\faExternalLinkSquare.d.ts","faExternalLinkSquare.d.ts","C:\valente_conecta\node_modules\@fortawesome\free-solid-svg-icons"
"C:\valente_conecta\node_modules\@fortawesome\free-solid-svg-icons\faExternalLinkSquareAlt.d.ts","faExternalLinkSquareAlt.d.ts","C:\valente_conecta\node_modules\@fortawesome\free-solid-svg-icons"
"C:\valente_conecta\node_modules\@fortawesome\free-solid-svg-icons\faEye.d.ts","faEye.d.ts","C:\valente_conecta\node_modules\@fortawesome\free-solid-svg-icons"
"C:\valente_conecta\node_modules\@fortawesome\free-solid-svg-icons\faEyeDropper.d.ts","faEyeDropper.d.ts","C:\valente_conecta\node_modules\@fortawesome\free-solid-svg-icons"
"C:\valente_conecta\node_modules\@fortawesome\free-solid-svg-icons\faEyeDropperEmpty.d.ts","faEyeDropperEmpty.d.ts","C:\valente_conecta\node_modules\@fortawesome\free-solid-svg-icons"
"C:\valente_conecta\node_modules\@fortawesome\free-solid-svg-icons\faEyeLowVision.d.ts","faEyeLowVision.d.ts","C:\valente_conecta\node_modules\@fortawesome\free-solid-svg-icons"
"C:\valente_conecta\node_modules\@fortawesome\free-solid-svg-icons\faEyeSlash.d.ts","faEyeSlash.d.ts","C:\valente_conecta\node_modules\@fortawesome\free-solid-svg-icons"
"C:\valente_conecta\node_modules\@fortawesome\free-solid-svg-icons\faF.d.ts","faF.d.ts","C:\valente_conecta\node_modules\@fortawesome\free-solid-svg-icons"
"C:\valente_conecta\node_modules\@fortawesome\free-solid-svg-icons\faFaceAngry.d.ts","faFaceAngry.d.ts","C:\valente_conecta\node_modules\@fortawesome\free-solid-svg-icons"
"C:\valente_conecta\node_modules\@fortawesome\free-solid-svg-icons\faFaceDizzy.d.ts","faFaceDizzy.d.ts","C:\valente_conecta\node_modules\@fortawesome\free-solid-svg-icons"
"C:\valente_conecta\node_modules\@fortawesome\free-solid-svg-icons\faFaceFlushed.d.ts","faFaceFlushed.d.ts","C:\valente_conecta\node_modules\@fortawesome\free-solid-svg-icons"
"C:\valente_conecta\node_modules\@fortawesome\free-solid-svg-icons\faFaceFrown.d.ts","faFaceFrown.d.ts","C:\valente_conecta\node_modules\@fortawesome\free-solid-svg-icons"
"C:\valente_conecta\node_modules\@fortawesome\free-solid-svg-icons\faFaceFrownOpen.d.ts","faFaceFrownOpen.d.ts","C:\valente_conecta\node_modules\@fortawesome\free-solid-svg-icons"
"C:\valente_conecta\node_modules\@fortawesome\free-solid-svg-icons\faFaceGrimace.d.ts","faFaceGrimace.d.ts","C:\valente_conecta\node_modules\@fortawesome\free-solid-svg-icons"
"C:\valente_conecta\node_modules\@fortawesome\free-solid-svg-icons\faFaceGrin.d.ts","faFaceGrin.d.ts","C:\valente_conecta\node_modules\@fortawesome\free-solid-svg-icons"
"C:\valente_conecta\node_modules\@fortawesome\free-solid-svg-icons\faFaceGrinBeam.d.ts","faFaceGrinBeam.d.ts","C:\valente_conecta\node_modules\@fortawesome\free-solid-svg-icons"
"C:\valente_conecta\node_modules\@fortawesome\free-solid-svg-icons\faFaceGrinBeamSweat.d.ts","faFaceGrinBeamSweat.d.ts","C:\valente_conecta\node_modules\@fortawesome\free-solid-svg-icons"
"C:\valente_conecta\node_modules\@fortawesome\free-solid-svg-icons\faFaceGrinHearts.d.ts","faFaceGrinHearts.d.ts","C:\valente_conecta\node_modules\@fortawesome\free-solid-svg-icons"
"C:\valente_conecta\node_modules\@fortawesome\free-solid-svg-icons\faFaceGrinSquint.d.ts","faFaceGrinSquint.d.ts","C:\valente_conecta\node_modules\@fortawesome\free-solid-svg-icons"
"C:\valente_conecta\node_modules\@fortawesome\free-solid-svg-icons\faFaceGrinSquintTears.d.ts","faFaceGrinSquintTears.d.ts","C:\valente_conecta\node_modules\@fortawesome\free-solid-svg-icons"
"C:\valente_conecta\node_modules\@fortawesome\free-solid-svg-icons\faFaceGrinStars.d.ts","faFaceGrinStars.d.ts","C:\valente_conecta\node_modules\@fortawesome\free-solid-svg-icons"
"C:\valente_conecta\node_modules\@fortawesome\free-solid-svg-icons\faFaceGrinTears.d.ts","faFaceGrinTears.d.ts","C:\valente_conecta\node_modules\@fortawesome\free-solid-svg-icons"
"C:\valente_conecta\node_modules\@fortawesome\free-solid-svg-icons\faFaceGrinTongue.d.ts","faFaceGrinTongue.d.ts","C:\valente_conecta\node_modules\@fortawesome\free-solid-svg-icons"
"C:\valente_conecta\node_modules\@fortawesome\free-solid-svg-icons\faFaceGrinTongueSquint.d.ts","faFaceGrinTongueSquint.d.ts","C:\valente_conecta\node_modules\@fortawesome\free-solid-svg-icons"
"C:\valente_conecta\node_modules\@fortawesome\free-solid-svg-icons\faFaceGrinTongueWink.d.ts","faFaceGrinTongueWink.d.ts","C:\valente_conecta\node_modules\@fortawesome\free-solid-svg-icons"
"C:\valente_conecta\node_modules\@fortawesome\free-solid-svg-icons\faFaceGrinWide.d.ts","faFaceGrinWide.d.ts","C:\valente_conecta\node_modules\@fortawesome\free-solid-svg-icons"
"C:\valente_conecta\node_modules\@fortawesome\free-solid-svg-icons\faFaceGrinWink.d.ts","faFaceGrinWink.d.ts","C:\valente_conecta\node_modules\@fortawesome\free-solid-svg-icons"
"C:\valente_conecta\node_modules\@fortawesome\free-solid-svg-icons\faFaceKiss.d.ts","faFaceKiss.d.ts","C:\valente_conecta\node_modules\@fortawesome\free-solid-svg-icons"
"C:\valente_conecta\node_modules\@fortawesome\free-solid-svg-icons\faFaceKissBeam.d.ts","faFaceKissBeam.d.ts","C:\valente_conecta\node_modules\@fortawesome\free-solid-svg-icons"
"C:\valente_conecta\node_modules\@fortawesome\free-solid-svg-icons\faFaceKissWinkHeart.d.ts","faFaceKissWinkHeart.d.ts","C:\valente_conecta\node_modules\@fortawesome\free-solid-svg-icons"
"C:\valente_conecta\node_modules\@fortawesome\free-solid-svg-icons\faFaceLaugh.d.ts","faFaceLaugh.d.ts","C:\valente_conecta\node_modules\@fortawesome\free-solid-svg-icons"
"C:\valente_conecta\node_modules\@fortawesome\free-solid-svg-icons\faFaceLaughBeam.d.ts","faFaceLaughBeam.d.ts","C:\valente_conecta\node_modules\@fortawesome\free-solid-svg-icons"
"C:\valente_conecta\node_modules\@fortawesome\free-solid-svg-icons\faFaceLaughSquint.d.ts","faFaceLaughSquint.d.ts","C:\valente_conecta\node_modules\@fortawesome\free-solid-svg-icons"
"C:\valente_conecta\node_modules\@fortawesome\free-solid-svg-icons\faFaceLaughWink.d.ts","faFaceLaughWink.d.ts","C:\valente_conecta\node_modules\@fortawesome\free-solid-svg-icons"
"C:\valente_conecta\node_modules\@fortawesome\free-solid-svg-icons\faFaceMeh.d.ts","faFaceMeh.d.ts","C:\valente_conecta\node_modules\@fortawesome\free-solid-svg-icons"
"C:\valente_conecta\node_modules\@fortawesome\free-solid-svg-icons\faFaceMehBlank.d.ts","faFaceMehBlank.d.ts","C:\valente_conecta\node_modules\@fortawesome\free-solid-svg-icons"
"C:\valente_conecta\node_modules\@fortawesome\free-solid-svg-icons\faFaceRollingEyes.d.ts","faFaceRollingEyes.d.ts","C:\valente_conecta\node_modules\@fortawesome\free-solid-svg-icons"
"C:\valente_conecta\node_modules\@fortawesome\free-solid-svg-icons\faFaceSadCry.d.ts","faFaceSadCry.d.ts","C:\valente_conecta\node_modules\@fortawesome\free-solid-svg-icons"
"C:\valente_conecta\node_modules\@fortawesome\free-solid-svg-icons\faFaceSadTear.d.ts","faFaceSadTear.d.ts","C:\valente_conecta\node_modules\@fortawesome\free-solid-svg-icons"
"C:\valente_conecta\node_modules\@fortawesome\free-solid-svg-icons\faFaceSmile.d.ts","faFaceSmile.d.ts","C:\valente_conecta\node_modules\@fortawesome\free-solid-svg-icons"
"C:\valente_conecta\node_modules\@fortawesome\free-solid-svg-icons\faFaceSmileBeam.d.ts","faFaceSmileBeam.d.ts","C:\valente_conecta\node_modules\@fortawesome\free-solid-svg-icons"
"C:\valente_conecta\node_modules\@fortawesome\free-solid-svg-icons\faFaceSmileWink.d.ts","faFaceSmileWink.d.ts","C:\valente_conecta\node_modules\@fortawesome\free-solid-svg-icons"
"C:\valente_conecta\node_modules\@fortawesome\free-solid-svg-icons\faFaceSurprise.d.ts","faFaceSurprise.d.ts","C:\valente_conecta\node_modules\@fortawesome\free-solid-svg-icons"
"C:\valente_conecta\node_modules\@fortawesome\free-solid-svg-icons\faFaceTired.d.ts","faFaceTired.d.ts","C:\valente_conecta\node_modules\@fortawesome\free-solid-svg-icons"
"C:\valente_conecta\node_modules\@fortawesome\free-solid-svg-icons\faFan.d.ts","faFan.d.ts","C:\valente_conecta\node_modules\@fortawesome\free-solid-svg-icons"
"C:\valente_conecta\node_modules\@fortawesome\free-solid-svg-icons\faFastBackward.d.ts","faFastBackward.d.ts","C:\valente_conecta\node_modules\@fortawesome\free-solid-svg-icons"
"C:\valente_conecta\node_modules\@fortawesome\free-solid-svg-icons\faFastForward.d.ts","faFastForward.d.ts","C:\valente_conecta\node_modules\@fortawesome\free-solid-svg-icons"
"C:\valente_conecta\node_modules\@fortawesome\free-solid-svg-icons\faFaucet.d.ts","faFaucet.d.ts","C:\valente_conecta\node_modules\@fortawesome\free-solid-svg-icons"
"C:\valente_conecta\node_modules\@fortawesome\free-solid-svg-icons\faFaucetDrip.d.ts","faFaucetDrip.d.ts","C:\valente_conecta\node_modules\@fortawesome\free-solid-svg-icons"
"C:\valente_conecta\node_modules\@fortawesome\free-solid-svg-icons\faFax.d.ts","faFax.d.ts","C:\valente_conecta\node_modules\@fortawesome\free-solid-svg-icons"
"C:\valente_conecta\node_modules\@fortawesome\free-solid-svg-icons\faFeather.d.ts","faFeather.d.ts","C:\valente_conecta\node_modules\@fortawesome\free-solid-svg-icons"
"C:\valente_conecta\node_modules\@fortawesome\free-solid-svg-icons\faFeatherAlt.d.ts","faFeatherAlt.d.ts","C:\valente_conecta\node_modules\@fortawesome\free-solid-svg-icons"
"C:\valente_conecta\node_modules\@fortawesome\free-solid-svg-icons\faFeatherPointed.d.ts","faFeatherPointed.d.ts","C:\valente_conecta\node_modules\@fortawesome\free-solid-svg-icons"
"C:\valente_conecta\node_modules\@fortawesome\free-solid-svg-icons\faFeed.d.ts","faFeed.d.ts","C:\valente_conecta\node_modules\@fortawesome\free-solid-svg-icons"
"C:\valente_conecta\node_modules\@fortawesome\free-solid-svg-icons\faFemale.d.ts","faFemale.d.ts","C:\valente_conecta\node_modules\@fortawesome\free-solid-svg-icons"
"C:\valente_conecta\node_modules\@fortawesome\free-solid-svg-icons\faFerry.d.ts","faFerry.d.ts","C:\valente_conecta\node_modules\@fortawesome\free-solid-svg-icons"
"C:\valente_conecta\node_modules\@fortawesome\free-solid-svg-icons\faFighterJet.d.ts","faFighterJet.d.ts","C:\valente_conecta\node_modules\@fortawesome\free-solid-svg-icons"
"C:\valente_conecta\node_modules\@fortawesome\free-solid-svg-icons\faFile.d.ts","faFile.d.ts","C:\valente_conecta\node_modules\@fortawesome\free-solid-svg-icons"
"C:\valente_conecta\node_modules\@fortawesome\free-solid-svg-icons\faFileAlt.d.ts","faFileAlt.d.ts","C:\valente_conecta\node_modules\@fortawesome\free-solid-svg-icons"
"C:\valente_conecta\node_modules\@fortawesome\free-solid-svg-icons\faFileArchive.d.ts","faFileArchive.d.ts","C:\valente_conecta\node_modules\@fortawesome\free-solid-svg-icons"
"C:\valente_conecta\node_modules\@fortawesome\free-solid-svg-icons\faFileArrowDown.d.ts","faFileArrowDown.d.ts","C:\valente_conecta\node_modules\@fortawesome\free-solid-svg-icons"
"C:\valente_conecta\node_modules\@fortawesome\free-solid-svg-icons\faFileArrowUp.d.ts","faFileArrowUp.d.ts","C:\valente_conecta\node_modules\@fortawesome\free-solid-svg-icons"
"C:\valente_conecta\node_modules\@fortawesome\free-solid-svg-icons\faFileAudio.d.ts","faFileAudio.d.ts","C:\valente_conecta\node_modules\@fortawesome\free-solid-svg-icons"
"C:\valente_conecta\node_modules\@fortawesome\free-solid-svg-icons\faFileCircleCheck.d.ts","faFileCircleCheck.d.ts","C:\valente_conecta\node_modules\@fortawesome\free-solid-svg-icons"
"C:\valente_conecta\node_modules\@fortawesome\free-solid-svg-icons\faFileCircleExclamation.d.ts","faFileCircleExclamation.d.ts","C:\valente_conecta\node_modules\@fortawesome\free-solid-svg-icons"
"C:\valente_conecta\node_modules\@fortawesome\free-solid-svg-icons\faFileCircleMinus.d.ts","faFileCircleMinus.d.ts","C:\valente_conecta\node_modules\@fortawesome\free-solid-svg-icons"
"C:\valente_conecta\node_modules\@fortawesome\free-solid-svg-icons\faFileCirclePlus.d.ts","faFileCirclePlus.d.ts","C:\valente_conecta\node_modules\@fortawesome\free-solid-svg-icons"
"C:\valente_conecta\node_modules\@fortawesome\free-solid-svg-icons\faFileCircleQuestion.d.ts","faFileCircleQuestion.d.ts","C:\valente_conecta\node_modules\@fortawesome\free-solid-svg-icons"
"C:\valente_conecta\node_modules\@fortawesome\free-solid-svg-icons\faFileCircleXmark.d.ts","faFileCircleXmark.d.ts","C:\valente_conecta\node_modules\@fortawesome\free-solid-svg-icons"
"C:\valente_conecta\node_modules\@fortawesome\free-solid-svg-icons\faFileClipboard.d.ts","faFileClipboard.d.ts","C:\valente_conecta\node_modules\@fortawesome\free-solid-svg-icons"
"C:\valente_conecta\node_modules\@fortawesome\free-solid-svg-icons\faFileCode.d.ts","faFileCode.d.ts","C:\valente_conecta\node_modules\@fortawesome\free-solid-svg-icons"
"C:\valente_conecta\node_modules\@fortawesome\free-solid-svg-icons\faFileContract.d.ts","faFileContract.d.ts","C:\valente_conecta\node_modules\@fortawesome\free-solid-svg-icons"
"C:\valente_conecta\node_modules\@fortawesome\free-solid-svg-icons\faFileCsv.d.ts","faFileCsv.d.ts","C:\valente_conecta\node_modules\@fortawesome\free-solid-svg-icons"
"C:\valente_conecta\node_modules\@fortawesome\free-solid-svg-icons\faFileDownload.d.ts","faFileDownload.d.ts","C:\valente_conecta\node_modules\@fortawesome\free-solid-svg-icons"
"C:\valente_conecta\node_modules\@fortawesome\free-solid-svg-icons\faFileEdit.d.ts","faFileEdit.d.ts","C:\valente_conecta\node_modules\@fortawesome\free-solid-svg-icons"
"C:\valente_conecta\node_modules\@fortawesome\free-solid-svg-icons\faFileExcel.d.ts","faFileExcel.d.ts","C:\valente_conecta\node_modules\@fortawesome\free-solid-svg-icons"
"C:\valente_conecta\node_modules\@fortawesome\free-solid-svg-icons\faFileExport.d.ts","faFileExport.d.ts","C:\valente_conecta\node_modules\@fortawesome\free-solid-svg-icons"
"C:\valente_conecta\node_modules\@fortawesome\free-solid-svg-icons\faFileFragment.d.ts","faFileFragment.d.ts","C:\valente_conecta\node_modules\@fortawesome\free-solid-svg-icons"
"C:\valente_conecta\node_modules\@fortawesome\free-solid-svg-icons\faFileHalfDashed.d.ts","faFileHalfDashed.d.ts","C:\valente_conecta\node_modules\@fortawesome\free-solid-svg-icons"
"C:\valente_conecta\node_modules\@fortawesome\free-solid-svg-icons\faFileImage.d.ts","faFileImage.d.ts","C:\valente_conecta\node_modules\@fortawesome\free-solid-svg-icons"
"C:\valente_conecta\node_modules\@fortawesome\free-solid-svg-icons\faFileImport.d.ts","faFileImport.d.ts","C:\valente_conecta\node_modules\@fortawesome\free-solid-svg-icons"
"C:\valente_conecta\node_modules\@fortawesome\free-solid-svg-icons\faFileInvoice.d.ts","faFileInvoice.d.ts","C:\valente_conecta\node_modules\@fortawesome\free-solid-svg-icons"
"C:\valente_conecta\node_modules\@fortawesome\free-solid-svg-icons\faFileInvoiceDollar.d.ts","faFileInvoiceDollar.d.ts","C:\valente_conecta\node_modules\@fortawesome\free-solid-svg-icons"
"C:\valente_conecta\node_modules\@fortawesome\free-solid-svg-icons\faFileLines.d.ts","faFileLines.d.ts","C:\valente_conecta\node_modules\@fortawesome\free-solid-svg-icons"
"C:\valente_conecta\node_modules\@fortawesome\free-solid-svg-icons\faFileMedical.d.ts","faFileMedical.d.ts","C:\valente_conecta\node_modules\@fortawesome\free-solid-svg-icons"
"C:\valente_conecta\node_modules\@fortawesome\free-solid-svg-icons\faFileMedicalAlt.d.ts","faFileMedicalAlt.d.ts","C:\valente_conecta\node_modules\@fortawesome\free-solid-svg-icons"
"C:\valente_conecta\node_modules\@fortawesome\free-solid-svg-icons\faFilePdf.d.ts","faFilePdf.d.ts","C:\valente_conecta\node_modules\@fortawesome\free-solid-svg-icons"
"C:\valente_conecta\node_modules\@fortawesome\free-solid-svg-icons\faFilePen.d.ts","faFilePen.d.ts","C:\valente_conecta\node_modules\@fortawesome\free-solid-svg-icons"
"C:\valente_conecta\node_modules\@fortawesome\free-solid-svg-icons\faFilePowerpoint.d.ts","faFilePowerpoint.d.ts","C:\valente_conecta\node_modules\@fortawesome\free-solid-svg-icons"
"C:\valente_conecta\node_modules\@fortawesome\free-solid-svg-icons\faFilePrescription.d.ts","faFilePrescription.d.ts","C:\valente_conecta\node_modules\@fortawesome\free-solid-svg-icons"
"C:\valente_conecta\node_modules\@fortawesome\free-solid-svg-icons\faFileShield.d.ts","faFileShield.d.ts","C:\valente_conecta\node_modules\@fortawesome\free-solid-svg-icons"
"C:\valente_conecta\node_modules\@fortawesome\free-solid-svg-icons\faFileSignature.d.ts","faFileSignature.d.ts","C:\valente_conecta\node_modules\@fortawesome\free-solid-svg-icons"
"C:\valente_conecta\node_modules\@fortawesome\free-solid-svg-icons\faFileText.d.ts","faFileText.d.ts","C:\valente_conecta\node_modules\@fortawesome\free-solid-svg-icons"
"C:\valente_conecta\node_modules\@fortawesome\free-solid-svg-icons\faFileUpload.d.ts","faFileUpload.d.ts","C:\valente_conecta\node_modules\@fortawesome\free-solid-svg-icons"
"C:\valente_conecta\node_modules\@fortawesome\free-solid-svg-icons\faFileVideo.d.ts","faFileVideo.d.ts","C:\valente_conecta\node_modules\@fortawesome\free-solid-svg-icons"
"C:\valente_conecta\node_modules\@fortawesome\free-solid-svg-icons\faFileWaveform.d.ts","faFileWaveform.d.ts","C:\valente_conecta\node_modules\@fortawesome\free-solid-svg-icons"
"C:\valente_conecta\node_modules\@fortawesome\free-solid-svg-icons\faFileWord.d.ts","faFileWord.d.ts","C:\valente_conecta\node_modules\@fortawesome\free-solid-svg-icons"
"C:\valente_conecta\node_modules\@fortawesome\free-solid-svg-icons\faFileZipper.d.ts","faFileZipper.d.ts","C:\valente_conecta\node_modules\@fortawesome\free-solid-svg-icons"
"C:\valente_conecta\node_modules\@fortawesome\free-solid-svg-icons\faFill.d.ts","faFill.d.ts","C:\valente_conecta\node_modules\@fortawesome\free-solid-svg-icons"
"C:\valente_conecta\node_modules\@fortawesome\free-solid-svg-icons\faFillDrip.d.ts","faFillDrip.d.ts","C:\valente_conecta\node_modules\@fortawesome\free-solid-svg-icons"
"C:\valente_conecta\node_modules\@fortawesome\free-solid-svg-icons\faFilm.d.ts","faFilm.d.ts","C:\valente_conecta\node_modules\@fortawesome\free-solid-svg-icons"
"C:\valente_conecta\node_modules\@fortawesome\free-solid-svg-icons\faFilmAlt.d.ts","faFilmAlt.d.ts","C:\valente_conecta\node_modules\@fortawesome\free-solid-svg-icons"
"C:\valente_conecta\node_modules\@fortawesome\free-solid-svg-icons\faFilmSimple.d.ts","faFilmSimple.d.ts","C:\valente_conecta\node_modules\@fortawesome\free-solid-svg-icons"
"C:\valente_conecta\node_modules\@fortawesome\free-solid-svg-icons\faFilter.d.ts","faFilter.d.ts","C:\valente_conecta\node_modules\@fortawesome\free-solid-svg-icons"
"C:\valente_conecta\node_modules\@fortawesome\free-solid-svg-icons\faFilterCircleDollar.d.ts","faFilterCircleDollar.d.ts","C:\valente_conecta\node_modules\@fortawesome\free-solid-svg-icons"
"C:\valente_conecta\node_modules\@fortawesome\free-solid-svg-icons\faFilterCircleXmark.d.ts","faFilterCircleXmark.d.ts","C:\valente_conecta\node_modules\@fortawesome\free-solid-svg-icons"
"C:\valente_conecta\node_modules\@fortawesome\free-solid-svg-icons\faFingerprint.d.ts","faFingerprint.d.ts","C:\valente_conecta\node_modules\@fortawesome\free-solid-svg-icons"
"C:\valente_conecta\node_modules\@fortawesome\free-solid-svg-icons\faFire.d.ts","faFire.d.ts","C:\valente_conecta\node_modules\@fortawesome\free-solid-svg-icons"
"C:\valente_conecta\node_modules\@fortawesome\free-solid-svg-icons\faFireAlt.d.ts","faFireAlt.d.ts","C:\valente_conecta\node_modules\@fortawesome\free-solid-svg-icons"
"C:\valente_conecta\node_modules\@fortawesome\free-solid-svg-icons\faFireBurner.d.ts","faFireBurner.d.ts","C:\valente_conecta\node_modules\@fortawesome\free-solid-svg-icons"
"C:\valente_conecta\node_modules\@fortawesome\free-solid-svg-icons\faFireExtinguisher.d.ts","faFireExtinguisher.d.ts","C:\valente_conecta\node_modules\@fortawesome\free-solid-svg-icons"
"C:\valente_conecta\node_modules\@fortawesome\free-solid-svg-icons\faFireFlameCurved.d.ts","faFireFlameCurved.d.ts","C:\valente_conecta\node_modules\@fortawesome\free-solid-svg-icons"
"C:\valente_conecta\node_modules\@fortawesome\free-solid-svg-icons\faFireFlameSimple.d.ts","faFireFlameSimple.d.ts","C:\valente_conecta\node_modules\@fortawesome\free-solid-svg-icons"
"C:\valente_conecta\node_modules\@fortawesome\free-solid-svg-icons\faFirstAid.d.ts","faFirstAid.d.ts","C:\valente_conecta\node_modules\@fortawesome\free-solid-svg-icons"
"C:\valente_conecta\node_modules\@fortawesome\free-solid-svg-icons\faFish.d.ts","faFish.d.ts","C:\valente_conecta\node_modules\@fortawesome\free-solid-svg-icons"
"C:\valente_conecta\node_modules\@fortawesome\free-solid-svg-icons\faFishFins.d.ts","faFishFins.d.ts","C:\valente_conecta\node_modules\@fortawesome\free-solid-svg-icons"
"C:\valente_conecta\node_modules\@fortawesome\free-solid-svg-icons\faFistRaised.d.ts","faFistRaised.d.ts","C:\valente_conecta\node_modules\@fortawesome\free-solid-svg-icons"
"C:\valente_conecta\node_modules\@fortawesome\free-solid-svg-icons\faFlag.d.ts","faFlag.d.ts","C:\valente_conecta\node_modules\@fortawesome\free-solid-svg-icons"
"C:\valente_conecta\node_modules\@fortawesome\free-solid-svg-icons\faFlagCheckered.d.ts","faFlagCheckered.d.ts","C:\valente_conecta\node_modules\@fortawesome\free-solid-svg-icons"
"C:\valente_conecta\node_modules\@fortawesome\free-solid-svg-icons\faFlagUsa.d.ts","faFlagUsa.d.ts","C:\valente_conecta\node_modules\@fortawesome\free-solid-svg-icons"
"C:\valente_conecta\node_modules\@fortawesome\free-solid-svg-icons\faFlask.d.ts","faFlask.d.ts","C:\valente_conecta\node_modules\@fortawesome\free-solid-svg-icons"
"C:\valente_conecta\node_modules\@fortawesome\free-solid-svg-icons\faFlaskVial.d.ts","faFlaskVial.d.ts","C:\valente_conecta\node_modules\@fortawesome\free-solid-svg-icons"
"C:\valente_conecta\node_modules\@fortawesome\free-solid-svg-icons\faFloppyDisk.d.ts","faFloppyDisk.d.ts","C:\valente_conecta\node_modules\@fortawesome\free-solid-svg-icons"
"C:\valente_conecta\node_modules\@fortawesome\free-solid-svg-icons\faFlorinSign.d.ts","faFlorinSign.d.ts","C:\valente_conecta\node_modules\@fortawesome\free-solid-svg-icons"
"C:\valente_conecta\node_modules\@fortawesome\free-solid-svg-icons\faFlushed.d.ts","faFlushed.d.ts","C:\valente_conecta\node_modules\@fortawesome\free-solid-svg-icons"
"C:\valente_conecta\node_modules\@fortawesome\free-solid-svg-icons\faFolder.d.ts","faFolder.d.ts","C:\valente_conecta\node_modules\@fortawesome\free-solid-svg-icons"
"C:\valente_conecta\node_modules\@fortawesome\free-solid-svg-icons\faFolderBlank.d.ts","faFolderBlank.d.ts","C:\valente_conecta\node_modules\@fortawesome\free-solid-svg-icons"
"C:\valente_conecta\node_modules\@fortawesome\free-solid-svg-icons\faFolderClosed.d.ts","faFolderClosed.d.ts","C:\valente_conecta\node_modules\@fortawesome\free-solid-svg-icons"
"C:\valente_conecta\node_modules\@fortawesome\free-solid-svg-icons\faFolderMinus.d.ts","faFolderMinus.d.ts","C:\valente_conecta\node_modules\@fortawesome\free-solid-svg-icons"
"C:\valente_conecta\node_modules\@fortawesome\free-solid-svg-icons\faFolderOpen.d.ts","faFolderOpen.d.ts","C:\valente_conecta\node_modules\@fortawesome\free-solid-svg-icons"
"C:\valente_conecta\node_modules\@fortawesome\free-solid-svg-icons\faFolderPlus.d.ts","faFolderPlus.d.ts","C:\valente_conecta\node_modules\@fortawesome\free-solid-svg-icons"
"C:\valente_conecta\node_modules\@fortawesome\free-solid-svg-icons\faFolderTree.d.ts","faFolderTree.d.ts","C:\valente_conecta\node_modules\@fortawesome\free-solid-svg-icons"
"C:\valente_conecta\node_modules\@fortawesome\free-solid-svg-icons\faFont.d.ts","faFont.d.ts","C:\valente_conecta\node_modules\@fortawesome\free-solid-svg-icons"
"C:\valente_conecta\node_modules\@fortawesome\free-solid-svg-icons\faFontAwesome.d.ts","faFontAwesome.d.ts","C:\valente_conecta\node_modules\@fortawesome\free-solid-svg-icons"
"C:\valente_conecta\node_modules\@fortawesome\free-solid-svg-icons\faFontAwesomeFlag.d.ts","faFontAwesomeFlag.d.ts","C:\valente_conecta\node_modules\@fortawesome\free-solid-svg-icons"
"C:\valente_conecta\node_modules\@fortawesome\free-solid-svg-icons\faFontAwesomeLogoFull.d.ts","faFontAwesomeLogoFull.d.ts","C:\valente_conecta\node_modules\@fortawesome\free-solid-svg-icons"
"C:\valente_conecta\node_modules\@fortawesome\free-solid-svg-icons\faFootball.d.ts","faFootball.d.ts","C:\valente_conecta\node_modules\@fortawesome\free-solid-svg-icons"
"C:\valente_conecta\node_modules\@fortawesome\free-solid-svg-icons\faFootballBall.d.ts","faFootballBall.d.ts","C:\valente_conecta\node_modules\@fortawesome\free-solid-svg-icons"
"C:\valente_conecta\node_modules\@fortawesome\free-solid-svg-icons\faForward.d.ts","faForward.d.ts","C:\valente_conecta\node_modules\@fortawesome\free-solid-svg-icons"
"C:\valente_conecta\node_modules\@fortawesome\free-solid-svg-icons\faForwardFast.d.ts","faForwardFast.d.ts","C:\valente_conecta\node_modules\@fortawesome\free-solid-svg-icons"
"C:\valente_conecta\node_modules\@fortawesome\free-solid-svg-icons\faForwardStep.d.ts","faForwardStep.d.ts","C:\valente_conecta\node_modules\@fortawesome\free-solid-svg-icons"
"C:\valente_conecta\node_modules\@fortawesome\free-solid-svg-icons\faFrancSign.d.ts","faFrancSign.d.ts","C:\valente_conecta\node_modules\@fortawesome\free-solid-svg-icons"
"C:\valente_conecta\node_modules\@fortawesome\free-solid-svg-icons\faFrog.d.ts","faFrog.d.ts","C:\valente_conecta\node_modules\@fortawesome\free-solid-svg-icons"
"C:\valente_conecta\node_modules\@fortawesome\free-solid-svg-icons\faFrown.d.ts","faFrown.d.ts","C:\valente_conecta\node_modules\@fortawesome\free-solid-svg-icons"
"C:\valente_conecta\node_modules\@fortawesome\free-solid-svg-icons\faFrownOpen.d.ts","faFrownOpen.d.ts","C:\valente_conecta\node_modules\@fortawesome\free-solid-svg-icons"
"C:\valente_conecta\node_modules\@fortawesome\free-solid-svg-icons\faFunnelDollar.d.ts","faFunnelDollar.d.ts","C:\valente_conecta\node_modules\@fortawesome\free-solid-svg-icons"
"C:\valente_conecta\node_modules\@fortawesome\free-solid-svg-icons\faFutbol.d.ts","faFutbol.d.ts","C:\valente_conecta\node_modules\@fortawesome\free-solid-svg-icons"
"C:\valente_conecta\node_modules\@fortawesome\free-solid-svg-icons\faFutbolBall.d.ts","faFutbolBall.d.ts","C:\valente_conecta\node_modules\@fortawesome\free-solid-svg-icons"
"C:\valente_conecta\node_modules\@fortawesome\free-solid-svg-icons\faG.d.ts","faG.d.ts","C:\valente_conecta\node_modules\@fortawesome\free-solid-svg-icons"
"C:\valente_conecta\node_modules\@fortawesome\free-solid-svg-icons\faGamepad.d.ts","faGamepad.d.ts","C:\valente_conecta\node_modules\@fortawesome\free-solid-svg-icons"
"C:\valente_conecta\node_modules\@fortawesome\free-solid-svg-icons\faGasPump.d.ts","faGasPump.d.ts","C:\valente_conecta\node_modules\@fortawesome\free-solid-svg-icons"
"C:\valente_conecta\node_modules\@fortawesome\free-solid-svg-icons\faGauge.d.ts","faGauge.d.ts","C:\valente_conecta\node_modules\@fortawesome\free-solid-svg-icons"
"C:\valente_conecta\node_modules\@fortawesome\free-solid-svg-icons\faGaugeHigh.d.ts","faGaugeHigh.d.ts","C:\valente_conecta\node_modules\@fortawesome\free-solid-svg-icons"
"C:\valente_conecta\node_modules\@fortawesome\free-solid-svg-icons\faGaugeMed.d.ts","faGaugeMed.d.ts","C:\valente_conecta\node_modules\@fortawesome\free-solid-svg-icons"
"C:\valente_conecta\node_modules\@fortawesome\free-solid-svg-icons\faGaugeSimple.d.ts","faGaugeSimple.d.ts","C:\valente_conecta\node_modules\@fortawesome\free-solid-svg-icons"
"C:\valente_conecta\node_modules\@fortawesome\free-solid-svg-icons\faGaugeSimpleHigh.d.ts","faGaugeSimpleHigh.d.ts","C:\valente_conecta\node_modules\@fortawesome\free-solid-svg-icons"
"C:\valente_conecta\node_modules\@fortawesome\free-solid-svg-icons\faGaugeSimpleMed.d.ts","faGaugeSimpleMed.d.ts","C:\valente_conecta\node_modules\@fortawesome\free-solid-svg-icons"
"C:\valente_conecta\node_modules\@fortawesome\free-solid-svg-icons\faGavel.d.ts","faGavel.d.ts","C:\valente_conecta\node_modules\@fortawesome\free-solid-svg-icons"
"C:\valente_conecta\node_modules\@fortawesome\free-solid-svg-icons\faGbp.d.ts","faGbp.d.ts","C:\valente_conecta\node_modules\@fortawesome\free-solid-svg-icons"
"C:\valente_conecta\node_modules\@fortawesome\free-solid-svg-icons\faGear.d.ts","faGear.d.ts","C:\valente_conecta\node_modules\@fortawesome\free-solid-svg-icons"
"C:\valente_conecta\node_modules\@fortawesome\free-solid-svg-icons\faGears.d.ts","faGears.d.ts","C:\valente_conecta\node_modules\@fortawesome\free-solid-svg-icons"
"C:\valente_conecta\node_modules\@fortawesome\free-solid-svg-icons\faGem.d.ts","faGem.d.ts","C:\valente_conecta\node_modules\@fortawesome\free-solid-svg-icons"
"C:\valente_conecta\node_modules\@fortawesome\free-solid-svg-icons\faGemini.d.ts","faGemini.d.ts","C:\valente_conecta\node_modules\@fortawesome\free-solid-svg-icons"
"C:\valente_conecta\node_modules\@fortawesome\free-solid-svg-icons\faGenderless.d.ts","faGenderless.d.ts","C:\valente_conecta\node_modules\@fortawesome\free-solid-svg-icons"
"C:\valente_conecta\node_modules\@fortawesome\free-solid-svg-icons\faGhost.d.ts","faGhost.d.ts","C:\valente_conecta\node_modules\@fortawesome\free-solid-svg-icons"
"C:\valente_conecta\node_modules\@fortawesome\free-solid-svg-icons\faGift.d.ts","faGift.d.ts","C:\valente_conecta\node_modules\@fortawesome\free-solid-svg-icons"
"C:\valente_conecta\node_modules\@fortawesome\free-solid-svg-icons\faGifts.d.ts","faGifts.d.ts","C:\valente_conecta\node_modules\@fortawesome\free-solid-svg-icons"
"C:\valente_conecta\node_modules\@fortawesome\free-solid-svg-icons\faGlassCheers.d.ts","faGlassCheers.d.ts","C:\valente_conecta\node_modules\@fortawesome\free-solid-svg-icons"
"C:\valente_conecta\node_modules\@fortawesome\free-solid-svg-icons\faGlasses.d.ts","faGlasses.d.ts","C:\valente_conecta\node_modules\@fortawesome\free-solid-svg-icons"
"C:\valente_conecta\node_modules\@fortawesome\free-solid-svg-icons\faGlassMartini.d.ts","faGlassMartini.d.ts","C:\valente_conecta\node_modules\@fortawesome\free-solid-svg-icons"
"C:\valente_conecta\node_modules\@fortawesome\free-solid-svg-icons\faGlassMartiniAlt.d.ts","faGlassMartiniAlt.d.ts","C:\valente_conecta\node_modules\@fortawesome\free-solid-svg-icons"
"C:\valente_conecta\node_modules\@fortawesome\free-solid-svg-icons\faGlassWater.d.ts","faGlassWater.d.ts","C:\valente_conecta\node_modules\@fortawesome\free-solid-svg-icons"
"C:\valente_conecta\node_modules\@fortawesome\free-solid-svg-icons\faGlassWaterDroplet.d.ts","faGlassWaterDroplet.d.ts","C:\valente_conecta\node_modules\@fortawesome\free-solid-svg-icons"
"C:\valente_conecta\node_modules\@fortawesome\free-solid-svg-icons\faGlassWhiskey.d.ts","faGlassWhiskey.d.ts","C:\valente_conecta\node_modules\@fortawesome\free-solid-svg-icons"
"C:\valente_conecta\node_modules\@fortawesome\free-solid-svg-icons\faGlobe.d.ts","faGlobe.d.ts","C:\valente_conecta\node_modules\@fortawesome\free-solid-svg-icons"
"C:\valente_conecta\node_modules\@fortawesome\free-solid-svg-icons\faGlobeAfrica.d.ts","faGlobeAfrica.d.ts","C:\valente_conecta\node_modules\@fortawesome\free-solid-svg-icons"
"C:\valente_conecta\node_modules\@fortawesome\free-solid-svg-icons\faGlobeAmericas.d.ts","faGlobeAmericas.d.ts","C:\valente_conecta\node_modules\@fortawesome\free-solid-svg-icons"
"C:\valente_conecta\node_modules\@fortawesome\free-solid-svg-icons\faGlobeAsia.d.ts","faGlobeAsia.d.ts","C:\valente_conecta\node_modules\@fortawesome\free-solid-svg-icons"
"C:\valente_conecta\node_modules\@fortawesome\free-solid-svg-icons\faGlobeEurope.d.ts","faGlobeEurope.d.ts","C:\valente_conecta\node_modules\@fortawesome\free-solid-svg-icons"
"C:\valente_conecta\node_modules\@fortawesome\free-solid-svg-icons\faGlobeOceania.d.ts","faGlobeOceania.d.ts","C:\valente_conecta\node_modules\@fortawesome\free-solid-svg-icons"
"C:\valente_conecta\node_modules\@fortawesome\free-solid-svg-icons\faGolfBall.d.ts","faGolfBall.d.ts","C:\valente_conecta\node_modules\@fortawesome\free-solid-svg-icons"
"C:\valente_conecta\node_modules\@fortawesome\free-solid-svg-icons\faGolfBallTee.d.ts","faGolfBallTee.d.ts","C:\valente_conecta\node_modules\@fortawesome\free-solid-svg-icons"
"C:\valente_conecta\node_modules\@fortawesome\free-solid-svg-icons\faGopuram.d.ts","faGopuram.d.ts","C:\valente_conecta\node_modules\@fortawesome\free-solid-svg-icons"
"C:\valente_conecta\node_modules\@fortawesome\free-solid-svg-icons\faGraduationCap.d.ts","faGraduationCap.d.ts","C:\valente_conecta\node_modules\@fortawesome\free-solid-svg-icons"
"C:\valente_conecta\node_modules\@fortawesome\free-solid-svg-icons\faGreaterThan.d.ts","faGreaterThan.d.ts","C:\valente_conecta\node_modules\@fortawesome\free-solid-svg-icons"
"C:\valente_conecta\node_modules\@fortawesome\free-solid-svg-icons\faGreaterThanEqual.d.ts","faGreaterThanEqual.d.ts","C:\valente_conecta\node_modules\@fortawesome\free-solid-svg-icons"
"C:\valente_conecta\node_modules\@fortawesome\free-solid-svg-icons\faGridHorizontal.d.ts","faGridHorizontal.d.ts","C:\valente_conecta\node_modules\@fortawesome\free-solid-svg-icons"
"C:\valente_conecta\node_modules\@fortawesome\free-solid-svg-icons\faGridVertical.d.ts","faGridVertical.d.ts","C:\valente_conecta\node_modules\@fortawesome\free-solid-svg-icons"
"C:\valente_conecta\node_modules\@fortawesome\free-solid-svg-icons\faGrimace.d.ts","faGrimace.d.ts","C:\valente_conecta\node_modules\@fortawesome\free-solid-svg-icons"
"C:\valente_conecta\node_modules\@fortawesome\free-solid-svg-icons\faGrin.d.ts","faGrin.d.ts","C:\valente_conecta\node_modules\@fortawesome\free-solid-svg-icons"
"C:\valente_conecta\node_modules\@fortawesome\free-solid-svg-icons\faGrinAlt.d.ts","faGrinAlt.d.ts","C:\valente_conecta\node_modules\@fortawesome\free-solid-svg-icons"
"C:\valente_conecta\node_modules\@fortawesome\free-solid-svg-icons\faGrinBeam.d.ts","faGrinBeam.d.ts","C:\valente_conecta\node_modules\@fortawesome\free-solid-svg-icons"
"C:\valente_conecta\node_modules\@fortawesome\free-solid-svg-icons\faGrinBeamSweat.d.ts","faGrinBeamSweat.d.ts","C:\valente_conecta\node_modules\@fortawesome\free-solid-svg-icons"
"C:\valente_conecta\node_modules\@fortawesome\free-solid-svg-icons\faGrinHearts.d.ts","faGrinHearts.d.ts","C:\valente_conecta\node_modules\@fortawesome\free-solid-svg-icons"
"C:\valente_conecta\node_modules\@fortawesome\free-solid-svg-icons\faGrinSquint.d.ts","faGrinSquint.d.ts","C:\valente_conecta\node_modules\@fortawesome\free-solid-svg-icons"
"C:\valente_conecta\node_modules\@fortawesome\free-solid-svg-icons\faGrinSquintTears.d.ts","faGrinSquintTears.d.ts","C:\valente_conecta\node_modules\@fortawesome\free-solid-svg-icons"
"C:\valente_conecta\node_modules\@fortawesome\free-solid-svg-icons\faGrinStars.d.ts","faGrinStars.d.ts","C:\valente_conecta\node_modules\@fortawesome\free-solid-svg-icons"
"C:\valente_conecta\node_modules\@fortawesome\free-solid-svg-icons\faGrinTears.d.ts","faGrinTears.d.ts","C:\valente_conecta\node_modules\@fortawesome\free-solid-svg-icons"
"C:\valente_conecta\node_modules\@fortawesome\free-solid-svg-icons\faGrinTongue.d.ts","faGrinTongue.d.ts","C:\valente_conecta\node_modules\@fortawesome\free-solid-svg-icons"
"C:\valente_conecta\node_modules\@fortawesome\free-solid-svg-icons\faGrinTongueSquint.d.ts","faGrinTongueSquint.d.ts","C:\valente_conecta\node_modules\@fortawesome\free-solid-svg-icons"
"C:\valente_conecta\node_modules\@fortawesome\free-solid-svg-icons\faGrinTongueWink.d.ts","faGrinTongueWink.d.ts","C:\valente_conecta\node_modules\@fortawesome\free-solid-svg-icons"
"C:\valente_conecta\node_modules\@fortawesome\free-solid-svg-icons\faGrinWink.d.ts","faGrinWink.d.ts","C:\valente_conecta\node_modules\@fortawesome\free-solid-svg-icons"
"C:\valente_conecta\node_modules\@fortawesome\free-solid-svg-icons\faGrip.d.ts","faGrip.d.ts","C:\valente_conecta\node_modules\@fortawesome\free-solid-svg-icons"
"C:\valente_conecta\node_modules\@fortawesome\free-solid-svg-icons\faGripHorizontal.d.ts","faGripHorizontal.d.ts","C:\valente_conecta\node_modules\@fortawesome\free-solid-svg-icons"
"C:\valente_conecta\node_modules\@fortawesome\free-solid-svg-icons\faGripLines.d.ts","faGripLines.d.ts","C:\valente_conecta\node_modules\@fortawesome\free-solid-svg-icons"
"C:\valente_conecta\node_modules\@fortawesome\free-solid-svg-icons\faGripLinesVertical.d.ts","faGripLinesVertical.d.ts","C:\valente_conecta\node_modules\@fortawesome\free-solid-svg-icons"
"C:\valente_conecta\node_modules\@fortawesome\free-solid-svg-icons\faGripVertical.d.ts","faGripVertical.d.ts","C:\valente_conecta\node_modules\@fortawesome\free-solid-svg-icons"
"C:\valente_conecta\node_modules\@fortawesome\free-solid-svg-icons\faGroupArrowsRotate.d.ts","faGroupArrowsRotate.d.ts","C:\valente_conecta\node_modules\@fortawesome\free-solid-svg-icons"
"C:\valente_conecta\node_modules\@fortawesome\free-solid-svg-icons\faGuaraniSign.d.ts","faGuaraniSign.d.ts","C:\valente_conecta\node_modules\@fortawesome\free-solid-svg-icons"
"C:\valente_conecta\node_modules\@fortawesome\free-solid-svg-icons\faGuitar.d.ts","faGuitar.d.ts","C:\valente_conecta\node_modules\@fortawesome\free-solid-svg-icons"
"C:\valente_conecta\node_modules\@fortawesome\free-solid-svg-icons\faGun.d.ts","faGun.d.ts","C:\valente_conecta\node_modules\@fortawesome\free-solid-svg-icons"
"C:\valente_conecta\node_modules\@fortawesome\free-solid-svg-icons\faH.d.ts","faH.d.ts","C:\valente_conecta\node_modules\@fortawesome\free-solid-svg-icons"
"C:\valente_conecta\node_modules\@fortawesome\free-solid-svg-icons\faHamburger.d.ts","faHamburger.d.ts","C:\valente_conecta\node_modules\@fortawesome\free-solid-svg-icons"
"C:\valente_conecta\node_modules\@fortawesome\free-solid-svg-icons\faHammer.d.ts","faHammer.d.ts","C:\valente_conecta\node_modules\@fortawesome\free-solid-svg-icons"
"C:\valente_conecta\node_modules\@fortawesome\free-solid-svg-icons\faHamsa.d.ts","faHamsa.d.ts","C:\valente_conecta\node_modules\@fortawesome\free-solid-svg-icons"
"C:\valente_conecta\node_modules\@fortawesome\free-solid-svg-icons\faHand.d.ts","faHand.d.ts","C:\valente_conecta\node_modules\@fortawesome\free-solid-svg-icons"
"C:\valente_conecta\node_modules\@fortawesome\free-solid-svg-icons\faHandBackFist.d.ts","faHandBackFist.d.ts","C:\valente_conecta\node_modules\@fortawesome\free-solid-svg-icons"
"C:\valente_conecta\node_modules\@fortawesome\free-solid-svg-icons\faHandcuffs.d.ts","faHandcuffs.d.ts","C:\valente_conecta\node_modules\@fortawesome\free-solid-svg-icons"
"C:\valente_conecta\node_modules\@fortawesome\free-solid-svg-icons\faHandDots.d.ts","faHandDots.d.ts","C:\valente_conecta\node_modules\@fortawesome\free-solid-svg-icons"
"C:\valente_conecta\node_modules\@fortawesome\free-solid-svg-icons\faHandFist.d.ts","faHandFist.d.ts","C:\valente_conecta\node_modules\@fortawesome\free-solid-svg-icons"
"C:\valente_conecta\node_modules\@fortawesome\free-solid-svg-icons\faHandHolding.d.ts","faHandHolding.d.ts","C:\valente_conecta\node_modules\@fortawesome\free-solid-svg-icons"
"C:\valente_conecta\node_modules\@fortawesome\free-solid-svg-icons\faHandHoldingDollar.d.ts","faHandHoldingDollar.d.ts","C:\valente_conecta\node_modules\@fortawesome\free-solid-svg-icons"
"C:\valente_conecta\node_modules\@fortawesome\free-solid-svg-icons\faHandHoldingDroplet.d.ts","faHandHoldingDroplet.d.ts","C:\valente_conecta\node_modules\@fortawesome\free-solid-svg-icons"
"C:\valente_conecta\node_modules\@fortawesome\free-solid-svg-icons\faHandHoldingHand.d.ts","faHandHoldingHand.d.ts","C:\valente_conecta\node_modules\@fortawesome\free-solid-svg-icons"
"C:\valente_conecta\node_modules\@fortawesome\free-solid-svg-icons\faHandHoldingHeart.d.ts","faHandHoldingHeart.d.ts","C:\valente_conecta\node_modules\@fortawesome\free-solid-svg-icons"
"C:\valente_conecta\node_modules\@fortawesome\free-solid-svg-icons\faHandHoldingMedical.d.ts","faHandHoldingMedical.d.ts","C:\valente_conecta\node_modules\@fortawesome\free-solid-svg-icons"
"C:\valente_conecta\node_modules\@fortawesome\free-solid-svg-icons\faHandHoldingUsd.d.ts","faHandHoldingUsd.d.ts","C:\valente_conecta\node_modules\@fortawesome\free-solid-svg-icons"
"C:\valente_conecta\node_modules\@fortawesome\free-solid-svg-icons\faHandHoldingWater.d.ts","faHandHoldingWater.d.ts","C:\valente_conecta\node_modules\@fortawesome\free-solid-svg-icons"
"C:\valente_conecta\node_modules\@fortawesome\free-solid-svg-icons\faHandLizard.d.ts","faHandLizard.d.ts","C:\valente_conecta\node_modules\@fortawesome\free-solid-svg-icons"
"C:\valente_conecta\node_modules\@fortawesome\free-solid-svg-icons\faHandMiddleFinger.d.ts","faHandMiddleFinger.d.ts","C:\valente_conecta\node_modules\@fortawesome\free-solid-svg-icons"
"C:\valente_conecta\node_modules\@fortawesome\free-solid-svg-icons\faHandPaper.d.ts","faHandPaper.d.ts","C:\valente_conecta\node_modules\@fortawesome\free-solid-svg-icons"
"C:\valente_conecta\node_modules\@fortawesome\free-solid-svg-icons\faHandPeace.d.ts","faHandPeace.d.ts","C:\valente_conecta\node_modules\@fortawesome\free-solid-svg-icons"
"C:\valente_conecta\node_modules\@fortawesome\free-solid-svg-icons\faHandPointDown.d.ts","faHandPointDown.d.ts","C:\valente_conecta\node_modules\@fortawesome\free-solid-svg-icons"
"C:\valente_conecta\node_modules\@fortawesome\free-solid-svg-icons\faHandPointer.d.ts","faHandPointer.d.ts","C:\valente_conecta\node_modules\@fortawesome\free-solid-svg-icons"
"C:\valente_conecta\node_modules\@fortawesome\free-solid-svg-icons\faHandPointLeft.d.ts","faHandPointLeft.d.ts","C:\valente_conecta\node_modules\@fortawesome\free-solid-svg-icons"
"C:\valente_conecta\node_modules\@fortawesome\free-solid-svg-icons\faHandPointRight.d.ts","faHandPointRight.d.ts","C:\valente_conecta\node_modules\@fortawesome\free-solid-svg-icons"
"C:\valente_conecta\node_modules\@fortawesome\free-solid-svg-icons\faHandPointUp.d.ts","faHandPointUp.d.ts","C:\valente_conecta\node_modules\@fortawesome\free-solid-svg-icons"
"C:\valente_conecta\node_modules\@fortawesome\free-solid-svg-icons\faHandRock.d.ts","faHandRock.d.ts","C:\valente_conecta\node_modules\@fortawesome\free-solid-svg-icons"
"C:\valente_conecta\node_modules\@fortawesome\free-solid-svg-icons\faHands.d.ts","faHands.d.ts","C:\valente_conecta\node_modules\@fortawesome\free-solid-svg-icons"
"C:\valente_conecta\node_modules\@fortawesome\free-solid-svg-icons\faHandsAmericanSignLanguageInterpreting.d.ts","faHandsAmericanSignLanguageInterpreting.d.ts","C:\valente_conecta\node_modules\@fortawesome\free-solid-svg-icons"
"C:\valente_conecta\node_modules\@fortawesome\free-solid-svg-icons\faHandsAslInterpreting.d.ts","faHandsAslInterpreting.d.ts","C:\valente_conecta\node_modules\@fortawesome\free-solid-svg-icons"
"C:\valente_conecta\node_modules\@fortawesome\free-solid-svg-icons\faHandsBound.d.ts","faHandsBound.d.ts","C:\valente_conecta\node_modules\@fortawesome\free-solid-svg-icons"
"C:\valente_conecta\node_modules\@fortawesome\free-solid-svg-icons\faHandsBubbles.d.ts","faHandsBubbles.d.ts","C:\valente_conecta\node_modules\@fortawesome\free-solid-svg-icons"
"C:\valente_conecta\node_modules\@fortawesome\free-solid-svg-icons\faHandScissors.d.ts","faHandScissors.d.ts","C:\valente_conecta\node_modules\@fortawesome\free-solid-svg-icons"
"C:\valente_conecta\node_modules\@fortawesome\free-solid-svg-icons\faHandsClapping.d.ts","faHandsClapping.d.ts","C:\valente_conecta\node_modules\@fortawesome\free-solid-svg-icons"
"C:\valente_conecta\node_modules\@fortawesome\free-solid-svg-icons\faHandshake.d.ts","faHandshake.d.ts","C:\valente_conecta\node_modules\@fortawesome\free-solid-svg-icons"
"C:\valente_conecta\node_modules\@fortawesome\free-solid-svg-icons\faHandshakeAlt.d.ts","faHandshakeAlt.d.ts","C:\valente_conecta\node_modules\@fortawesome\free-solid-svg-icons"
"C:\valente_conecta\node_modules\@fortawesome\free-solid-svg-icons\faHandshakeAltSlash.d.ts","faHandshakeAltSlash.d.ts","C:\valente_conecta\node_modules\@fortawesome\free-solid-svg-icons"
"C:\valente_conecta\node_modules\@fortawesome\free-solid-svg-icons\faHandshakeAngle.d.ts","faHandshakeAngle.d.ts","C:\valente_conecta\node_modules\@fortawesome\free-solid-svg-icons"
"C:\valente_conecta\node_modules\@fortawesome\free-solid-svg-icons\faHandshakeSimple.d.ts","faHandshakeSimple.d.ts","C:\valente_conecta\node_modules\@fortawesome\free-solid-svg-icons"
"C:\valente_conecta\node_modules\@fortawesome\free-solid-svg-icons\faHandshakeSimpleSlash.d.ts","faHandshakeSimpleSlash.d.ts","C:\valente_conecta\node_modules\@fortawesome\free-solid-svg-icons"
"C:\valente_conecta\node_modules\@fortawesome\free-solid-svg-icons\faHandshakeSlash.d.ts","faHandshakeSlash.d.ts","C:\valente_conecta\node_modules\@fortawesome\free-solid-svg-icons"
"C:\valente_conecta\node_modules\@fortawesome\free-solid-svg-icons\faHandsHelping.d.ts","faHandsHelping.d.ts","C:\valente_conecta\node_modules\@fortawesome\free-solid-svg-icons"
"C:\valente_conecta\node_modules\@fortawesome\free-solid-svg-icons\faHandsHolding.d.ts","faHandsHolding.d.ts","C:\valente_conecta\node_modules\@fortawesome\free-solid-svg-icons"
"C:\valente_conecta\node_modules\@fortawesome\free-solid-svg-icons\faHandsHoldingChild.d.ts","faHandsHoldingChild.d.ts","C:\valente_conecta\node_modules\@fortawesome\free-solid-svg-icons"
"C:\valente_conecta\node_modules\@fortawesome\free-solid-svg-icons\faHandsHoldingCircle.d.ts","faHandsHoldingCircle.d.ts","C:\valente_conecta\node_modules\@fortawesome\free-solid-svg-icons"
"C:\valente_conecta\node_modules\@fortawesome\free-solid-svg-icons\faHandSparkles.d.ts","faHandSparkles.d.ts","C:\valente_conecta\node_modules\@fortawesome\free-solid-svg-icons"
"C:\valente_conecta\node_modules\@fortawesome\free-solid-svg-icons\faHandSpock.d.ts","faHandSpock.d.ts","C:\valente_conecta\node_modules\@fortawesome\free-solid-svg-icons"
"C:\valente_conecta\node_modules\@fortawesome\free-solid-svg-icons\faHandsPraying.d.ts","faHandsPraying.d.ts","C:\valente_conecta\node_modules\@fortawesome\free-solid-svg-icons"
"C:\valente_conecta\node_modules\@fortawesome\free-solid-svg-icons\faHandsWash.d.ts","faHandsWash.d.ts","C:\valente_conecta\node_modules\@fortawesome\free-solid-svg-icons"
"C:\valente_conecta\node_modules\@fortawesome\free-solid-svg-icons\faHanukiah.d.ts","faHanukiah.d.ts","C:\valente_conecta\node_modules\@fortawesome\free-solid-svg-icons"
"C:\valente_conecta\node_modules\@fortawesome\free-solid-svg-icons\faHardDrive.d.ts","faHardDrive.d.ts","C:\valente_conecta\node_modules\@fortawesome\free-solid-svg-icons"
"C:\valente_conecta\node_modules\@fortawesome\free-solid-svg-icons\faHardHat.d.ts","faHardHat.d.ts","C:\valente_conecta\node_modules\@fortawesome\free-solid-svg-icons"
"C:\valente_conecta\node_modules\@fortawesome\free-solid-svg-icons\faHardOfHearing.d.ts","faHardOfHearing.d.ts","C:\valente_conecta\node_modules\@fortawesome\free-solid-svg-icons"
"C:\valente_conecta\node_modules\@fortawesome\free-solid-svg-icons\faHashtag.d.ts","faHashtag.d.ts","C:\valente_conecta\node_modules\@fortawesome\free-solid-svg-icons"
"C:\valente_conecta\node_modules\@fortawesome\free-solid-svg-icons\faHatCowboy.d.ts","faHatCowboy.d.ts","C:\valente_conecta\node_modules\@fortawesome\free-solid-svg-icons"
"C:\valente_conecta\node_modules\@fortawesome\free-solid-svg-icons\faHatCowboySide.d.ts","faHatCowboySide.d.ts","C:\valente_conecta\node_modules\@fortawesome\free-solid-svg-icons"
"C:\valente_conecta\node_modules\@fortawesome\free-solid-svg-icons\faHatHard.d.ts","faHatHard.d.ts","C:\valente_conecta\node_modules\@fortawesome\free-solid-svg-icons"
"C:\valente_conecta\node_modules\@fortawesome\free-solid-svg-icons\faHatWizard.d.ts","faHatWizard.d.ts","C:\valente_conecta\node_modules\@fortawesome\free-solid-svg-icons"
"C:\valente_conecta\node_modules\@fortawesome\free-solid-svg-icons\faHaykal.d.ts","faHaykal.d.ts","C:\valente_conecta\node_modules\@fortawesome\free-solid-svg-icons"
"C:\valente_conecta\node_modules\@fortawesome\free-solid-svg-icons\faHdd.d.ts","faHdd.d.ts","C:\valente_conecta\node_modules\@fortawesome\free-solid-svg-icons"
"C:\valente_conecta\node_modules\@fortawesome\free-solid-svg-icons\faHeader.d.ts","faHeader.d.ts","C:\valente_conecta\node_modules\@fortawesome\free-solid-svg-icons"
"C:\valente_conecta\node_modules\@fortawesome\free-solid-svg-icons\faHeading.d.ts","faHeading.d.ts","C:\valente_conecta\node_modules\@fortawesome\free-solid-svg-icons"
"C:\valente_conecta\node_modules\@fortawesome\free-solid-svg-icons\faHeadphones.d.ts","faHeadphones.d.ts","C:\valente_conecta\node_modules\@fortawesome\free-solid-svg-icons"
"C:\valente_conecta\node_modules\@fortawesome\free-solid-svg-icons\faHeadphonesAlt.d.ts","faHeadphonesAlt.d.ts","C:\valente_conecta\node_modules\@fortawesome\free-solid-svg-icons"
"C:\valente_conecta\node_modules\@fortawesome\free-solid-svg-icons\faHeadphonesSimple.d.ts","faHeadphonesSimple.d.ts","C:\valente_conecta\node_modules\@fortawesome\free-solid-svg-icons"
"C:\valente_conecta\node_modules\@fortawesome\free-solid-svg-icons\faHeadset.d.ts","faHeadset.d.ts","C:\valente_conecta\node_modules\@fortawesome\free-solid-svg-icons"
"C:\valente_conecta\node_modules\@fortawesome\free-solid-svg-icons\faHeadSideCough.d.ts","faHeadSideCough.d.ts","C:\valente_conecta\node_modules\@fortawesome\free-solid-svg-icons"
"C:\valente_conecta\node_modules\@fortawesome\free-solid-svg-icons\faHeadSideCoughSlash.d.ts","faHeadSideCoughSlash.d.ts","C:\valente_conecta\node_modules\@fortawesome\free-solid-svg-icons"
"C:\valente_conecta\node_modules\@fortawesome\free-solid-svg-icons\faHeadSideMask.d.ts","faHeadSideMask.d.ts","C:\valente_conecta\node_modules\@fortawesome\free-solid-svg-icons"
"C:\valente_conecta\node_modules\@fortawesome\free-solid-svg-icons\faHeadSideVirus.d.ts","faHeadSideVirus.d.ts","C:\valente_conecta\node_modules\@fortawesome\free-solid-svg-icons"
"C:\valente_conecta\node_modules\@fortawesome\free-solid-svg-icons\faHeart.d.ts","faHeart.d.ts","C:\valente_conecta\node_modules\@fortawesome\free-solid-svg-icons"
"C:\valente_conecta\node_modules\@fortawesome\free-solid-svg-icons\faHeartbeat.d.ts","faHeartbeat.d.ts","C:\valente_conecta\node_modules\@fortawesome\free-solid-svg-icons"
"C:\valente_conecta\node_modules\@fortawesome\free-solid-svg-icons\faHeartBroken.d.ts","faHeartBroken.d.ts","C:\valente_conecta\node_modules\@fortawesome\free-solid-svg-icons"
"C:\valente_conecta\node_modules\@fortawesome\free-solid-svg-icons\faHeartCircleBolt.d.ts","faHeartCircleBolt.d.ts","C:\valente_conecta\node_modules\@fortawesome\free-solid-svg-icons"
"C:\valente_conecta\node_modules\@fortawesome\free-solid-svg-icons\faHeartCircleCheck.d.ts","faHeartCircleCheck.d.ts","C:\valente_conecta\node_modules\@fortawesome\free-solid-svg-icons"
"C:\valente_conecta\node_modules\@fortawesome\free-solid-svg-icons\faHeartCircleExclamation.d.ts","faHeartCircleExclamation.d.ts","C:\valente_conecta\node_modules\@fortawesome\free-solid-svg-icons"
"C:\valente_conecta\node_modules\@fortawesome\free-solid-svg-icons\faHeartCircleMinus.d.ts","faHeartCircleMinus.d.ts","C:\valente_conecta\node_modules\@fortawesome\free-solid-svg-icons"
"C:\valente_conecta\node_modules\@fortawesome\free-solid-svg-icons\faHeartCirclePlus.d.ts","faHeartCirclePlus.d.ts","C:\valente_conecta\node_modules\@fortawesome\free-solid-svg-icons"
"C:\valente_conecta\node_modules\@fortawesome\free-solid-svg-icons\faHeartCircleXmark.d.ts","faHeartCircleXmark.d.ts","C:\valente_conecta\node_modules\@fortawesome\free-solid-svg-icons"
"C:\valente_conecta\node_modules\@fortawesome\free-solid-svg-icons\faHeartCrack.d.ts","faHeartCrack.d.ts","C:\valente_conecta\node_modules\@fortawesome\free-solid-svg-icons"
"C:\valente_conecta\node_modules\@fortawesome\free-solid-svg-icons\faHeartMusicCameraBolt.d.ts","faHeartMusicCameraBolt.d.ts","C:\valente_conecta\node_modules\@fortawesome\free-solid-svg-icons"
"C:\valente_conecta\node_modules\@fortawesome\free-solid-svg-icons\faHeartPulse.d.ts","faHeartPulse.d.ts","C:\valente_conecta\node_modules\@fortawesome\free-solid-svg-icons"
"C:\valente_conecta\node_modules\@fortawesome\free-solid-svg-icons\faHelicopter.d.ts","faHelicopter.d.ts","C:\valente_conecta\node_modules\@fortawesome\free-solid-svg-icons"
"C:\valente_conecta\node_modules\@fortawesome\free-solid-svg-icons\faHelicopterSymbol.d.ts","faHelicopterSymbol.d.ts","C:\valente_conecta\node_modules\@fortawesome\free-solid-svg-icons"
"C:\valente_conecta\node_modules\@fortawesome\free-solid-svg-icons\faHelmetSafety.d.ts","faHelmetSafety.d.ts","C:\valente_conecta\node_modules\@fortawesome\free-solid-svg-icons"
"C:\valente_conecta\node_modules\@fortawesome\free-solid-svg-icons\faHelmetUn.d.ts","faHelmetUn.d.ts","C:\valente_conecta\node_modules\@fortawesome\free-solid-svg-icons"
"C:\valente_conecta\node_modules\@fortawesome\free-solid-svg-icons\faHeptagon.d.ts","faHeptagon.d.ts","C:\valente_conecta\node_modules\@fortawesome\free-solid-svg-icons"
"C:\valente_conecta\node_modules\@fortawesome\free-solid-svg-icons\faHexagon.d.ts","faHexagon.d.ts","C:\valente_conecta\node_modules\@fortawesome\free-solid-svg-icons"
"C:\valente_conecta\node_modules\@fortawesome\free-solid-svg-icons\faHexagonNodes.d.ts","faHexagonNodes.d.ts","C:\valente_conecta\node_modules\@fortawesome\free-solid-svg-icons"
"C:\valente_conecta\node_modules\@fortawesome\free-solid-svg-icons\faHexagonNodesBolt.d.ts","faHexagonNodesBolt.d.ts","C:\valente_conecta\node_modules\@fortawesome\free-solid-svg-icons"
"C:\valente_conecta\node_modules\@fortawesome\free-solid-svg-icons\faHighlighter.d.ts","faHighlighter.d.ts","C:\valente_conecta\node_modules\@fortawesome\free-solid-svg-icons"
"C:\valente_conecta\node_modules\@fortawesome\free-solid-svg-icons\faHiking.d.ts","faHiking.d.ts","C:\valente_conecta\node_modules\@fortawesome\free-solid-svg-icons"
"C:\valente_conecta\node_modules\@fortawesome\free-solid-svg-icons\faHillAvalanche.d.ts","faHillAvalanche.d.ts","C:\valente_conecta\node_modules\@fortawesome\free-solid-svg-icons"
"C:\valente_conecta\node_modules\@fortawesome\free-solid-svg-icons\faHillRockslide.d.ts","faHillRockslide.d.ts","C:\valente_conecta\node_modules\@fortawesome\free-solid-svg-icons"
"C:\valente_conecta\node_modules\@fortawesome\free-solid-svg-icons\faHippo.d.ts","faHippo.d.ts","C:\valente_conecta\node_modules\@fortawesome\free-solid-svg-icons"
"C:\valente_conecta\node_modules\@fortawesome\free-solid-svg-icons\faHistory.d.ts","faHistory.d.ts","C:\valente_conecta\node_modules\@fortawesome\free-solid-svg-icons"
"C:\valente_conecta\node_modules\@fortawesome\free-solid-svg-icons\faHockeyPuck.d.ts","faHockeyPuck.d.ts","C:\valente_conecta\node_modules\@fortawesome\free-solid-svg-icons"
"C:\valente_conecta\node_modules\@fortawesome\free-solid-svg-icons\faHollyBerry.d.ts","faHollyBerry.d.ts","C:\valente_conecta\node_modules\@fortawesome\free-solid-svg-icons"
"C:\valente_conecta\node_modules\@fortawesome\free-solid-svg-icons\faHome.d.ts","faHome.d.ts","C:\valente_conecta\node_modules\@fortawesome\free-solid-svg-icons"
"C:\valente_conecta\node_modules\@fortawesome\free-solid-svg-icons\faHomeAlt.d.ts","faHomeAlt.d.ts","C:\valente_conecta\node_modules\@fortawesome\free-solid-svg-icons"
"C:\valente_conecta\node_modules\@fortawesome\free-solid-svg-icons\faHomeLg.d.ts","faHomeLg.d.ts","C:\valente_conecta\node_modules\@fortawesome\free-solid-svg-icons"
"C:\valente_conecta\node_modules\@fortawesome\free-solid-svg-icons\faHomeLgAlt.d.ts","faHomeLgAlt.d.ts","C:\valente_conecta\node_modules\@fortawesome\free-solid-svg-icons"
"C:\valente_conecta\node_modules\@fortawesome\free-solid-svg-icons\faHomeUser.d.ts","faHomeUser.d.ts","C:\valente_conecta\node_modules\@fortawesome\free-solid-svg-icons"
"C:\valente_conecta\node_modules\@fortawesome\free-solid-svg-icons\faHorse.d.ts","faHorse.d.ts","C:\valente_conecta\node_modules\@fortawesome\free-solid-svg-icons"
"C:\valente_conecta\node_modules\@fortawesome\free-solid-svg-icons\faHorseHead.d.ts","faHorseHead.d.ts","C:\valente_conecta\node_modules\@fortawesome\free-solid-svg-icons"
"C:\valente_conecta\node_modules\@fortawesome\free-solid-svg-icons\faHospital.d.ts","faHospital.d.ts","C:\valente_conecta\node_modules\@fortawesome\free-solid-svg-icons"
"C:\valente_conecta\node_modules\@fortawesome\free-solid-svg-icons\faHospitalAlt.d.ts","faHospitalAlt.d.ts","C:\valente_conecta\node_modules\@fortawesome\free-solid-svg-icons"
"C:\valente_conecta\node_modules\@fortawesome\free-solid-svg-icons\faHospitalSymbol.d.ts","faHospitalSymbol.d.ts","C:\valente_conecta\node_modules\@fortawesome\free-solid-svg-icons"
"C:\valente_conecta\node_modules\@fortawesome\free-solid-svg-icons\faHospitalUser.d.ts","faHospitalUser.d.ts","C:\valente_conecta\node_modules\@fortawesome\free-solid-svg-icons"
"C:\valente_conecta\node_modules\@fortawesome\free-solid-svg-icons\faHospitalWide.d.ts","faHospitalWide.d.ts","C:\valente_conecta\node_modules\@fortawesome\free-solid-svg-icons"
"C:\valente_conecta\node_modules\@fortawesome\free-solid-svg-icons\faHotdog.d.ts","faHotdog.d.ts","C:\valente_conecta\node_modules\@fortawesome\free-solid-svg-icons"
"C:\valente_conecta\node_modules\@fortawesome\free-solid-svg-icons\faHotel.d.ts","faHotel.d.ts","C:\valente_conecta\node_modules\@fortawesome\free-solid-svg-icons"
"C:\valente_conecta\node_modules\@fortawesome\free-solid-svg-icons\faHotTub.d.ts","faHotTub.d.ts","C:\valente_conecta\node_modules\@fortawesome\free-solid-svg-icons"
"C:\valente_conecta\node_modules\@fortawesome\free-solid-svg-icons\faHotTubPerson.d.ts","faHotTubPerson.d.ts","C:\valente_conecta\node_modules\@fortawesome\free-solid-svg-icons"
"C:\valente_conecta\node_modules\@fortawesome\free-solid-svg-icons\faHourglass.d.ts","faHourglass.d.ts","C:\valente_conecta\node_modules\@fortawesome\free-solid-svg-icons"
"C:\valente_conecta\node_modules\@fortawesome\free-solid-svg-icons\faHourglass1.d.ts","faHourglass1.d.ts","C:\valente_conecta\node_modules\@fortawesome\free-solid-svg-icons"
"C:\valente_conecta\node_modules\@fortawesome\free-solid-svg-icons\faHourglass2.d.ts","faHourglass2.d.ts","C:\valente_conecta\node_modules\@fortawesome\free-solid-svg-icons"
"C:\valente_conecta\node_modules\@fortawesome\free-solid-svg-icons\faHourglass3.d.ts","faHourglass3.d.ts","C:\valente_conecta\node_modules\@fortawesome\free-solid-svg-icons"
"C:\valente_conecta\node_modules\@fortawesome\free-solid-svg-icons\faHourglassEmpty.d.ts","faHourglassEmpty.d.ts","C:\valente_conecta\node_modules\@fortawesome\free-solid-svg-icons"
"C:\valente_conecta\node_modules\@fortawesome\free-solid-svg-icons\faHourglassEnd.d.ts","faHourglassEnd.d.ts","C:\valente_conecta\node_modules\@fortawesome\free-solid-svg-icons"
"C:\valente_conecta\node_modules\@fortawesome\free-solid-svg-icons\faHourglassHalf.d.ts","faHourglassHalf.d.ts","C:\valente_conecta\node_modules\@fortawesome\free-solid-svg-icons"
"C:\valente_conecta\node_modules\@fortawesome\free-solid-svg-icons\faHourglassStart.d.ts","faHourglassStart.d.ts","C:\valente_conecta\node_modules\@fortawesome\free-solid-svg-icons"
"C:\valente_conecta\node_modules\@fortawesome\free-solid-svg-icons\faHouse.d.ts","faHouse.d.ts","C:\valente_conecta\node_modules\@fortawesome\free-solid-svg-icons"
"C:\valente_conecta\node_modules\@fortawesome\free-solid-svg-icons\faHouseChimney.d.ts","faHouseChimney.d.ts","C:\valente_conecta\node_modules\@fortawesome\free-solid-svg-icons"
"C:\valente_conecta\node_modules\@fortawesome\free-solid-svg-icons\faHouseChimneyCrack.d.ts","faHouseChimneyCrack.d.ts","C:\valente_conecta\node_modules\@fortawesome\free-solid-svg-icons"
"C:\valente_conecta\node_modules\@fortawesome\free-solid-svg-icons\faHouseChimneyMedical.d.ts","faHouseChimneyMedical.d.ts","C:\valente_conecta\node_modules\@fortawesome\free-solid-svg-icons"
"C:\valente_conecta\node_modules\@fortawesome\free-solid-svg-icons\faHouseChimneyUser.d.ts","faHouseChimneyUser.d.ts","C:\valente_conecta\node_modules\@fortawesome\free-solid-svg-icons"
"C:\valente_conecta\node_modules\@fortawesome\free-solid-svg-icons\faHouseChimneyWindow.d.ts","faHouseChimneyWindow.d.ts","C:\valente_conecta\node_modules\@fortawesome\free-solid-svg-icons"
"C:\valente_conecta\node_modules\@fortawesome\free-solid-svg-icons\faHouseCircleCheck.d.ts","faHouseCircleCheck.d.ts","C:\valente_conecta\node_modules\@fortawesome\free-solid-svg-icons"
"C:\valente_conecta\node_modules\@fortawesome\free-solid-svg-icons\faHouseCircleExclamation.d.ts","faHouseCircleExclamation.d.ts","C:\valente_conecta\node_modules\@fortawesome\free-solid-svg-icons"
"C:\valente_conecta\node_modules\@fortawesome\free-solid-svg-icons\faHouseCircleXmark.d.ts","faHouseCircleXmark.d.ts","C:\valente_conecta\node_modules\@fortawesome\free-solid-svg-icons"
"C:\valente_conecta\node_modules\@fortawesome\free-solid-svg-icons\faHouseCrack.d.ts","faHouseCrack.d.ts","C:\valente_conecta\node_modules\@fortawesome\free-solid-svg-icons"
"C:\valente_conecta\node_modules\@fortawesome\free-solid-svg-icons\faHouseDamage.d.ts","faHouseDamage.d.ts","C:\valente_conecta\node_modules\@fortawesome\free-solid-svg-icons"
"C:\valente_conecta\node_modules\@fortawesome\free-solid-svg-icons\faHouseFire.d.ts","faHouseFire.d.ts","C:\valente_conecta\node_modules\@fortawesome\free-solid-svg-icons"
"C:\valente_conecta\node_modules\@fortawesome\free-solid-svg-icons\faHouseFlag.d.ts","faHouseFlag.d.ts","C:\valente_conecta\node_modules\@fortawesome\free-solid-svg-icons"
"C:\valente_conecta\node_modules\@fortawesome\free-solid-svg-icons\faHouseFloodWater.d.ts","faHouseFloodWater.d.ts","C:\valente_conecta\node_modules\@fortawesome\free-solid-svg-icons"
"C:\valente_conecta\node_modules\@fortawesome\free-solid-svg-icons\faHouseFloodWaterCircleArrowRight.d.ts","faHouseFloodWaterCircleArrowRight.d.ts","C:\valente_conecta\node_modules\@fortawesome\free-solid-svg-icons"
"C:\valente_conecta\node_modules\@fortawesome\free-solid-svg-icons\faHouseLaptop.d.ts","faHouseLaptop.d.ts","C:\valente_conecta\node_modules\@fortawesome\free-solid-svg-icons"
"C:\valente_conecta\node_modules\@fortawesome\free-solid-svg-icons\faHouseLock.d.ts","faHouseLock.d.ts","C:\valente_conecta\node_modules\@fortawesome\free-solid-svg-icons"
"C:\valente_conecta\node_modules\@fortawesome\free-solid-svg-icons\faHouseMedical.d.ts","faHouseMedical.d.ts","C:\valente_conecta\node_modules\@fortawesome\free-solid-svg-icons"
"C:\valente_conecta\node_modules\@fortawesome\free-solid-svg-icons\faHouseMedicalCircleCheck.d.ts","faHouseMedicalCircleCheck.d.ts","C:\valente_conecta\node_modules\@fortawesome\free-solid-svg-icons"
"C:\valente_conecta\node_modules\@fortawesome\free-solid-svg-icons\faHouseMedicalCircleExclamation.d.ts","faHouseMedicalCircleExclamation.d.ts","C:\valente_conecta\node_modules\@fortawesome\free-solid-svg-icons"
"C:\valente_conecta\node_modules\@fortawesome\free-solid-svg-icons\faHouseMedicalCircleXmark.d.ts","faHouseMedicalCircleXmark.d.ts","C:\valente_conecta\node_modules\@fortawesome\free-solid-svg-icons"
"C:\valente_conecta\node_modules\@fortawesome\free-solid-svg-icons\faHouseMedicalFlag.d.ts","faHouseMedicalFlag.d.ts","C:\valente_conecta\node_modules\@fortawesome\free-solid-svg-icons"
"C:\valente_conecta\node_modules\@fortawesome\free-solid-svg-icons\faHouseSignal.d.ts","faHouseSignal.d.ts","C:\valente_conecta\node_modules\@fortawesome\free-solid-svg-icons"
"C:\valente_conecta\node_modules\@fortawesome\free-solid-svg-icons\faHouseTsunami.d.ts","faHouseTsunami.d.ts","C:\valente_conecta\node_modules\@fortawesome\free-solid-svg-icons"
"C:\valente_conecta\node_modules\@fortawesome\free-solid-svg-icons\faHouseUser.d.ts","faHouseUser.d.ts","C:\valente_conecta\node_modules\@fortawesome\free-solid-svg-icons"
"C:\valente_conecta\node_modules\@fortawesome\free-solid-svg-icons\faHryvnia.d.ts","faHryvnia.d.ts","C:\valente_conecta\node_modules\@fortawesome\free-solid-svg-icons"
"C:\valente_conecta\node_modules\@fortawesome\free-solid-svg-icons\faHryvniaSign.d.ts","faHryvniaSign.d.ts","C:\valente_conecta\node_modules\@fortawesome\free-solid-svg-icons"
"C:\valente_conecta\node_modules\@fortawesome\free-solid-svg-icons\faHSquare.d.ts","faHSquare.d.ts","C:\valente_conecta\node_modules\@fortawesome\free-solid-svg-icons"
"C:\valente_conecta\node_modules\@fortawesome\free-solid-svg-icons\faHurricane.d.ts","faHurricane.d.ts","C:\valente_conecta\node_modules\@fortawesome\free-solid-svg-icons"
"C:\valente_conecta\node_modules\@fortawesome\free-solid-svg-icons\faI.d.ts","faI.d.ts","C:\valente_conecta\node_modules\@fortawesome\free-solid-svg-icons"
"C:\valente_conecta\node_modules\@fortawesome\free-solid-svg-icons\faIceCream.d.ts","faIceCream.d.ts","C:\valente_conecta\node_modules\@fortawesome\free-solid-svg-icons"
"C:\valente_conecta\node_modules\@fortawesome\free-solid-svg-icons\faIcicles.d.ts","faIcicles.d.ts","C:\valente_conecta\node_modules\@fortawesome\free-solid-svg-icons"
"C:\valente_conecta\node_modules\@fortawesome\free-solid-svg-icons\faIcons.d.ts","faIcons.d.ts","C:\valente_conecta\node_modules\@fortawesome\free-solid-svg-icons"
"C:\valente_conecta\node_modules\@fortawesome\free-solid-svg-icons\faICursor.d.ts","faICursor.d.ts","C:\valente_conecta\node_modules\@fortawesome\free-solid-svg-icons"
"C:\valente_conecta\node_modules\@fortawesome\free-solid-svg-icons\faIdBadge.d.ts","faIdBadge.d.ts","C:\valente_conecta\node_modules\@fortawesome\free-solid-svg-icons"
"C:\valente_conecta\node_modules\@fortawesome\free-solid-svg-icons\faIdCard.d.ts","faIdCard.d.ts","C:\valente_conecta\node_modules\@fortawesome\free-solid-svg-icons"
"C:\valente_conecta\node_modules\@fortawesome\free-solid-svg-icons\faIdCardAlt.d.ts","faIdCardAlt.d.ts","C:\valente_conecta\node_modules\@fortawesome\free-solid-svg-icons"
"C:\valente_conecta\node_modules\@fortawesome\free-solid-svg-icons\faIdCardClip.d.ts","faIdCardClip.d.ts","C:\valente_conecta\node_modules\@fortawesome\free-solid-svg-icons"
"C:\valente_conecta\node_modules\@fortawesome\free-solid-svg-icons\faIgloo.d.ts","faIgloo.d.ts","C:\valente_conecta\node_modules\@fortawesome\free-solid-svg-icons"
"C:\valente_conecta\node_modules\@fortawesome\free-solid-svg-icons\faIls.d.ts","faIls.d.ts","C:\valente_conecta\node_modules\@fortawesome\free-solid-svg-icons"
"C:\valente_conecta\node_modules\@fortawesome\free-solid-svg-icons\faImage.d.ts","faImage.d.ts","C:\valente_conecta\node_modules\@fortawesome\free-solid-svg-icons"
"C:\valente_conecta\node_modules\@fortawesome\free-solid-svg-icons\faImagePortrait.d.ts","faImagePortrait.d.ts","C:\valente_conecta\node_modules\@fortawesome\free-solid-svg-icons"
"C:\valente_conecta\node_modules\@fortawesome\free-solid-svg-icons\faImages.d.ts","faImages.d.ts","C:\valente_conecta\node_modules\@fortawesome\free-solid-svg-icons"
"C:\valente_conecta\node_modules\@fortawesome\free-solid-svg-icons\faInbox.d.ts","faInbox.d.ts","C:\valente_conecta\node_modules\@fortawesome\free-solid-svg-icons"
"C:\valente_conecta\node_modules\@fortawesome\free-solid-svg-icons\faIndent.d.ts","faIndent.d.ts","C:\valente_conecta\node_modules\@fortawesome\free-solid-svg-icons"
"C:\valente_conecta\node_modules\@fortawesome\free-solid-svg-icons\faIndianRupee.d.ts","faIndianRupee.d.ts","C:\valente_conecta\node_modules\@fortawesome\free-solid-svg-icons"
"C:\valente_conecta\node_modules\@fortawesome\free-solid-svg-icons\faIndianRupeeSign.d.ts","faIndianRupeeSign.d.ts","C:\valente_conecta\node_modules\@fortawesome\free-solid-svg-icons"
"C:\valente_conecta\node_modules\@fortawesome\free-solid-svg-icons\faIndustry.d.ts","faIndustry.d.ts","C:\valente_conecta\node_modules\@fortawesome\free-solid-svg-icons"
"C:\valente_conecta\node_modules\@fortawesome\free-solid-svg-icons\faInfinity.d.ts","faInfinity.d.ts","C:\valente_conecta\node_modules\@fortawesome\free-solid-svg-icons"
"C:\valente_conecta\node_modules\@fortawesome\free-solid-svg-icons\faInfo.d.ts","faInfo.d.ts","C:\valente_conecta\node_modules\@fortawesome\free-solid-svg-icons"
"C:\valente_conecta\node_modules\@fortawesome\free-solid-svg-icons\faInfoCircle.d.ts","faInfoCircle.d.ts","C:\valente_conecta\node_modules\@fortawesome\free-solid-svg-icons"
"C:\valente_conecta\node_modules\@fortawesome\free-solid-svg-icons\faInr.d.ts","faInr.d.ts","C:\valente_conecta\node_modules\@fortawesome\free-solid-svg-icons"
"C:\valente_conecta\node_modules\@fortawesome\free-solid-svg-icons\faInstitution.d.ts","faInstitution.d.ts","C:\valente_conecta\node_modules\@fortawesome\free-solid-svg-icons"
"C:\valente_conecta\node_modules\@fortawesome\free-solid-svg-icons\faItalic.d.ts","faItalic.d.ts","C:\valente_conecta\node_modules\@fortawesome\free-solid-svg-icons"
"C:\valente_conecta\node_modules\@fortawesome\free-solid-svg-icons\faJ.d.ts","faJ.d.ts","C:\valente_conecta\node_modules\@fortawesome\free-solid-svg-icons"
"C:\valente_conecta\node_modules\@fortawesome\free-solid-svg-icons\faJar.d.ts","faJar.d.ts","C:\valente_conecta\node_modules\@fortawesome\free-solid-svg-icons"
"C:\valente_conecta\node_modules\@fortawesome\free-solid-svg-icons\faJarWheat.d.ts","faJarWheat.d.ts","C:\valente_conecta\node_modules\@fortawesome\free-solid-svg-icons"
"C:\valente_conecta\node_modules\@fortawesome\free-solid-svg-icons\faJedi.d.ts","faJedi.d.ts","C:\valente_conecta\node_modules\@fortawesome\free-solid-svg-icons"
"C:\valente_conecta\node_modules\@fortawesome\free-solid-svg-icons\faJetFighter.d.ts","faJetFighter.d.ts","C:\valente_conecta\node_modules\@fortawesome\free-solid-svg-icons"
"C:\valente_conecta\node_modules\@fortawesome\free-solid-svg-icons\faJetFighterUp.d.ts","faJetFighterUp.d.ts","C:\valente_conecta\node_modules\@fortawesome\free-solid-svg-icons"
"C:\valente_conecta\node_modules\@fortawesome\free-solid-svg-icons\faJoint.d.ts","faJoint.d.ts","C:\valente_conecta\node_modules\@fortawesome\free-solid-svg-icons"
"C:\valente_conecta\node_modules\@fortawesome\free-solid-svg-icons\faJournalWhills.d.ts","faJournalWhills.d.ts","C:\valente_conecta\node_modules\@fortawesome\free-solid-svg-icons"
"C:\valente_conecta\node_modules\@fortawesome\free-solid-svg-icons\faJpy.d.ts","faJpy.d.ts","C:\valente_conecta\node_modules\@fortawesome\free-solid-svg-icons"
"C:\valente_conecta\node_modules\@fortawesome\free-solid-svg-icons\faJugDetergent.d.ts","faJugDetergent.d.ts","C:\valente_conecta\node_modules\@fortawesome\free-solid-svg-icons"
"C:\valente_conecta\node_modules\@fortawesome\free-solid-svg-icons\faK.d.ts","faK.d.ts","C:\valente_conecta\node_modules\@fortawesome\free-solid-svg-icons"
"C:\valente_conecta\node_modules\@fortawesome\free-solid-svg-icons\faKaaba.d.ts","faKaaba.d.ts","C:\valente_conecta\node_modules\@fortawesome\free-solid-svg-icons"
"C:\valente_conecta\node_modules\@fortawesome\free-solid-svg-icons\faKey.d.ts","faKey.d.ts","C:\valente_conecta\node_modules\@fortawesome\free-solid-svg-icons"
"C:\valente_conecta\node_modules\@fortawesome\free-solid-svg-icons\faKeyboard.d.ts","faKeyboard.d.ts","C:\valente_conecta\node_modules\@fortawesome\free-solid-svg-icons"
"C:\valente_conecta\node_modules\@fortawesome\free-solid-svg-icons\faKhanda.d.ts","faKhanda.d.ts","C:\valente_conecta\node_modules\@fortawesome\free-solid-svg-icons"
"C:\valente_conecta\node_modules\@fortawesome\free-solid-svg-icons\faKipSign.d.ts","faKipSign.d.ts","C:\valente_conecta\node_modules\@fortawesome\free-solid-svg-icons"
"C:\valente_conecta\node_modules\@fortawesome\free-solid-svg-icons\faKiss.d.ts","faKiss.d.ts","C:\valente_conecta\node_modules\@fortawesome\free-solid-svg-icons"
"C:\valente_conecta\node_modules\@fortawesome\free-solid-svg-icons\faKissBeam.d.ts","faKissBeam.d.ts","C:\valente_conecta\node_modules\@fortawesome\free-solid-svg-icons"
"C:\valente_conecta\node_modules\@fortawesome\free-solid-svg-icons\faKissWinkHeart.d.ts","faKissWinkHeart.d.ts","C:\valente_conecta\node_modules\@fortawesome\free-solid-svg-icons"
"C:\valente_conecta\node_modules\@fortawesome\free-solid-svg-icons\faKitchenSet.d.ts","faKitchenSet.d.ts","C:\valente_conecta\node_modules\@fortawesome\free-solid-svg-icons"
"C:\valente_conecta\node_modules\@fortawesome\free-solid-svg-icons\faKitMedical.d.ts","faKitMedical.d.ts","C:\valente_conecta\node_modules\@fortawesome\free-solid-svg-icons"
"C:\valente_conecta\node_modules\@fortawesome\free-solid-svg-icons\faKiwiBird.d.ts","faKiwiBird.d.ts","C:\valente_conecta\node_modules\@fortawesome\free-solid-svg-icons"
"C:\valente_conecta\node_modules\@fortawesome\free-solid-svg-icons\faKrw.d.ts","faKrw.d.ts","C:\valente_conecta\node_modules\@fortawesome\free-solid-svg-icons"
"C:\valente_conecta\node_modules\@fortawesome\free-solid-svg-icons\faL.d.ts","faL.d.ts","C:\valente_conecta\node_modules\@fortawesome\free-solid-svg-icons"
"C:\valente_conecta\node_modules\@fortawesome\free-solid-svg-icons\faLadderWater.d.ts","faLadderWater.d.ts","C:\valente_conecta\node_modules\@fortawesome\free-solid-svg-icons"
"C:\valente_conecta\node_modules\@fortawesome\free-solid-svg-icons\faLandmark.d.ts","faLandmark.d.ts","C:\valente_conecta\node_modules\@fortawesome\free-solid-svg-icons"
"C:\valente_conecta\node_modules\@fortawesome\free-solid-svg-icons\faLandmarkAlt.d.ts","faLandmarkAlt.d.ts","C:\valente_conecta\node_modules\@fortawesome\free-solid-svg-icons"
"C:\valente_conecta\node_modules\@fortawesome\free-solid-svg-icons\faLandmarkDome.d.ts","faLandmarkDome.d.ts","C:\valente_conecta\node_modules\@fortawesome\free-solid-svg-icons"
"C:\valente_conecta\node_modules\@fortawesome\free-solid-svg-icons\faLandmarkFlag.d.ts","faLandmarkFlag.d.ts","C:\valente_conecta\node_modules\@fortawesome\free-solid-svg-icons"
"C:\valente_conecta\node_modules\@fortawesome\free-solid-svg-icons\faLandMineOn.d.ts","faLandMineOn.d.ts","C:\valente_conecta\node_modules\@fortawesome\free-solid-svg-icons"
"C:\valente_conecta\node_modules\@fortawesome\free-solid-svg-icons\faLanguage.d.ts","faLanguage.d.ts","C:\valente_conecta\node_modules\@fortawesome\free-solid-svg-icons"
"C:\valente_conecta\node_modules\@fortawesome\free-solid-svg-icons\faLaptop.d.ts","faLaptop.d.ts","C:\valente_conecta\node_modules\@fortawesome\free-solid-svg-icons"
"C:\valente_conecta\node_modules\@fortawesome\free-solid-svg-icons\faLaptopCode.d.ts","faLaptopCode.d.ts","C:\valente_conecta\node_modules\@fortawesome\free-solid-svg-icons"
"C:\valente_conecta\node_modules\@fortawesome\free-solid-svg-icons\faLaptopFile.d.ts","faLaptopFile.d.ts","C:\valente_conecta\node_modules\@fortawesome\free-solid-svg-icons"
"C:\valente_conecta\node_modules\@fortawesome\free-solid-svg-icons\faLaptopHouse.d.ts","faLaptopHouse.d.ts","C:\valente_conecta\node_modules\@fortawesome\free-solid-svg-icons"
"C:\valente_conecta\node_modules\@fortawesome\free-solid-svg-icons\faLaptopMedical.d.ts","faLaptopMedical.d.ts","C:\valente_conecta\node_modules\@fortawesome\free-solid-svg-icons"
"C:\valente_conecta\node_modules\@fortawesome\free-solid-svg-icons\faLariSign.d.ts","faLariSign.d.ts","C:\valente_conecta\node_modules\@fortawesome\free-solid-svg-icons"
"C:\valente_conecta\node_modules\@fortawesome\free-solid-svg-icons\faLaugh.d.ts","faLaugh.d.ts","C:\valente_conecta\node_modules\@fortawesome\free-solid-svg-icons"
"C:\valente_conecta\node_modules\@fortawesome\free-solid-svg-icons\faLaughBeam.d.ts","faLaughBeam.d.ts","C:\valente_conecta\node_modules\@fortawesome\free-solid-svg-icons"
"C:\valente_conecta\node_modules\@fortawesome\free-solid-svg-icons\faLaughSquint.d.ts","faLaughSquint.d.ts","C:\valente_conecta\node_modules\@fortawesome\free-solid-svg-icons"
"C:\valente_conecta\node_modules\@fortawesome\free-solid-svg-icons\faLaughWink.d.ts","faLaughWink.d.ts","C:\valente_conecta\node_modules\@fortawesome\free-solid-svg-icons"
"C:\valente_conecta\node_modules\@fortawesome\free-solid-svg-icons\faLayerGroup.d.ts","faLayerGroup.d.ts","C:\valente_conecta\node_modules\@fortawesome\free-solid-svg-icons"
"C:\valente_conecta\node_modules\@fortawesome\free-solid-svg-icons\faLeaf.d.ts","faLeaf.d.ts","C:\valente_conecta\node_modules\@fortawesome\free-solid-svg-icons"
"C:\valente_conecta\node_modules\@fortawesome\free-solid-svg-icons\faLeftLong.d.ts","faLeftLong.d.ts","C:\valente_conecta\node_modules\@fortawesome\free-solid-svg-icons"
"C:\valente_conecta\node_modules\@fortawesome\free-solid-svg-icons\faLeftRight.d.ts","faLeftRight.d.ts","C:\valente_conecta\node_modules\@fortawesome\free-solid-svg-icons"
"C:\valente_conecta\node_modules\@fortawesome\free-solid-svg-icons\faLegal.d.ts","faLegal.d.ts","C:\valente_conecta\node_modules\@fortawesome\free-solid-svg-icons"
"C:\valente_conecta\node_modules\@fortawesome\free-solid-svg-icons\faLemon.d.ts","faLemon.d.ts","C:\valente_conecta\node_modules\@fortawesome\free-solid-svg-icons"
"C:\valente_conecta\node_modules\@fortawesome\free-solid-svg-icons\faLeo.d.ts","faLeo.d.ts","C:\valente_conecta\node_modules\@fortawesome\free-solid-svg-icons"
"C:\valente_conecta\node_modules\@fortawesome\free-solid-svg-icons\faLessThan.d.ts","faLessThan.d.ts","C:\valente_conecta\node_modules\@fortawesome\free-solid-svg-icons"
"C:\valente_conecta\node_modules\@fortawesome\free-solid-svg-icons\faLessThanEqual.d.ts","faLessThanEqual.d.ts","C:\valente_conecta\node_modules\@fortawesome\free-solid-svg-icons"
"C:\valente_conecta\node_modules\@fortawesome\free-solid-svg-icons\faLevelDown.d.ts","faLevelDown.d.ts","C:\valente_conecta\node_modules\@fortawesome\free-solid-svg-icons"
"C:\valente_conecta\node_modules\@fortawesome\free-solid-svg-icons\faLevelDownAlt.d.ts","faLevelDownAlt.d.ts","C:\valente_conecta\node_modules\@fortawesome\free-solid-svg-icons"
"C:\valente_conecta\node_modules\@fortawesome\free-solid-svg-icons\faLevelUp.d.ts","faLevelUp.d.ts","C:\valente_conecta\node_modules\@fortawesome\free-solid-svg-icons"
"C:\valente_conecta\node_modules\@fortawesome\free-solid-svg-icons\faLevelUpAlt.d.ts","faLevelUpAlt.d.ts","C:\valente_conecta\node_modules\@fortawesome\free-solid-svg-icons"
"C:\valente_conecta\node_modules\@fortawesome\free-solid-svg-icons\faLibra.d.ts","faLibra.d.ts","C:\valente_conecta\node_modules\@fortawesome\free-solid-svg-icons"
"C:\valente_conecta\node_modules\@fortawesome\free-solid-svg-icons\faLifeRing.d.ts","faLifeRing.d.ts","C:\valente_conecta\node_modules\@fortawesome\free-solid-svg-icons"
"C:\valente_conecta\node_modules\@fortawesome\free-solid-svg-icons\faLightbulb.d.ts","faLightbulb.d.ts","C:\valente_conecta\node_modules\@fortawesome\free-solid-svg-icons"
"C:\valente_conecta\node_modules\@fortawesome\free-solid-svg-icons\faLineChart.d.ts","faLineChart.d.ts","C:\valente_conecta\node_modules\@fortawesome\free-solid-svg-icons"
"C:\valente_conecta\node_modules\@fortawesome\free-solid-svg-icons\faLinesLeaning.d.ts","faLinesLeaning.d.ts","C:\valente_conecta\node_modules\@fortawesome\free-solid-svg-icons"
"C:\valente_conecta\node_modules\@fortawesome\free-solid-svg-icons\faLink.d.ts","faLink.d.ts","C:\valente_conecta\node_modules\@fortawesome\free-solid-svg-icons"
"C:\valente_conecta\node_modules\@fortawesome\free-solid-svg-icons\faLinkSlash.d.ts","faLinkSlash.d.ts","C:\valente_conecta\node_modules\@fortawesome\free-solid-svg-icons"
"C:\valente_conecta\node_modules\@fortawesome\free-solid-svg-icons\faLiraSign.d.ts","faLiraSign.d.ts","C:\valente_conecta\node_modules\@fortawesome\free-solid-svg-icons"
"C:\valente_conecta\node_modules\@fortawesome\free-solid-svg-icons\faList.d.ts","faList.d.ts","C:\valente_conecta\node_modules\@fortawesome\free-solid-svg-icons"
"C:\valente_conecta\node_modules\@fortawesome\free-solid-svg-icons\faList12.d.ts","faList12.d.ts","C:\valente_conecta\node_modules\@fortawesome\free-solid-svg-icons"
"C:\valente_conecta\node_modules\@fortawesome\free-solid-svg-icons\faListAlt.d.ts","faListAlt.d.ts","C:\valente_conecta\node_modules\@fortawesome\free-solid-svg-icons"
"C:\valente_conecta\node_modules\@fortawesome\free-solid-svg-icons\faListCheck.d.ts","faListCheck.d.ts","C:\valente_conecta\node_modules\@fortawesome\free-solid-svg-icons"
"C:\valente_conecta\node_modules\@fortawesome\free-solid-svg-icons\faListDots.d.ts","faListDots.d.ts","C:\valente_conecta\node_modules\@fortawesome\free-solid-svg-icons"
"C:\valente_conecta\node_modules\@fortawesome\free-solid-svg-icons\faListNumeric.d.ts","faListNumeric.d.ts","C:\valente_conecta\node_modules\@fortawesome\free-solid-svg-icons"
"C:\valente_conecta\node_modules\@fortawesome\free-solid-svg-icons\faListOl.d.ts","faListOl.d.ts","C:\valente_conecta\node_modules\@fortawesome\free-solid-svg-icons"
"C:\valente_conecta\node_modules\@fortawesome\free-solid-svg-icons\faListSquares.d.ts","faListSquares.d.ts","C:\valente_conecta\node_modules\@fortawesome\free-solid-svg-icons"
"C:\valente_conecta\node_modules\@fortawesome\free-solid-svg-icons\faListUl.d.ts","faListUl.d.ts","C:\valente_conecta\node_modules\@fortawesome\free-solid-svg-icons"
"C:\valente_conecta\node_modules\@fortawesome\free-solid-svg-icons\faLitecoinSign.d.ts","faLitecoinSign.d.ts","C:\valente_conecta\node_modules\@fortawesome\free-solid-svg-icons"
"C:\valente_conecta\node_modules\@fortawesome\free-solid-svg-icons\faLocation.d.ts","faLocation.d.ts","C:\valente_conecta\node_modules\@fortawesome\free-solid-svg-icons"
"C:\valente_conecta\node_modules\@fortawesome\free-solid-svg-icons\faLocationArrow.d.ts","faLocationArrow.d.ts","C:\valente_conecta\node_modules\@fortawesome\free-solid-svg-icons"
"C:\valente_conecta\node_modules\@fortawesome\free-solid-svg-icons\faLocationCrosshairs.d.ts","faLocationCrosshairs.d.ts","C:\valente_conecta\node_modules\@fortawesome\free-solid-svg-icons"
"C:\valente_conecta\node_modules\@fortawesome\free-solid-svg-icons\faLocationDot.d.ts","faLocationDot.d.ts","C:\valente_conecta\node_modules\@fortawesome\free-solid-svg-icons"
"C:\valente_conecta\node_modules\@fortawesome\free-solid-svg-icons\faLocationPin.d.ts","faLocationPin.d.ts","C:\valente_conecta\node_modules\@fortawesome\free-solid-svg-icons"
"C:\valente_conecta\node_modules\@fortawesome\free-solid-svg-icons\faLocationPinLock.d.ts","faLocationPinLock.d.ts","C:\valente_conecta\node_modules\@fortawesome\free-solid-svg-icons"
"C:\valente_conecta\node_modules\@fortawesome\free-solid-svg-icons\faLock.d.ts","faLock.d.ts","C:\valente_conecta\node_modules\@fortawesome\free-solid-svg-icons"
"C:\valente_conecta\node_modules\@fortawesome\free-solid-svg-icons\faLockOpen.d.ts","faLockOpen.d.ts","C:\valente_conecta\node_modules\@fortawesome\free-solid-svg-icons"
"C:\valente_conecta\node_modules\@fortawesome\free-solid-svg-icons\faLocust.d.ts","faLocust.d.ts","C:\valente_conecta\node_modules\@fortawesome\free-solid-svg-icons"
"C:\valente_conecta\node_modules\@fortawesome\free-solid-svg-icons\faLongArrowAltDown.d.ts","faLongArrowAltDown.d.ts","C:\valente_conecta\node_modules\@fortawesome\free-solid-svg-icons"
"C:\valente_conecta\node_modules\@fortawesome\free-solid-svg-icons\faLongArrowAltLeft.d.ts","faLongArrowAltLeft.d.ts","C:\valente_conecta\node_modules\@fortawesome\free-solid-svg-icons"
"C:\valente_conecta\node_modules\@fortawesome\free-solid-svg-icons\faLongArrowAltRight.d.ts","faLongArrowAltRight.d.ts","C:\valente_conecta\node_modules\@fortawesome\free-solid-svg-icons"
"C:\valente_conecta\node_modules\@fortawesome\free-solid-svg-icons\faLongArrowAltUp.d.ts","faLongArrowAltUp.d.ts","C:\valente_conecta\node_modules\@fortawesome\free-solid-svg-icons"
"C:\valente_conecta\node_modules\@fortawesome\free-solid-svg-icons\faLongArrowDown.d.ts","faLongArrowDown.d.ts","C:\valente_conecta\node_modules\@fortawesome\free-solid-svg-icons"
"C:\valente_conecta\node_modules\@fortawesome\free-solid-svg-icons\faLongArrowLeft.d.ts","faLongArrowLeft.d.ts","C:\valente_conecta\node_modules\@fortawesome\free-solid-svg-icons"
"C:\valente_conecta\node_modules\@fortawesome\free-solid-svg-icons\faLongArrowRight.d.ts","faLongArrowRight.d.ts","C:\valente_conecta\node_modules\@fortawesome\free-solid-svg-icons"
"C:\valente_conecta\node_modules\@fortawesome\free-solid-svg-icons\faLongArrowUp.d.ts","faLongArrowUp.d.ts","C:\valente_conecta\node_modules\@fortawesome\free-solid-svg-icons"
"C:\valente_conecta\node_modules\@fortawesome\free-solid-svg-icons\faLowVision.d.ts","faLowVision.d.ts","C:\valente_conecta\node_modules\@fortawesome\free-solid-svg-icons"
"C:\valente_conecta\node_modules\@fortawesome\free-solid-svg-icons\faLuggageCart.d.ts","faLuggageCart.d.ts","C:\valente_conecta\node_modules\@fortawesome\free-solid-svg-icons"
"C:\valente_conecta\node_modules\@fortawesome\free-solid-svg-icons\faLungs.d.ts","faLungs.d.ts","C:\valente_conecta\node_modules\@fortawesome\free-solid-svg-icons"
"C:\valente_conecta\node_modules\@fortawesome\free-solid-svg-icons\faLungsVirus.d.ts","faLungsVirus.d.ts","C:\valente_conecta\node_modules\@fortawesome\free-solid-svg-icons"
"C:\valente_conecta\node_modules\@fortawesome\free-solid-svg-icons\faM.d.ts","faM.d.ts","C:\valente_conecta\node_modules\@fortawesome\free-solid-svg-icons"
"C:\valente_conecta\node_modules\@fortawesome\free-solid-svg-icons\faMagic.d.ts","faMagic.d.ts","C:\valente_conecta\node_modules\@fortawesome\free-solid-svg-icons"
"C:\valente_conecta\node_modules\@fortawesome\free-solid-svg-icons\faMagicWandSparkles.d.ts","faMagicWandSparkles.d.ts","C:\valente_conecta\node_modules\@fortawesome\free-solid-svg-icons"
"C:\valente_conecta\node_modules\@fortawesome\free-solid-svg-icons\faMagnet.d.ts","faMagnet.d.ts","C:\valente_conecta\node_modules\@fortawesome\free-solid-svg-icons"
"C:\valente_conecta\node_modules\@fortawesome\free-solid-svg-icons\faMagnifyingGlass.d.ts","faMagnifyingGlass.d.ts","C:\valente_conecta\node_modules\@fortawesome\free-solid-svg-icons"
"C:\valente_conecta\node_modules\@fortawesome\free-solid-svg-icons\faMagnifyingGlassArrowRight.d.ts","faMagnifyingGlassArrowRight.d.ts","C:\valente_conecta\node_modules\@fortawesome\free-solid-svg-icons"
"C:\valente_conecta\node_modules\@fortawesome\free-solid-svg-icons\faMagnifyingGlassChart.d.ts","faMagnifyingGlassChart.d.ts","C:\valente_conecta\node_modules\@fortawesome\free-solid-svg-icons"
"C:\valente_conecta\node_modules\@fortawesome\free-solid-svg-icons\faMagnifyingGlassDollar.d.ts","faMagnifyingGlassDollar.d.ts","C:\valente_conecta\node_modules\@fortawesome\free-solid-svg-icons"
"C:\valente_conecta\node_modules\@fortawesome\free-solid-svg-icons\faMagnifyingGlassLocation.d.ts","faMagnifyingGlassLocation.d.ts","C:\valente_conecta\node_modules\@fortawesome\free-solid-svg-icons"
"C:\valente_conecta\node_modules\@fortawesome\free-solid-svg-icons\faMagnifyingGlassMinus.d.ts","faMagnifyingGlassMinus.d.ts","C:\valente_conecta\node_modules\@fortawesome\free-solid-svg-icons"
"C:\valente_conecta\node_modules\@fortawesome\free-solid-svg-icons\faMagnifyingGlassPlus.d.ts","faMagnifyingGlassPlus.d.ts","C:\valente_conecta\node_modules\@fortawesome\free-solid-svg-icons"
"C:\valente_conecta\node_modules\@fortawesome\free-solid-svg-icons\faMailBulk.d.ts","faMailBulk.d.ts","C:\valente_conecta\node_modules\@fortawesome\free-solid-svg-icons"
"C:\valente_conecta\node_modules\@fortawesome\free-solid-svg-icons\faMailForward.d.ts","faMailForward.d.ts","C:\valente_conecta\node_modules\@fortawesome\free-solid-svg-icons"
"C:\valente_conecta\node_modules\@fortawesome\free-solid-svg-icons\faMailReply.d.ts","faMailReply.d.ts","C:\valente_conecta\node_modules\@fortawesome\free-solid-svg-icons"
"C:\valente_conecta\node_modules\@fortawesome\free-solid-svg-icons\faMailReplyAll.d.ts","faMailReplyAll.d.ts","C:\valente_conecta\node_modules\@fortawesome\free-solid-svg-icons"
"C:\valente_conecta\node_modules\@fortawesome\free-solid-svg-icons\faMale.d.ts","faMale.d.ts","C:\valente_conecta\node_modules\@fortawesome\free-solid-svg-icons"
"C:\valente_conecta\node_modules\@fortawesome\free-solid-svg-icons\faManatSign.d.ts","faManatSign.d.ts","C:\valente_conecta\node_modules\@fortawesome\free-solid-svg-icons"
"C:\valente_conecta\node_modules\@fortawesome\free-solid-svg-icons\faMap.d.ts","faMap.d.ts","C:\valente_conecta\node_modules\@fortawesome\free-solid-svg-icons"
"C:\valente_conecta\node_modules\@fortawesome\free-solid-svg-icons\faMapLocation.d.ts","faMapLocation.d.ts","C:\valente_conecta\node_modules\@fortawesome\free-solid-svg-icons"
"C:\valente_conecta\node_modules\@fortawesome\free-solid-svg-icons\faMapLocationDot.d.ts","faMapLocationDot.d.ts","C:\valente_conecta\node_modules\@fortawesome\free-solid-svg-icons"
"C:\valente_conecta\node_modules\@fortawesome\free-solid-svg-icons\faMapMarked.d.ts","faMapMarked.d.ts","C:\valente_conecta\node_modules\@fortawesome\free-solid-svg-icons"
"C:\valente_conecta\node_modules\@fortawesome\free-solid-svg-icons\faMapMarkedAlt.d.ts","faMapMarkedAlt.d.ts","C:\valente_conecta\node_modules\@fortawesome\free-solid-svg-icons"
"C:\valente_conecta\node_modules\@fortawesome\free-solid-svg-icons\faMapMarker.d.ts","faMapMarker.d.ts","C:\valente_conecta\node_modules\@fortawesome\free-solid-svg-icons"
"C:\valente_conecta\node_modules\@fortawesome\free-solid-svg-icons\faMapMarkerAlt.d.ts","faMapMarkerAlt.d.ts","C:\valente_conecta\node_modules\@fortawesome\free-solid-svg-icons"
"C:\valente_conecta\node_modules\@fortawesome\free-solid-svg-icons\faMapPin.d.ts","faMapPin.d.ts","C:\valente_conecta\node_modules\@fortawesome\free-solid-svg-icons"
"C:\valente_conecta\node_modules\@fortawesome\free-solid-svg-icons\faMapSigns.d.ts","faMapSigns.d.ts","C:\valente_conecta\node_modules\@fortawesome\free-solid-svg-icons"
"C:\valente_conecta\node_modules\@fortawesome\free-solid-svg-icons\faMarker.d.ts","faMarker.d.ts","C:\valente_conecta\node_modules\@fortawesome\free-solid-svg-icons"
"C:\valente_conecta\node_modules\@fortawesome\free-solid-svg-icons\faMars.d.ts","faMars.d.ts","C:\valente_conecta\node_modules\@fortawesome\free-solid-svg-icons"
"C:\valente_conecta\node_modules\@fortawesome\free-solid-svg-icons\faMarsAndVenus.d.ts","faMarsAndVenus.d.ts","C:\valente_conecta\node_modules\@fortawesome\free-solid-svg-icons"
"C:\valente_conecta\node_modules\@fortawesome\free-solid-svg-icons\faMarsAndVenusBurst.d.ts","faMarsAndVenusBurst.d.ts","C:\valente_conecta\node_modules\@fortawesome\free-solid-svg-icons"
"C:\valente_conecta\node_modules\@fortawesome\free-solid-svg-icons\faMarsDouble.d.ts","faMarsDouble.d.ts","C:\valente_conecta\node_modules\@fortawesome\free-solid-svg-icons"
"C:\valente_conecta\node_modules\@fortawesome\free-solid-svg-icons\faMarsStroke.d.ts","faMarsStroke.d.ts","C:\valente_conecta\node_modules\@fortawesome\free-solid-svg-icons"
"C:\valente_conecta\node_modules\@fortawesome\free-solid-svg-icons\faMarsStrokeH.d.ts","faMarsStrokeH.d.ts","C:\valente_conecta\node_modules\@fortawesome\free-solid-svg-icons"
"C:\valente_conecta\node_modules\@fortawesome\free-solid-svg-icons\faMarsStrokeRight.d.ts","faMarsStrokeRight.d.ts","C:\valente_conecta\node_modules\@fortawesome\free-solid-svg-icons"
"C:\valente_conecta\node_modules\@fortawesome\free-solid-svg-icons\faMarsStrokeUp.d.ts","faMarsStrokeUp.d.ts","C:\valente_conecta\node_modules\@fortawesome\free-solid-svg-icons"
"C:\valente_conecta\node_modules\@fortawesome\free-solid-svg-icons\faMarsStrokeV.d.ts","faMarsStrokeV.d.ts","C:\valente_conecta\node_modules\@fortawesome\free-solid-svg-icons"
"C:\valente_conecta\node_modules\@fortawesome\free-solid-svg-icons\faMartiniGlass.d.ts","faMartiniGlass.d.ts","C:\valente_conecta\node_modules\@fortawesome\free-solid-svg-icons"
"C:\valente_conecta\node_modules\@fortawesome\free-solid-svg-icons\faMartiniGlassCitrus.d.ts","faMartiniGlassCitrus.d.ts","C:\valente_conecta\node_modules\@fortawesome\free-solid-svg-icons"
"C:\valente_conecta\node_modules\@fortawesome\free-solid-svg-icons\faMartiniGlassEmpty.d.ts","faMartiniGlassEmpty.d.ts","C:\valente_conecta\node_modules\@fortawesome\free-solid-svg-icons"
"C:\valente_conecta\node_modules\@fortawesome\free-solid-svg-icons\faMask.d.ts","faMask.d.ts","C:\valente_conecta\node_modules\@fortawesome\free-solid-svg-icons"
"C:\valente_conecta\node_modules\@fortawesome\free-solid-svg-icons\faMaskFace.d.ts","faMaskFace.d.ts","C:\valente_conecta\node_modules\@fortawesome\free-solid-svg-icons"
"C:\valente_conecta\node_modules\@fortawesome\free-solid-svg-icons\faMasksTheater.d.ts","faMasksTheater.d.ts","C:\valente_conecta\node_modules\@fortawesome\free-solid-svg-icons"
"C:\valente_conecta\node_modules\@fortawesome\free-solid-svg-icons\faMaskVentilator.d.ts","faMaskVentilator.d.ts","C:\valente_conecta\node_modules\@fortawesome\free-solid-svg-icons"
"C:\valente_conecta\node_modules\@fortawesome\free-solid-svg-icons\faMattressPillow.d.ts","faMattressPillow.d.ts","C:\valente_conecta\node_modules\@fortawesome\free-solid-svg-icons"
"C:\valente_conecta\node_modules\@fortawesome\free-solid-svg-icons\faMaximize.d.ts","faMaximize.d.ts","C:\valente_conecta\node_modules\@fortawesome\free-solid-svg-icons"
"C:\valente_conecta\node_modules\@fortawesome\free-solid-svg-icons\faMedal.d.ts","faMedal.d.ts","C:\valente_conecta\node_modules\@fortawesome\free-solid-svg-icons"
"C:\valente_conecta\node_modules\@fortawesome\free-solid-svg-icons\faMedkit.d.ts","faMedkit.d.ts","C:\valente_conecta\node_modules\@fortawesome\free-solid-svg-icons"
"C:\valente_conecta\node_modules\@fortawesome\free-solid-svg-icons\faMeh.d.ts","faMeh.d.ts","C:\valente_conecta\node_modules\@fortawesome\free-solid-svg-icons"
"C:\valente_conecta\node_modules\@fortawesome\free-solid-svg-icons\faMehBlank.d.ts","faMehBlank.d.ts","C:\valente_conecta\node_modules\@fortawesome\free-solid-svg-icons"
"C:\valente_conecta\node_modules\@fortawesome\free-solid-svg-icons\faMehRollingEyes.d.ts","faMehRollingEyes.d.ts","C:\valente_conecta\node_modules\@fortawesome\free-solid-svg-icons"
"C:\valente_conecta\node_modules\@fortawesome\free-solid-svg-icons\faMemory.d.ts","faMemory.d.ts","C:\valente_conecta\node_modules\@fortawesome\free-solid-svg-icons"
"C:\valente_conecta\node_modules\@fortawesome\free-solid-svg-icons\faMenorah.d.ts","faMenorah.d.ts","C:\valente_conecta\node_modules\@fortawesome\free-solid-svg-icons"
"C:\valente_conecta\node_modules\@fortawesome\free-solid-svg-icons\faMercury.d.ts","faMercury.d.ts","C:\valente_conecta\node_modules\@fortawesome\free-solid-svg-icons"
"C:\valente_conecta\node_modules\@fortawesome\free-solid-svg-icons\faMessage.d.ts","faMessage.d.ts","C:\valente_conecta\node_modules\@fortawesome\free-solid-svg-icons"
"C:\valente_conecta\node_modules\@fortawesome\free-solid-svg-icons\faMeteor.d.ts","faMeteor.d.ts","C:\valente_conecta\node_modules\@fortawesome\free-solid-svg-icons"
"C:\valente_conecta\node_modules\@fortawesome\free-solid-svg-icons\faMicrochip.d.ts","faMicrochip.d.ts","C:\valente_conecta\node_modules\@fortawesome\free-solid-svg-icons"
"C:\valente_conecta\node_modules\@fortawesome\free-solid-svg-icons\faMicrophone.d.ts","faMicrophone.d.ts","C:\valente_conecta\node_modules\@fortawesome\free-solid-svg-icons"
"C:\valente_conecta\node_modules\@fortawesome\free-solid-svg-icons\faMicrophoneAlt.d.ts","faMicrophoneAlt.d.ts","C:\valente_conecta\node_modules\@fortawesome\free-solid-svg-icons"
"C:\valente_conecta\node_modules\@fortawesome\free-solid-svg-icons\faMicrophoneAltSlash.d.ts","faMicrophoneAltSlash.d.ts","C:\valente_conecta\node_modules\@fortawesome\free-solid-svg-icons"
"C:\valente_conecta\node_modules\@fortawesome\free-solid-svg-icons\faMicrophoneLines.d.ts","faMicrophoneLines.d.ts","C:\valente_conecta\node_modules\@fortawesome\free-solid-svg-icons"
"C:\valente_conecta\node_modules\@fortawesome\free-solid-svg-icons\faMicrophoneLinesSlash.d.ts","faMicrophoneLinesSlash.d.ts","C:\valente_conecta\node_modules\@fortawesome\free-solid-svg-icons"
"C:\valente_conecta\node_modules\@fortawesome\free-solid-svg-icons\faMicrophoneSlash.d.ts","faMicrophoneSlash.d.ts","C:\valente_conecta\node_modules\@fortawesome\free-solid-svg-icons"
"C:\valente_conecta\node_modules\@fortawesome\free-solid-svg-icons\faMicroscope.d.ts","faMicroscope.d.ts","C:\valente_conecta\node_modules\@fortawesome\free-solid-svg-icons"
"C:\valente_conecta\node_modules\@fortawesome\free-solid-svg-icons\faMillSign.d.ts","faMillSign.d.ts","C:\valente_conecta\node_modules\@fortawesome\free-solid-svg-icons"
"C:\valente_conecta\node_modules\@fortawesome\free-solid-svg-icons\faMinimize.d.ts","faMinimize.d.ts","C:\valente_conecta\node_modules\@fortawesome\free-solid-svg-icons"
"C:\valente_conecta\node_modules\@fortawesome\free-solid-svg-icons\faMinus.d.ts","faMinus.d.ts","C:\valente_conecta\node_modules\@fortawesome\free-solid-svg-icons"
"C:\valente_conecta\node_modules\@fortawesome\free-solid-svg-icons\faMinusCircle.d.ts","faMinusCircle.d.ts","C:\valente_conecta\node_modules\@fortawesome\free-solid-svg-icons"
"C:\valente_conecta\node_modules\@fortawesome\free-solid-svg-icons\faMinusSquare.d.ts","faMinusSquare.d.ts","C:\valente_conecta\node_modules\@fortawesome\free-solid-svg-icons"
"C:\valente_conecta\node_modules\@fortawesome\free-solid-svg-icons\faMitten.d.ts","faMitten.d.ts","C:\valente_conecta\node_modules\@fortawesome\free-solid-svg-icons"
"C:\valente_conecta\node_modules\@fortawesome\free-solid-svg-icons\faMobile.d.ts","faMobile.d.ts","C:\valente_conecta\node_modules\@fortawesome\free-solid-svg-icons"
"C:\valente_conecta\node_modules\@fortawesome\free-solid-svg-icons\faMobileAlt.d.ts","faMobileAlt.d.ts","C:\valente_conecta\node_modules\@fortawesome\free-solid-svg-icons"
"C:\valente_conecta\node_modules\@fortawesome\free-solid-svg-icons\faMobileAndroid.d.ts","faMobileAndroid.d.ts","C:\valente_conecta\node_modules\@fortawesome\free-solid-svg-icons"
"C:\valente_conecta\node_modules\@fortawesome\free-solid-svg-icons\faMobileAndroidAlt.d.ts","faMobileAndroidAlt.d.ts","C:\valente_conecta\node_modules\@fortawesome\free-solid-svg-icons"
"C:\valente_conecta\node_modules\@fortawesome\free-solid-svg-icons\faMobileButton.d.ts","faMobileButton.d.ts","C:\valente_conecta\node_modules\@fortawesome\free-solid-svg-icons"
"C:\valente_conecta\node_modules\@fortawesome\free-solid-svg-icons\faMobilePhone.d.ts","faMobilePhone.d.ts","C:\valente_conecta\node_modules\@fortawesome\free-solid-svg-icons"
"C:\valente_conecta\node_modules\@fortawesome\free-solid-svg-icons\faMobileRetro.d.ts","faMobileRetro.d.ts","C:\valente_conecta\node_modules\@fortawesome\free-solid-svg-icons"
"C:\valente_conecta\node_modules\@fortawesome\free-solid-svg-icons\faMobileScreen.d.ts","faMobileScreen.d.ts","C:\valente_conecta\node_modules\@fortawesome\free-solid-svg-icons"
"C:\valente_conecta\node_modules\@fortawesome\free-solid-svg-icons\faMobileScreenButton.d.ts","faMobileScreenButton.d.ts","C:\valente_conecta\node_modules\@fortawesome\free-solid-svg-icons"
"C:\valente_conecta\node_modules\@fortawesome\free-solid-svg-icons\faMobileVibrate.d.ts","faMobileVibrate.d.ts","C:\valente_conecta\node_modules\@fortawesome\free-solid-svg-icons"
"C:\valente_conecta\node_modules\@fortawesome\free-solid-svg-icons\faMoneyBill.d.ts","faMoneyBill.d.ts","C:\valente_conecta\node_modules\@fortawesome\free-solid-svg-icons"
"C:\valente_conecta\node_modules\@fortawesome\free-solid-svg-icons\faMoneyBill1.d.ts","faMoneyBill1.d.ts","C:\valente_conecta\node_modules\@fortawesome\free-solid-svg-icons"
"C:\valente_conecta\node_modules\@fortawesome\free-solid-svg-icons\faMoneyBill1Wave.d.ts","faMoneyBill1Wave.d.ts","C:\valente_conecta\node_modules\@fortawesome\free-solid-svg-icons"
"C:\valente_conecta\node_modules\@fortawesome\free-solid-svg-icons\faMoneyBillAlt.d.ts","faMoneyBillAlt.d.ts","C:\valente_conecta\node_modules\@fortawesome\free-solid-svg-icons"
"C:\valente_conecta\node_modules\@fortawesome\free-solid-svg-icons\faMoneyBills.d.ts","faMoneyBills.d.ts","C:\valente_conecta\node_modules\@fortawesome\free-solid-svg-icons"
"C:\valente_conecta\node_modules\@fortawesome\free-solid-svg-icons\faMoneyBillTransfer.d.ts","faMoneyBillTransfer.d.ts","C:\valente_conecta\node_modules\@fortawesome\free-solid-svg-icons"
"C:\valente_conecta\node_modules\@fortawesome\free-solid-svg-icons\faMoneyBillTrendUp.d.ts","faMoneyBillTrendUp.d.ts","C:\valente_conecta\node_modules\@fortawesome\free-solid-svg-icons"
"C:\valente_conecta\node_modules\@fortawesome\free-solid-svg-icons\faMoneyBillWave.d.ts","faMoneyBillWave.d.ts","C:\valente_conecta\node_modules\@fortawesome\free-solid-svg-icons"
"C:\valente_conecta\node_modules\@fortawesome\free-solid-svg-icons\faMoneyBillWaveAlt.d.ts","faMoneyBillWaveAlt.d.ts","C:\valente_conecta\node_modules\@fortawesome\free-solid-svg-icons"
"C:\valente_conecta\node_modules\@fortawesome\free-solid-svg-icons\faMoneyBillWheat.d.ts","faMoneyBillWheat.d.ts","C:\valente_conecta\node_modules\@fortawesome\free-solid-svg-icons"
"C:\valente_conecta\node_modules\@fortawesome\free-solid-svg-icons\faMoneyCheck.d.ts","faMoneyCheck.d.ts","C:\valente_conecta\node_modules\@fortawesome\free-solid-svg-icons"
"C:\valente_conecta\node_modules\@fortawesome\free-solid-svg-icons\faMoneyCheckAlt.d.ts","faMoneyCheckAlt.d.ts","C:\valente_conecta\node_modules\@fortawesome\free-solid-svg-icons"
"C:\valente_conecta\node_modules\@fortawesome\free-solid-svg-icons\faMoneyCheckDollar.d.ts","faMoneyCheckDollar.d.ts","C:\valente_conecta\node_modules\@fortawesome\free-solid-svg-icons"
"C:\valente_conecta\node_modules\@fortawesome\free-solid-svg-icons\faMonument.d.ts","faMonument.d.ts","C:\valente_conecta\node_modules\@fortawesome\free-solid-svg-icons"
"C:\valente_conecta\node_modules\@fortawesome\free-solid-svg-icons\faMoon.d.ts","faMoon.d.ts","C:\valente_conecta\node_modules\@fortawesome\free-solid-svg-icons"
"C:\valente_conecta\node_modules\@fortawesome\free-solid-svg-icons\faMortarBoard.d.ts","faMortarBoard.d.ts","C:\valente_conecta\node_modules\@fortawesome\free-solid-svg-icons"
"C:\valente_conecta\node_modules\@fortawesome\free-solid-svg-icons\faMortarPestle.d.ts","faMortarPestle.d.ts","C:\valente_conecta\node_modules\@fortawesome\free-solid-svg-icons"
"C:\valente_conecta\node_modules\@fortawesome\free-solid-svg-icons\faMosque.d.ts","faMosque.d.ts","C:\valente_conecta\node_modules\@fortawesome\free-solid-svg-icons"
"C:\valente_conecta\node_modules\@fortawesome\free-solid-svg-icons\faMosquito.d.ts","faMosquito.d.ts","C:\valente_conecta\node_modules\@fortawesome\free-solid-svg-icons"
"C:\valente_conecta\node_modules\@fortawesome\free-solid-svg-icons\faMosquitoNet.d.ts","faMosquitoNet.d.ts","C:\valente_conecta\node_modules\@fortawesome\free-solid-svg-icons"
"C:\valente_conecta\node_modules\@fortawesome\free-solid-svg-icons\faMotorcycle.d.ts","faMotorcycle.d.ts","C:\valente_conecta\node_modules\@fortawesome\free-solid-svg-icons"
"C:\valente_conecta\node_modules\@fortawesome\free-solid-svg-icons\faMound.d.ts","faMound.d.ts","C:\valente_conecta\node_modules\@fortawesome\free-solid-svg-icons"
"C:\valente_conecta\node_modules\@fortawesome\free-solid-svg-icons\faMountain.d.ts","faMountain.d.ts","C:\valente_conecta\node_modules\@fortawesome\free-solid-svg-icons"
"C:\valente_conecta\node_modules\@fortawesome\free-solid-svg-icons\faMountainCity.d.ts","faMountainCity.d.ts","C:\valente_conecta\node_modules\@fortawesome\free-solid-svg-icons"
"C:\valente_conecta\node_modules\@fortawesome\free-solid-svg-icons\faMountainSun.d.ts","faMountainSun.d.ts","C:\valente_conecta\node_modules\@fortawesome\free-solid-svg-icons"
"C:\valente_conecta\node_modules\@fortawesome\free-solid-svg-icons\faMouse.d.ts","faMouse.d.ts","C:\valente_conecta\node_modules\@fortawesome\free-solid-svg-icons"
"C:\valente_conecta\node_modules\@fortawesome\free-solid-svg-icons\faMousePointer.d.ts","faMousePointer.d.ts","C:\valente_conecta\node_modules\@fortawesome\free-solid-svg-icons"
"C:\valente_conecta\node_modules\@fortawesome\free-solid-svg-icons\faMugHot.d.ts","faMugHot.d.ts","C:\valente_conecta\node_modules\@fortawesome\free-solid-svg-icons"
"C:\valente_conecta\node_modules\@fortawesome\free-solid-svg-icons\faMugSaucer.d.ts","faMugSaucer.d.ts","C:\valente_conecta\node_modules\@fortawesome\free-solid-svg-icons"
"C:\valente_conecta\node_modules\@fortawesome\free-solid-svg-icons\faMultiply.d.ts","faMultiply.d.ts","C:\valente_conecta\node_modules\@fortawesome\free-solid-svg-icons"
"C:\valente_conecta\node_modules\@fortawesome\free-solid-svg-icons\faMuseum.d.ts","faMuseum.d.ts","C:\valente_conecta\node_modules\@fortawesome\free-solid-svg-icons"
"C:\valente_conecta\node_modules\@fortawesome\free-solid-svg-icons\faMusic.d.ts","faMusic.d.ts","C:\valente_conecta\node_modules\@fortawesome\free-solid-svg-icons"
"C:\valente_conecta\node_modules\@fortawesome\free-solid-svg-icons\faN.d.ts","faN.d.ts","C:\valente_conecta\node_modules\@fortawesome\free-solid-svg-icons"
"C:\valente_conecta\node_modules\@fortawesome\free-solid-svg-icons\faNairaSign.d.ts","faNairaSign.d.ts","C:\valente_conecta\node_modules\@fortawesome\free-solid-svg-icons"
"C:\valente_conecta\node_modules\@fortawesome\free-solid-svg-icons\faNavicon.d.ts","faNavicon.d.ts","C:\valente_conecta\node_modules\@fortawesome\free-solid-svg-icons"
"C:\valente_conecta\node_modules\@fortawesome\free-solid-svg-icons\faNetworkWired.d.ts","faNetworkWired.d.ts","C:\valente_conecta\node_modules\@fortawesome\free-solid-svg-icons"
"C:\valente_conecta\node_modules\@fortawesome\free-solid-svg-icons\faNeuter.d.ts","faNeuter.d.ts","C:\valente_conecta\node_modules\@fortawesome\free-solid-svg-icons"
"C:\valente_conecta\node_modules\@fortawesome\free-solid-svg-icons\faNewspaper.d.ts","faNewspaper.d.ts","C:\valente_conecta\node_modules\@fortawesome\free-solid-svg-icons"
"C:\valente_conecta\node_modules\@fortawesome\free-solid-svg-icons\faNonBinary.d.ts","faNonBinary.d.ts","C:\valente_conecta\node_modules\@fortawesome\free-solid-svg-icons"
"C:\valente_conecta\node_modules\@fortawesome\free-solid-svg-icons\faNotdef.d.ts","faNotdef.d.ts","C:\valente_conecta\node_modules\@fortawesome\free-solid-svg-icons"
"C:\valente_conecta\node_modules\@fortawesome\free-solid-svg-icons\faNotEqual.d.ts","faNotEqual.d.ts","C:\valente_conecta\node_modules\@fortawesome\free-solid-svg-icons"
"C:\valente_conecta\node_modules\@fortawesome\free-solid-svg-icons\faNotesMedical.d.ts","faNotesMedical.d.ts","C:\valente_conecta\node_modules\@fortawesome\free-solid-svg-icons"
"C:\valente_conecta\node_modules\@fortawesome\free-solid-svg-icons\faNoteSticky.d.ts","faNoteSticky.d.ts","C:\valente_conecta\node_modules\@fortawesome\free-solid-svg-icons"
"C:\valente_conecta\node_modules\@fortawesome\free-solid-svg-icons\faO.d.ts","faO.d.ts","C:\valente_conecta\node_modules\@fortawesome\free-solid-svg-icons"
"C:\valente_conecta\node_modules\@fortawesome\free-solid-svg-icons\faObjectGroup.d.ts","faObjectGroup.d.ts","C:\valente_conecta\node_modules\@fortawesome\free-solid-svg-icons"
"C:\valente_conecta\node_modules\@fortawesome\free-solid-svg-icons\faObjectUngroup.d.ts","faObjectUngroup.d.ts","C:\valente_conecta\node_modules\@fortawesome\free-solid-svg-icons"
"C:\valente_conecta\node_modules\@fortawesome\free-solid-svg-icons\faOctagon.d.ts","faOctagon.d.ts","C:\valente_conecta\node_modules\@fortawesome\free-solid-svg-icons"
"C:\valente_conecta\node_modules\@fortawesome\free-solid-svg-icons\faOilCan.d.ts","faOilCan.d.ts","C:\valente_conecta\node_modules\@fortawesome\free-solid-svg-icons"
"C:\valente_conecta\node_modules\@fortawesome\free-solid-svg-icons\faOilWell.d.ts","faOilWell.d.ts","C:\valente_conecta\node_modules\@fortawesome\free-solid-svg-icons"
"C:\valente_conecta\node_modules\@fortawesome\free-solid-svg-icons\faOm.d.ts","faOm.d.ts","C:\valente_conecta\node_modules\@fortawesome\free-solid-svg-icons"
"C:\valente_conecta\node_modules\@fortawesome\free-solid-svg-icons\faOtter.d.ts","faOtter.d.ts","C:\valente_conecta\node_modules\@fortawesome\free-solid-svg-icons"
"C:\valente_conecta\node_modules\@fortawesome\free-solid-svg-icons\faOutdent.d.ts","faOutdent.d.ts","C:\valente_conecta\node_modules\@fortawesome\free-solid-svg-icons"
"C:\valente_conecta\node_modules\@fortawesome\free-solid-svg-icons\faP.d.ts","faP.d.ts","C:\valente_conecta\node_modules\@fortawesome\free-solid-svg-icons"
"C:\valente_conecta\node_modules\@fortawesome\free-solid-svg-icons\faPager.d.ts","faPager.d.ts","C:\valente_conecta\node_modules\@fortawesome\free-solid-svg-icons"
"C:\valente_conecta\node_modules\@fortawesome\free-solid-svg-icons\faPaintbrush.d.ts","faPaintbrush.d.ts","C:\valente_conecta\node_modules\@fortawesome\free-solid-svg-icons"
"C:\valente_conecta\node_modules\@fortawesome\free-solid-svg-icons\faPaintRoller.d.ts","faPaintRoller.d.ts","C:\valente_conecta\node_modules\@fortawesome\free-solid-svg-icons"
"C:\valente_conecta\node_modules\@fortawesome\free-solid-svg-icons\faPalette.d.ts","faPalette.d.ts","C:\valente_conecta\node_modules\@fortawesome\free-solid-svg-icons"
"C:\valente_conecta\node_modules\@fortawesome\free-solid-svg-icons\faPallet.d.ts","faPallet.d.ts","C:\valente_conecta\node_modules\@fortawesome\free-solid-svg-icons"
"C:\valente_conecta\node_modules\@fortawesome\free-solid-svg-icons\faPanorama.d.ts","faPanorama.d.ts","C:\valente_conecta\node_modules\@fortawesome\free-solid-svg-icons"
"C:\valente_conecta\node_modules\@fortawesome\free-solid-svg-icons\faPaperclip.d.ts","faPaperclip.d.ts","C:\valente_conecta\node_modules\@fortawesome\free-solid-svg-icons"
"C:\valente_conecta\node_modules\@fortawesome\free-solid-svg-icons\faPaperPlane.d.ts","faPaperPlane.d.ts","C:\valente_conecta\node_modules\@fortawesome\free-solid-svg-icons"
"C:\valente_conecta\node_modules\@fortawesome\free-solid-svg-icons\faParachuteBox.d.ts","faParachuteBox.d.ts","C:\valente_conecta\node_modules\@fortawesome\free-solid-svg-icons"
"C:\valente_conecta\node_modules\@fortawesome\free-solid-svg-icons\faParagraph.d.ts","faParagraph.d.ts","C:\valente_conecta\node_modules\@fortawesome\free-solid-svg-icons"
"C:\valente_conecta\node_modules\@fortawesome\free-solid-svg-icons\faParking.d.ts","faParking.d.ts","C:\valente_conecta\node_modules\@fortawesome\free-solid-svg-icons"
"C:\valente_conecta\node_modules\@fortawesome\free-solid-svg-icons\faPassport.d.ts","faPassport.d.ts","C:\valente_conecta\node_modules\@fortawesome\free-solid-svg-icons"
"C:\valente_conecta\node_modules\@fortawesome\free-solid-svg-icons\faPastafarianism.d.ts","faPastafarianism.d.ts","C:\valente_conecta\node_modules\@fortawesome\free-solid-svg-icons"
"C:\valente_conecta\node_modules\@fortawesome\free-solid-svg-icons\faPaste.d.ts","faPaste.d.ts","C:\valente_conecta\node_modules\@fortawesome\free-solid-svg-icons"
"C:\valente_conecta\node_modules\@fortawesome\free-solid-svg-icons\faPause.d.ts","faPause.d.ts","C:\valente_conecta\node_modules\@fortawesome\free-solid-svg-icons"
"C:\valente_conecta\node_modules\@fortawesome\free-solid-svg-icons\faPauseCircle.d.ts","faPauseCircle.d.ts","C:\valente_conecta\node_modules\@fortawesome\free-solid-svg-icons"
"C:\valente_conecta\node_modules\@fortawesome\free-solid-svg-icons\faPaw.d.ts","faPaw.d.ts","C:\valente_conecta\node_modules\@fortawesome\free-solid-svg-icons"
"C:\valente_conecta\node_modules\@fortawesome\free-solid-svg-icons\faPeace.d.ts","faPeace.d.ts","C:\valente_conecta\node_modules\@fortawesome\free-solid-svg-icons"
"C:\valente_conecta\node_modules\@fortawesome\free-solid-svg-icons\faPen.d.ts","faPen.d.ts","C:\valente_conecta\node_modules\@fortawesome\free-solid-svg-icons"
"C:\valente_conecta\node_modules\@fortawesome\free-solid-svg-icons\faPenAlt.d.ts","faPenAlt.d.ts","C:\valente_conecta\node_modules\@fortawesome\free-solid-svg-icons"
"C:\valente_conecta\node_modules\@fortawesome\free-solid-svg-icons\faPencil.d.ts","faPencil.d.ts","C:\valente_conecta\node_modules\@fortawesome\free-solid-svg-icons"
"C:\valente_conecta\node_modules\@fortawesome\free-solid-svg-icons\faPencilAlt.d.ts","faPencilAlt.d.ts","C:\valente_conecta\node_modules\@fortawesome\free-solid-svg-icons"
"C:\valente_conecta\node_modules\@fortawesome\free-solid-svg-icons\faPencilRuler.d.ts","faPencilRuler.d.ts","C:\valente_conecta\node_modules\@fortawesome\free-solid-svg-icons"
"C:\valente_conecta\node_modules\@fortawesome\free-solid-svg-icons\faPencilSquare.d.ts","faPencilSquare.d.ts","C:\valente_conecta\node_modules\@fortawesome\free-solid-svg-icons"
"C:\valente_conecta\node_modules\@fortawesome\free-solid-svg-icons\faPenClip.d.ts","faPenClip.d.ts","C:\valente_conecta\node_modules\@fortawesome\free-solid-svg-icons"
"C:\valente_conecta\node_modules\@fortawesome\free-solid-svg-icons\faPenFancy.d.ts","faPenFancy.d.ts","C:\valente_conecta\node_modules\@fortawesome\free-solid-svg-icons"
"C:\valente_conecta\node_modules\@fortawesome\free-solid-svg-icons\faPenNib.d.ts","faPenNib.d.ts","C:\valente_conecta\node_modules\@fortawesome\free-solid-svg-icons"
"C:\valente_conecta\node_modules\@fortawesome\free-solid-svg-icons\faPenRuler.d.ts","faPenRuler.d.ts","C:\valente_conecta\node_modules\@fortawesome\free-solid-svg-icons"
"C:\valente_conecta\node_modules\@fortawesome\free-solid-svg-icons\faPenSquare.d.ts","faPenSquare.d.ts","C:\valente_conecta\node_modules\@fortawesome\free-solid-svg-icons"
"C:\valente_conecta\node_modules\@fortawesome\free-solid-svg-icons\faPentagon.d.ts","faPentagon.d.ts","C:\valente_conecta\node_modules\@fortawesome\free-solid-svg-icons"
"C:\valente_conecta\node_modules\@fortawesome\free-solid-svg-icons\faPenToSquare.d.ts","faPenToSquare.d.ts","C:\valente_conecta\node_modules\@fortawesome\free-solid-svg-icons"
"C:\valente_conecta\node_modules\@fortawesome\free-solid-svg-icons\faPeopleArrows.d.ts","faPeopleArrows.d.ts","C:\valente_conecta\node_modules\@fortawesome\free-solid-svg-icons"
"C:\valente_conecta\node_modules\@fortawesome\free-solid-svg-icons\faPeopleArrowsLeftRight.d.ts","faPeopleArrowsLeftRight.d.ts","C:\valente_conecta\node_modules\@fortawesome\free-solid-svg-icons"
"C:\valente_conecta\node_modules\@fortawesome\free-solid-svg-icons\faPeopleCarry.d.ts","faPeopleCarry.d.ts","C:\valente_conecta\node_modules\@fortawesome\free-solid-svg-icons"
"C:\valente_conecta\node_modules\@fortawesome\free-solid-svg-icons\faPeopleCarryBox.d.ts","faPeopleCarryBox.d.ts","C:\valente_conecta\node_modules\@fortawesome\free-solid-svg-icons"
"C:\valente_conecta\node_modules\@fortawesome\free-solid-svg-icons\faPeopleGroup.d.ts","faPeopleGroup.d.ts","C:\valente_conecta\node_modules\@fortawesome\free-solid-svg-icons"
"C:\valente_conecta\node_modules\@fortawesome\free-solid-svg-icons\faPeopleLine.d.ts","faPeopleLine.d.ts","C:\valente_conecta\node_modules\@fortawesome\free-solid-svg-icons"
"C:\valente_conecta\node_modules\@fortawesome\free-solid-svg-icons\faPeoplePulling.d.ts","faPeoplePulling.d.ts","C:\valente_conecta\node_modules\@fortawesome\free-solid-svg-icons"
"C:\valente_conecta\node_modules\@fortawesome\free-solid-svg-icons\faPeopleRobbery.d.ts","faPeopleRobbery.d.ts","C:\valente_conecta\node_modules\@fortawesome\free-solid-svg-icons"
"C:\valente_conecta\node_modules\@fortawesome\free-solid-svg-icons\faPeopleRoof.d.ts","faPeopleRoof.d.ts","C:\valente_conecta\node_modules\@fortawesome\free-solid-svg-icons"
"C:\valente_conecta\node_modules\@fortawesome\free-solid-svg-icons\faPepperHot.d.ts","faPepperHot.d.ts","C:\valente_conecta\node_modules\@fortawesome\free-solid-svg-icons"
"C:\valente_conecta\node_modules\@fortawesome\free-solid-svg-icons\faPercent.d.ts","faPercent.d.ts","C:\valente_conecta\node_modules\@fortawesome\free-solid-svg-icons"
"C:\valente_conecta\node_modules\@fortawesome\free-solid-svg-icons\faPercentage.d.ts","faPercentage.d.ts","C:\valente_conecta\node_modules\@fortawesome\free-solid-svg-icons"
"C:\valente_conecta\node_modules\@fortawesome\free-solid-svg-icons\faPerson.d.ts","faPerson.d.ts","C:\valente_conecta\node_modules\@fortawesome\free-solid-svg-icons"
"C:\valente_conecta\node_modules\@fortawesome\free-solid-svg-icons\faPersonArrowDownToLine.d.ts","faPersonArrowDownToLine.d.ts","C:\valente_conecta\node_modules\@fortawesome\free-solid-svg-icons"
"C:\valente_conecta\node_modules\@fortawesome\free-solid-svg-icons\faPersonArrowUpFromLine.d.ts","faPersonArrowUpFromLine.d.ts","C:\valente_conecta\node_modules\@fortawesome\free-solid-svg-icons"
"C:\valente_conecta\node_modules\@fortawesome\free-solid-svg-icons\faPersonBiking.d.ts","faPersonBiking.d.ts","C:\valente_conecta\node_modules\@fortawesome\free-solid-svg-icons"
"C:\valente_conecta\node_modules\@fortawesome\free-solid-svg-icons\faPersonBooth.d.ts","faPersonBooth.d.ts","C:\valente_conecta\node_modules\@fortawesome\free-solid-svg-icons"
"C:\valente_conecta\node_modules\@fortawesome\free-solid-svg-icons\faPersonBreastfeeding.d.ts","faPersonBreastfeeding.d.ts","C:\valente_conecta\node_modules\@fortawesome\free-solid-svg-icons"
"C:\valente_conecta\node_modules\@fortawesome\free-solid-svg-icons\faPersonBurst.d.ts","faPersonBurst.d.ts","C:\valente_conecta\node_modules\@fortawesome\free-solid-svg-icons"
"C:\valente_conecta\node_modules\@fortawesome\free-solid-svg-icons\faPersonCane.d.ts","faPersonCane.d.ts","C:\valente_conecta\node_modules\@fortawesome\free-solid-svg-icons"
"C:\valente_conecta\node_modules\@fortawesome\free-solid-svg-icons\faPersonChalkboard.d.ts","faPersonChalkboard.d.ts","C:\valente_conecta\node_modules\@fortawesome\free-solid-svg-icons"
"C:\valente_conecta\node_modules\@fortawesome\free-solid-svg-icons\faPersonCircleCheck.d.ts","faPersonCircleCheck.d.ts","C:\valente_conecta\node_modules\@fortawesome\free-solid-svg-icons"
"C:\valente_conecta\node_modules\@fortawesome\free-solid-svg-icons\faPersonCircleExclamation.d.ts","faPersonCircleExclamation.d.ts","C:\valente_conecta\node_modules\@fortawesome\free-solid-svg-icons"
"C:\valente_conecta\node_modules\@fortawesome\free-solid-svg-icons\faPersonCircleMinus.d.ts","faPersonCircleMinus.d.ts","C:\valente_conecta\node_modules\@fortawesome\free-solid-svg-icons"
"C:\valente_conecta\node_modules\@fortawesome\free-solid-svg-icons\faPersonCirclePlus.d.ts","faPersonCirclePlus.d.ts","C:\valente_conecta\node_modules\@fortawesome\free-solid-svg-icons"
"C:\valente_conecta\node_modules\@fortawesome\free-solid-svg-icons\faPersonCircleQuestion.d.ts","faPersonCircleQuestion.d.ts","C:\valente_conecta\node_modules\@fortawesome\free-solid-svg-icons"
"C:\valente_conecta\node_modules\@fortawesome\free-solid-svg-icons\faPersonCircleXmark.d.ts","faPersonCircleXmark.d.ts","C:\valente_conecta\node_modules\@fortawesome\free-solid-svg-icons"
"C:\valente_conecta\node_modules\@fortawesome\free-solid-svg-icons\faPersonDigging.d.ts","faPersonDigging.d.ts","C:\valente_conecta\node_modules\@fortawesome\free-solid-svg-icons"
"C:\valente_conecta\node_modules\@fortawesome\free-solid-svg-icons\faPersonDotsFromLine.d.ts","faPersonDotsFromLine.d.ts","C:\valente_conecta\node_modules\@fortawesome\free-solid-svg-icons"
"C:\valente_conecta\node_modules\@fortawesome\free-solid-svg-icons\faPersonDress.d.ts","faPersonDress.d.ts","C:\valente_conecta\node_modules\@fortawesome\free-solid-svg-icons"
"C:\valente_conecta\node_modules\@fortawesome\free-solid-svg-icons\faPersonDressBurst.d.ts","faPersonDressBurst.d.ts","C:\valente_conecta\node_modules\@fortawesome\free-solid-svg-icons"
"C:\valente_conecta\node_modules\@fortawesome\free-solid-svg-icons\faPersonDrowning.d.ts","faPersonDrowning.d.ts","C:\valente_conecta\node_modules\@fortawesome\free-solid-svg-icons"
"C:\valente_conecta\node_modules\@fortawesome\free-solid-svg-icons\faPersonFalling.d.ts","faPersonFalling.d.ts","C:\valente_conecta\node_modules\@fortawesome\free-solid-svg-icons"
"C:\valente_conecta\node_modules\@fortawesome\free-solid-svg-icons\faPersonFallingBurst.d.ts","faPersonFallingBurst.d.ts","C:\valente_conecta\node_modules\@fortawesome\free-solid-svg-icons"
"C:\valente_conecta\node_modules\@fortawesome\free-solid-svg-icons\faPersonHalfDress.d.ts","faPersonHalfDress.d.ts","C:\valente_conecta\node_modules\@fortawesome\free-solid-svg-icons"
"C:\valente_conecta\node_modules\@fortawesome\free-solid-svg-icons\faPersonHarassing.d.ts","faPersonHarassing.d.ts","C:\valente_conecta\node_modules\@fortawesome\free-solid-svg-icons"
"C:\valente_conecta\node_modules\@fortawesome\free-solid-svg-icons\faPersonHiking.d.ts","faPersonHiking.d.ts","C:\valente_conecta\node_modules\@fortawesome\free-solid-svg-icons"
"C:\valente_conecta\node_modules\@fortawesome\free-solid-svg-icons\faPersonMilitaryPointing.d.ts","faPersonMilitaryPointing.d.ts","C:\valente_conecta\node_modules\@fortawesome\free-solid-svg-icons"
"C:\valente_conecta\node_modules\@fortawesome\free-solid-svg-icons\faPersonMilitaryRifle.d.ts","faPersonMilitaryRifle.d.ts","C:\valente_conecta\node_modules\@fortawesome\free-solid-svg-icons"
"C:\valente_conecta\node_modules\@fortawesome\free-solid-svg-icons\faPersonMilitaryToPerson.d.ts","faPersonMilitaryToPerson.d.ts","C:\valente_conecta\node_modules\@fortawesome\free-solid-svg-icons"
"C:\valente_conecta\node_modules\@fortawesome\free-solid-svg-icons\faPersonPraying.d.ts","faPersonPraying.d.ts","C:\valente_conecta\node_modules\@fortawesome\free-solid-svg-icons"
"C:\valente_conecta\node_modules\@fortawesome\free-solid-svg-icons\faPersonPregnant.d.ts","faPersonPregnant.d.ts","C:\valente_conecta\node_modules\@fortawesome\free-solid-svg-icons"
"C:\valente_conecta\node_modules\@fortawesome\free-solid-svg-icons\faPersonRays.d.ts","faPersonRays.d.ts","C:\valente_conecta\node_modules\@fortawesome\free-solid-svg-icons"
"C:\valente_conecta\node_modules\@fortawesome\free-solid-svg-icons\faPersonRifle.d.ts","faPersonRifle.d.ts","C:\valente_conecta\node_modules\@fortawesome\free-solid-svg-icons"
"C:\valente_conecta\node_modules\@fortawesome\free-solid-svg-icons\faPersonRunning.d.ts","faPersonRunning.d.ts","C:\valente_conecta\node_modules\@fortawesome\free-solid-svg-icons"
"C:\valente_conecta\node_modules\@fortawesome\free-solid-svg-icons\faPersonShelter.d.ts","faPersonShelter.d.ts","C:\valente_conecta\node_modules\@fortawesome\free-solid-svg-icons"
"C:\valente_conecta\node_modules\@fortawesome\free-solid-svg-icons\faPersonSkating.d.ts","faPersonSkating.d.ts","C:\valente_conecta\node_modules\@fortawesome\free-solid-svg-icons"
"C:\valente_conecta\node_modules\@fortawesome\free-solid-svg-icons\faPersonSkiing.d.ts","faPersonSkiing.d.ts","C:\valente_conecta\node_modules\@fortawesome\free-solid-svg-icons"
"C:\valente_conecta\node_modules\@fortawesome\free-solid-svg-icons\faPersonSkiingNordic.d.ts","faPersonSkiingNordic.d.ts","C:\valente_conecta\node_modules\@fortawesome\free-solid-svg-icons"
"C:\valente_conecta\node_modules\@fortawesome\free-solid-svg-icons\faPersonSnowboarding.d.ts","faPersonSnowboarding.d.ts","C:\valente_conecta\node_modules\@fortawesome\free-solid-svg-icons"
"C:\valente_conecta\node_modules\@fortawesome\free-solid-svg-icons\faPersonSwimming.d.ts","faPersonSwimming.d.ts","C:\valente_conecta\node_modules\@fortawesome\free-solid-svg-icons"
"C:\valente_conecta\node_modules\@fortawesome\free-solid-svg-icons\faPersonThroughWindow.d.ts","faPersonThroughWindow.d.ts","C:\valente_conecta\node_modules\@fortawesome\free-solid-svg-icons"
"C:\valente_conecta\node_modules\@fortawesome\free-solid-svg-icons\faPersonWalking.d.ts","faPersonWalking.d.ts","C:\valente_conecta\node_modules\@fortawesome\free-solid-svg-icons"
"C:\valente_conecta\node_modules\@fortawesome\free-solid-svg-icons\faPersonWalkingArrowLoopLeft.d.ts","faPersonWalkingArrowLoopLeft.d.ts","C:\valente_conecta\node_modules\@fortawesome\free-solid-svg-icons"
"C:\valente_conecta\node_modules\@fortawesome\free-solid-svg-icons\faPersonWalkingArrowRight.d.ts","faPersonWalkingArrowRight.d.ts","C:\valente_conecta\node_modules\@fortawesome\free-solid-svg-icons"
"C:\valente_conecta\node_modules\@fortawesome\free-solid-svg-icons\faPersonWalkingDashedLineArrowRight.d.ts","faPersonWalkingDashedLineArrowRight.d.ts","C:\valente_conecta\node_modules\@fortawesome\free-solid-svg-icons"
"C:\valente_conecta\node_modules\@fortawesome\free-solid-svg-icons\faPersonWalkingLuggage.d.ts","faPersonWalkingLuggage.d.ts","C:\valente_conecta\node_modules\@fortawesome\free-solid-svg-icons"
"C:\valente_conecta\node_modules\@fortawesome\free-solid-svg-icons\faPersonWalkingWithCane.d.ts","faPersonWalkingWithCane.d.ts","C:\valente_conecta\node_modules\@fortawesome\free-solid-svg-icons"
"C:\valente_conecta\node_modules\@fortawesome\free-solid-svg-icons\faPesetaSign.d.ts","faPesetaSign.d.ts","C:\valente_conecta\node_modules\@fortawesome\free-solid-svg-icons"
"C:\valente_conecta\node_modules\@fortawesome\free-solid-svg-icons\faPesoSign.d.ts","faPesoSign.d.ts","C:\valente_conecta\node_modules\@fortawesome\free-solid-svg-icons"
"C:\valente_conecta\node_modules\@fortawesome\free-solid-svg-icons\faPhone.d.ts","faPhone.d.ts","C:\valente_conecta\node_modules\@fortawesome\free-solid-svg-icons"
"C:\valente_conecta\node_modules\@fortawesome\free-solid-svg-icons\faPhoneAlt.d.ts","faPhoneAlt.d.ts","C:\valente_conecta\node_modules\@fortawesome\free-solid-svg-icons"
"C:\valente_conecta\node_modules\@fortawesome\free-solid-svg-icons\faPhoneFlip.d.ts","faPhoneFlip.d.ts","C:\valente_conecta\node_modules\@fortawesome\free-solid-svg-icons"
"C:\valente_conecta\node_modules\@fortawesome\free-solid-svg-icons\faPhoneSlash.d.ts","faPhoneSlash.d.ts","C:\valente_conecta\node_modules\@fortawesome\free-solid-svg-icons"
"C:\valente_conecta\node_modules\@fortawesome\free-solid-svg-icons\faPhoneSquare.d.ts","faPhoneSquare.d.ts","C:\valente_conecta\node_modules\@fortawesome\free-solid-svg-icons"
"C:\valente_conecta\node_modules\@fortawesome\free-solid-svg-icons\faPhoneSquareAlt.d.ts","faPhoneSquareAlt.d.ts","C:\valente_conecta\node_modules\@fortawesome\free-solid-svg-icons"
"C:\valente_conecta\node_modules\@fortawesome\free-solid-svg-icons\faPhoneVolume.d.ts","faPhoneVolume.d.ts","C:\valente_conecta\node_modules\@fortawesome\free-solid-svg-icons"
"C:\valente_conecta\node_modules\@fortawesome\free-solid-svg-icons\faPhotoFilm.d.ts","faPhotoFilm.d.ts","C:\valente_conecta\node_modules\@fortawesome\free-solid-svg-icons"
"C:\valente_conecta\node_modules\@fortawesome\free-solid-svg-icons\faPhotoVideo.d.ts","faPhotoVideo.d.ts","C:\valente_conecta\node_modules\@fortawesome\free-solid-svg-icons"
"C:\valente_conecta\node_modules\@fortawesome\free-solid-svg-icons\faPictureInPicture.d.ts","faPictureInPicture.d.ts","C:\valente_conecta\node_modules\@fortawesome\free-solid-svg-icons"
"C:\valente_conecta\node_modules\@fortawesome\free-solid-svg-icons\faPieChart.d.ts","faPieChart.d.ts","C:\valente_conecta\node_modules\@fortawesome\free-solid-svg-icons"
"C:\valente_conecta\node_modules\@fortawesome\free-solid-svg-icons\faPiggyBank.d.ts","faPiggyBank.d.ts","C:\valente_conecta\node_modules\@fortawesome\free-solid-svg-icons"
"C:\valente_conecta\node_modules\@fortawesome\free-solid-svg-icons\faPills.d.ts","faPills.d.ts","C:\valente_conecta\node_modules\@fortawesome\free-solid-svg-icons"
"C:\valente_conecta\node_modules\@fortawesome\free-solid-svg-icons\faPingPongPaddleBall.d.ts","faPingPongPaddleBall.d.ts","C:\valente_conecta\node_modules\@fortawesome\free-solid-svg-icons"
"C:\valente_conecta\node_modules\@fortawesome\free-solid-svg-icons\faPisces.d.ts","faPisces.d.ts","C:\valente_conecta\node_modules\@fortawesome\free-solid-svg-icons"
"C:\valente_conecta\node_modules\@fortawesome\free-solid-svg-icons\faPizzaSlice.d.ts","faPizzaSlice.d.ts","C:\valente_conecta\node_modules\@fortawesome\free-solid-svg-icons"
"C:\valente_conecta\node_modules\@fortawesome\free-solid-svg-icons\faPlaceOfWorship.d.ts","faPlaceOfWorship.d.ts","C:\valente_conecta\node_modules\@fortawesome\free-solid-svg-icons"
"C:\valente_conecta\node_modules\@fortawesome\free-solid-svg-icons\faPlane.d.ts","faPlane.d.ts","C:\valente_conecta\node_modules\@fortawesome\free-solid-svg-icons"
"C:\valente_conecta\node_modules\@fortawesome\free-solid-svg-icons\faPlaneArrival.d.ts","faPlaneArrival.d.ts","C:\valente_conecta\node_modules\@fortawesome\free-solid-svg-icons"
"C:\valente_conecta\node_modules\@fortawesome\free-solid-svg-icons\faPlaneCircleCheck.d.ts","faPlaneCircleCheck.d.ts","C:\valente_conecta\node_modules\@fortawesome\free-solid-svg-icons"
"C:\valente_conecta\node_modules\@fortawesome\free-solid-svg-icons\faPlaneCircleExclamation.d.ts","faPlaneCircleExclamation.d.ts","C:\valente_conecta\node_modules\@fortawesome\free-solid-svg-icons"
"C:\valente_conecta\node_modules\@fortawesome\free-solid-svg-icons\faPlaneCircleXmark.d.ts","faPlaneCircleXmark.d.ts","C:\valente_conecta\node_modules\@fortawesome\free-solid-svg-icons"
"C:\valente_conecta\node_modules\@fortawesome\free-solid-svg-icons\faPlaneDeparture.d.ts","faPlaneDeparture.d.ts","C:\valente_conecta\node_modules\@fortawesome\free-solid-svg-icons"
"C:\valente_conecta\node_modules\@fortawesome\free-solid-svg-icons\faPlaneLock.d.ts","faPlaneLock.d.ts","C:\valente_conecta\node_modules\@fortawesome\free-solid-svg-icons"
"C:\valente_conecta\node_modules\@fortawesome\free-solid-svg-icons\faPlaneSlash.d.ts","faPlaneSlash.d.ts","C:\valente_conecta\node_modules\@fortawesome\free-solid-svg-icons"
"C:\valente_conecta\node_modules\@fortawesome\free-solid-svg-icons\faPlaneUp.d.ts","faPlaneUp.d.ts","C:\valente_conecta\node_modules\@fortawesome\free-solid-svg-icons"
"C:\valente_conecta\node_modules\@fortawesome\free-solid-svg-icons\faPlantWilt.d.ts","faPlantWilt.d.ts","C:\valente_conecta\node_modules\@fortawesome\free-solid-svg-icons"
"C:\valente_conecta\node_modules\@fortawesome\free-solid-svg-icons\faPlateWheat.d.ts","faPlateWheat.d.ts","C:\valente_conecta\node_modules\@fortawesome\free-solid-svg-icons"
"C:\valente_conecta\node_modules\@fortawesome\free-solid-svg-icons\faPlay.d.ts","faPlay.d.ts","C:\valente_conecta\node_modules\@fortawesome\free-solid-svg-icons"
"C:\valente_conecta\node_modules\@fortawesome\free-solid-svg-icons\faPlayCircle.d.ts","faPlayCircle.d.ts","C:\valente_conecta\node_modules\@fortawesome\free-solid-svg-icons"
"C:\valente_conecta\node_modules\@fortawesome\free-solid-svg-icons\faPlug.d.ts","faPlug.d.ts","C:\valente_conecta\node_modules\@fortawesome\free-solid-svg-icons"
"C:\valente_conecta\node_modules\@fortawesome\free-solid-svg-icons\faPlugCircleBolt.d.ts","faPlugCircleBolt.d.ts","C:\valente_conecta\node_modules\@fortawesome\free-solid-svg-icons"
"C:\valente_conecta\node_modules\@fortawesome\free-solid-svg-icons\faPlugCircleCheck.d.ts","faPlugCircleCheck.d.ts","C:\valente_conecta\node_modules\@fortawesome\free-solid-svg-icons"
"C:\valente_conecta\node_modules\@fortawesome\free-solid-svg-icons\faPlugCircleExclamation.d.ts","faPlugCircleExclamation.d.ts","C:\valente_conecta\node_modules\@fortawesome\free-solid-svg-icons"
"C:\valente_conecta\node_modules\@fortawesome\free-solid-svg-icons\faPlugCircleMinus.d.ts","faPlugCircleMinus.d.ts","C:\valente_conecta\node_modules\@fortawesome\free-solid-svg-icons"
"C:\valente_conecta\node_modules\@fortawesome\free-solid-svg-icons\faPlugCirclePlus.d.ts","faPlugCirclePlus.d.ts","C:\valente_conecta\node_modules\@fortawesome\free-solid-svg-icons"
"C:\valente_conecta\node_modules\@fortawesome\free-solid-svg-icons\faPlugCircleXmark.d.ts","faPlugCircleXmark.d.ts","C:\valente_conecta\node_modules\@fortawesome\free-solid-svg-icons"
"C:\valente_conecta\node_modules\@fortawesome\free-solid-svg-icons\faPlus.d.ts","faPlus.d.ts","C:\valente_conecta\node_modules\@fortawesome\free-solid-svg-icons"
"C:\valente_conecta\node_modules\@fortawesome\free-solid-svg-icons\faPlusCircle.d.ts","faPlusCircle.d.ts","C:\valente_conecta\node_modules\@fortawesome\free-solid-svg-icons"
"C:\valente_conecta\node_modules\@fortawesome\free-solid-svg-icons\faPlusMinus.d.ts","faPlusMinus.d.ts","C:\valente_conecta\node_modules\@fortawesome\free-solid-svg-icons"
"C:\valente_conecta\node_modules\@fortawesome\free-solid-svg-icons\faPlusSquare.d.ts","faPlusSquare.d.ts","C:\valente_conecta\node_modules\@fortawesome\free-solid-svg-icons"
"C:\valente_conecta\node_modules\@fortawesome\free-solid-svg-icons\faPodcast.d.ts","faPodcast.d.ts","C:\valente_conecta\node_modules\@fortawesome\free-solid-svg-icons"
"C:\valente_conecta\node_modules\@fortawesome\free-solid-svg-icons\faPoll.d.ts","faPoll.d.ts","C:\valente_conecta\node_modules\@fortawesome\free-solid-svg-icons"
"C:\valente_conecta\node_modules\@fortawesome\free-solid-svg-icons\faPollH.d.ts","faPollH.d.ts","C:\valente_conecta\node_modules\@fortawesome\free-solid-svg-icons"
"C:\valente_conecta\node_modules\@fortawesome\free-solid-svg-icons\faPoo.d.ts","faPoo.d.ts","C:\valente_conecta\node_modules\@fortawesome\free-solid-svg-icons"
"C:\valente_conecta\node_modules\@fortawesome\free-solid-svg-icons\faPooBolt.d.ts","faPooBolt.d.ts","C:\valente_conecta\node_modules\@fortawesome\free-solid-svg-icons"
"C:\valente_conecta\node_modules\@fortawesome\free-solid-svg-icons\faPoop.d.ts","faPoop.d.ts","C:\valente_conecta\node_modules\@fortawesome\free-solid-svg-icons"
"C:\valente_conecta\node_modules\@fortawesome\free-solid-svg-icons\faPooStorm.d.ts","faPooStorm.d.ts","C:\valente_conecta\node_modules\@fortawesome\free-solid-svg-icons"
"C:\valente_conecta\node_modules\@fortawesome\free-solid-svg-icons\faPortrait.d.ts","faPortrait.d.ts","C:\valente_conecta\node_modules\@fortawesome\free-solid-svg-icons"
"C:\valente_conecta\node_modules\@fortawesome\free-solid-svg-icons\faPoundSign.d.ts","faPoundSign.d.ts","C:\valente_conecta\node_modules\@fortawesome\free-solid-svg-icons"
"C:\valente_conecta\node_modules\@fortawesome\free-solid-svg-icons\faPowerOff.d.ts","faPowerOff.d.ts","C:\valente_conecta\node_modules\@fortawesome\free-solid-svg-icons"
"C:\valente_conecta\node_modules\@fortawesome\free-solid-svg-icons\faPray.d.ts","faPray.d.ts","C:\valente_conecta\node_modules\@fortawesome\free-solid-svg-icons"
"C:\valente_conecta\node_modules\@fortawesome\free-solid-svg-icons\faPrayingHands.d.ts","faPrayingHands.d.ts","C:\valente_conecta\node_modules\@fortawesome\free-solid-svg-icons"
"C:\valente_conecta\node_modules\@fortawesome\free-solid-svg-icons\faPrescription.d.ts","faPrescription.d.ts","C:\valente_conecta\node_modules\@fortawesome\free-solid-svg-icons"
"C:\valente_conecta\node_modules\@fortawesome\free-solid-svg-icons\faPrescriptionBottle.d.ts","faPrescriptionBottle.d.ts","C:\valente_conecta\node_modules\@fortawesome\free-solid-svg-icons"
"C:\valente_conecta\node_modules\@fortawesome\free-solid-svg-icons\faPrescriptionBottleAlt.d.ts","faPrescriptionBottleAlt.d.ts","C:\valente_conecta\node_modules\@fortawesome\free-solid-svg-icons"
"C:\valente_conecta\node_modules\@fortawesome\free-solid-svg-icons\faPrescriptionBottleMedical.d.ts","faPrescriptionBottleMedical.d.ts","C:\valente_conecta\node_modules\@fortawesome\free-solid-svg-icons"
"C:\valente_conecta\node_modules\@fortawesome\free-solid-svg-icons\faPrint.d.ts","faPrint.d.ts","C:\valente_conecta\node_modules\@fortawesome\free-solid-svg-icons"
"C:\valente_conecta\node_modules\@fortawesome\free-solid-svg-icons\faProcedures.d.ts","faProcedures.d.ts","C:\valente_conecta\node_modules\@fortawesome\free-solid-svg-icons"
"C:\valente_conecta\node_modules\@fortawesome\free-solid-svg-icons\faProjectDiagram.d.ts","faProjectDiagram.d.ts","C:\valente_conecta\node_modules\@fortawesome\free-solid-svg-icons"
"C:\valente_conecta\node_modules\@fortawesome\free-solid-svg-icons\faPumpMedical.d.ts","faPumpMedical.d.ts","C:\valente_conecta\node_modules\@fortawesome\free-solid-svg-icons"
"C:\valente_conecta\node_modules\@fortawesome\free-solid-svg-icons\faPumpSoap.d.ts","faPumpSoap.d.ts","C:\valente_conecta\node_modules\@fortawesome\free-solid-svg-icons"
"C:\valente_conecta\node_modules\@fortawesome\free-solid-svg-icons\faPuzzlePiece.d.ts","faPuzzlePiece.d.ts","C:\valente_conecta\node_modules\@fortawesome\free-solid-svg-icons"
"C:\valente_conecta\node_modules\@fortawesome\free-solid-svg-icons\faQ.d.ts","faQ.d.ts","C:\valente_conecta\node_modules\@fortawesome\free-solid-svg-icons"
"C:\valente_conecta\node_modules\@fortawesome\free-solid-svg-icons\faQrcode.d.ts","faQrcode.d.ts","C:\valente_conecta\node_modules\@fortawesome\free-solid-svg-icons"
"C:\valente_conecta\node_modules\@fortawesome\free-solid-svg-icons\faQuestion.d.ts","faQuestion.d.ts","C:\valente_conecta\node_modules\@fortawesome\free-solid-svg-icons"
"C:\valente_conecta\node_modules\@fortawesome\free-solid-svg-icons\faQuestionCircle.d.ts","faQuestionCircle.d.ts","C:\valente_conecta\node_modules\@fortawesome\free-solid-svg-icons"
"C:\valente_conecta\node_modules\@fortawesome\free-solid-svg-icons\faQuidditch.d.ts","faQuidditch.d.ts","C:\valente_conecta\node_modules\@fortawesome\free-solid-svg-icons"
"C:\valente_conecta\node_modules\@fortawesome\free-solid-svg-icons\faQuidditchBroomBall.d.ts","faQuidditchBroomBall.d.ts","C:\valente_conecta\node_modules\@fortawesome\free-solid-svg-icons"
"C:\valente_conecta\node_modules\@fortawesome\free-solid-svg-icons\faQuoteLeft.d.ts","faQuoteLeft.d.ts","C:\valente_conecta\node_modules\@fortawesome\free-solid-svg-icons"
"C:\valente_conecta\node_modules\@fortawesome\free-solid-svg-icons\faQuoteLeftAlt.d.ts","faQuoteLeftAlt.d.ts","C:\valente_conecta\node_modules\@fortawesome\free-solid-svg-icons"
"C:\valente_conecta\node_modules\@fortawesome\free-solid-svg-icons\faQuoteRight.d.ts","faQuoteRight.d.ts","C:\valente_conecta\node_modules\@fortawesome\free-solid-svg-icons"
"C:\valente_conecta\node_modules\@fortawesome\free-solid-svg-icons\faQuoteRightAlt.d.ts","faQuoteRightAlt.d.ts","C:\valente_conecta\node_modules\@fortawesome\free-solid-svg-icons"
"C:\valente_conecta\node_modules\@fortawesome\free-solid-svg-icons\faQuran.d.ts","faQuran.d.ts","C:\valente_conecta\node_modules\@fortawesome\free-solid-svg-icons"
"C:\valente_conecta\node_modules\@fortawesome\free-solid-svg-icons\faR.d.ts","faR.d.ts","C:\valente_conecta\node_modules\@fortawesome\free-solid-svg-icons"
"C:\valente_conecta\node_modules\@fortawesome\free-solid-svg-icons\faRadiation.d.ts","faRadiation.d.ts","C:\valente_conecta\node_modules\@fortawesome\free-solid-svg-icons"
"C:\valente_conecta\node_modules\@fortawesome\free-solid-svg-icons\faRadiationAlt.d.ts","faRadiationAlt.d.ts","C:\valente_conecta\node_modules\@fortawesome\free-solid-svg-icons"
"C:\valente_conecta\node_modules\@fortawesome\free-solid-svg-icons\faRadio.d.ts","faRadio.d.ts","C:\valente_conecta\node_modules\@fortawesome\free-solid-svg-icons"
"C:\valente_conecta\node_modules\@fortawesome\free-solid-svg-icons\faRainbow.d.ts","faRainbow.d.ts","C:\valente_conecta\node_modules\@fortawesome\free-solid-svg-icons"
"C:\valente_conecta\node_modules\@fortawesome\free-solid-svg-icons\faRandom.d.ts","faRandom.d.ts","C:\valente_conecta\node_modules\@fortawesome\free-solid-svg-icons"
"C:\valente_conecta\node_modules\@fortawesome\free-solid-svg-icons\faRankingStar.d.ts","faRankingStar.d.ts","C:\valente_conecta\node_modules\@fortawesome\free-solid-svg-icons"
"C:\valente_conecta\node_modules\@fortawesome\free-solid-svg-icons\faReceipt.d.ts","faReceipt.d.ts","C:\valente_conecta\node_modules\@fortawesome\free-solid-svg-icons"
"C:\valente_conecta\node_modules\@fortawesome\free-solid-svg-icons\faRecordVinyl.d.ts","faRecordVinyl.d.ts","C:\valente_conecta\node_modules\@fortawesome\free-solid-svg-icons"
"C:\valente_conecta\node_modules\@fortawesome\free-solid-svg-icons\faRectangleAd.d.ts","faRectangleAd.d.ts","C:\valente_conecta\node_modules\@fortawesome\free-solid-svg-icons"
"C:\valente_conecta\node_modules\@fortawesome\free-solid-svg-icons\faRectangleList.d.ts","faRectangleList.d.ts","C:\valente_conecta\node_modules\@fortawesome\free-solid-svg-icons"
"C:\valente_conecta\node_modules\@fortawesome\free-solid-svg-icons\faRectangleTimes.d.ts","faRectangleTimes.d.ts","C:\valente_conecta\node_modules\@fortawesome\free-solid-svg-icons"
"C:\valente_conecta\node_modules\@fortawesome\free-solid-svg-icons\faRectangleXmark.d.ts","faRectangleXmark.d.ts","C:\valente_conecta\node_modules\@fortawesome\free-solid-svg-icons"
"C:\valente_conecta\node_modules\@fortawesome\free-solid-svg-icons\faRecycle.d.ts","faRecycle.d.ts","C:\valente_conecta\node_modules\@fortawesome\free-solid-svg-icons"
"C:\valente_conecta\node_modules\@fortawesome\free-solid-svg-icons\faRedo.d.ts","faRedo.d.ts","C:\valente_conecta\node_modules\@fortawesome\free-solid-svg-icons"
"C:\valente_conecta\node_modules\@fortawesome\free-solid-svg-icons\faRedoAlt.d.ts","faRedoAlt.d.ts","C:\valente_conecta\node_modules\@fortawesome\free-solid-svg-icons"
"C:\valente_conecta\node_modules\@fortawesome\free-solid-svg-icons\faRefresh.d.ts","faRefresh.d.ts","C:\valente_conecta\node_modules\@fortawesome\free-solid-svg-icons"
"C:\valente_conecta\node_modules\@fortawesome\free-solid-svg-icons\faRegistered.d.ts","faRegistered.d.ts","C:\valente_conecta\node_modules\@fortawesome\free-solid-svg-icons"
"C:\valente_conecta\node_modules\@fortawesome\free-solid-svg-icons\faRemove.d.ts","faRemove.d.ts","C:\valente_conecta\node_modules\@fortawesome\free-solid-svg-icons"
"C:\valente_conecta\node_modules\@fortawesome\free-solid-svg-icons\faRemoveFormat.d.ts","faRemoveFormat.d.ts","C:\valente_conecta\node_modules\@fortawesome\free-solid-svg-icons"
"C:\valente_conecta\node_modules\@fortawesome\free-solid-svg-icons\faReorder.d.ts","faReorder.d.ts","C:\valente_conecta\node_modules\@fortawesome\free-solid-svg-icons"
"C:\valente_conecta\node_modules\@fortawesome\free-solid-svg-icons\faRepeat.d.ts","faRepeat.d.ts","C:\valente_conecta\node_modules\@fortawesome\free-solid-svg-icons"
"C:\valente_conecta\node_modules\@fortawesome\free-solid-svg-icons\faReply.d.ts","faReply.d.ts","C:\valente_conecta\node_modules\@fortawesome\free-solid-svg-icons"
"C:\valente_conecta\node_modules\@fortawesome\free-solid-svg-icons\faReplyAll.d.ts","faReplyAll.d.ts","C:\valente_conecta\node_modules\@fortawesome\free-solid-svg-icons"
"C:\valente_conecta\node_modules\@fortawesome\free-solid-svg-icons\faRepublican.d.ts","faRepublican.d.ts","C:\valente_conecta\node_modules\@fortawesome\free-solid-svg-icons"
"C:\valente_conecta\node_modules\@fortawesome\free-solid-svg-icons\faRestroom.d.ts","faRestroom.d.ts","C:\valente_conecta\node_modules\@fortawesome\free-solid-svg-icons"
"C:\valente_conecta\node_modules\@fortawesome\free-solid-svg-icons\faRetweet.d.ts","faRetweet.d.ts","C:\valente_conecta\node_modules\@fortawesome\free-solid-svg-icons"
"C:\valente_conecta\node_modules\@fortawesome\free-solid-svg-icons\faRibbon.d.ts","faRibbon.d.ts","C:\valente_conecta\node_modules\@fortawesome\free-solid-svg-icons"
"C:\valente_conecta\node_modules\@fortawesome\free-solid-svg-icons\faRightFromBracket.d.ts","faRightFromBracket.d.ts","C:\valente_conecta\node_modules\@fortawesome\free-solid-svg-icons"
"C:\valente_conecta\node_modules\@fortawesome\free-solid-svg-icons\faRightLeft.d.ts","faRightLeft.d.ts","C:\valente_conecta\node_modules\@fortawesome\free-solid-svg-icons"
"C:\valente_conecta\node_modules\@fortawesome\free-solid-svg-icons\faRightLong.d.ts","faRightLong.d.ts","C:\valente_conecta\node_modules\@fortawesome\free-solid-svg-icons"
"C:\valente_conecta\node_modules\@fortawesome\free-solid-svg-icons\faRightToBracket.d.ts","faRightToBracket.d.ts","C:\valente_conecta\node_modules\@fortawesome\free-solid-svg-icons"
"C:\valente_conecta\node_modules\@fortawesome\free-solid-svg-icons\faRing.d.ts","faRing.d.ts","C:\valente_conecta\node_modules\@fortawesome\free-solid-svg-icons"
"C:\valente_conecta\node_modules\@fortawesome\free-solid-svg-icons\faRmb.d.ts","faRmb.d.ts","C:\valente_conecta\node_modules\@fortawesome\free-solid-svg-icons"
"C:\valente_conecta\node_modules\@fortawesome\free-solid-svg-icons\faRoad.d.ts","faRoad.d.ts","C:\valente_conecta\node_modules\@fortawesome\free-solid-svg-icons"
"C:\valente_conecta\node_modules\@fortawesome\free-solid-svg-icons\faRoadBarrier.d.ts","faRoadBarrier.d.ts","C:\valente_conecta\node_modules\@fortawesome\free-solid-svg-icons"
"C:\valente_conecta\node_modules\@fortawesome\free-solid-svg-icons\faRoadBridge.d.ts","faRoadBridge.d.ts","C:\valente_conecta\node_modules\@fortawesome\free-solid-svg-icons"
"C:\valente_conecta\node_modules\@fortawesome\free-solid-svg-icons\faRoadCircleCheck.d.ts","faRoadCircleCheck.d.ts","C:\valente_conecta\node_modules\@fortawesome\free-solid-svg-icons"
"C:\valente_conecta\node_modules\@fortawesome\free-solid-svg-icons\faRoadCircleExclamation.d.ts","faRoadCircleExclamation.d.ts","C:\valente_conecta\node_modules\@fortawesome\free-solid-svg-icons"
"C:\valente_conecta\node_modules\@fortawesome\free-solid-svg-icons\faRoadCircleXmark.d.ts","faRoadCircleXmark.d.ts","C:\valente_conecta\node_modules\@fortawesome\free-solid-svg-icons"
"C:\valente_conecta\node_modules\@fortawesome\free-solid-svg-icons\faRoadLock.d.ts","faRoadLock.d.ts","C:\valente_conecta\node_modules\@fortawesome\free-solid-svg-icons"
"C:\valente_conecta\node_modules\@fortawesome\free-solid-svg-icons\faRoadSpikes.d.ts","faRoadSpikes.d.ts","C:\valente_conecta\node_modules\@fortawesome\free-solid-svg-icons"
"C:\valente_conecta\node_modules\@fortawesome\free-solid-svg-icons\faRobot.d.ts","faRobot.d.ts","C:\valente_conecta\node_modules\@fortawesome\free-solid-svg-icons"
"C:\valente_conecta\node_modules\@fortawesome\free-solid-svg-icons\faRocket.d.ts","faRocket.d.ts","C:\valente_conecta\node_modules\@fortawesome\free-solid-svg-icons"
"C:\valente_conecta\node_modules\@fortawesome\free-solid-svg-icons\faRodAsclepius.d.ts","faRodAsclepius.d.ts","C:\valente_conecta\node_modules\@fortawesome\free-solid-svg-icons"
"C:\valente_conecta\node_modules\@fortawesome\free-solid-svg-icons\faRodSnake.d.ts","faRodSnake.d.ts","C:\valente_conecta\node_modules\@fortawesome\free-solid-svg-icons"
"C:\valente_conecta\node_modules\@fortawesome\free-solid-svg-icons\faRotate.d.ts","faRotate.d.ts","C:\valente_conecta\node_modules\@fortawesome\free-solid-svg-icons"
"C:\valente_conecta\node_modules\@fortawesome\free-solid-svg-icons\faRotateBack.d.ts","faRotateBack.d.ts","C:\valente_conecta\node_modules\@fortawesome\free-solid-svg-icons"
"C:\valente_conecta\node_modules\@fortawesome\free-solid-svg-icons\faRotateBackward.d.ts","faRotateBackward.d.ts","C:\valente_conecta\node_modules\@fortawesome\free-solid-svg-icons"
"C:\valente_conecta\node_modules\@fortawesome\free-solid-svg-icons\faRotateForward.d.ts","faRotateForward.d.ts","C:\valente_conecta\node_modules\@fortawesome\free-solid-svg-icons"
"C:\valente_conecta\node_modules\@fortawesome\free-solid-svg-icons\faRotateLeft.d.ts","faRotateLeft.d.ts","C:\valente_conecta\node_modules\@fortawesome\free-solid-svg-icons"
"C:\valente_conecta\node_modules\@fortawesome\free-solid-svg-icons\faRotateRight.d.ts","faRotateRight.d.ts","C:\valente_conecta\node_modules\@fortawesome\free-solid-svg-icons"
"C:\valente_conecta\node_modules\@fortawesome\free-solid-svg-icons\faRouble.d.ts","faRouble.d.ts","C:\valente_conecta\node_modules\@fortawesome\free-solid-svg-icons"
"C:\valente_conecta\node_modules\@fortawesome\free-solid-svg-icons\faRoute.d.ts","faRoute.d.ts","C:\valente_conecta\node_modules\@fortawesome\free-solid-svg-icons"
"C:\valente_conecta\node_modules\@fortawesome\free-solid-svg-icons\faRss.d.ts","faRss.d.ts","C:\valente_conecta\node_modules\@fortawesome\free-solid-svg-icons"
"C:\valente_conecta\node_modules\@fortawesome\free-solid-svg-icons\faRssSquare.d.ts","faRssSquare.d.ts","C:\valente_conecta\node_modules\@fortawesome\free-solid-svg-icons"
"C:\valente_conecta\node_modules\@fortawesome\free-solid-svg-icons\faRub.d.ts","faRub.d.ts","C:\valente_conecta\node_modules\@fortawesome\free-solid-svg-icons"
"C:\valente_conecta\node_modules\@fortawesome\free-solid-svg-icons\faRuble.d.ts","faRuble.d.ts","C:\valente_conecta\node_modules\@fortawesome\free-solid-svg-icons"
"C:\valente_conecta\node_modules\@fortawesome\free-solid-svg-icons\faRubleSign.d.ts","faRubleSign.d.ts","C:\valente_conecta\node_modules\@fortawesome\free-solid-svg-icons"
"C:\valente_conecta\node_modules\@fortawesome\free-solid-svg-icons\faRug.d.ts","faRug.d.ts","C:\valente_conecta\node_modules\@fortawesome\free-solid-svg-icons"
"C:\valente_conecta\node_modules\@fortawesome\free-solid-svg-icons\faRuler.d.ts","faRuler.d.ts","C:\valente_conecta\node_modules\@fortawesome\free-solid-svg-icons"
"C:\valente_conecta\node_modules\@fortawesome\free-solid-svg-icons\faRulerCombined.d.ts","faRulerCombined.d.ts","C:\valente_conecta\node_modules\@fortawesome\free-solid-svg-icons"
"C:\valente_conecta\node_modules\@fortawesome\free-solid-svg-icons\faRulerHorizontal.d.ts","faRulerHorizontal.d.ts","C:\valente_conecta\node_modules\@fortawesome\free-solid-svg-icons"
"C:\valente_conecta\node_modules\@fortawesome\free-solid-svg-icons\faRulerVertical.d.ts","faRulerVertical.d.ts","C:\valente_conecta\node_modules\@fortawesome\free-solid-svg-icons"
"C:\valente_conecta\node_modules\@fortawesome\free-solid-svg-icons\faRunning.d.ts","faRunning.d.ts","C:\valente_conecta\node_modules\@fortawesome\free-solid-svg-icons"
"C:\valente_conecta\node_modules\@fortawesome\free-solid-svg-icons\faRupee.d.ts","faRupee.d.ts","C:\valente_conecta\node_modules\@fortawesome\free-solid-svg-icons"
"C:\valente_conecta\node_modules\@fortawesome\free-solid-svg-icons\faRupeeSign.d.ts","faRupeeSign.d.ts","C:\valente_conecta\node_modules\@fortawesome\free-solid-svg-icons"
"C:\valente_conecta\node_modules\@fortawesome\free-solid-svg-icons\faRupiahSign.d.ts","faRupiahSign.d.ts","C:\valente_conecta\node_modules\@fortawesome\free-solid-svg-icons"
"C:\valente_conecta\node_modules\@fortawesome\free-solid-svg-icons\faS.d.ts","faS.d.ts","C:\valente_conecta\node_modules\@fortawesome\free-solid-svg-icons"
"C:\valente_conecta\node_modules\@fortawesome\free-solid-svg-icons\faSackDollar.d.ts","faSackDollar.d.ts","C:\valente_conecta\node_modules\@fortawesome\free-solid-svg-icons"
"C:\valente_conecta\node_modules\@fortawesome\free-solid-svg-icons\faSackXmark.d.ts","faSackXmark.d.ts","C:\valente_conecta\node_modules\@fortawesome\free-solid-svg-icons"
"C:\valente_conecta\node_modules\@fortawesome\free-solid-svg-icons\faSadCry.d.ts","faSadCry.d.ts","C:\valente_conecta\node_modules\@fortawesome\free-solid-svg-icons"
"C:\valente_conecta\node_modules\@fortawesome\free-solid-svg-icons\faSadTear.d.ts","faSadTear.d.ts","C:\valente_conecta\node_modules\@fortawesome\free-solid-svg-icons"
"C:\valente_conecta\node_modules\@fortawesome\free-solid-svg-icons\faSagittarius.d.ts","faSagittarius.d.ts","C:\valente_conecta\node_modules\@fortawesome\free-solid-svg-icons"
"C:\valente_conecta\node_modules\@fortawesome\free-solid-svg-icons\faSailboat.d.ts","faSailboat.d.ts","C:\valente_conecta\node_modules\@fortawesome\free-solid-svg-icons"
"C:\valente_conecta\node_modules\@fortawesome\free-solid-svg-icons\faSatellite.d.ts","faSatellite.d.ts","C:\valente_conecta\node_modules\@fortawesome\free-solid-svg-icons"
"C:\valente_conecta\node_modules\@fortawesome\free-solid-svg-icons\faSatelliteDish.d.ts","faSatelliteDish.d.ts","C:\valente_conecta\node_modules\@fortawesome\free-solid-svg-icons"
"C:\valente_conecta\node_modules\@fortawesome\free-solid-svg-icons\faSave.d.ts","faSave.d.ts","C:\valente_conecta\node_modules\@fortawesome\free-solid-svg-icons"
"C:\valente_conecta\node_modules\@fortawesome\free-solid-svg-icons\faScaleBalanced.d.ts","faScaleBalanced.d.ts","C:\valente_conecta\node_modules\@fortawesome\free-solid-svg-icons"
"C:\valente_conecta\node_modules\@fortawesome\free-solid-svg-icons\faScaleUnbalanced.d.ts","faScaleUnbalanced.d.ts","C:\valente_conecta\node_modules\@fortawesome\free-solid-svg-icons"
"C:\valente_conecta\node_modules\@fortawesome\free-solid-svg-icons\faScaleUnbalancedFlip.d.ts","faScaleUnbalancedFlip.d.ts","C:\valente_conecta\node_modules\@fortawesome\free-solid-svg-icons"
"C:\valente_conecta\node_modules\@fortawesome\free-solid-svg-icons\faSchool.d.ts","faSchool.d.ts","C:\valente_conecta\node_modules\@fortawesome\free-solid-svg-icons"
"C:\valente_conecta\node_modules\@fortawesome\free-solid-svg-icons\faSchoolCircleCheck.d.ts","faSchoolCircleCheck.d.ts","C:\valente_conecta\node_modules\@fortawesome\free-solid-svg-icons"
"C:\valente_conecta\node_modules\@fortawesome\free-solid-svg-icons\faSchoolCircleExclamation.d.ts","faSchoolCircleExclamation.d.ts","C:\valente_conecta\node_modules\@fortawesome\free-solid-svg-icons"
"C:\valente_conecta\node_modules\@fortawesome\free-solid-svg-icons\faSchoolCircleXmark.d.ts","faSchoolCircleXmark.d.ts","C:\valente_conecta\node_modules\@fortawesome\free-solid-svg-icons"
"C:\valente_conecta\node_modules\@fortawesome\free-solid-svg-icons\faSchoolFlag.d.ts","faSchoolFlag.d.ts","C:\valente_conecta\node_modules\@fortawesome\free-solid-svg-icons"
"C:\valente_conecta\node_modules\@fortawesome\free-solid-svg-icons\faSchoolLock.d.ts","faSchoolLock.d.ts","C:\valente_conecta\node_modules\@fortawesome\free-solid-svg-icons"
"C:\valente_conecta\node_modules\@fortawesome\free-solid-svg-icons\faScissors.d.ts","faScissors.d.ts","C:\valente_conecta\node_modules\@fortawesome\free-solid-svg-icons"
"C:\valente_conecta\node_modules\@fortawesome\free-solid-svg-icons\faScorpio.d.ts","faScorpio.d.ts","C:\valente_conecta\node_modules\@fortawesome\free-solid-svg-icons"
"C:\valente_conecta\node_modules\@fortawesome\free-solid-svg-icons\faScrewdriver.d.ts","faScrewdriver.d.ts","C:\valente_conecta\node_modules\@fortawesome\free-solid-svg-icons"
"C:\valente_conecta\node_modules\@fortawesome\free-solid-svg-icons\faScrewdriverWrench.d.ts","faScrewdriverWrench.d.ts","C:\valente_conecta\node_modules\@fortawesome\free-solid-svg-icons"
"C:\valente_conecta\node_modules\@fortawesome\free-solid-svg-icons\faScroll.d.ts","faScroll.d.ts","C:\valente_conecta\node_modules\@fortawesome\free-solid-svg-icons"
"C:\valente_conecta\node_modules\@fortawesome\free-solid-svg-icons\faScrollTorah.d.ts","faScrollTorah.d.ts","C:\valente_conecta\node_modules\@fortawesome\free-solid-svg-icons"
"C:\valente_conecta\node_modules\@fortawesome\free-solid-svg-icons\faSdCard.d.ts","faSdCard.d.ts","C:\valente_conecta\node_modules\@fortawesome\free-solid-svg-icons"
"C:\valente_conecta\node_modules\@fortawesome\free-solid-svg-icons\faSearch.d.ts","faSearch.d.ts","C:\valente_conecta\node_modules\@fortawesome\free-solid-svg-icons"
"C:\valente_conecta\node_modules\@fortawesome\free-solid-svg-icons\faSearchDollar.d.ts","faSearchDollar.d.ts","C:\valente_conecta\node_modules\@fortawesome\free-solid-svg-icons"
"C:\valente_conecta\node_modules\@fortawesome\free-solid-svg-icons\faSearchLocation.d.ts","faSearchLocation.d.ts","C:\valente_conecta\node_modules\@fortawesome\free-solid-svg-icons"
"C:\valente_conecta\node_modules\@fortawesome\free-solid-svg-icons\faSearchMinus.d.ts","faSearchMinus.d.ts","C:\valente_conecta\node_modules\@fortawesome\free-solid-svg-icons"
"C:\valente_conecta\node_modules\@fortawesome\free-solid-svg-icons\faSearchPlus.d.ts","faSearchPlus.d.ts","C:\valente_conecta\node_modules\@fortawesome\free-solid-svg-icons"
"C:\valente_conecta\node_modules\@fortawesome\free-solid-svg-icons\faSection.d.ts","faSection.d.ts","C:\valente_conecta\node_modules\@fortawesome\free-solid-svg-icons"
"C:\valente_conecta\node_modules\@fortawesome\free-solid-svg-icons\faSeedling.d.ts","faSeedling.d.ts","C:\valente_conecta\node_modules\@fortawesome\free-solid-svg-icons"
"C:\valente_conecta\node_modules\@fortawesome\free-solid-svg-icons\faSeptagon.d.ts","faSeptagon.d.ts","C:\valente_conecta\node_modules\@fortawesome\free-solid-svg-icons"
"C:\valente_conecta\node_modules\@fortawesome\free-solid-svg-icons\faServer.d.ts","faServer.d.ts","C:\valente_conecta\node_modules\@fortawesome\free-solid-svg-icons"
"C:\valente_conecta\node_modules\@fortawesome\free-solid-svg-icons\faShapes.d.ts","faShapes.d.ts","C:\valente_conecta\node_modules\@fortawesome\free-solid-svg-icons"
"C:\valente_conecta\node_modules\@fortawesome\free-solid-svg-icons\faShare.d.ts","faShare.d.ts","C:\valente_conecta\node_modules\@fortawesome\free-solid-svg-icons"
"C:\valente_conecta\node_modules\@fortawesome\free-solid-svg-icons\faShareAlt.d.ts","faShareAlt.d.ts","C:\valente_conecta\node_modules\@fortawesome\free-solid-svg-icons"
"C:\valente_conecta\node_modules\@fortawesome\free-solid-svg-icons\faShareAltSquare.d.ts","faShareAltSquare.d.ts","C:\valente_conecta\node_modules\@fortawesome\free-solid-svg-icons"
"C:\valente_conecta\node_modules\@fortawesome\free-solid-svg-icons\faShareFromSquare.d.ts","faShareFromSquare.d.ts","C:\valente_conecta\node_modules\@fortawesome\free-solid-svg-icons"
"C:\valente_conecta\node_modules\@fortawesome\free-solid-svg-icons\faShareNodes.d.ts","faShareNodes.d.ts","C:\valente_conecta\node_modules\@fortawesome\free-solid-svg-icons"
"C:\valente_conecta\node_modules\@fortawesome\free-solid-svg-icons\faShareSquare.d.ts","faShareSquare.d.ts","C:\valente_conecta\node_modules\@fortawesome\free-solid-svg-icons"
"C:\valente_conecta\node_modules\@fortawesome\free-solid-svg-icons\faSheetPlastic.d.ts","faSheetPlastic.d.ts","C:\valente_conecta\node_modules\@fortawesome\free-solid-svg-icons"
"C:\valente_conecta\node_modules\@fortawesome\free-solid-svg-icons\faShekel.d.ts","faShekel.d.ts","C:\valente_conecta\node_modules\@fortawesome\free-solid-svg-icons"
"C:\valente_conecta\node_modules\@fortawesome\free-solid-svg-icons\faShekelSign.d.ts","faShekelSign.d.ts","C:\valente_conecta\node_modules\@fortawesome\free-solid-svg-icons"
"C:\valente_conecta\node_modules\@fortawesome\free-solid-svg-icons\faSheqel.d.ts","faSheqel.d.ts","C:\valente_conecta\node_modules\@fortawesome\free-solid-svg-icons"
"C:\valente_conecta\node_modules\@fortawesome\free-solid-svg-icons\faSheqelSign.d.ts","faSheqelSign.d.ts","C:\valente_conecta\node_modules\@fortawesome\free-solid-svg-icons"
"C:\valente_conecta\node_modules\@fortawesome\free-solid-svg-icons\faShield.d.ts","faShield.d.ts","C:\valente_conecta\node_modules\@fortawesome\free-solid-svg-icons"
"C:\valente_conecta\node_modules\@fortawesome\free-solid-svg-icons\faShieldAlt.d.ts","faShieldAlt.d.ts","C:\valente_conecta\node_modules\@fortawesome\free-solid-svg-icons"
"C:\valente_conecta\node_modules\@fortawesome\free-solid-svg-icons\faShieldBlank.d.ts","faShieldBlank.d.ts","C:\valente_conecta\node_modules\@fortawesome\free-solid-svg-icons"
"C:\valente_conecta\node_modules\@fortawesome\free-solid-svg-icons\faShieldCat.d.ts","faShieldCat.d.ts","C:\valente_conecta\node_modules\@fortawesome\free-solid-svg-icons"
"C:\valente_conecta\node_modules\@fortawesome\free-solid-svg-icons\faShieldDog.d.ts","faShieldDog.d.ts","C:\valente_conecta\node_modules\@fortawesome\free-solid-svg-icons"
"C:\valente_conecta\node_modules\@fortawesome\free-solid-svg-icons\faShieldHalved.d.ts","faShieldHalved.d.ts","C:\valente_conecta\node_modules\@fortawesome\free-solid-svg-icons"
"C:\valente_conecta\node_modules\@fortawesome\free-solid-svg-icons\faShieldHeart.d.ts","faShieldHeart.d.ts","C:\valente_conecta\node_modules\@fortawesome\free-solid-svg-icons"
"C:\valente_conecta\node_modules\@fortawesome\free-solid-svg-icons\faShieldVirus.d.ts","faShieldVirus.d.ts","C:\valente_conecta\node_modules\@fortawesome\free-solid-svg-icons"
"C:\valente_conecta\node_modules\@fortawesome\free-solid-svg-icons\faShip.d.ts","faShip.d.ts","C:\valente_conecta\node_modules\@fortawesome\free-solid-svg-icons"
"C:\valente_conecta\node_modules\@fortawesome\free-solid-svg-icons\faShippingFast.d.ts","faShippingFast.d.ts","C:\valente_conecta\node_modules\@fortawesome\free-solid-svg-icons"
"C:\valente_conecta\node_modules\@fortawesome\free-solid-svg-icons\faShirt.d.ts","faShirt.d.ts","C:\valente_conecta\node_modules\@fortawesome\free-solid-svg-icons"
"C:\valente_conecta\node_modules\@fortawesome\free-solid-svg-icons\faShoePrints.d.ts","faShoePrints.d.ts","C:\valente_conecta\node_modules\@fortawesome\free-solid-svg-icons"
"C:\valente_conecta\node_modules\@fortawesome\free-solid-svg-icons\faShop.d.ts","faShop.d.ts","C:\valente_conecta\node_modules\@fortawesome\free-solid-svg-icons"
"C:\valente_conecta\node_modules\@fortawesome\free-solid-svg-icons\faShopLock.d.ts","faShopLock.d.ts","C:\valente_conecta\node_modules\@fortawesome\free-solid-svg-icons"
"C:\valente_conecta\node_modules\@fortawesome\free-solid-svg-icons\faShoppingBag.d.ts","faShoppingBag.d.ts","C:\valente_conecta\node_modules\@fortawesome\free-solid-svg-icons"
"C:\valente_conecta\node_modules\@fortawesome\free-solid-svg-icons\faShoppingBasket.d.ts","faShoppingBasket.d.ts","C:\valente_conecta\node_modules\@fortawesome\free-solid-svg-icons"
"C:\valente_conecta\node_modules\@fortawesome\free-solid-svg-icons\faShoppingCart.d.ts","faShoppingCart.d.ts","C:\valente_conecta\node_modules\@fortawesome\free-solid-svg-icons"
"C:\valente_conecta\node_modules\@fortawesome\free-solid-svg-icons\faShopSlash.d.ts","faShopSlash.d.ts","C:\valente_conecta\node_modules\@fortawesome\free-solid-svg-icons"
"C:\valente_conecta\node_modules\@fortawesome\free-solid-svg-icons\faShower.d.ts","faShower.d.ts","C:\valente_conecta\node_modules\@fortawesome\free-solid-svg-icons"
"C:\valente_conecta\node_modules\@fortawesome\free-solid-svg-icons\faShrimp.d.ts","faShrimp.d.ts","C:\valente_conecta\node_modules\@fortawesome\free-solid-svg-icons"
"C:\valente_conecta\node_modules\@fortawesome\free-solid-svg-icons\faShuffle.d.ts","faShuffle.d.ts","C:\valente_conecta\node_modules\@fortawesome\free-solid-svg-icons"
"C:\valente_conecta\node_modules\@fortawesome\free-solid-svg-icons\faShuttleSpace.d.ts","faShuttleSpace.d.ts","C:\valente_conecta\node_modules\@fortawesome\free-solid-svg-icons"
"C:\valente_conecta\node_modules\@fortawesome\free-solid-svg-icons\faShuttleVan.d.ts","faShuttleVan.d.ts","C:\valente_conecta\node_modules\@fortawesome\free-solid-svg-icons"
"C:\valente_conecta\node_modules\@fortawesome\free-solid-svg-icons\faSign.d.ts","faSign.d.ts","C:\valente_conecta\node_modules\@fortawesome\free-solid-svg-icons"
"C:\valente_conecta\node_modules\@fortawesome\free-solid-svg-icons\faSignal.d.ts","faSignal.d.ts","C:\valente_conecta\node_modules\@fortawesome\free-solid-svg-icons"
"C:\valente_conecta\node_modules\@fortawesome\free-solid-svg-icons\faSignal5.d.ts","faSignal5.d.ts","C:\valente_conecta\node_modules\@fortawesome\free-solid-svg-icons"
"C:\valente_conecta\node_modules\@fortawesome\free-solid-svg-icons\faSignalPerfect.d.ts","faSignalPerfect.d.ts","C:\valente_conecta\node_modules\@fortawesome\free-solid-svg-icons"
"C:\valente_conecta\node_modules\@fortawesome\free-solid-svg-icons\faSignature.d.ts","faSignature.d.ts","C:\valente_conecta\node_modules\@fortawesome\free-solid-svg-icons"
"C:\valente_conecta\node_modules\@fortawesome\free-solid-svg-icons\faSignHanging.d.ts","faSignHanging.d.ts","C:\valente_conecta\node_modules\@fortawesome\free-solid-svg-icons"
"C:\valente_conecta\node_modules\@fortawesome\free-solid-svg-icons\faSignIn.d.ts","faSignIn.d.ts","C:\valente_conecta\node_modules\@fortawesome\free-solid-svg-icons"
"C:\valente_conecta\node_modules\@fortawesome\free-solid-svg-icons\faSignInAlt.d.ts","faSignInAlt.d.ts","C:\valente_conecta\node_modules\@fortawesome\free-solid-svg-icons"
"C:\valente_conecta\node_modules\@fortawesome\free-solid-svg-icons\faSigning.d.ts","faSigning.d.ts","C:\valente_conecta\node_modules\@fortawesome\free-solid-svg-icons"
"C:\valente_conecta\node_modules\@fortawesome\free-solid-svg-icons\faSignLanguage.d.ts","faSignLanguage.d.ts","C:\valente_conecta\node_modules\@fortawesome\free-solid-svg-icons"
"C:\valente_conecta\node_modules\@fortawesome\free-solid-svg-icons\faSignOut.d.ts","faSignOut.d.ts","C:\valente_conecta\node_modules\@fortawesome\free-solid-svg-icons"
"C:\valente_conecta\node_modules\@fortawesome\free-solid-svg-icons\faSignOutAlt.d.ts","faSignOutAlt.d.ts","C:\valente_conecta\node_modules\@fortawesome\free-solid-svg-icons"
"C:\valente_conecta\node_modules\@fortawesome\free-solid-svg-icons\faSignsPost.d.ts","faSignsPost.d.ts","C:\valente_conecta\node_modules\@fortawesome\free-solid-svg-icons"
"C:\valente_conecta\node_modules\@fortawesome\free-solid-svg-icons\faSimCard.d.ts","faSimCard.d.ts","C:\valente_conecta\node_modules\@fortawesome\free-solid-svg-icons"
"C:\valente_conecta\node_modules\@fortawesome\free-solid-svg-icons\faSingleQuoteLeft.d.ts","faSingleQuoteLeft.d.ts","C:\valente_conecta\node_modules\@fortawesome\free-solid-svg-icons"
"C:\valente_conecta\node_modules\@fortawesome\free-solid-svg-icons\faSingleQuoteRight.d.ts","faSingleQuoteRight.d.ts","C:\valente_conecta\node_modules\@fortawesome\free-solid-svg-icons"
"C:\valente_conecta\node_modules\@fortawesome\free-solid-svg-icons\faSink.d.ts","faSink.d.ts","C:\valente_conecta\node_modules\@fortawesome\free-solid-svg-icons"
"C:\valente_conecta\node_modules\@fortawesome\free-solid-svg-icons\faSitemap.d.ts","faSitemap.d.ts","C:\valente_conecta\node_modules\@fortawesome\free-solid-svg-icons"
"C:\valente_conecta\node_modules\@fortawesome\free-solid-svg-icons\faSkating.d.ts","faSkating.d.ts","C:\valente_conecta\node_modules\@fortawesome\free-solid-svg-icons"
"C:\valente_conecta\node_modules\@fortawesome\free-solid-svg-icons\faSkiing.d.ts","faSkiing.d.ts","C:\valente_conecta\node_modules\@fortawesome\free-solid-svg-icons"
"C:\valente_conecta\node_modules\@fortawesome\free-solid-svg-icons\faSkiingNordic.d.ts","faSkiingNordic.d.ts","C:\valente_conecta\node_modules\@fortawesome\free-solid-svg-icons"
"C:\valente_conecta\node_modules\@fortawesome\free-solid-svg-icons\faSkull.d.ts","faSkull.d.ts","C:\valente_conecta\node_modules\@fortawesome\free-solid-svg-icons"
"C:\valente_conecta\node_modules\@fortawesome\free-solid-svg-icons\faSkullCrossbones.d.ts","faSkullCrossbones.d.ts","C:\valente_conecta\node_modules\@fortawesome\free-solid-svg-icons"
"C:\valente_conecta\node_modules\@fortawesome\free-solid-svg-icons\faSlash.d.ts","faSlash.d.ts","C:\valente_conecta\node_modules\@fortawesome\free-solid-svg-icons"
"C:\valente_conecta\node_modules\@fortawesome\free-solid-svg-icons\faSleigh.d.ts","faSleigh.d.ts","C:\valente_conecta\node_modules\@fortawesome\free-solid-svg-icons"
"C:\valente_conecta\node_modules\@fortawesome\free-solid-svg-icons\faSliders.d.ts","faSliders.d.ts","C:\valente_conecta\node_modules\@fortawesome\free-solid-svg-icons"
"C:\valente_conecta\node_modules\@fortawesome\free-solid-svg-icons\faSlidersH.d.ts","faSlidersH.d.ts","C:\valente_conecta\node_modules\@fortawesome\free-solid-svg-icons"
"C:\valente_conecta\node_modules\@fortawesome\free-solid-svg-icons\faSmile.d.ts","faSmile.d.ts","C:\valente_conecta\node_modules\@fortawesome\free-solid-svg-icons"
"C:\valente_conecta\node_modules\@fortawesome\free-solid-svg-icons\faSmileBeam.d.ts","faSmileBeam.d.ts","C:\valente_conecta\node_modules\@fortawesome\free-solid-svg-icons"
"C:\valente_conecta\node_modules\@fortawesome\free-solid-svg-icons\faSmileWink.d.ts","faSmileWink.d.ts","C:\valente_conecta\node_modules\@fortawesome\free-solid-svg-icons"
"C:\valente_conecta\node_modules\@fortawesome\free-solid-svg-icons\faSmog.d.ts","faSmog.d.ts","C:\valente_conecta\node_modules\@fortawesome\free-solid-svg-icons"
"C:\valente_conecta\node_modules\@fortawesome\free-solid-svg-icons\faSmoking.d.ts","faSmoking.d.ts","C:\valente_conecta\node_modules\@fortawesome\free-solid-svg-icons"
"C:\valente_conecta\node_modules\@fortawesome\free-solid-svg-icons\faSmokingBan.d.ts","faSmokingBan.d.ts","C:\valente_conecta\node_modules\@fortawesome\free-solid-svg-icons"
"C:\valente_conecta\node_modules\@fortawesome\free-solid-svg-icons\faSms.d.ts","faSms.d.ts","C:\valente_conecta\node_modules\@fortawesome\free-solid-svg-icons"
"C:\valente_conecta\node_modules\@fortawesome\free-solid-svg-icons\faSnowboarding.d.ts","faSnowboarding.d.ts","C:\valente_conecta\node_modules\@fortawesome\free-solid-svg-icons"
"C:\valente_conecta\node_modules\@fortawesome\free-solid-svg-icons\faSnowflake.d.ts","faSnowflake.d.ts","C:\valente_conecta\node_modules\@fortawesome\free-solid-svg-icons"
"C:\valente_conecta\node_modules\@fortawesome\free-solid-svg-icons\faSnowman.d.ts","faSnowman.d.ts","C:\valente_conecta\node_modules\@fortawesome\free-solid-svg-icons"
"C:\valente_conecta\node_modules\@fortawesome\free-solid-svg-icons\faSnowplow.d.ts","faSnowplow.d.ts","C:\valente_conecta\node_modules\@fortawesome\free-solid-svg-icons"
"C:\valente_conecta\node_modules\@fortawesome\free-solid-svg-icons\faSoap.d.ts","faSoap.d.ts","C:\valente_conecta\node_modules\@fortawesome\free-solid-svg-icons"
"C:\valente_conecta\node_modules\@fortawesome\free-solid-svg-icons\faSoccerBall.d.ts","faSoccerBall.d.ts","C:\valente_conecta\node_modules\@fortawesome\free-solid-svg-icons"
"C:\valente_conecta\node_modules\@fortawesome\free-solid-svg-icons\faSocks.d.ts","faSocks.d.ts","C:\valente_conecta\node_modules\@fortawesome\free-solid-svg-icons"
"C:\valente_conecta\node_modules\@fortawesome\free-solid-svg-icons\faSolarPanel.d.ts","faSolarPanel.d.ts","C:\valente_conecta\node_modules\@fortawesome\free-solid-svg-icons"
"C:\valente_conecta\node_modules\@fortawesome\free-solid-svg-icons\faSort.d.ts","faSort.d.ts","C:\valente_conecta\node_modules\@fortawesome\free-solid-svg-icons"
"C:\valente_conecta\node_modules\@fortawesome\free-solid-svg-icons\faSortAlphaAsc.d.ts","faSortAlphaAsc.d.ts","C:\valente_conecta\node_modules\@fortawesome\free-solid-svg-icons"
"C:\valente_conecta\node_modules\@fortawesome\free-solid-svg-icons\faSortAlphaDesc.d.ts","faSortAlphaDesc.d.ts","C:\valente_conecta\node_modules\@fortawesome\free-solid-svg-icons"
"C:\valente_conecta\node_modules\@fortawesome\free-solid-svg-icons\faSortAlphaDown.d.ts","faSortAlphaDown.d.ts","C:\valente_conecta\node_modules\@fortawesome\free-solid-svg-icons"
"C:\valente_conecta\node_modules\@fortawesome\free-solid-svg-icons\faSortAlphaDownAlt.d.ts","faSortAlphaDownAlt.d.ts","C:\valente_conecta\node_modules\@fortawesome\free-solid-svg-icons"
"C:\valente_conecta\node_modules\@fortawesome\free-solid-svg-icons\faSortAlphaUp.d.ts","faSortAlphaUp.d.ts","C:\valente_conecta\node_modules\@fortawesome\free-solid-svg-icons"
"C:\valente_conecta\node_modules\@fortawesome\free-solid-svg-icons\faSortAlphaUpAlt.d.ts","faSortAlphaUpAlt.d.ts","C:\valente_conecta\node_modules\@fortawesome\free-solid-svg-icons"
"C:\valente_conecta\node_modules\@fortawesome\free-solid-svg-icons\faSortAmountAsc.d.ts","faSortAmountAsc.d.ts","C:\valente_conecta\node_modules\@fortawesome\free-solid-svg-icons"
"C:\valente_conecta\node_modules\@fortawesome\free-solid-svg-icons\faSortAmountDesc.d.ts","faSortAmountDesc.d.ts","C:\valente_conecta\node_modules\@fortawesome\free-solid-svg-icons"
"C:\valente_conecta\node_modules\@fortawesome\free-solid-svg-icons\faSortAmountDown.d.ts","faSortAmountDown.d.ts","C:\valente_conecta\node_modules\@fortawesome\free-solid-svg-icons"
"C:\valente_conecta\node_modules\@fortawesome\free-solid-svg-icons\faSortAmountDownAlt.d.ts","faSortAmountDownAlt.d.ts","C:\valente_conecta\node_modules\@fortawesome\free-solid-svg-icons"
"C:\valente_conecta\node_modules\@fortawesome\free-solid-svg-icons\faSortAmountUp.d.ts","faSortAmountUp.d.ts","C:\valente_conecta\node_modules\@fortawesome\free-solid-svg-icons"
"C:\valente_conecta\node_modules\@fortawesome\free-solid-svg-icons\faSortAmountUpAlt.d.ts","faSortAmountUpAlt.d.ts","C:\valente_conecta\node_modules\@fortawesome\free-solid-svg-icons"
"C:\valente_conecta\node_modules\@fortawesome\free-solid-svg-icons\faSortAsc.d.ts","faSortAsc.d.ts","C:\valente_conecta\node_modules\@fortawesome\free-solid-svg-icons"
"C:\valente_conecta\node_modules\@fortawesome\free-solid-svg-icons\faSortDesc.d.ts","faSortDesc.d.ts","C:\valente_conecta\node_modules\@fortawesome\free-solid-svg-icons"
"C:\valente_conecta\node_modules\@fortawesome\free-solid-svg-icons\faSortDown.d.ts","faSortDown.d.ts","C:\valente_conecta\node_modules\@fortawesome\free-solid-svg-icons"
"C:\valente_conecta\node_modules\@fortawesome\free-solid-svg-icons\faSortNumericAsc.d.ts","faSortNumericAsc.d.ts","C:\valente_conecta\node_modules\@fortawesome\free-solid-svg-icons"
"C:\valente_conecta\node_modules\@fortawesome\free-solid-svg-icons\faSortNumericDesc.d.ts","faSortNumericDesc.d.ts","C:\valente_conecta\node_modules\@fortawesome\free-solid-svg-icons"
"C:\valente_conecta\node_modules\@fortawesome\free-solid-svg-icons\faSortNumericDown.d.ts","faSortNumericDown.d.ts","C:\valente_conecta\node_modules\@fortawesome\free-solid-svg-icons"
"C:\valente_conecta\node_modules\@fortawesome\free-solid-svg-icons\faSortNumericDownAlt.d.ts","faSortNumericDownAlt.d.ts","C:\valente_conecta\node_modules\@fortawesome\free-solid-svg-icons"
"C:\valente_conecta\node_modules\@fortawesome\free-solid-svg-icons\faSortNumericUp.d.ts","faSortNumericUp.d.ts","C:\valente_conecta\node_modules\@fortawesome\free-solid-svg-icons"
"C:\valente_conecta\node_modules\@fortawesome\free-solid-svg-icons\faSortNumericUpAlt.d.ts","faSortNumericUpAlt.d.ts","C:\valente_conecta\node_modules\@fortawesome\free-solid-svg-icons"
"C:\valente_conecta\node_modules\@fortawesome\free-solid-svg-icons\faSortUp.d.ts","faSortUp.d.ts","C:\valente_conecta\node_modules\@fortawesome\free-solid-svg-icons"
"C:\valente_conecta\node_modules\@fortawesome\free-solid-svg-icons\faSpa.d.ts","faSpa.d.ts","C:\valente_conecta\node_modules\@fortawesome\free-solid-svg-icons"
"C:\valente_conecta\node_modules\@fortawesome\free-solid-svg-icons\faSpaceShuttle.d.ts","faSpaceShuttle.d.ts","C:\valente_conecta\node_modules\@fortawesome\free-solid-svg-icons"
"C:\valente_conecta\node_modules\@fortawesome\free-solid-svg-icons\faSpaghettiMonsterFlying.d.ts","faSpaghettiMonsterFlying.d.ts","C:\valente_conecta\node_modules\@fortawesome\free-solid-svg-icons"
"C:\valente_conecta\node_modules\@fortawesome\free-solid-svg-icons\faSpellCheck.d.ts","faSpellCheck.d.ts","C:\valente_conecta\node_modules\@fortawesome\free-solid-svg-icons"
"C:\valente_conecta\node_modules\@fortawesome\free-solid-svg-icons\faSpider.d.ts","faSpider.d.ts","C:\valente_conecta\node_modules\@fortawesome\free-solid-svg-icons"
"C:\valente_conecta\node_modules\@fortawesome\free-solid-svg-icons\faSpinner.d.ts","faSpinner.d.ts","C:\valente_conecta\node_modules\@fortawesome\free-solid-svg-icons"
"C:\valente_conecta\node_modules\@fortawesome\free-solid-svg-icons\faSpiral.d.ts","faSpiral.d.ts","C:\valente_conecta\node_modules\@fortawesome\free-solid-svg-icons"
"C:\valente_conecta\node_modules\@fortawesome\free-solid-svg-icons\faSplotch.d.ts","faSplotch.d.ts","C:\valente_conecta\node_modules\@fortawesome\free-solid-svg-icons"
"C:\valente_conecta\node_modules\@fortawesome\free-solid-svg-icons\faSpoon.d.ts","faSpoon.d.ts","C:\valente_conecta\node_modules\@fortawesome\free-solid-svg-icons"
"C:\valente_conecta\node_modules\@fortawesome\free-solid-svg-icons\faSprayCan.d.ts","faSprayCan.d.ts","C:\valente_conecta\node_modules\@fortawesome\free-solid-svg-icons"
"C:\valente_conecta\node_modules\@fortawesome\free-solid-svg-icons\faSprayCanSparkles.d.ts","faSprayCanSparkles.d.ts","C:\valente_conecta\node_modules\@fortawesome\free-solid-svg-icons"
"C:\valente_conecta\node_modules\@fortawesome\free-solid-svg-icons\faSprout.d.ts","faSprout.d.ts","C:\valente_conecta\node_modules\@fortawesome\free-solid-svg-icons"
"C:\valente_conecta\node_modules\@fortawesome\free-solid-svg-icons\faSquare.d.ts","faSquare.d.ts","C:\valente_conecta\node_modules\@fortawesome\free-solid-svg-icons"
"C:\valente_conecta\node_modules\@fortawesome\free-solid-svg-icons\faSquareArrowUpRight.d.ts","faSquareArrowUpRight.d.ts","C:\valente_conecta\node_modules\@fortawesome\free-solid-svg-icons"
"C:\valente_conecta\node_modules\@fortawesome\free-solid-svg-icons\faSquareBinary.d.ts","faSquareBinary.d.ts","C:\valente_conecta\node_modules\@fortawesome\free-solid-svg-icons"
"C:\valente_conecta\node_modules\@fortawesome\free-solid-svg-icons\faSquareCaretDown.d.ts","faSquareCaretDown.d.ts","C:\valente_conecta\node_modules\@fortawesome\free-solid-svg-icons"
"C:\valente_conecta\node_modules\@fortawesome\free-solid-svg-icons\faSquareCaretLeft.d.ts","faSquareCaretLeft.d.ts","C:\valente_conecta\node_modules\@fortawesome\free-solid-svg-icons"
"C:\valente_conecta\node_modules\@fortawesome\free-solid-svg-icons\faSquareCaretRight.d.ts","faSquareCaretRight.d.ts","C:\valente_conecta\node_modules\@fortawesome\free-solid-svg-icons"
"C:\valente_conecta\node_modules\@fortawesome\free-solid-svg-icons\faSquareCaretUp.d.ts","faSquareCaretUp.d.ts","C:\valente_conecta\node_modules\@fortawesome\free-solid-svg-icons"
"C:\valente_conecta\node_modules\@fortawesome\free-solid-svg-icons\faSquareCheck.d.ts","faSquareCheck.d.ts","C:\valente_conecta\node_modules\@fortawesome\free-solid-svg-icons"
"C:\valente_conecta\node_modules\@fortawesome\free-solid-svg-icons\faSquareEnvelope.d.ts","faSquareEnvelope.d.ts","C:\valente_conecta\node_modules\@fortawesome\free-solid-svg-icons"
"C:\valente_conecta\node_modules\@fortawesome\free-solid-svg-icons\faSquareFull.d.ts","faSquareFull.d.ts","C:\valente_conecta\node_modules\@fortawesome\free-solid-svg-icons"
"C:\valente_conecta\node_modules\@fortawesome\free-solid-svg-icons\faSquareH.d.ts","faSquareH.d.ts","C:\valente_conecta\node_modules\@fortawesome\free-solid-svg-icons"
"C:\valente_conecta\node_modules\@fortawesome\free-solid-svg-icons\faSquareMinus.d.ts","faSquareMinus.d.ts","C:\valente_conecta\node_modules\@fortawesome\free-solid-svg-icons"
"C:\valente_conecta\node_modules\@fortawesome\free-solid-svg-icons\faSquareNfi.d.ts","faSquareNfi.d.ts","C:\valente_conecta\node_modules\@fortawesome\free-solid-svg-icons"
"C:\valente_conecta\node_modules\@fortawesome\free-solid-svg-icons\faSquareParking.d.ts","faSquareParking.d.ts","C:\valente_conecta\node_modules\@fortawesome\free-solid-svg-icons"
"C:\valente_conecta\node_modules\@fortawesome\free-solid-svg-icons\faSquarePen.d.ts","faSquarePen.d.ts","C:\valente_conecta\node_modules\@fortawesome\free-solid-svg-icons"
"C:\valente_conecta\node_modules\@fortawesome\free-solid-svg-icons\faSquarePersonConfined.d.ts","faSquarePersonConfined.d.ts","C:\valente_conecta\node_modules\@fortawesome\free-solid-svg-icons"
"C:\valente_conecta\node_modules\@fortawesome\free-solid-svg-icons\faSquarePhone.d.ts","faSquarePhone.d.ts","C:\valente_conecta\node_modules\@fortawesome\free-solid-svg-icons"
"C:\valente_conecta\node_modules\@fortawesome\free-solid-svg-icons\faSquarePhoneFlip.d.ts","faSquarePhoneFlip.d.ts","C:\valente_conecta\node_modules\@fortawesome\free-solid-svg-icons"
"C:\valente_conecta\node_modules\@fortawesome\free-solid-svg-icons\faSquarePlus.d.ts","faSquarePlus.d.ts","C:\valente_conecta\node_modules\@fortawesome\free-solid-svg-icons"
"C:\valente_conecta\node_modules\@fortawesome\free-solid-svg-icons\faSquarePollHorizontal.d.ts","faSquarePollHorizontal.d.ts","C:\valente_conecta\node_modules\@fortawesome\free-solid-svg-icons"
"C:\valente_conecta\node_modules\@fortawesome\free-solid-svg-icons\faSquarePollVertical.d.ts","faSquarePollVertical.d.ts","C:\valente_conecta\node_modules\@fortawesome\free-solid-svg-icons"
"C:\valente_conecta\node_modules\@fortawesome\free-solid-svg-icons\faSquareRootAlt.d.ts","faSquareRootAlt.d.ts","C:\valente_conecta\node_modules\@fortawesome\free-solid-svg-icons"
"C:\valente_conecta\node_modules\@fortawesome\free-solid-svg-icons\faSquareRootVariable.d.ts","faSquareRootVariable.d.ts","C:\valente_conecta\node_modules\@fortawesome\free-solid-svg-icons"
"C:\valente_conecta\node_modules\@fortawesome\free-solid-svg-icons\faSquareRss.d.ts","faSquareRss.d.ts","C:\valente_conecta\node_modules\@fortawesome\free-solid-svg-icons"
"C:\valente_conecta\node_modules\@fortawesome\free-solid-svg-icons\faSquareShareNodes.d.ts","faSquareShareNodes.d.ts","C:\valente_conecta\node_modules\@fortawesome\free-solid-svg-icons"
"C:\valente_conecta\node_modules\@fortawesome\free-solid-svg-icons\faSquareUpRight.d.ts","faSquareUpRight.d.ts","C:\valente_conecta\node_modules\@fortawesome\free-solid-svg-icons"
"C:\valente_conecta\node_modules\@fortawesome\free-solid-svg-icons\faSquareVirus.d.ts","faSquareVirus.d.ts","C:\valente_conecta\node_modules\@fortawesome\free-solid-svg-icons"
"C:\valente_conecta\node_modules\@fortawesome\free-solid-svg-icons\faSquareXmark.d.ts","faSquareXmark.d.ts","C:\valente_conecta\node_modules\@fortawesome\free-solid-svg-icons"
"C:\valente_conecta\node_modules\@fortawesome\free-solid-svg-icons\faStaffAesculapius.d.ts","faStaffAesculapius.d.ts","C:\valente_conecta\node_modules\@fortawesome\free-solid-svg-icons"
"C:\valente_conecta\node_modules\@fortawesome\free-solid-svg-icons\faStaffSnake.d.ts","faStaffSnake.d.ts","C:\valente_conecta\node_modules\@fortawesome\free-solid-svg-icons"
"C:\valente_conecta\node_modules\@fortawesome\free-solid-svg-icons\faStairs.d.ts","faStairs.d.ts","C:\valente_conecta\node_modules\@fortawesome\free-solid-svg-icons"
"C:\valente_conecta\node_modules\@fortawesome\free-solid-svg-icons\faStamp.d.ts","faStamp.d.ts","C:\valente_conecta\node_modules\@fortawesome\free-solid-svg-icons"
"C:\valente_conecta\node_modules\@fortawesome\free-solid-svg-icons\faStapler.d.ts","faStapler.d.ts","C:\valente_conecta\node_modules\@fortawesome\free-solid-svg-icons"
"C:\valente_conecta\node_modules\@fortawesome\free-solid-svg-icons\faStar.d.ts","faStar.d.ts","C:\valente_conecta\node_modules\@fortawesome\free-solid-svg-icons"
"C:\valente_conecta\node_modules\@fortawesome\free-solid-svg-icons\faStarAndCrescent.d.ts","faStarAndCrescent.d.ts","C:\valente_conecta\node_modules\@fortawesome\free-solid-svg-icons"
"C:\valente_conecta\node_modules\@fortawesome\free-solid-svg-icons\faStarHalf.d.ts","faStarHalf.d.ts","C:\valente_conecta\node_modules\@fortawesome\free-solid-svg-icons"
"C:\valente_conecta\node_modules\@fortawesome\free-solid-svg-icons\faStarHalfAlt.d.ts","faStarHalfAlt.d.ts","C:\valente_conecta\node_modules\@fortawesome\free-solid-svg-icons"
"C:\valente_conecta\node_modules\@fortawesome\free-solid-svg-icons\faStarHalfStroke.d.ts","faStarHalfStroke.d.ts","C:\valente_conecta\node_modules\@fortawesome\free-solid-svg-icons"
"C:\valente_conecta\node_modules\@fortawesome\free-solid-svg-icons\faStarOfDavid.d.ts","faStarOfDavid.d.ts","C:\valente_conecta\node_modules\@fortawesome\free-solid-svg-icons"
"C:\valente_conecta\node_modules\@fortawesome\free-solid-svg-icons\faStarOfLife.d.ts","faStarOfLife.d.ts","C:\valente_conecta\node_modules\@fortawesome\free-solid-svg-icons"
"C:\valente_conecta\node_modules\@fortawesome\free-solid-svg-icons\faStepBackward.d.ts","faStepBackward.d.ts","C:\valente_conecta\node_modules\@fortawesome\free-solid-svg-icons"
"C:\valente_conecta\node_modules\@fortawesome\free-solid-svg-icons\faStepForward.d.ts","faStepForward.d.ts","C:\valente_conecta\node_modules\@fortawesome\free-solid-svg-icons"
"C:\valente_conecta\node_modules\@fortawesome\free-solid-svg-icons\faSterlingSign.d.ts","faSterlingSign.d.ts","C:\valente_conecta\node_modules\@fortawesome\free-solid-svg-icons"
"C:\valente_conecta\node_modules\@fortawesome\free-solid-svg-icons\faStethoscope.d.ts","faStethoscope.d.ts","C:\valente_conecta\node_modules\@fortawesome\free-solid-svg-icons"
"C:\valente_conecta\node_modules\@fortawesome\free-solid-svg-icons\faStickyNote.d.ts","faStickyNote.d.ts","C:\valente_conecta\node_modules\@fortawesome\free-solid-svg-icons"
"C:\valente_conecta\node_modules\@fortawesome\free-solid-svg-icons\faStop.d.ts","faStop.d.ts","C:\valente_conecta\node_modules\@fortawesome\free-solid-svg-icons"
"C:\valente_conecta\node_modules\@fortawesome\free-solid-svg-icons\faStopCircle.d.ts","faStopCircle.d.ts","C:\valente_conecta\node_modules\@fortawesome\free-solid-svg-icons"
"C:\valente_conecta\node_modules\@fortawesome\free-solid-svg-icons\faStopwatch.d.ts","faStopwatch.d.ts","C:\valente_conecta\node_modules\@fortawesome\free-solid-svg-icons"
"C:\valente_conecta\node_modules\@fortawesome\free-solid-svg-icons\faStopwatch20.d.ts","faStopwatch20.d.ts","C:\valente_conecta\node_modules\@fortawesome\free-solid-svg-icons"
"C:\valente_conecta\node_modules\@fortawesome\free-solid-svg-icons\faStore.d.ts","faStore.d.ts","C:\valente_conecta\node_modules\@fortawesome\free-solid-svg-icons"
"C:\valente_conecta\node_modules\@fortawesome\free-solid-svg-icons\faStoreAlt.d.ts","faStoreAlt.d.ts","C:\valente_conecta\node_modules\@fortawesome\free-solid-svg-icons"
"C:\valente_conecta\node_modules\@fortawesome\free-solid-svg-icons\faStoreAltSlash.d.ts","faStoreAltSlash.d.ts","C:\valente_conecta\node_modules\@fortawesome\free-solid-svg-icons"
"C:\valente_conecta\node_modules\@fortawesome\free-solid-svg-icons\faStoreSlash.d.ts","faStoreSlash.d.ts","C:\valente_conecta\node_modules\@fortawesome\free-solid-svg-icons"
"C:\valente_conecta\node_modules\@fortawesome\free-solid-svg-icons\faStream.d.ts","faStream.d.ts","C:\valente_conecta\node_modules\@fortawesome\free-solid-svg-icons"
"C:\valente_conecta\node_modules\@fortawesome\free-solid-svg-icons\faStreetView.d.ts","faStreetView.d.ts","C:\valente_conecta\node_modules\@fortawesome\free-solid-svg-icons"
"C:\valente_conecta\node_modules\@fortawesome\free-solid-svg-icons\faStrikethrough.d.ts","faStrikethrough.d.ts","C:\valente_conecta\node_modules\@fortawesome\free-solid-svg-icons"
"C:\valente_conecta\node_modules\@fortawesome\free-solid-svg-icons\faStroopwafel.d.ts","faStroopwafel.d.ts","C:\valente_conecta\node_modules\@fortawesome\free-solid-svg-icons"
"C:\valente_conecta\node_modules\@fortawesome\free-solid-svg-icons\faSubscript.d.ts","faSubscript.d.ts","C:\valente_conecta\node_modules\@fortawesome\free-solid-svg-icons"
"C:\valente_conecta\node_modules\@fortawesome\free-solid-svg-icons\faSubtract.d.ts","faSubtract.d.ts","C:\valente_conecta\node_modules\@fortawesome\free-solid-svg-icons"
"C:\valente_conecta\node_modules\@fortawesome\free-solid-svg-icons\faSubway.d.ts","faSubway.d.ts","C:\valente_conecta\node_modules\@fortawesome\free-solid-svg-icons"
"C:\valente_conecta\node_modules\@fortawesome\free-solid-svg-icons\faSuitcase.d.ts","faSuitcase.d.ts","C:\valente_conecta\node_modules\@fortawesome\free-solid-svg-icons"
"C:\valente_conecta\node_modules\@fortawesome\free-solid-svg-icons\faSuitcaseMedical.d.ts","faSuitcaseMedical.d.ts","C:\valente_conecta\node_modules\@fortawesome\free-solid-svg-icons"
"C:\valente_conecta\node_modules\@fortawesome\free-solid-svg-icons\faSuitcaseRolling.d.ts","faSuitcaseRolling.d.ts","C:\valente_conecta\node_modules\@fortawesome\free-solid-svg-icons"
"C:\valente_conecta\node_modules\@fortawesome\free-solid-svg-icons\faSun.d.ts","faSun.d.ts","C:\valente_conecta\node_modules\@fortawesome\free-solid-svg-icons"
"C:\valente_conecta\node_modules\@fortawesome\free-solid-svg-icons\faSunPlantWilt.d.ts","faSunPlantWilt.d.ts","C:\valente_conecta\node_modules\@fortawesome\free-solid-svg-icons"
"C:\valente_conecta\node_modules\@fortawesome\free-solid-svg-icons\faSuperscript.d.ts","faSuperscript.d.ts","C:\valente_conecta\node_modules\@fortawesome\free-solid-svg-icons"
"C:\valente_conecta\node_modules\@fortawesome\free-solid-svg-icons\faSurprise.d.ts","faSurprise.d.ts","C:\valente_conecta\node_modules\@fortawesome\free-solid-svg-icons"
"C:\valente_conecta\node_modules\@fortawesome\free-solid-svg-icons\faSwatchbook.d.ts","faSwatchbook.d.ts","C:\valente_conecta\node_modules\@fortawesome\free-solid-svg-icons"
"C:\valente_conecta\node_modules\@fortawesome\free-solid-svg-icons\faSwimmer.d.ts","faSwimmer.d.ts","C:\valente_conecta\node_modules\@fortawesome\free-solid-svg-icons"
"C:\valente_conecta\node_modules\@fortawesome\free-solid-svg-icons\faSwimmingPool.d.ts","faSwimmingPool.d.ts","C:\valente_conecta\node_modules\@fortawesome\free-solid-svg-icons"
"C:\valente_conecta\node_modules\@fortawesome\free-solid-svg-icons\faSynagogue.d.ts","faSynagogue.d.ts","C:\valente_conecta\node_modules\@fortawesome\free-solid-svg-icons"
"C:\valente_conecta\node_modules\@fortawesome\free-solid-svg-icons\faSync.d.ts","faSync.d.ts","C:\valente_conecta\node_modules\@fortawesome\free-solid-svg-icons"
"C:\valente_conecta\node_modules\@fortawesome\free-solid-svg-icons\faSyncAlt.d.ts","faSyncAlt.d.ts","C:\valente_conecta\node_modules\@fortawesome\free-solid-svg-icons"
"C:\valente_conecta\node_modules\@fortawesome\free-solid-svg-icons\faSyringe.d.ts","faSyringe.d.ts","C:\valente_conecta\node_modules\@fortawesome\free-solid-svg-icons"
"C:\valente_conecta\node_modules\@fortawesome\free-solid-svg-icons\faT.d.ts","faT.d.ts","C:\valente_conecta\node_modules\@fortawesome\free-solid-svg-icons"
"C:\valente_conecta\node_modules\@fortawesome\free-solid-svg-icons\faTable.d.ts","faTable.d.ts","C:\valente_conecta\node_modules\@fortawesome\free-solid-svg-icons"
"C:\valente_conecta\node_modules\@fortawesome\free-solid-svg-icons\faTableCells.d.ts","faTableCells.d.ts","C:\valente_conecta\node_modules\@fortawesome\free-solid-svg-icons"
"C:\valente_conecta\node_modules\@fortawesome\free-solid-svg-icons\faTableCellsColumnLock.d.ts","faTableCellsColumnLock.d.ts","C:\valente_conecta\node_modules\@fortawesome\free-solid-svg-icons"
"C:\valente_conecta\node_modules\@fortawesome\free-solid-svg-icons\faTableCellsLarge.d.ts","faTableCellsLarge.d.ts","C:\valente_conecta\node_modules\@fortawesome\free-solid-svg-icons"
"C:\valente_conecta\node_modules\@fortawesome\free-solid-svg-icons\faTableCellsRowLock.d.ts","faTableCellsRowLock.d.ts","C:\valente_conecta\node_modules\@fortawesome\free-solid-svg-icons"
"C:\valente_conecta\node_modules\@fortawesome\free-solid-svg-icons\faTableCellsRowUnlock.d.ts","faTableCellsRowUnlock.d.ts","C:\valente_conecta\node_modules\@fortawesome\free-solid-svg-icons"
"C:\valente_conecta\node_modules\@fortawesome\free-solid-svg-icons\faTableColumns.d.ts","faTableColumns.d.ts","C:\valente_conecta\node_modules\@fortawesome\free-solid-svg-icons"
"C:\valente_conecta\node_modules\@fortawesome\free-solid-svg-icons\faTableList.d.ts","faTableList.d.ts","C:\valente_conecta\node_modules\@fortawesome\free-solid-svg-icons"
"C:\valente_conecta\node_modules\@fortawesome\free-solid-svg-icons\faTablet.d.ts","faTablet.d.ts","C:\valente_conecta\node_modules\@fortawesome\free-solid-svg-icons"
"C:\valente_conecta\node_modules\@fortawesome\free-solid-svg-icons\faTabletAlt.d.ts","faTabletAlt.d.ts","C:\valente_conecta\node_modules\@fortawesome\free-solid-svg-icons"
"C:\valente_conecta\node_modules\@fortawesome\free-solid-svg-icons\faTabletAndroid.d.ts","faTabletAndroid.d.ts","C:\valente_conecta\node_modules\@fortawesome\free-solid-svg-icons"
"C:\valente_conecta\node_modules\@fortawesome\free-solid-svg-icons\faTabletButton.d.ts","faTabletButton.d.ts","C:\valente_conecta\node_modules\@fortawesome\free-solid-svg-icons"
"C:\valente_conecta\node_modules\@fortawesome\free-solid-svg-icons\faTableTennis.d.ts","faTableTennis.d.ts","C:\valente_conecta\node_modules\@fortawesome\free-solid-svg-icons"
"C:\valente_conecta\node_modules\@fortawesome\free-solid-svg-icons\faTableTennisPaddleBall.d.ts","faTableTennisPaddleBall.d.ts","C:\valente_conecta\node_modules\@fortawesome\free-solid-svg-icons"
"C:\valente_conecta\node_modules\@fortawesome\free-solid-svg-icons\faTablets.d.ts","faTablets.d.ts","C:\valente_conecta\node_modules\@fortawesome\free-solid-svg-icons"
"C:\valente_conecta\node_modules\@fortawesome\free-solid-svg-icons\faTabletScreenButton.d.ts","faTabletScreenButton.d.ts","C:\valente_conecta\node_modules\@fortawesome\free-solid-svg-icons"
"C:\valente_conecta\node_modules\@fortawesome\free-solid-svg-icons\faTachographDigital.d.ts","faTachographDigital.d.ts","C:\valente_conecta\node_modules\@fortawesome\free-solid-svg-icons"
"C:\valente_conecta\node_modules\@fortawesome\free-solid-svg-icons\faTachometer.d.ts","faTachometer.d.ts","C:\valente_conecta\node_modules\@fortawesome\free-solid-svg-icons"
"C:\valente_conecta\node_modules\@fortawesome\free-solid-svg-icons\faTachometerAlt.d.ts","faTachometerAlt.d.ts","C:\valente_conecta\node_modules\@fortawesome\free-solid-svg-icons"
"C:\valente_conecta\node_modules\@fortawesome\free-solid-svg-icons\faTachometerAltAverage.d.ts","faTachometerAltAverage.d.ts","C:\valente_conecta\node_modules\@fortawesome\free-solid-svg-icons"
"C:\valente_conecta\node_modules\@fortawesome\free-solid-svg-icons\faTachometerAltFast.d.ts","faTachometerAltFast.d.ts","C:\valente_conecta\node_modules\@fortawesome\free-solid-svg-icons"
"C:\valente_conecta\node_modules\@fortawesome\free-solid-svg-icons\faTachometerAverage.d.ts","faTachometerAverage.d.ts","C:\valente_conecta\node_modules\@fortawesome\free-solid-svg-icons"
"C:\valente_conecta\node_modules\@fortawesome\free-solid-svg-icons\faTachometerFast.d.ts","faTachometerFast.d.ts","C:\valente_conecta\node_modules\@fortawesome\free-solid-svg-icons"
"C:\valente_conecta\node_modules\@fortawesome\free-solid-svg-icons\faTag.d.ts","faTag.d.ts","C:\valente_conecta\node_modules\@fortawesome\free-solid-svg-icons"
"C:\valente_conecta\node_modules\@fortawesome\free-solid-svg-icons\faTags.d.ts","faTags.d.ts","C:\valente_conecta\node_modules\@fortawesome\free-solid-svg-icons"
"C:\valente_conecta\node_modules\@fortawesome\free-solid-svg-icons\faTanakh.d.ts","faTanakh.d.ts","C:\valente_conecta\node_modules\@fortawesome\free-solid-svg-icons"
"C:\valente_conecta\node_modules\@fortawesome\free-solid-svg-icons\faTape.d.ts","faTape.d.ts","C:\valente_conecta\node_modules\@fortawesome\free-solid-svg-icons"
"C:\valente_conecta\node_modules\@fortawesome\free-solid-svg-icons\faTarp.d.ts","faTarp.d.ts","C:\valente_conecta\node_modules\@fortawesome\free-solid-svg-icons"
"C:\valente_conecta\node_modules\@fortawesome\free-solid-svg-icons\faTarpDroplet.d.ts","faTarpDroplet.d.ts","C:\valente_conecta\node_modules\@fortawesome\free-solid-svg-icons"
"C:\valente_conecta\node_modules\@fortawesome\free-solid-svg-icons\faTasks.d.ts","faTasks.d.ts","C:\valente_conecta\node_modules\@fortawesome\free-solid-svg-icons"
"C:\valente_conecta\node_modules\@fortawesome\free-solid-svg-icons\faTasksAlt.d.ts","faTasksAlt.d.ts","C:\valente_conecta\node_modules\@fortawesome\free-solid-svg-icons"
"C:\valente_conecta\node_modules\@fortawesome\free-solid-svg-icons\faTaurus.d.ts","faTaurus.d.ts","C:\valente_conecta\node_modules\@fortawesome\free-solid-svg-icons"
"C:\valente_conecta\node_modules\@fortawesome\free-solid-svg-icons\faTaxi.d.ts","faTaxi.d.ts","C:\valente_conecta\node_modules\@fortawesome\free-solid-svg-icons"
"C:\valente_conecta\node_modules\@fortawesome\free-solid-svg-icons\faTeeth.d.ts","faTeeth.d.ts","C:\valente_conecta\node_modules\@fortawesome\free-solid-svg-icons"
"C:\valente_conecta\node_modules\@fortawesome\free-solid-svg-icons\faTeethOpen.d.ts","faTeethOpen.d.ts","C:\valente_conecta\node_modules\@fortawesome\free-solid-svg-icons"
"C:\valente_conecta\node_modules\@fortawesome\free-solid-svg-icons\faTeletype.d.ts","faTeletype.d.ts","C:\valente_conecta\node_modules\@fortawesome\free-solid-svg-icons"
"C:\valente_conecta\node_modules\@fortawesome\free-solid-svg-icons\faTelevision.d.ts","faTelevision.d.ts","C:\valente_conecta\node_modules\@fortawesome\free-solid-svg-icons"
"C:\valente_conecta\node_modules\@fortawesome\free-solid-svg-icons\faTemperature0.d.ts","faTemperature0.d.ts","C:\valente_conecta\node_modules\@fortawesome\free-solid-svg-icons"
"C:\valente_conecta\node_modules\@fortawesome\free-solid-svg-icons\faTemperature1.d.ts","faTemperature1.d.ts","C:\valente_conecta\node_modules\@fortawesome\free-solid-svg-icons"
"C:\valente_conecta\node_modules\@fortawesome\free-solid-svg-icons\faTemperature2.d.ts","faTemperature2.d.ts","C:\valente_conecta\node_modules\@fortawesome\free-solid-svg-icons"
"C:\valente_conecta\node_modules\@fortawesome\free-solid-svg-icons\faTemperature3.d.ts","faTemperature3.d.ts","C:\valente_conecta\node_modules\@fortawesome\free-solid-svg-icons"
"C:\valente_conecta\node_modules\@fortawesome\free-solid-svg-icons\faTemperature4.d.ts","faTemperature4.d.ts","C:\valente_conecta\node_modules\@fortawesome\free-solid-svg-icons"
"C:\valente_conecta\node_modules\@fortawesome\free-solid-svg-icons\faTemperatureArrowDown.d.ts","faTemperatureArrowDown.d.ts","C:\valente_conecta\node_modules\@fortawesome\free-solid-svg-icons"
"C:\valente_conecta\node_modules\@fortawesome\free-solid-svg-icons\faTemperatureArrowUp.d.ts","faTemperatureArrowUp.d.ts","C:\valente_conecta\node_modules\@fortawesome\free-solid-svg-icons"
"C:\valente_conecta\node_modules\@fortawesome\free-solid-svg-icons\faTemperatureDown.d.ts","faTemperatureDown.d.ts","C:\valente_conecta\node_modules\@fortawesome\free-solid-svg-icons"
"C:\valente_conecta\node_modules\@fortawesome\free-solid-svg-icons\faTemperatureEmpty.d.ts","faTemperatureEmpty.d.ts","C:\valente_conecta\node_modules\@fortawesome\free-solid-svg-icons"
"C:\valente_conecta\node_modules\@fortawesome\free-solid-svg-icons\faTemperatureFull.d.ts","faTemperatureFull.d.ts","C:\valente_conecta\node_modules\@fortawesome\free-solid-svg-icons"
"C:\valente_conecta\node_modules\@fortawesome\free-solid-svg-icons\faTemperatureHalf.d.ts","faTemperatureHalf.d.ts","C:\valente_conecta\node_modules\@fortawesome\free-solid-svg-icons"
"C:\valente_conecta\node_modules\@fortawesome\free-solid-svg-icons\faTemperatureHigh.d.ts","faTemperatureHigh.d.ts","C:\valente_conecta\node_modules\@fortawesome\free-solid-svg-icons"
"C:\valente_conecta\node_modules\@fortawesome\free-solid-svg-icons\faTemperatureLow.d.ts","faTemperatureLow.d.ts","C:\valente_conecta\node_modules\@fortawesome\free-solid-svg-icons"
"C:\valente_conecta\node_modules\@fortawesome\free-solid-svg-icons\faTemperatureQuarter.d.ts","faTemperatureQuarter.d.ts","C:\valente_conecta\node_modules\@fortawesome\free-solid-svg-icons"
"C:\valente_conecta\node_modules\@fortawesome\free-solid-svg-icons\faTemperatureThreeQuarters.d.ts","faTemperatureThreeQuarters.d.ts","C:\valente_conecta\node_modules\@fortawesome\free-solid-svg-icons"
"C:\valente_conecta\node_modules\@fortawesome\free-solid-svg-icons\faTemperatureUp.d.ts","faTemperatureUp.d.ts","C:\valente_conecta\node_modules\@fortawesome\free-solid-svg-icons"
"C:\valente_conecta\node_modules\@fortawesome\free-solid-svg-icons\faTenge.d.ts","faTenge.d.ts","C:\valente_conecta\node_modules\@fortawesome\free-solid-svg-icons"
"C:\valente_conecta\node_modules\@fortawesome\free-solid-svg-icons\faTengeSign.d.ts","faTengeSign.d.ts","C:\valente_conecta\node_modules\@fortawesome\free-solid-svg-icons"
"C:\valente_conecta\node_modules\@fortawesome\free-solid-svg-icons\faTent.d.ts","faTent.d.ts","C:\valente_conecta\node_modules\@fortawesome\free-solid-svg-icons"
"C:\valente_conecta\node_modules\@fortawesome\free-solid-svg-icons\faTentArrowDownToLine.d.ts","faTentArrowDownToLine.d.ts","C:\valente_conecta\node_modules\@fortawesome\free-solid-svg-icons"
"C:\valente_conecta\node_modules\@fortawesome\free-solid-svg-icons\faTentArrowLeftRight.d.ts","faTentArrowLeftRight.d.ts","C:\valente_conecta\node_modules\@fortawesome\free-solid-svg-icons"
"C:\valente_conecta\node_modules\@fortawesome\free-solid-svg-icons\faTentArrowsDown.d.ts","faTentArrowsDown.d.ts","C:\valente_conecta\node_modules\@fortawesome\free-solid-svg-icons"
"C:\valente_conecta\node_modules\@fortawesome\free-solid-svg-icons\faTentArrowTurnLeft.d.ts","faTentArrowTurnLeft.d.ts","C:\valente_conecta\node_modules\@fortawesome\free-solid-svg-icons"
"C:\valente_conecta\node_modules\@fortawesome\free-solid-svg-icons\faTents.d.ts","faTents.d.ts","C:\valente_conecta\node_modules\@fortawesome\free-solid-svg-icons"
"C:\valente_conecta\node_modules\@fortawesome\free-solid-svg-icons\faTerminal.d.ts","faTerminal.d.ts","C:\valente_conecta\node_modules\@fortawesome\free-solid-svg-icons"
"C:\valente_conecta\node_modules\@fortawesome\free-solid-svg-icons\faTextHeight.d.ts","faTextHeight.d.ts","C:\valente_conecta\node_modules\@fortawesome\free-solid-svg-icons"
"C:\valente_conecta\node_modules\@fortawesome\free-solid-svg-icons\faTextSlash.d.ts","faTextSlash.d.ts","C:\valente_conecta\node_modules\@fortawesome\free-solid-svg-icons"
"C:\valente_conecta\node_modules\@fortawesome\free-solid-svg-icons\faTextWidth.d.ts","faTextWidth.d.ts","C:\valente_conecta\node_modules\@fortawesome\free-solid-svg-icons"
"C:\valente_conecta\node_modules\@fortawesome\free-solid-svg-icons\faTh.d.ts","faTh.d.ts","C:\valente_conecta\node_modules\@fortawesome\free-solid-svg-icons"
"C:\valente_conecta\node_modules\@fortawesome\free-solid-svg-icons\faTheaterMasks.d.ts","faTheaterMasks.d.ts","C:\valente_conecta\node_modules\@fortawesome\free-solid-svg-icons"
"C:\valente_conecta\node_modules\@fortawesome\free-solid-svg-icons\faThermometer.d.ts","faThermometer.d.ts","C:\valente_conecta\node_modules\@fortawesome\free-solid-svg-icons"
"C:\valente_conecta\node_modules\@fortawesome\free-solid-svg-icons\faThermometer0.d.ts","faThermometer0.d.ts","C:\valente_conecta\node_modules\@fortawesome\free-solid-svg-icons"
"C:\valente_conecta\node_modules\@fortawesome\free-solid-svg-icons\faThermometer1.d.ts","faThermometer1.d.ts","C:\valente_conecta\node_modules\@fortawesome\free-solid-svg-icons"
"C:\valente_conecta\node_modules\@fortawesome\free-solid-svg-icons\faThermometer2.d.ts","faThermometer2.d.ts","C:\valente_conecta\node_modules\@fortawesome\free-solid-svg-icons"
"C:\valente_conecta\node_modules\@fortawesome\free-solid-svg-icons\faThermometer3.d.ts","faThermometer3.d.ts","C:\valente_conecta\node_modules\@fortawesome\free-solid-svg-icons"
"C:\valente_conecta\node_modules\@fortawesome\free-solid-svg-icons\faThermometer4.d.ts","faThermometer4.d.ts","C:\valente_conecta\node_modules\@fortawesome\free-solid-svg-icons"
"C:\valente_conecta\node_modules\@fortawesome\free-solid-svg-icons\faThermometerEmpty.d.ts","faThermometerEmpty.d.ts","C:\valente_conecta\node_modules\@fortawesome\free-solid-svg-icons"
"C:\valente_conecta\node_modules\@fortawesome\free-solid-svg-icons\faThermometerFull.d.ts","faThermometerFull.d.ts","C:\valente_conecta\node_modules\@fortawesome\free-solid-svg-icons"
"C:\valente_conecta\node_modules\@fortawesome\free-solid-svg-icons\faThermometerHalf.d.ts","faThermometerHalf.d.ts","C:\valente_conecta\node_modules\@fortawesome\free-solid-svg-icons"
"C:\valente_conecta\node_modules\@fortawesome\free-solid-svg-icons\faThermometerQuarter.d.ts","faThermometerQuarter.d.ts","C:\valente_conecta\node_modules\@fortawesome\free-solid-svg-icons"
"C:\valente_conecta\node_modules\@fortawesome\free-solid-svg-icons\faThermometerThreeQuarters.d.ts","faThermometerThreeQuarters.d.ts","C:\valente_conecta\node_modules\@fortawesome\free-solid-svg-icons"
"C:\valente_conecta\node_modules\@fortawesome\free-solid-svg-icons\faThLarge.d.ts","faThLarge.d.ts","C:\valente_conecta\node_modules\@fortawesome\free-solid-svg-icons"
"C:\valente_conecta\node_modules\@fortawesome\free-solid-svg-icons\faThList.d.ts","faThList.d.ts","C:\valente_conecta\node_modules\@fortawesome\free-solid-svg-icons"
"C:\valente_conecta\node_modules\@fortawesome\free-solid-svg-icons\faThumbsDown.d.ts","faThumbsDown.d.ts","C:\valente_conecta\node_modules\@fortawesome\free-solid-svg-icons"
"C:\valente_conecta\node_modules\@fortawesome\free-solid-svg-icons\faThumbsUp.d.ts","faThumbsUp.d.ts","C:\valente_conecta\node_modules\@fortawesome\free-solid-svg-icons"
"C:\valente_conecta\node_modules\@fortawesome\free-solid-svg-icons\faThumbtack.d.ts","faThumbtack.d.ts","C:\valente_conecta\node_modules\@fortawesome\free-solid-svg-icons"
"C:\valente_conecta\node_modules\@fortawesome\free-solid-svg-icons\faThumbtackSlash.d.ts","faThumbtackSlash.d.ts","C:\valente_conecta\node_modules\@fortawesome\free-solid-svg-icons"
"C:\valente_conecta\node_modules\@fortawesome\free-solid-svg-icons\faThunderstorm.d.ts","faThunderstorm.d.ts","C:\valente_conecta\node_modules\@fortawesome\free-solid-svg-icons"
"C:\valente_conecta\node_modules\@fortawesome\free-solid-svg-icons\faTicket.d.ts","faTicket.d.ts","C:\valente_conecta\node_modules\@fortawesome\free-solid-svg-icons"
"C:\valente_conecta\node_modules\@fortawesome\free-solid-svg-icons\faTicketAlt.d.ts","faTicketAlt.d.ts","C:\valente_conecta\node_modules\@fortawesome\free-solid-svg-icons"
"C:\valente_conecta\node_modules\@fortawesome\free-solid-svg-icons\faTicketSimple.d.ts","faTicketSimple.d.ts","C:\valente_conecta\node_modules\@fortawesome\free-solid-svg-icons"
"C:\valente_conecta\node_modules\@fortawesome\free-solid-svg-icons\faTimeline.d.ts","faTimeline.d.ts","C:\valente_conecta\node_modules\@fortawesome\free-solid-svg-icons"
"C:\valente_conecta\node_modules\@fortawesome\free-solid-svg-icons\faTimes.d.ts","faTimes.d.ts","C:\valente_conecta\node_modules\@fortawesome\free-solid-svg-icons"
"C:\valente_conecta\node_modules\@fortawesome\free-solid-svg-icons\faTimesCircle.d.ts","faTimesCircle.d.ts","C:\valente_conecta\node_modules\@fortawesome\free-solid-svg-icons"
"C:\valente_conecta\node_modules\@fortawesome\free-solid-svg-icons\faTimesRectangle.d.ts","faTimesRectangle.d.ts","C:\valente_conecta\node_modules\@fortawesome\free-solid-svg-icons"
"C:\valente_conecta\node_modules\@fortawesome\free-solid-svg-icons\faTimesSquare.d.ts","faTimesSquare.d.ts","C:\valente_conecta\node_modules\@fortawesome\free-solid-svg-icons"
"C:\valente_conecta\node_modules\@fortawesome\free-solid-svg-icons\faTint.d.ts","faTint.d.ts","C:\valente_conecta\node_modules\@fortawesome\free-solid-svg-icons"
"C:\valente_conecta\node_modules\@fortawesome\free-solid-svg-icons\faTintSlash.d.ts","faTintSlash.d.ts","C:\valente_conecta\node_modules\@fortawesome\free-solid-svg-icons"
"C:\valente_conecta\node_modules\@fortawesome\free-solid-svg-icons\faTired.d.ts","faTired.d.ts","C:\valente_conecta\node_modules\@fortawesome\free-solid-svg-icons"
"C:\valente_conecta\node_modules\@fortawesome\free-solid-svg-icons\faToggleOff.d.ts","faToggleOff.d.ts","C:\valente_conecta\node_modules\@fortawesome\free-solid-svg-icons"
"C:\valente_conecta\node_modules\@fortawesome\free-solid-svg-icons\faToggleOn.d.ts","faToggleOn.d.ts","C:\valente_conecta\node_modules\@fortawesome\free-solid-svg-icons"
"C:\valente_conecta\node_modules\@fortawesome\free-solid-svg-icons\faToilet.d.ts","faToilet.d.ts","C:\valente_conecta\node_modules\@fortawesome\free-solid-svg-icons"
"C:\valente_conecta\node_modules\@fortawesome\free-solid-svg-icons\faToiletPaper.d.ts","faToiletPaper.d.ts","C:\valente_conecta\node_modules\@fortawesome\free-solid-svg-icons"
"C:\valente_conecta\node_modules\@fortawesome\free-solid-svg-icons\faToiletPaperAlt.d.ts","faToiletPaperAlt.d.ts","C:\valente_conecta\node_modules\@fortawesome\free-solid-svg-icons"
"C:\valente_conecta\node_modules\@fortawesome\free-solid-svg-icons\faToiletPaperBlank.d.ts","faToiletPaperBlank.d.ts","C:\valente_conecta\node_modules\@fortawesome\free-solid-svg-icons"
"C:\valente_conecta\node_modules\@fortawesome\free-solid-svg-icons\faToiletPaperSlash.d.ts","faToiletPaperSlash.d.ts","C:\valente_conecta\node_modules\@fortawesome\free-solid-svg-icons"
"C:\valente_conecta\node_modules\@fortawesome\free-solid-svg-icons\faToiletPortable.d.ts","faToiletPortable.d.ts","C:\valente_conecta\node_modules\@fortawesome\free-solid-svg-icons"
"C:\valente_conecta\node_modules\@fortawesome\free-solid-svg-icons\faToiletsPortable.d.ts","faToiletsPortable.d.ts","C:\valente_conecta\node_modules\@fortawesome\free-solid-svg-icons"
"C:\valente_conecta\node_modules\@fortawesome\free-solid-svg-icons\faToolbox.d.ts","faToolbox.d.ts","C:\valente_conecta\node_modules\@fortawesome\free-solid-svg-icons"
"C:\valente_conecta\node_modules\@fortawesome\free-solid-svg-icons\faTools.d.ts","faTools.d.ts","C:\valente_conecta\node_modules\@fortawesome\free-solid-svg-icons"
"C:\valente_conecta\node_modules\@fortawesome\free-solid-svg-icons\faTooth.d.ts","faTooth.d.ts","C:\valente_conecta\node_modules\@fortawesome\free-solid-svg-icons"
"C:\valente_conecta\node_modules\@fortawesome\free-solid-svg-icons\faTorah.d.ts","faTorah.d.ts","C:\valente_conecta\node_modules\@fortawesome\free-solid-svg-icons"
"C:\valente_conecta\node_modules\@fortawesome\free-solid-svg-icons\faToriiGate.d.ts","faToriiGate.d.ts","C:\valente_conecta\node_modules\@fortawesome\free-solid-svg-icons"
"C:\valente_conecta\node_modules\@fortawesome\free-solid-svg-icons\faTornado.d.ts","faTornado.d.ts","C:\valente_conecta\node_modules\@fortawesome\free-solid-svg-icons"
"C:\valente_conecta\node_modules\@fortawesome\free-solid-svg-icons\faTowerBroadcast.d.ts","faTowerBroadcast.d.ts","C:\valente_conecta\node_modules\@fortawesome\free-solid-svg-icons"
"C:\valente_conecta\node_modules\@fortawesome\free-solid-svg-icons\faTowerCell.d.ts","faTowerCell.d.ts","C:\valente_conecta\node_modules\@fortawesome\free-solid-svg-icons"
"C:\valente_conecta\node_modules\@fortawesome\free-solid-svg-icons\faTowerObservation.d.ts","faTowerObservation.d.ts","C:\valente_conecta\node_modules\@fortawesome\free-solid-svg-icons"
"C:\valente_conecta\node_modules\@fortawesome\free-solid-svg-icons\faTractor.d.ts","faTractor.d.ts","C:\valente_conecta\node_modules\@fortawesome\free-solid-svg-icons"
"C:\valente_conecta\node_modules\@fortawesome\free-solid-svg-icons\faTrademark.d.ts","faTrademark.d.ts","C:\valente_conecta\node_modules\@fortawesome\free-solid-svg-icons"
"C:\valente_conecta\node_modules\@fortawesome\free-solid-svg-icons\faTrafficLight.d.ts","faTrafficLight.d.ts","C:\valente_conecta\node_modules\@fortawesome\free-solid-svg-icons"
"C:\valente_conecta\node_modules\@fortawesome\free-solid-svg-icons\faTrailer.d.ts","faTrailer.d.ts","C:\valente_conecta\node_modules\@fortawesome\free-solid-svg-icons"
"C:\valente_conecta\node_modules\@fortawesome\free-solid-svg-icons\faTrain.d.ts","faTrain.d.ts","C:\valente_conecta\node_modules\@fortawesome\free-solid-svg-icons"
"C:\valente_conecta\node_modules\@fortawesome\free-solid-svg-icons\faTrainSubway.d.ts","faTrainSubway.d.ts","C:\valente_conecta\node_modules\@fortawesome\free-solid-svg-icons"
"C:\valente_conecta\node_modules\@fortawesome\free-solid-svg-icons\faTrainTram.d.ts","faTrainTram.d.ts","C:\valente_conecta\node_modules\@fortawesome\free-solid-svg-icons"
"C:\valente_conecta\node_modules\@fortawesome\free-solid-svg-icons\faTram.d.ts","faTram.d.ts","C:\valente_conecta\node_modules\@fortawesome\free-solid-svg-icons"
"C:\valente_conecta\node_modules\@fortawesome\free-solid-svg-icons\faTransgender.d.ts","faTransgender.d.ts","C:\valente_conecta\node_modules\@fortawesome\free-solid-svg-icons"
"C:\valente_conecta\node_modules\@fortawesome\free-solid-svg-icons\faTransgenderAlt.d.ts","faTransgenderAlt.d.ts","C:\valente_conecta\node_modules\@fortawesome\free-solid-svg-icons"
"C:\valente_conecta\node_modules\@fortawesome\free-solid-svg-icons\faTrash.d.ts","faTrash.d.ts","C:\valente_conecta\node_modules\@fortawesome\free-solid-svg-icons"
"C:\valente_conecta\node_modules\@fortawesome\free-solid-svg-icons\faTrashAlt.d.ts","faTrashAlt.d.ts","C:\valente_conecta\node_modules\@fortawesome\free-solid-svg-icons"
"C:\valente_conecta\node_modules\@fortawesome\free-solid-svg-icons\faTrashArrowUp.d.ts","faTrashArrowUp.d.ts","C:\valente_conecta\node_modules\@fortawesome\free-solid-svg-icons"
"C:\valente_conecta\node_modules\@fortawesome\free-solid-svg-icons\faTrashCan.d.ts","faTrashCan.d.ts","C:\valente_conecta\node_modules\@fortawesome\free-solid-svg-icons"
"C:\valente_conecta\node_modules\@fortawesome\free-solid-svg-icons\faTrashCanArrowUp.d.ts","faTrashCanArrowUp.d.ts","C:\valente_conecta\node_modules\@fortawesome\free-solid-svg-icons"
"C:\valente_conecta\node_modules\@fortawesome\free-solid-svg-icons\faTrashRestore.d.ts","faTrashRestore.d.ts","C:\valente_conecta\node_modules\@fortawesome\free-solid-svg-icons"
"C:\valente_conecta\node_modules\@fortawesome\free-solid-svg-icons\faTrashRestoreAlt.d.ts","faTrashRestoreAlt.d.ts","C:\valente_conecta\node_modules\@fortawesome\free-solid-svg-icons"
"C:\valente_conecta\node_modules\@fortawesome\free-solid-svg-icons\faTree.d.ts","faTree.d.ts","C:\valente_conecta\node_modules\@fortawesome\free-solid-svg-icons"
"C:\valente_conecta\node_modules\@fortawesome\free-solid-svg-icons\faTreeCity.d.ts","faTreeCity.d.ts","C:\valente_conecta\node_modules\@fortawesome\free-solid-svg-icons"
"C:\valente_conecta\node_modules\@fortawesome\free-solid-svg-icons\faTriangleCircleSquare.d.ts","faTriangleCircleSquare.d.ts","C:\valente_conecta\node_modules\@fortawesome\free-solid-svg-icons"
"C:\valente_conecta\node_modules\@fortawesome\free-solid-svg-icons\faTriangleExclamation.d.ts","faTriangleExclamation.d.ts","C:\valente_conecta\node_modules\@fortawesome\free-solid-svg-icons"
"C:\valente_conecta\node_modules\@fortawesome\free-solid-svg-icons\faTrophy.d.ts","faTrophy.d.ts","C:\valente_conecta\node_modules\@fortawesome\free-solid-svg-icons"
"C:\valente_conecta\node_modules\@fortawesome\free-solid-svg-icons\faTrowel.d.ts","faTrowel.d.ts","C:\valente_conecta\node_modules\@fortawesome\free-solid-svg-icons"
"C:\valente_conecta\node_modules\@fortawesome\free-solid-svg-icons\faTrowelBricks.d.ts","faTrowelBricks.d.ts","C:\valente_conecta\node_modules\@fortawesome\free-solid-svg-icons"
"C:\valente_conecta\node_modules\@fortawesome\free-solid-svg-icons\faTruck.d.ts","faTruck.d.ts","C:\valente_conecta\node_modules\@fortawesome\free-solid-svg-icons"
"C:\valente_conecta\node_modules\@fortawesome\free-solid-svg-icons\faTruckArrowRight.d.ts","faTruckArrowRight.d.ts","C:\valente_conecta\node_modules\@fortawesome\free-solid-svg-icons"
"C:\valente_conecta\node_modules\@fortawesome\free-solid-svg-icons\faTruckDroplet.d.ts","faTruckDroplet.d.ts","C:\valente_conecta\node_modules\@fortawesome\free-solid-svg-icons"
"C:\valente_conecta\node_modules\@fortawesome\free-solid-svg-icons\faTruckFast.d.ts","faTruckFast.d.ts","C:\valente_conecta\node_modules\@fortawesome\free-solid-svg-icons"
"C:\valente_conecta\node_modules\@fortawesome\free-solid-svg-icons\faTruckField.d.ts","faTruckField.d.ts","C:\valente_conecta\node_modules\@fortawesome\free-solid-svg-icons"
"C:\valente_conecta\node_modules\@fortawesome\free-solid-svg-icons\faTruckFieldUn.d.ts","faTruckFieldUn.d.ts","C:\valente_conecta\node_modules\@fortawesome\free-solid-svg-icons"
"C:\valente_conecta\node_modules\@fortawesome\free-solid-svg-icons\faTruckFront.d.ts","faTruckFront.d.ts","C:\valente_conecta\node_modules\@fortawesome\free-solid-svg-icons"
"C:\valente_conecta\node_modules\@fortawesome\free-solid-svg-icons\faTruckLoading.d.ts","faTruckLoading.d.ts","C:\valente_conecta\node_modules\@fortawesome\free-solid-svg-icons"
"C:\valente_conecta\node_modules\@fortawesome\free-solid-svg-icons\faTruckMedical.d.ts","faTruckMedical.d.ts","C:\valente_conecta\node_modules\@fortawesome\free-solid-svg-icons"
"C:\valente_conecta\node_modules\@fortawesome\free-solid-svg-icons\faTruckMonster.d.ts","faTruckMonster.d.ts","C:\valente_conecta\node_modules\@fortawesome\free-solid-svg-icons"
"C:\valente_conecta\node_modules\@fortawesome\free-solid-svg-icons\faTruckMoving.d.ts","faTruckMoving.d.ts","C:\valente_conecta\node_modules\@fortawesome\free-solid-svg-icons"
"C:\valente_conecta\node_modules\@fortawesome\free-solid-svg-icons\faTruckPickup.d.ts","faTruckPickup.d.ts","C:\valente_conecta\node_modules\@fortawesome\free-solid-svg-icons"
"C:\valente_conecta\node_modules\@fortawesome\free-solid-svg-icons\faTruckPlane.d.ts","faTruckPlane.d.ts","C:\valente_conecta\node_modules\@fortawesome\free-solid-svg-icons"
"C:\valente_conecta\node_modules\@fortawesome\free-solid-svg-icons\faTruckRampBox.d.ts","faTruckRampBox.d.ts","C:\valente_conecta\node_modules\@fortawesome\free-solid-svg-icons"
"C:\valente_conecta\node_modules\@fortawesome\free-solid-svg-icons\faTry.d.ts","faTry.d.ts","C:\valente_conecta\node_modules\@fortawesome\free-solid-svg-icons"
"C:\valente_conecta\node_modules\@fortawesome\free-solid-svg-icons\faTShirt.d.ts","faTShirt.d.ts","C:\valente_conecta\node_modules\@fortawesome\free-solid-svg-icons"
"C:\valente_conecta\node_modules\@fortawesome\free-solid-svg-icons\faTty.d.ts","faTty.d.ts","C:\valente_conecta\node_modules\@fortawesome\free-solid-svg-icons"
"C:\valente_conecta\node_modules\@fortawesome\free-solid-svg-icons\faTurkishLira.d.ts","faTurkishLira.d.ts","C:\valente_conecta\node_modules\@fortawesome\free-solid-svg-icons"
"C:\valente_conecta\node_modules\@fortawesome\free-solid-svg-icons\faTurkishLiraSign.d.ts","faTurkishLiraSign.d.ts","C:\valente_conecta\node_modules\@fortawesome\free-solid-svg-icons"
"C:\valente_conecta\node_modules\@fortawesome\free-solid-svg-icons\faTurnDown.d.ts","faTurnDown.d.ts","C:\valente_conecta\node_modules\@fortawesome\free-solid-svg-icons"
"C:\valente_conecta\node_modules\@fortawesome\free-solid-svg-icons\faTurnUp.d.ts","faTurnUp.d.ts","C:\valente_conecta\node_modules\@fortawesome\free-solid-svg-icons"
"C:\valente_conecta\node_modules\@fortawesome\free-solid-svg-icons\faTv.d.ts","faTv.d.ts","C:\valente_conecta\node_modules\@fortawesome\free-solid-svg-icons"
"C:\valente_conecta\node_modules\@fortawesome\free-solid-svg-icons\faTvAlt.d.ts","faTvAlt.d.ts","C:\valente_conecta\node_modules\@fortawesome\free-solid-svg-icons"
"C:\valente_conecta\node_modules\@fortawesome\free-solid-svg-icons\faU.d.ts","faU.d.ts","C:\valente_conecta\node_modules\@fortawesome\free-solid-svg-icons"
"C:\valente_conecta\node_modules\@fortawesome\free-solid-svg-icons\faUmbrella.d.ts","faUmbrella.d.ts","C:\valente_conecta\node_modules\@fortawesome\free-solid-svg-icons"
"C:\valente_conecta\node_modules\@fortawesome\free-solid-svg-icons\faUmbrellaBeach.d.ts","faUmbrellaBeach.d.ts","C:\valente_conecta\node_modules\@fortawesome\free-solid-svg-icons"
"C:\valente_conecta\node_modules\@fortawesome\free-solid-svg-icons\faUnderline.d.ts","faUnderline.d.ts","C:\valente_conecta\node_modules\@fortawesome\free-solid-svg-icons"
"C:\valente_conecta\node_modules\@fortawesome\free-solid-svg-icons\faUndo.d.ts","faUndo.d.ts","C:\valente_conecta\node_modules\@fortawesome\free-solid-svg-icons"
"C:\valente_conecta\node_modules\@fortawesome\free-solid-svg-icons\faUndoAlt.d.ts","faUndoAlt.d.ts","C:\valente_conecta\node_modules\@fortawesome\free-solid-svg-icons"
"C:\valente_conecta\node_modules\@fortawesome\free-solid-svg-icons\faUniversalAccess.d.ts","faUniversalAccess.d.ts","C:\valente_conecta\node_modules\@fortawesome\free-solid-svg-icons"
"C:\valente_conecta\node_modules\@fortawesome\free-solid-svg-icons\faUniversity.d.ts","faUniversity.d.ts","C:\valente_conecta\node_modules\@fortawesome\free-solid-svg-icons"
"C:\valente_conecta\node_modules\@fortawesome\free-solid-svg-icons\faUnlink.d.ts","faUnlink.d.ts","C:\valente_conecta\node_modules\@fortawesome\free-solid-svg-icons"
"C:\valente_conecta\node_modules\@fortawesome\free-solid-svg-icons\faUnlock.d.ts","faUnlock.d.ts","C:\valente_conecta\node_modules\@fortawesome\free-solid-svg-icons"
"C:\valente_conecta\node_modules\@fortawesome\free-solid-svg-icons\faUnlockAlt.d.ts","faUnlockAlt.d.ts","C:\valente_conecta\node_modules\@fortawesome\free-solid-svg-icons"
"C:\valente_conecta\node_modules\@fortawesome\free-solid-svg-icons\faUnlockKeyhole.d.ts","faUnlockKeyhole.d.ts","C:\valente_conecta\node_modules\@fortawesome\free-solid-svg-icons"
"C:\valente_conecta\node_modules\@fortawesome\free-solid-svg-icons\faUnsorted.d.ts","faUnsorted.d.ts","C:\valente_conecta\node_modules\@fortawesome\free-solid-svg-icons"
"C:\valente_conecta\node_modules\@fortawesome\free-solid-svg-icons\faUpDown.d.ts","faUpDown.d.ts","C:\valente_conecta\node_modules\@fortawesome\free-solid-svg-icons"
"C:\valente_conecta\node_modules\@fortawesome\free-solid-svg-icons\faUpDownLeftRight.d.ts","faUpDownLeftRight.d.ts","C:\valente_conecta\node_modules\@fortawesome\free-solid-svg-icons"
"C:\valente_conecta\node_modules\@fortawesome\free-solid-svg-icons\faUpload.d.ts","faUpload.d.ts","C:\valente_conecta\node_modules\@fortawesome\free-solid-svg-icons"
"C:\valente_conecta\node_modules\@fortawesome\free-solid-svg-icons\faUpLong.d.ts","faUpLong.d.ts","C:\valente_conecta\node_modules\@fortawesome\free-solid-svg-icons"
"C:\valente_conecta\node_modules\@fortawesome\free-solid-svg-icons\faUpRightAndDownLeftFromCenter.d.ts","faUpRightAndDownLeftFromCenter.d.ts","C:\valente_conecta\node_modules\@fortawesome\free-solid-svg-icons"
"C:\valente_conecta\node_modules\@fortawesome\free-solid-svg-icons\faUpRightFromSquare.d.ts","faUpRightFromSquare.d.ts","C:\valente_conecta\node_modules\@fortawesome\free-solid-svg-icons"
"C:\valente_conecta\node_modules\@fortawesome\free-solid-svg-icons\faUsd.d.ts","faUsd.d.ts","C:\valente_conecta\node_modules\@fortawesome\free-solid-svg-icons"
"C:\valente_conecta\node_modules\@fortawesome\free-solid-svg-icons\faUser.d.ts","faUser.d.ts","C:\valente_conecta\node_modules\@fortawesome\free-solid-svg-icons"
"C:\valente_conecta\node_modules\@fortawesome\free-solid-svg-icons\faUserAlt.d.ts","faUserAlt.d.ts","C:\valente_conecta\node_modules\@fortawesome\free-solid-svg-icons"
"C:\valente_conecta\node_modules\@fortawesome\free-solid-svg-icons\faUserAltSlash.d.ts","faUserAltSlash.d.ts","C:\valente_conecta\node_modules\@fortawesome\free-solid-svg-icons"
"C:\valente_conecta\node_modules\@fortawesome\free-solid-svg-icons\faUserAstronaut.d.ts","faUserAstronaut.d.ts","C:\valente_conecta\node_modules\@fortawesome\free-solid-svg-icons"
"C:\valente_conecta\node_modules\@fortawesome\free-solid-svg-icons\faUserCheck.d.ts","faUserCheck.d.ts","C:\valente_conecta\node_modules\@fortawesome\free-solid-svg-icons"
"C:\valente_conecta\node_modules\@fortawesome\free-solid-svg-icons\faUserCircle.d.ts","faUserCircle.d.ts","C:\valente_conecta\node_modules\@fortawesome\free-solid-svg-icons"
"C:\valente_conecta\node_modules\@fortawesome\free-solid-svg-icons\faUserClock.d.ts","faUserClock.d.ts","C:\valente_conecta\node_modules\@fortawesome\free-solid-svg-icons"
"C:\valente_conecta\node_modules\@fortawesome\free-solid-svg-icons\faUserCog.d.ts","faUserCog.d.ts","C:\valente_conecta\node_modules\@fortawesome\free-solid-svg-icons"
"C:\valente_conecta\node_modules\@fortawesome\free-solid-svg-icons\faUserDoctor.d.ts","faUserDoctor.d.ts","C:\valente_conecta\node_modules\@fortawesome\free-solid-svg-icons"
"C:\valente_conecta\node_modules\@fortawesome\free-solid-svg-icons\faUserEdit.d.ts","faUserEdit.d.ts","C:\valente_conecta\node_modules\@fortawesome\free-solid-svg-icons"
"C:\valente_conecta\node_modules\@fortawesome\free-solid-svg-icons\faUserFriends.d.ts","faUserFriends.d.ts","C:\valente_conecta\node_modules\@fortawesome\free-solid-svg-icons"
"C:\valente_conecta\node_modules\@fortawesome\free-solid-svg-icons\faUserGear.d.ts","faUserGear.d.ts","C:\valente_conecta\node_modules\@fortawesome\free-solid-svg-icons"
"C:\valente_conecta\node_modules\@fortawesome\free-solid-svg-icons\faUserGraduate.d.ts","faUserGraduate.d.ts","C:\valente_conecta\node_modules\@fortawesome\free-solid-svg-icons"
"C:\valente_conecta\node_modules\@fortawesome\free-solid-svg-icons\faUserGroup.d.ts","faUserGroup.d.ts","C:\valente_conecta\node_modules\@fortawesome\free-solid-svg-icons"
"C:\valente_conecta\node_modules\@fortawesome\free-solid-svg-icons\faUserInjured.d.ts","faUserInjured.d.ts","C:\valente_conecta\node_modules\@fortawesome\free-solid-svg-icons"
"C:\valente_conecta\node_modules\@fortawesome\free-solid-svg-icons\faUserLarge.d.ts","faUserLarge.d.ts","C:\valente_conecta\node_modules\@fortawesome\free-solid-svg-icons"
"C:\valente_conecta\node_modules\@fortawesome\free-solid-svg-icons\faUserLargeSlash.d.ts","faUserLargeSlash.d.ts","C:\valente_conecta\node_modules\@fortawesome\free-solid-svg-icons"
"C:\valente_conecta\node_modules\@fortawesome\free-solid-svg-icons\faUserLock.d.ts","faUserLock.d.ts","C:\valente_conecta\node_modules\@fortawesome\free-solid-svg-icons"
"C:\valente_conecta\node_modules\@fortawesome\free-solid-svg-icons\faUserMd.d.ts","faUserMd.d.ts","C:\valente_conecta\node_modules\@fortawesome\free-solid-svg-icons"
"C:\valente_conecta\node_modules\@fortawesome\free-solid-svg-icons\faUserMinus.d.ts","faUserMinus.d.ts","C:\valente_conecta\node_modules\@fortawesome\free-solid-svg-icons"
"C:\valente_conecta\node_modules\@fortawesome\free-solid-svg-icons\faUserNinja.d.ts","faUserNinja.d.ts","C:\valente_conecta\node_modules\@fortawesome\free-solid-svg-icons"
"C:\valente_conecta\node_modules\@fortawesome\free-solid-svg-icons\faUserNurse.d.ts","faUserNurse.d.ts","C:\valente_conecta\node_modules\@fortawesome\free-solid-svg-icons"
"C:\valente_conecta\node_modules\@fortawesome\free-solid-svg-icons\faUserPen.d.ts","faUserPen.d.ts","C:\valente_conecta\node_modules\@fortawesome\free-solid-svg-icons"
"C:\valente_conecta\node_modules\@fortawesome\free-solid-svg-icons\faUserPlus.d.ts","faUserPlus.d.ts","C:\valente_conecta\node_modules\@fortawesome\free-solid-svg-icons"
"C:\valente_conecta\node_modules\@fortawesome\free-solid-svg-icons\faUsers.d.ts","faUsers.d.ts","C:\valente_conecta\node_modules\@fortawesome\free-solid-svg-icons"
"C:\valente_conecta\node_modules\@fortawesome\free-solid-svg-icons\faUsersBetweenLines.d.ts","faUsersBetweenLines.d.ts","C:\valente_conecta\node_modules\@fortawesome\free-solid-svg-icons"
"C:\valente_conecta\node_modules\@fortawesome\free-solid-svg-icons\faUsersCog.d.ts","faUsersCog.d.ts","C:\valente_conecta\node_modules\@fortawesome\free-solid-svg-icons"
"C:\valente_conecta\node_modules\@fortawesome\free-solid-svg-icons\faUserSecret.d.ts","faUserSecret.d.ts","C:\valente_conecta\node_modules\@fortawesome\free-solid-svg-icons"
"C:\valente_conecta\node_modules\@fortawesome\free-solid-svg-icons\faUsersGear.d.ts","faUsersGear.d.ts","C:\valente_conecta\node_modules\@fortawesome\free-solid-svg-icons"
"C:\valente_conecta\node_modules\@fortawesome\free-solid-svg-icons\faUserShield.d.ts","faUserShield.d.ts","C:\valente_conecta\node_modules\@fortawesome\free-solid-svg-icons"
"C:\valente_conecta\node_modules\@fortawesome\free-solid-svg-icons\faUserSlash.d.ts","faUserSlash.d.ts","C:\valente_conecta\node_modules\@fortawesome\free-solid-svg-icons"
"C:\valente_conecta\node_modules\@fortawesome\free-solid-svg-icons\faUsersLine.d.ts","faUsersLine.d.ts","C:\valente_conecta\node_modules\@fortawesome\free-solid-svg-icons"
"C:\valente_conecta\node_modules\@fortawesome\free-solid-svg-icons\faUsersRays.d.ts","faUsersRays.d.ts","C:\valente_conecta\node_modules\@fortawesome\free-solid-svg-icons"
"C:\valente_conecta\node_modules\@fortawesome\free-solid-svg-icons\faUsersRectangle.d.ts","faUsersRectangle.d.ts","C:\valente_conecta\node_modules\@fortawesome\free-solid-svg-icons"
"C:\valente_conecta\node_modules\@fortawesome\free-solid-svg-icons\faUsersSlash.d.ts","faUsersSlash.d.ts","C:\valente_conecta\node_modules\@fortawesome\free-solid-svg-icons"
"C:\valente_conecta\node_modules\@fortawesome\free-solid-svg-icons\faUsersViewfinder.d.ts","faUsersViewfinder.d.ts","C:\valente_conecta\node_modules\@fortawesome\free-solid-svg-icons"
"C:\valente_conecta\node_modules\@fortawesome\free-solid-svg-icons\faUserTag.d.ts","faUserTag.d.ts","C:\valente_conecta\node_modules\@fortawesome\free-solid-svg-icons"
"C:\valente_conecta\node_modules\@fortawesome\free-solid-svg-icons\faUserTie.d.ts","faUserTie.d.ts","C:\valente_conecta\node_modules\@fortawesome\free-solid-svg-icons"
"C:\valente_conecta\node_modules\@fortawesome\free-solid-svg-icons\faUserTimes.d.ts","faUserTimes.d.ts","C:\valente_conecta\node_modules\@fortawesome\free-solid-svg-icons"
"C:\valente_conecta\node_modules\@fortawesome\free-solid-svg-icons\faUserXmark.d.ts","faUserXmark.d.ts","C:\valente_conecta\node_modules\@fortawesome\free-solid-svg-icons"
"C:\valente_conecta\node_modules\@fortawesome\free-solid-svg-icons\faUtensils.d.ts","faUtensils.d.ts","C:\valente_conecta\node_modules\@fortawesome\free-solid-svg-icons"
"C:\valente_conecta\node_modules\@fortawesome\free-solid-svg-icons\faUtensilSpoon.d.ts","faUtensilSpoon.d.ts","C:\valente_conecta\node_modules\@fortawesome\free-solid-svg-icons"
"C:\valente_conecta\node_modules\@fortawesome\free-solid-svg-icons\faV.d.ts","faV.d.ts","C:\valente_conecta\node_modules\@fortawesome\free-solid-svg-icons"
"C:\valente_conecta\node_modules\@fortawesome\free-solid-svg-icons\faVanShuttle.d.ts","faVanShuttle.d.ts","C:\valente_conecta\node_modules\@fortawesome\free-solid-svg-icons"
"C:\valente_conecta\node_modules\@fortawesome\free-solid-svg-icons\faVault.d.ts","faVault.d.ts","C:\valente_conecta\node_modules\@fortawesome\free-solid-svg-icons"
"C:\valente_conecta\node_modules\@fortawesome\free-solid-svg-icons\faVcard.d.ts","faVcard.d.ts","C:\valente_conecta\node_modules\@fortawesome\free-solid-svg-icons"
"C:\valente_conecta\node_modules\@fortawesome\free-solid-svg-icons\faVectorPolygon.d.ts","faVectorPolygon.d.ts","C:\valente_conecta\node_modules\@fortawesome\free-solid-svg-icons"
"C:\valente_conecta\node_modules\@fortawesome\free-solid-svg-icons\faVenus.d.ts","faVenus.d.ts","C:\valente_conecta\node_modules\@fortawesome\free-solid-svg-icons"
"C:\valente_conecta\node_modules\@fortawesome\free-solid-svg-icons\faVenusDouble.d.ts","faVenusDouble.d.ts","C:\valente_conecta\node_modules\@fortawesome\free-solid-svg-icons"
"C:\valente_conecta\node_modules\@fortawesome\free-solid-svg-icons\faVenusMars.d.ts","faVenusMars.d.ts","C:\valente_conecta\node_modules\@fortawesome\free-solid-svg-icons"
"C:\valente_conecta\node_modules\@fortawesome\free-solid-svg-icons\faVest.d.ts","faVest.d.ts","C:\valente_conecta\node_modules\@fortawesome\free-solid-svg-icons"
"C:\valente_conecta\node_modules\@fortawesome\free-solid-svg-icons\faVestPatches.d.ts","faVestPatches.d.ts","C:\valente_conecta\node_modules\@fortawesome\free-solid-svg-icons"
"C:\valente_conecta\node_modules\@fortawesome\free-solid-svg-icons\faVial.d.ts","faVial.d.ts","C:\valente_conecta\node_modules\@fortawesome\free-solid-svg-icons"
"C:\valente_conecta\node_modules\@fortawesome\free-solid-svg-icons\faVialCircleCheck.d.ts","faVialCircleCheck.d.ts","C:\valente_conecta\node_modules\@fortawesome\free-solid-svg-icons"
"C:\valente_conecta\node_modules\@fortawesome\free-solid-svg-icons\faVials.d.ts","faVials.d.ts","C:\valente_conecta\node_modules\@fortawesome\free-solid-svg-icons"
"C:\valente_conecta\node_modules\@fortawesome\free-solid-svg-icons\faVialVirus.d.ts","faVialVirus.d.ts","C:\valente_conecta\node_modules\@fortawesome\free-solid-svg-icons"
"C:\valente_conecta\node_modules\@fortawesome\free-solid-svg-icons\faVideo.d.ts","faVideo.d.ts","C:\valente_conecta\node_modules\@fortawesome\free-solid-svg-icons"
"C:\valente_conecta\node_modules\@fortawesome\free-solid-svg-icons\faVideoCamera.d.ts","faVideoCamera.d.ts","C:\valente_conecta\node_modules\@fortawesome\free-solid-svg-icons"
"C:\valente_conecta\node_modules\@fortawesome\free-solid-svg-icons\faVideoSlash.d.ts","faVideoSlash.d.ts","C:\valente_conecta\node_modules\@fortawesome\free-solid-svg-icons"
"C:\valente_conecta\node_modules\@fortawesome\free-solid-svg-icons\faVihara.d.ts","faVihara.d.ts","C:\valente_conecta\node_modules\@fortawesome\free-solid-svg-icons"
"C:\valente_conecta\node_modules\@fortawesome\free-solid-svg-icons\faVirgo.d.ts","faVirgo.d.ts","C:\valente_conecta\node_modules\@fortawesome\free-solid-svg-icons"
"C:\valente_conecta\node_modules\@fortawesome\free-solid-svg-icons\faVirus.d.ts","faVirus.d.ts","C:\valente_conecta\node_modules\@fortawesome\free-solid-svg-icons"
"C:\valente_conecta\node_modules\@fortawesome\free-solid-svg-icons\faVirusCovid.d.ts","faVirusCovid.d.ts","C:\valente_conecta\node_modules\@fortawesome\free-solid-svg-icons"
"C:\valente_conecta\node_modules\@fortawesome\free-solid-svg-icons\faVirusCovidSlash.d.ts","faVirusCovidSlash.d.ts","C:\valente_conecta\node_modules\@fortawesome\free-solid-svg-icons"
"C:\valente_conecta\node_modules\@fortawesome\free-solid-svg-icons\faViruses.d.ts","faViruses.d.ts","C:\valente_conecta\node_modules\@fortawesome\free-solid-svg-icons"
"C:\valente_conecta\node_modules\@fortawesome\free-solid-svg-icons\faVirusSlash.d.ts","faVirusSlash.d.ts","C:\valente_conecta\node_modules\@fortawesome\free-solid-svg-icons"
"C:\valente_conecta\node_modules\@fortawesome\free-solid-svg-icons\faVoicemail.d.ts","faVoicemail.d.ts","C:\valente_conecta\node_modules\@fortawesome\free-solid-svg-icons"
"C:\valente_conecta\node_modules\@fortawesome\free-solid-svg-icons\faVolcano.d.ts","faVolcano.d.ts","C:\valente_conecta\node_modules\@fortawesome\free-solid-svg-icons"
"C:\valente_conecta\node_modules\@fortawesome\free-solid-svg-icons\faVolleyball.d.ts","faVolleyball.d.ts","C:\valente_conecta\node_modules\@fortawesome\free-solid-svg-icons"
"C:\valente_conecta\node_modules\@fortawesome\free-solid-svg-icons\faVolleyballBall.d.ts","faVolleyballBall.d.ts","C:\valente_conecta\node_modules\@fortawesome\free-solid-svg-icons"
"C:\valente_conecta\node_modules\@fortawesome\free-solid-svg-icons\faVolume.d.ts","faVolume.d.ts","C:\valente_conecta\node_modules\@fortawesome\free-solid-svg-icons"
"C:\valente_conecta\node_modules\@fortawesome\free-solid-svg-icons\faVolumeControlPhone.d.ts","faVolumeControlPhone.d.ts","C:\valente_conecta\node_modules\@fortawesome\free-solid-svg-icons"
"C:\valente_conecta\node_modules\@fortawesome\free-solid-svg-icons\faVolumeDown.d.ts","faVolumeDown.d.ts","C:\valente_conecta\node_modules\@fortawesome\free-solid-svg-icons"
"C:\valente_conecta\node_modules\@fortawesome\free-solid-svg-icons\faVolumeHigh.d.ts","faVolumeHigh.d.ts","C:\valente_conecta\node_modules\@fortawesome\free-solid-svg-icons"
"C:\valente_conecta\node_modules\@fortawesome\free-solid-svg-icons\faVolumeLow.d.ts","faVolumeLow.d.ts","C:\valente_conecta\node_modules\@fortawesome\free-solid-svg-icons"
"C:\valente_conecta\node_modules\@fortawesome\free-solid-svg-icons\faVolumeMedium.d.ts","faVolumeMedium.d.ts","C:\valente_conecta\node_modules\@fortawesome\free-solid-svg-icons"
"C:\valente_conecta\node_modules\@fortawesome\free-solid-svg-icons\faVolumeMute.d.ts","faVolumeMute.d.ts","C:\valente_conecta\node_modules\@fortawesome\free-solid-svg-icons"
"C:\valente_conecta\node_modules\@fortawesome\free-solid-svg-icons\faVolumeOff.d.ts","faVolumeOff.d.ts","C:\valente_conecta\node_modules\@fortawesome\free-solid-svg-icons"
"C:\valente_conecta\node_modules\@fortawesome\free-solid-svg-icons\faVolumeTimes.d.ts","faVolumeTimes.d.ts","C:\valente_conecta\node_modules\@fortawesome\free-solid-svg-icons"
"C:\valente_conecta\node_modules\@fortawesome\free-solid-svg-icons\faVolumeUp.d.ts","faVolumeUp.d.ts","C:\valente_conecta\node_modules\@fortawesome\free-solid-svg-icons"
"C:\valente_conecta\node_modules\@fortawesome\free-solid-svg-icons\faVolumeXmark.d.ts","faVolumeXmark.d.ts","C:\valente_conecta\node_modules\@fortawesome\free-solid-svg-icons"
"C:\valente_conecta\node_modules\@fortawesome\free-solid-svg-icons\faVoteYea.d.ts","faVoteYea.d.ts","C:\valente_conecta\node_modules\@fortawesome\free-solid-svg-icons"
"C:\valente_conecta\node_modules\@fortawesome\free-solid-svg-icons\faVrCardboard.d.ts","faVrCardboard.d.ts","C:\valente_conecta\node_modules\@fortawesome\free-solid-svg-icons"
"C:\valente_conecta\node_modules\@fortawesome\free-solid-svg-icons\faW.d.ts","faW.d.ts","C:\valente_conecta\node_modules\@fortawesome\free-solid-svg-icons"
"C:\valente_conecta\node_modules\@fortawesome\free-solid-svg-icons\faWalkieTalkie.d.ts","faWalkieTalkie.d.ts","C:\valente_conecta\node_modules\@fortawesome\free-solid-svg-icons"
"C:\valente_conecta\node_modules\@fortawesome\free-solid-svg-icons\faWalking.d.ts","faWalking.d.ts","C:\valente_conecta\node_modules\@fortawesome\free-solid-svg-icons"
"C:\valente_conecta\node_modules\@fortawesome\free-solid-svg-icons\faWallet.d.ts","faWallet.d.ts","C:\valente_conecta\node_modules\@fortawesome\free-solid-svg-icons"
"C:\valente_conecta\node_modules\@fortawesome\free-solid-svg-icons\faWandMagic.d.ts","faWandMagic.d.ts","C:\valente_conecta\node_modules\@fortawesome\free-solid-svg-icons"
"C:\valente_conecta\node_modules\@fortawesome\free-solid-svg-icons\faWandMagicSparkles.d.ts","faWandMagicSparkles.d.ts","C:\valente_conecta\node_modules\@fortawesome\free-solid-svg-icons"
"C:\valente_conecta\node_modules\@fortawesome\free-solid-svg-icons\faWandSparkles.d.ts","faWandSparkles.d.ts","C:\valente_conecta\node_modules\@fortawesome\free-solid-svg-icons"
"C:\valente_conecta\node_modules\@fortawesome\free-solid-svg-icons\faWarehouse.d.ts","faWarehouse.d.ts","C:\valente_conecta\node_modules\@fortawesome\free-solid-svg-icons"
"C:\valente_conecta\node_modules\@fortawesome\free-solid-svg-icons\faWarning.d.ts","faWarning.d.ts","C:\valente_conecta\node_modules\@fortawesome\free-solid-svg-icons"
"C:\valente_conecta\node_modules\@fortawesome\free-solid-svg-icons\faWater.d.ts","faWater.d.ts","C:\valente_conecta\node_modules\@fortawesome\free-solid-svg-icons"
"C:\valente_conecta\node_modules\@fortawesome\free-solid-svg-icons\faWaterLadder.d.ts","faWaterLadder.d.ts","C:\valente_conecta\node_modules\@fortawesome\free-solid-svg-icons"
"C:\valente_conecta\node_modules\@fortawesome\free-solid-svg-icons\faWaveSquare.d.ts","faWaveSquare.d.ts","C:\valente_conecta\node_modules\@fortawesome\free-solid-svg-icons"
"C:\valente_conecta\node_modules\@fortawesome\free-solid-svg-icons\faWebAwesome.d.ts","faWebAwesome.d.ts","C:\valente_conecta\node_modules\@fortawesome\free-solid-svg-icons"
"C:\valente_conecta\node_modules\@fortawesome\free-solid-svg-icons\faWeight.d.ts","faWeight.d.ts","C:\valente_conecta\node_modules\@fortawesome\free-solid-svg-icons"
"C:\valente_conecta\node_modules\@fortawesome\free-solid-svg-icons\faWeightHanging.d.ts","faWeightHanging.d.ts","C:\valente_conecta\node_modules\@fortawesome\free-solid-svg-icons"
"C:\valente_conecta\node_modules\@fortawesome\free-solid-svg-icons\faWeightScale.d.ts","faWeightScale.d.ts","C:\valente_conecta\node_modules\@fortawesome\free-solid-svg-icons"
"C:\valente_conecta\node_modules\@fortawesome\free-solid-svg-icons\faWheatAlt.d.ts","faWheatAlt.d.ts","C:\valente_conecta\node_modules\@fortawesome\free-solid-svg-icons"
"C:\valente_conecta\node_modules\@fortawesome\free-solid-svg-icons\faWheatAwn.d.ts","faWheatAwn.d.ts","C:\valente_conecta\node_modules\@fortawesome\free-solid-svg-icons"
"C:\valente_conecta\node_modules\@fortawesome\free-solid-svg-icons\faWheatAwnCircleExclamation.d.ts","faWheatAwnCircleExclamation.d.ts","C:\valente_conecta\node_modules\@fortawesome\free-solid-svg-icons"
"C:\valente_conecta\node_modules\@fortawesome\free-solid-svg-icons\faWheelchair.d.ts","faWheelchair.d.ts","C:\valente_conecta\node_modules\@fortawesome\free-solid-svg-icons"
"C:\valente_conecta\node_modules\@fortawesome\free-solid-svg-icons\faWheelchairAlt.d.ts","faWheelchairAlt.d.ts","C:\valente_conecta\node_modules\@fortawesome\free-solid-svg-icons"
"C:\valente_conecta\node_modules\@fortawesome\free-solid-svg-icons\faWheelchairMove.d.ts","faWheelchairMove.d.ts","C:\valente_conecta\node_modules\@fortawesome\free-solid-svg-icons"
"C:\valente_conecta\node_modules\@fortawesome\free-solid-svg-icons\faWhiskeyGlass.d.ts","faWhiskeyGlass.d.ts","C:\valente_conecta\node_modules\@fortawesome\free-solid-svg-icons"
"C:\valente_conecta\node_modules\@fortawesome\free-solid-svg-icons\faWifi.d.ts","faWifi.d.ts","C:\valente_conecta\node_modules\@fortawesome\free-solid-svg-icons"
"C:\valente_conecta\node_modules\@fortawesome\free-solid-svg-icons\faWifi3.d.ts","faWifi3.d.ts","C:\valente_conecta\node_modules\@fortawesome\free-solid-svg-icons"
"C:\valente_conecta\node_modules\@fortawesome\free-solid-svg-icons\faWifiStrong.d.ts","faWifiStrong.d.ts","C:\valente_conecta\node_modules\@fortawesome\free-solid-svg-icons"
"C:\valente_conecta\node_modules\@fortawesome\free-solid-svg-icons\faWind.d.ts","faWind.d.ts","C:\valente_conecta\node_modules\@fortawesome\free-solid-svg-icons"
"C:\valente_conecta\node_modules\@fortawesome\free-solid-svg-icons\faWindowClose.d.ts","faWindowClose.d.ts","C:\valente_conecta\node_modules\@fortawesome\free-solid-svg-icons"
"C:\valente_conecta\node_modules\@fortawesome\free-solid-svg-icons\faWindowMaximize.d.ts","faWindowMaximize.d.ts","C:\valente_conecta\node_modules\@fortawesome\free-solid-svg-icons"
"C:\valente_conecta\node_modules\@fortawesome\free-solid-svg-icons\faWindowMinimize.d.ts","faWindowMinimize.d.ts","C:\valente_conecta\node_modules\@fortawesome\free-solid-svg-icons"
"C:\valente_conecta\node_modules\@fortawesome\free-solid-svg-icons\faWindowRestore.d.ts","faWindowRestore.d.ts","C:\valente_conecta\node_modules\@fortawesome\free-solid-svg-icons"
"C:\valente_conecta\node_modules\@fortawesome\free-solid-svg-icons\faWineBottle.d.ts","faWineBottle.d.ts","C:\valente_conecta\node_modules\@fortawesome\free-solid-svg-icons"
"C:\valente_conecta\node_modules\@fortawesome\free-solid-svg-icons\faWineGlass.d.ts","faWineGlass.d.ts","C:\valente_conecta\node_modules\@fortawesome\free-solid-svg-icons"
"C:\valente_conecta\node_modules\@fortawesome\free-solid-svg-icons\faWineGlassAlt.d.ts","faWineGlassAlt.d.ts","C:\valente_conecta\node_modules\@fortawesome\free-solid-svg-icons"
"C:\valente_conecta\node_modules\@fortawesome\free-solid-svg-icons\faWineGlassEmpty.d.ts","faWineGlassEmpty.d.ts","C:\valente_conecta\node_modules\@fortawesome\free-solid-svg-icons"
"C:\valente_conecta\node_modules\@fortawesome\free-solid-svg-icons\faWon.d.ts","faWon.d.ts","C:\valente_conecta\node_modules\@fortawesome\free-solid-svg-icons"
"C:\valente_conecta\node_modules\@fortawesome\free-solid-svg-icons\faWonSign.d.ts","faWonSign.d.ts","C:\valente_conecta\node_modules\@fortawesome\free-solid-svg-icons"
"C:\valente_conecta\node_modules\@fortawesome\free-solid-svg-icons\faWorm.d.ts","faWorm.d.ts","C:\valente_conecta\node_modules\@fortawesome\free-solid-svg-icons"
"C:\valente_conecta\node_modules\@fortawesome\free-solid-svg-icons\faWrench.d.ts","faWrench.d.ts","C:\valente_conecta\node_modules\@fortawesome\free-solid-svg-icons"
"C:\valente_conecta\node_modules\@fortawesome\free-solid-svg-icons\faX.d.ts","faX.d.ts","C:\valente_conecta\node_modules\@fortawesome\free-solid-svg-icons"
"C:\valente_conecta\node_modules\@fortawesome\free-solid-svg-icons\faXmark.d.ts","faXmark.d.ts","C:\valente_conecta\node_modules\@fortawesome\free-solid-svg-icons"
"C:\valente_conecta\node_modules\@fortawesome\free-solid-svg-icons\faXmarkCircle.d.ts","faXmarkCircle.d.ts","C:\valente_conecta\node_modules\@fortawesome\free-solid-svg-icons"
"C:\valente_conecta\node_modules\@fortawesome\free-solid-svg-icons\faXmarksLines.d.ts","faXmarksLines.d.ts","C:\valente_conecta\node_modules\@fortawesome\free-solid-svg-icons"
"C:\valente_conecta\node_modules\@fortawesome\free-solid-svg-icons\faXmarkSquare.d.ts","faXmarkSquare.d.ts","C:\valente_conecta\node_modules\@fortawesome\free-solid-svg-icons"
"C:\valente_conecta\node_modules\@fortawesome\free-solid-svg-icons\faXRay.d.ts","faXRay.d.ts","C:\valente_conecta\node_modules\@fortawesome\free-solid-svg-icons"
"C:\valente_conecta\node_modules\@fortawesome\free-solid-svg-icons\faY.d.ts","faY.d.ts","C:\valente_conecta\node_modules\@fortawesome\free-solid-svg-icons"
"C:\valente_conecta\node_modules\@fortawesome\free-solid-svg-icons\faYen.d.ts","faYen.d.ts","C:\valente_conecta\node_modules\@fortawesome\free-solid-svg-icons"
"C:\valente_conecta\node_modules\@fortawesome\free-solid-svg-icons\faYenSign.d.ts","faYenSign.d.ts","C:\valente_conecta\node_modules\@fortawesome\free-solid-svg-icons"
"C:\valente_conecta\node_modules\@fortawesome\free-solid-svg-icons\faYinYang.d.ts","faYinYang.d.ts","C:\valente_conecta\node_modules\@fortawesome\free-solid-svg-icons"
"C:\valente_conecta\node_modules\@fortawesome\free-solid-svg-icons\faZ.d.ts","faZ.d.ts","C:\valente_conecta\node_modules\@fortawesome\free-solid-svg-icons"
"C:\valente_conecta\node_modules\@fortawesome\free-solid-svg-icons\faZap.d.ts","faZap.d.ts","C:\valente_conecta\node_modules\@fortawesome\free-solid-svg-icons"
"C:\valente_conecta\node_modules\@fortawesome\free-solid-svg-icons\index.d.ts","index.d.ts","C:\valente_conecta\node_modules\@fortawesome\free-solid-svg-icons"
"C:\valente_conecta\node_modules\@fortawesome\react-fontawesome\dist\CustomPrefixProvider.d.ts","CustomPrefixProvider.d.ts","C:\valente_conecta\node_modules\@fortawesome\react-fontawesome\dist"
"C:\valente_conecta\node_modules\@fortawesome\react-fontawesome\dist\index.d.ts","index.d.ts","C:\valente_conecta\node_modules\@fortawesome\react-fontawesome\dist"
"C:\valente_conecta\node_modules\@ioredis\commands\built\index.d.ts","index.d.ts","C:\valente_conecta\node_modules\@ioredis\commands\built"
"C:\valente_conecta\node_modules\@jridgewell\gen-mapping\dist\types\gen-mapping.d.ts","gen-mapping.d.ts","C:\valente_conecta\node_modules\@jridgewell\gen-mapping\dist\types"
"C:\valente_conecta\node_modules\@jridgewell\gen-mapping\dist\types\set-array.d.ts","set-array.d.ts","C:\valente_conecta\node_modules\@jridgewell\gen-mapping\dist\types"
"C:\valente_conecta\node_modules\@jridgewell\gen-mapping\dist\types\sourcemap-segment.d.ts","sourcemap-segment.d.ts","C:\valente_conecta\node_modules\@jridgewell\gen-mapping\dist\types"
"C:\valente_conecta\node_modules\@jridgewell\gen-mapping\dist\types\types.d.ts","types.d.ts","C:\valente_conecta\node_modules\@jridgewell\gen-mapping\dist\types"
"C:\valente_conecta\node_modules\@jridgewell\gen-mapping\src\gen-mapping.ts","gen-mapping.ts","C:\valente_conecta\node_modules\@jridgewell\gen-mapping\src"
"C:\valente_conecta\node_modules\@jridgewell\gen-mapping\src\set-array.ts","set-array.ts","C:\valente_conecta\node_modules\@jridgewell\gen-mapping\src"
"C:\valente_conecta\node_modules\@jridgewell\gen-mapping\src\sourcemap-segment.ts","sourcemap-segment.ts","C:\valente_conecta\node_modules\@jridgewell\gen-mapping\src"
"C:\valente_conecta\node_modules\@jridgewell\resolve-uri\dist\types\resolve-uri.d.ts","resolve-uri.d.ts","C:\valente_conecta\node_modules\@jridgewell\resolve-uri\dist\types"
"C:\valente_conecta\node_modules\@jridgewell\sourcemap-codec\src\scopes.ts","scopes.ts","C:\valente_conecta\node_modules\@jridgewell\sourcemap-codec\src"
"C:\valente_conecta\node_modules\@jridgewell\sourcemap-codec\src\sourcemap-codec.ts","sourcemap-codec.ts","C:\valente_conecta\node_modules\@jridgewell\sourcemap-codec\src"
"C:\valente_conecta\node_modules\@jridgewell\sourcemap-codec\src\strings.ts","strings.ts","C:\valente_conecta\node_modules\@jridgewell\sourcemap-codec\src"
"C:\valente_conecta\node_modules\@jridgewell\sourcemap-codec\src\vlq.ts","vlq.ts","C:\valente_conecta\node_modules\@jridgewell\sourcemap-codec\src"
"C:\valente_conecta\node_modules\@jridgewell\trace-mapping\src\binary-search.ts","binary-search.ts","C:\valente_conecta\node_modules\@jridgewell\trace-mapping\src"
"C:\valente_conecta\node_modules\@jridgewell\trace-mapping\src\by-source.ts","by-source.ts","C:\valente_conecta\node_modules\@jridgewell\trace-mapping\src"
"C:\valente_conecta\node_modules\@jridgewell\trace-mapping\src\flatten-map.ts","flatten-map.ts","C:\valente_conecta\node_modules\@jridgewell\trace-mapping\src"
"C:\valente_conecta\node_modules\@jridgewell\trace-mapping\src\resolve.ts","resolve.ts","C:\valente_conecta\node_modules\@jridgewell\trace-mapping\src"
"C:\valente_conecta\node_modules\@jridgewell\trace-mapping\src\sort.ts","sort.ts","C:\valente_conecta\node_modules\@jridgewell\trace-mapping\src"
"C:\valente_conecta\node_modules\@jridgewell\trace-mapping\src\sourcemap-segment.ts","sourcemap-segment.ts","C:\valente_conecta\node_modules\@jridgewell\trace-mapping\src"
"C:\valente_conecta\node_modules\@jridgewell\trace-mapping\src\strip-filename.ts","strip-filename.ts","C:\valente_conecta\node_modules\@jridgewell\trace-mapping\src"
"C:\valente_conecta\node_modules\@jridgewell\trace-mapping\src\trace-mapping.ts","trace-mapping.ts","C:\valente_conecta\node_modules\@jridgewell\trace-mapping\src"
"C:\valente_conecta\node_modules\@kurkle\color\dist\color.d.ts","color.d.ts","C:\valente_conecta\node_modules\@kurkle\color\dist"
"C:\valente_conecta\node_modules\@next\env\dist\index.d.ts","index.d.ts","C:\valente_conecta\node_modules\@next\env\dist"
"C:\valente_conecta\node_modules\@nodelib\fs.scandir\out\adapters\fs.d.ts","fs.d.ts","C:\valente_conecta\node_modules\@nodelib\fs.scandir\out\adapters"
"C:\valente_conecta\node_modules\@nodelib\fs.scandir\out\providers\async.d.ts","async.d.ts","C:\valente_conecta\node_modules\@nodelib\fs.scandir\out\providers"
"C:\valente_conecta\node_modules\@nodelib\fs.scandir\out\providers\common.d.ts","common.d.ts","C:\valente_conecta\node_modules\@nodelib\fs.scandir\out\providers"
"C:\valente_conecta\node_modules\@nodelib\fs.scandir\out\providers\sync.d.ts","sync.d.ts","C:\valente_conecta\node_modules\@nodelib\fs.scandir\out\providers"
"C:\valente_conecta\node_modules\@nodelib\fs.scandir\out\types\index.d.ts","index.d.ts","C:\valente_conecta\node_modules\@nodelib\fs.scandir\out\types"
"C:\valente_conecta\node_modules\@nodelib\fs.scandir\out\utils\fs.d.ts","fs.d.ts","C:\valente_conecta\node_modules\@nodelib\fs.scandir\out\utils"
"C:\valente_conecta\node_modules\@nodelib\fs.scandir\out\utils\index.d.ts","index.d.ts","C:\valente_conecta\node_modules\@nodelib\fs.scandir\out\utils"
"C:\valente_conecta\node_modules\@nodelib\fs.scandir\out\constants.d.ts","constants.d.ts","C:\valente_conecta\node_modules\@nodelib\fs.scandir\out"
"C:\valente_conecta\node_modules\@nodelib\fs.scandir\out\index.d.ts","index.d.ts","C:\valente_conecta\node_modules\@nodelib\fs.scandir\out"
"C:\valente_conecta\node_modules\@nodelib\fs.scandir\out\settings.d.ts","settings.d.ts","C:\valente_conecta\node_modules\@nodelib\fs.scandir\out"
"C:\valente_conecta\node_modules\@nodelib\fs.stat\out\adapters\fs.d.ts","fs.d.ts","C:\valente_conecta\node_modules\@nodelib\fs.stat\out\adapters"
"C:\valente_conecta\node_modules\@nodelib\fs.stat\out\providers\async.d.ts","async.d.ts","C:\valente_conecta\node_modules\@nodelib\fs.stat\out\providers"
"C:\valente_conecta\node_modules\@nodelib\fs.stat\out\providers\sync.d.ts","sync.d.ts","C:\valente_conecta\node_modules\@nodelib\fs.stat\out\providers"
"C:\valente_conecta\node_modules\@nodelib\fs.stat\out\types\index.d.ts","index.d.ts","C:\valente_conecta\node_modules\@nodelib\fs.stat\out\types"
"C:\valente_conecta\node_modules\@nodelib\fs.stat\out\index.d.ts","index.d.ts","C:\valente_conecta\node_modules\@nodelib\fs.stat\out"
"C:\valente_conecta\node_modules\@nodelib\fs.stat\out\settings.d.ts","settings.d.ts","C:\valente_conecta\node_modules\@nodelib\fs.stat\out"
"C:\valente_conecta\node_modules\@nodelib\fs.walk\out\providers\async.d.ts","async.d.ts","C:\valente_conecta\node_modules\@nodelib\fs.walk\out\providers"
"C:\valente_conecta\node_modules\@nodelib\fs.walk\out\providers\index.d.ts","index.d.ts","C:\valente_conecta\node_modules\@nodelib\fs.walk\out\providers"
"C:\valente_conecta\node_modules\@nodelib\fs.walk\out\providers\stream.d.ts","stream.d.ts","C:\valente_conecta\node_modules\@nodelib\fs.walk\out\providers"
"C:\valente_conecta\node_modules\@nodelib\fs.walk\out\providers\sync.d.ts","sync.d.ts","C:\valente_conecta\node_modules\@nodelib\fs.walk\out\providers"
"C:\valente_conecta\node_modules\@nodelib\fs.walk\out\readers\async.d.ts","async.d.ts","C:\valente_conecta\node_modules\@nodelib\fs.walk\out\readers"
"C:\valente_conecta\node_modules\@nodelib\fs.walk\out\readers\common.d.ts","common.d.ts","C:\valente_conecta\node_modules\@nodelib\fs.walk\out\readers"
"C:\valente_conecta\node_modules\@nodelib\fs.walk\out\readers\reader.d.ts","reader.d.ts","C:\valente_conecta\node_modules\@nodelib\fs.walk\out\readers"
"C:\valente_conecta\node_modules\@nodelib\fs.walk\out\readers\sync.d.ts","sync.d.ts","C:\valente_conecta\node_modules\@nodelib\fs.walk\out\readers"
"C:\valente_conecta\node_modules\@nodelib\fs.walk\out\types\index.d.ts","index.d.ts","C:\valente_conecta\node_modules\@nodelib\fs.walk\out\types"
"C:\valente_conecta\node_modules\@nodelib\fs.walk\out\index.d.ts","index.d.ts","C:\valente_conecta\node_modules\@nodelib\fs.walk\out"
"C:\valente_conecta\node_modules\@nodelib\fs.walk\out\settings.d.ts","settings.d.ts","C:\valente_conecta\node_modules\@nodelib\fs.walk\out"
"C:\valente_conecta\node_modules\@reduxjs\toolkit\dist\query\react\index.d.ts","index.d.ts","C:\valente_conecta\node_modules\@reduxjs\toolkit\dist\query\react"
"C:\valente_conecta\node_modules\@reduxjs\toolkit\dist\query\index.d.ts","index.d.ts","C:\valente_conecta\node_modules\@reduxjs\toolkit\dist\query"
"C:\valente_conecta\node_modules\@reduxjs\toolkit\dist\react\index.d.ts","index.d.ts","C:\valente_conecta\node_modules\@reduxjs\toolkit\dist\react"
"C:\valente_conecta\node_modules\@reduxjs\toolkit\dist\index.d.ts","index.d.ts","C:\valente_conecta\node_modules\@reduxjs\toolkit\dist"
"C:\valente_conecta\node_modules\@reduxjs\toolkit\dist\uncheckedindexed.ts","uncheckedindexed.ts","C:\valente_conecta\node_modules\@reduxjs\toolkit\dist"
"C:\valente_conecta\node_modules\@reduxjs\toolkit\node_modules\immer\dist\immer.d.ts","immer.d.ts","C:\valente_conecta\node_modules\@reduxjs\toolkit\node_modules\immer\dist"
"C:\valente_conecta\node_modules\@reduxjs\toolkit\node_modules\immer\src\core\current.ts","current.ts","C:\valente_conecta\node_modules\@reduxjs\toolkit\node_modules\immer\src\core"
"C:\valente_conecta\node_modules\@reduxjs\toolkit\node_modules\immer\src\core\finalize.ts","finalize.ts","C:\valente_conecta\node_modules\@reduxjs\toolkit\node_modules\immer\src\core"
"C:\valente_conecta\node_modules\@reduxjs\toolkit\node_modules\immer\src\core\immerClass.ts","immerClass.ts","C:\valente_conecta\node_modules\@reduxjs\toolkit\node_modules\immer\src\core"
"C:\valente_conecta\node_modules\@reduxjs\toolkit\node_modules\immer\src\core\proxy.ts","proxy.ts","C:\valente_conecta\node_modules\@reduxjs\toolkit\node_modules\immer\src\core"
"C:\valente_conecta\node_modules\@reduxjs\toolkit\node_modules\immer\src\core\scope.ts","scope.ts","C:\valente_conecta\node_modules\@reduxjs\toolkit\node_modules\immer\src\core"
"C:\valente_conecta\node_modules\@reduxjs\toolkit\node_modules\immer\src\plugins\arrayMethods.ts","arrayMethods.ts","C:\valente_conecta\node_modules\@reduxjs\toolkit\node_modules\immer\src\plugins"
"C:\valente_conecta\node_modules\@reduxjs\toolkit\node_modules\immer\src\plugins\mapset.ts","mapset.ts","C:\valente_conecta\node_modules\@reduxjs\toolkit\node_modules\immer\src\plugins"
"C:\valente_conecta\node_modules\@reduxjs\toolkit\node_modules\immer\src\plugins\patches.ts","patches.ts","C:\valente_conecta\node_modules\@reduxjs\toolkit\node_modules\immer\src\plugins"
"C:\valente_conecta\node_modules\@reduxjs\toolkit\node_modules\immer\src\types\globals.d.ts","globals.d.ts","C:\valente_conecta\node_modules\@reduxjs\toolkit\node_modules\immer\src\types"
"C:\valente_conecta\node_modules\@reduxjs\toolkit\node_modules\immer\src\types\types-external.ts","types-external.ts","C:\valente_conecta\node_modules\@reduxjs\toolkit\node_modules\immer\src\types"
"C:\valente_conecta\node_modules\@reduxjs\toolkit\node_modules\immer\src\types\types-internal.ts","types-internal.ts","C:\valente_conecta\node_modules\@reduxjs\toolkit\node_modules\immer\src\types"
"C:\valente_conecta\node_modules\@reduxjs\toolkit\node_modules\immer\src\utils\common.ts","common.ts","C:\valente_conecta\node_modules\@reduxjs\toolkit\node_modules\immer\src\utils"
"C:\valente_conecta\node_modules\@reduxjs\toolkit\node_modules\immer\src\utils\errors.ts","errors.ts","C:\valente_conecta\node_modules\@reduxjs\toolkit\node_modules\immer\src\utils"
"C:\valente_conecta\node_modules\@reduxjs\toolkit\node_modules\immer\src\utils\plugins.ts","plugins.ts","C:\valente_conecta\node_modules\@reduxjs\toolkit\node_modules\immer\src\utils"
"C:\valente_conecta\node_modules\@reduxjs\toolkit\node_modules\immer\src\immer.ts","immer.ts","C:\valente_conecta\node_modules\@reduxjs\toolkit\node_modules\immer\src"
"C:\valente_conecta\node_modules\@reduxjs\toolkit\node_modules\immer\src\internal.ts","internal.ts","C:\valente_conecta\node_modules\@reduxjs\toolkit\node_modules\immer\src"
"C:\valente_conecta\node_modules\@reduxjs\toolkit\src\dynamicMiddleware\react\index.ts","index.ts","C:\valente_conecta\node_modules\@reduxjs\toolkit\src\dynamicMiddleware\react"
"C:\valente_conecta\node_modules\@reduxjs\toolkit\src\dynamicMiddleware\index.ts","index.ts","C:\valente_conecta\node_modules\@reduxjs\toolkit\src\dynamicMiddleware"
"C:\valente_conecta\node_modules\@reduxjs\toolkit\src\entities\create_adapter.ts","create_adapter.ts","C:\valente_conecta\node_modules\@reduxjs\toolkit\src\entities"
"C:\valente_conecta\node_modules\@reduxjs\toolkit\src\entities\entity_state.ts","entity_state.ts","C:\valente_conecta\node_modules\@reduxjs\toolkit\src\entities"
"C:\valente_conecta\node_modules\@reduxjs\toolkit\src\entities\index.ts","index.ts","C:\valente_conecta\node_modules\@reduxjs\toolkit\src\entities"
"C:\valente_conecta\node_modules\@reduxjs\toolkit\src\entities\models.ts","models.ts","C:\valente_conecta\node_modules\@reduxjs\toolkit\src\entities"
"C:\valente_conecta\node_modules\@reduxjs\toolkit\src\entities\sorted_state_adapter.ts","sorted_state_adapter.ts","C:\valente_conecta\node_modules\@reduxjs\toolkit\src\entities"
"C:\valente_conecta\node_modules\@reduxjs\toolkit\src\entities\state_adapter.ts","state_adapter.ts","C:\valente_conecta\node_modules\@reduxjs\toolkit\src\entities"
"C:\valente_conecta\node_modules\@reduxjs\toolkit\src\entities\state_selectors.ts","state_selectors.ts","C:\valente_conecta\node_modules\@reduxjs\toolkit\src\entities"
"C:\valente_conecta\node_modules\@reduxjs\toolkit\src\entities\unsorted_state_adapter.ts","unsorted_state_adapter.ts","C:\valente_conecta\node_modules\@reduxjs\toolkit\src\entities"
"C:\valente_conecta\node_modules\@reduxjs\toolkit\src\listenerMiddleware\exceptions.ts","exceptions.ts","C:\valente_conecta\node_modules\@reduxjs\toolkit\src\listenerMiddleware"
"C:\valente_conecta\node_modules\@reduxjs\toolkit\src\listenerMiddleware\index.ts","index.ts","C:\valente_conecta\node_modules\@reduxjs\toolkit\src\listenerMiddleware"
"C:\valente_conecta\node_modules\@reduxjs\toolkit\src\listenerMiddleware\task.ts","task.ts","C:\valente_conecta\node_modules\@reduxjs\toolkit\src\listenerMiddleware"
"C:\valente_conecta\node_modules\@reduxjs\toolkit\src\query\core\buildMiddleware\batchActions.ts","batchActions.ts","C:\valente_conecta\node_modules\@reduxjs\toolkit\src\query\core\buildMiddleware"
"C:\valente_conecta\node_modules\@reduxjs\toolkit\src\query\core\buildMiddleware\cacheCollection.ts","cacheCollection.ts","C:\valente_conecta\node_modules\@reduxjs\toolkit\src\query\core\buildMiddleware"
"C:\valente_conecta\node_modules\@reduxjs\toolkit\src\query\core\buildMiddleware\cacheLifecycle.ts","cacheLifecycle.ts","C:\valente_conecta\node_modules\@reduxjs\toolkit\src\query\core\buildMiddleware"
"C:\valente_conecta\node_modules\@reduxjs\toolkit\src\query\core\buildMiddleware\devMiddleware.ts","devMiddleware.ts","C:\valente_conecta\node_modules\@reduxjs\toolkit\src\query\core\buildMiddleware"
"C:\valente_conecta\node_modules\@reduxjs\toolkit\src\query\core\buildMiddleware\index.ts","index.ts","C:\valente_conecta\node_modules\@reduxjs\toolkit\src\query\core\buildMiddleware"
"C:\valente_conecta\node_modules\@reduxjs\toolkit\src\query\core\buildMiddleware\invalidationByTags.ts","invalidationByTags.ts","C:\valente_conecta\node_modules\@reduxjs\toolkit\src\query\core\buildMiddleware"
"C:\valente_conecta\node_modules\@reduxjs\toolkit\src\query\core\buildMiddleware\polling.ts","polling.ts","C:\valente_conecta\node_modules\@reduxjs\toolkit\src\query\core\buildMiddleware"
"C:\valente_conecta\node_modules\@reduxjs\toolkit\src\query\core\buildMiddleware\queryLifecycle.ts","queryLifecycle.ts","C:\valente_conecta\node_modules\@reduxjs\toolkit\src\query\core\buildMiddleware"
"C:\valente_conecta\node_modules\@reduxjs\toolkit\src\query\core\buildMiddleware\windowEventHandling.ts","windowEventHandling.ts","C:\valente_conecta\node_modules\@reduxjs\toolkit\src\query\core\buildMiddleware"
"C:\valente_conecta\node_modules\@reduxjs\toolkit\src\query\core\apiState.ts","apiState.ts","C:\valente_conecta\node_modules\@reduxjs\toolkit\src\query\core"
"C:\valente_conecta\node_modules\@reduxjs\toolkit\src\query\core\buildInitiate.ts","buildInitiate.ts","C:\valente_conecta\node_modules\@reduxjs\toolkit\src\query\core"
"C:\valente_conecta\node_modules\@reduxjs\toolkit\src\query\core\buildSelectors.ts","buildSelectors.ts","C:\valente_conecta\node_modules\@reduxjs\toolkit\src\query\core"
"C:\valente_conecta\node_modules\@reduxjs\toolkit\src\query\core\buildSlice.ts","buildSlice.ts","C:\valente_conecta\node_modules\@reduxjs\toolkit\src\query\core"
"C:\valente_conecta\node_modules\@reduxjs\toolkit\src\query\core\buildThunks.ts","buildThunks.ts","C:\valente_conecta\node_modules\@reduxjs\toolkit\src\query\core"
"C:\valente_conecta\node_modules\@reduxjs\toolkit\src\query\core\index.ts","index.ts","C:\valente_conecta\node_modules\@reduxjs\toolkit\src\query\core"
"C:\valente_conecta\node_modules\@reduxjs\toolkit\src\query\core\rtkImports.ts","rtkImports.ts","C:\valente_conecta\node_modules\@reduxjs\toolkit\src\query\core"
"C:\valente_conecta\node_modules\@reduxjs\toolkit\src\query\core\setupListeners.ts","setupListeners.ts","C:\valente_conecta\node_modules\@reduxjs\toolkit\src\query\core"
"C:\valente_conecta\node_modules\@reduxjs\toolkit\src\query\react\ApiProvider.tsx","ApiProvider.tsx","C:\valente_conecta\node_modules\@reduxjs\toolkit\src\query\react"
"C:\valente_conecta\node_modules\@reduxjs\toolkit\src\query\react\buildHooks.ts","buildHooks.ts","C:\valente_conecta\node_modules\@reduxjs\toolkit\src\query\react"
"C:\valente_conecta\node_modules\@reduxjs\toolkit\src\query\react\index.ts","index.ts","C:\valente_conecta\node_modules\@reduxjs\toolkit\src\query\react"
"C:\valente_conecta\node_modules\@reduxjs\toolkit\src\query\react\namedHooks.ts","namedHooks.ts","C:\valente_conecta\node_modules\@reduxjs\toolkit\src\query\react"
"C:\valente_conecta\node_modules\@reduxjs\toolkit\src\query\react\reactImports.ts","reactImports.ts","C:\valente_conecta\node_modules\@reduxjs\toolkit\src\query\react"
"C:\valente_conecta\node_modules\@reduxjs\toolkit\src\query\react\reactReduxImports.ts","reactReduxImports.ts","C:\valente_conecta\node_modules\@reduxjs\toolkit\src\query\react"
"C:\valente_conecta\node_modules\@reduxjs\toolkit\src\query\react\rtkqImports.ts","rtkqImports.ts","C:\valente_conecta\node_modules\@reduxjs\toolkit\src\query\react"
"C:\valente_conecta\node_modules\@reduxjs\toolkit\src\query\react\useSerializedStableValue.ts","useSerializedStableValue.ts","C:\valente_conecta\node_modules\@reduxjs\toolkit\src\query\react"
"C:\valente_conecta\node_modules\@reduxjs\toolkit\src\query\react\useShallowStableValue.ts","useShallowStableValue.ts","C:\valente_conecta\node_modules\@reduxjs\toolkit\src\query\react"
"C:\valente_conecta\node_modules\@reduxjs\toolkit\src\query\utils\capitalize.ts","capitalize.ts","C:\valente_conecta\node_modules\@reduxjs\toolkit\src\query\utils"
"C:\valente_conecta\node_modules\@reduxjs\toolkit\src\query\utils\copyWithStructuralSharing.ts","copyWithStructuralSharing.ts","C:\valente_conecta\node_modules\@reduxjs\toolkit\src\query\utils"
"C:\valente_conecta\node_modules\@reduxjs\toolkit\src\query\utils\countObjectKeys.ts","countObjectKeys.ts","C:\valente_conecta\node_modules\@reduxjs\toolkit\src\query\utils"
"C:\valente_conecta\node_modules\@reduxjs\toolkit\src\query\utils\filterMap.ts","filterMap.ts","C:\valente_conecta\node_modules\@reduxjs\toolkit\src\query\utils"
"C:\valente_conecta\node_modules\@reduxjs\toolkit\src\query\utils\getCurrent.ts","getCurrent.ts","C:\valente_conecta\node_modules\@reduxjs\toolkit\src\query\utils"
"C:\valente_conecta\node_modules\@reduxjs\toolkit\src\query\utils\getOrInsert.ts","getOrInsert.ts","C:\valente_conecta\node_modules\@reduxjs\toolkit\src\query\utils"
"C:\valente_conecta\node_modules\@reduxjs\toolkit\src\query\utils\immerImports.ts","immerImports.ts","C:\valente_conecta\node_modules\@reduxjs\toolkit\src\query\utils"
"C:\valente_conecta\node_modules\@reduxjs\toolkit\src\query\utils\index.ts","index.ts","C:\valente_conecta\node_modules\@reduxjs\toolkit\src\query\utils"
"C:\valente_conecta\node_modules\@reduxjs\toolkit\src\query\utils\isAbsoluteUrl.ts","isAbsoluteUrl.ts","C:\valente_conecta\node_modules\@reduxjs\toolkit\src\query\utils"
"C:\valente_conecta\node_modules\@reduxjs\toolkit\src\query\utils\isDocumentVisible.ts","isDocumentVisible.ts","C:\valente_conecta\node_modules\@reduxjs\toolkit\src\query\utils"
"C:\valente_conecta\node_modules\@reduxjs\toolkit\src\query\utils\isNotNullish.ts","isNotNullish.ts","C:\valente_conecta\node_modules\@reduxjs\toolkit\src\query\utils"
"C:\valente_conecta\node_modules\@reduxjs\toolkit\src\query\utils\isOnline.ts","isOnline.ts","C:\valente_conecta\node_modules\@reduxjs\toolkit\src\query\utils"
"C:\valente_conecta\node_modules\@reduxjs\toolkit\src\query\utils\isValidUrl.ts","isValidUrl.ts","C:\valente_conecta\node_modules\@reduxjs\toolkit\src\query\utils"
"C:\valente_conecta\node_modules\@reduxjs\toolkit\src\query\utils\joinUrls.ts","joinUrls.ts","C:\valente_conecta\node_modules\@reduxjs\toolkit\src\query\utils"
"C:\valente_conecta\node_modules\@reduxjs\toolkit\src\query\utils\signals.ts","signals.ts","C:\valente_conecta\node_modules\@reduxjs\toolkit\src\query\utils"
"C:\valente_conecta\node_modules\@reduxjs\toolkit\src\query\apiTypes.ts","apiTypes.ts","C:\valente_conecta\node_modules\@reduxjs\toolkit\src\query"
"C:\valente_conecta\node_modules\@reduxjs\toolkit\src\query\baseQueryTypes.ts","baseQueryTypes.ts","C:\valente_conecta\node_modules\@reduxjs\toolkit\src\query"
"C:\valente_conecta\node_modules\@reduxjs\toolkit\src\query\createApi.ts","createApi.ts","C:\valente_conecta\node_modules\@reduxjs\toolkit\src\query"
"C:\valente_conecta\node_modules\@reduxjs\toolkit\src\query\defaultSerializeQueryArgs.ts","defaultSerializeQueryArgs.ts","C:\valente_conecta\node_modules\@reduxjs\toolkit\src\query"
"C:\valente_conecta\node_modules\@reduxjs\toolkit\src\query\endpointDefinitions.ts","endpointDefinitions.ts","C:\valente_conecta\node_modules\@reduxjs\toolkit\src\query"
"C:\valente_conecta\node_modules\@reduxjs\toolkit\src\query\fakeBaseQuery.ts","fakeBaseQuery.ts","C:\valente_conecta\node_modules\@reduxjs\toolkit\src\query"
"C:\valente_conecta\node_modules\@reduxjs\toolkit\src\query\fetchBaseQuery.ts","fetchBaseQuery.ts","C:\valente_conecta\node_modules\@reduxjs\toolkit\src\query"
"C:\valente_conecta\node_modules\@reduxjs\toolkit\src\query\HandledError.ts","HandledError.ts","C:\valente_conecta\node_modules\@reduxjs\toolkit\src\query"
"C:\valente_conecta\node_modules\@reduxjs\toolkit\src\query\index.ts","index.ts","C:\valente_conecta\node_modules\@reduxjs\toolkit\src\query"
"C:\valente_conecta\node_modules\@reduxjs\toolkit\src\query\retry.ts","retry.ts","C:\valente_conecta\node_modules\@reduxjs\toolkit\src\query"
"C:\valente_conecta\node_modules\@reduxjs\toolkit\src\query\standardSchema.ts","standardSchema.ts","C:\valente_conecta\node_modules\@reduxjs\toolkit\src\query"
"C:\valente_conecta\node_modules\@reduxjs\toolkit\src\query\tsHelpers.ts","tsHelpers.ts","C:\valente_conecta\node_modules\@reduxjs\toolkit\src\query"
"C:\valente_conecta\node_modules\@reduxjs\toolkit\src\react\index.ts","index.ts","C:\valente_conecta\node_modules\@reduxjs\toolkit\src\react"
"C:\valente_conecta\node_modules\@reduxjs\toolkit\src\actionCreatorInvariantMiddleware.ts","actionCreatorInvariantMiddleware.ts","C:\valente_conecta\node_modules\@reduxjs\toolkit\src"
"C:\valente_conecta\node_modules\@reduxjs\toolkit\src\autoBatchEnhancer.ts","autoBatchEnhancer.ts","C:\valente_conecta\node_modules\@reduxjs\toolkit\src"
"C:\valente_conecta\node_modules\@reduxjs\toolkit\src\combineSlices.ts","combineSlices.ts","C:\valente_conecta\node_modules\@reduxjs\toolkit\src"
"C:\valente_conecta\node_modules\@reduxjs\toolkit\src\configureStore.ts","configureStore.ts","C:\valente_conecta\node_modules\@reduxjs\toolkit\src"
"C:\valente_conecta\node_modules\@reduxjs\toolkit\src\createAction.ts","createAction.ts","C:\valente_conecta\node_modules\@reduxjs\toolkit\src"
"C:\valente_conecta\node_modules\@reduxjs\toolkit\src\createAsyncThunk.ts","createAsyncThunk.ts","C:\valente_conecta\node_modules\@reduxjs\toolkit\src"
"C:\valente_conecta\node_modules\@reduxjs\toolkit\src\createDraftSafeSelector.ts","createDraftSafeSelector.ts","C:\valente_conecta\node_modules\@reduxjs\toolkit\src"
"C:\valente_conecta\node_modules\@reduxjs\toolkit\src\createReducer.ts","createReducer.ts","C:\valente_conecta\node_modules\@reduxjs\toolkit\src"
"C:\valente_conecta\node_modules\@reduxjs\toolkit\src\createSlice.ts","createSlice.ts","C:\valente_conecta\node_modules\@reduxjs\toolkit\src"
"C:\valente_conecta\node_modules\@reduxjs\toolkit\src\devtoolsExtension.ts","devtoolsExtension.ts","C:\valente_conecta\node_modules\@reduxjs\toolkit\src"
"C:\valente_conecta\node_modules\@reduxjs\toolkit\src\formatProdErrorMessage.ts","formatProdErrorMessage.ts","C:\valente_conecta\node_modules\@reduxjs\toolkit\src"
"C:\valente_conecta\node_modules\@reduxjs\toolkit\src\getDefaultEnhancers.ts","getDefaultEnhancers.ts","C:\valente_conecta\node_modules\@reduxjs\toolkit\src"
"C:\valente_conecta\node_modules\@reduxjs\toolkit\src\getDefaultMiddleware.ts","getDefaultMiddleware.ts","C:\valente_conecta\node_modules\@reduxjs\toolkit\src"
"C:\valente_conecta\node_modules\@reduxjs\toolkit\src\immerImports.ts","immerImports.ts","C:\valente_conecta\node_modules\@reduxjs\toolkit\src"
"C:\valente_conecta\node_modules\@reduxjs\toolkit\src\immutableStateInvariantMiddleware.ts","immutableStateInvariantMiddleware.ts","C:\valente_conecta\node_modules\@reduxjs\toolkit\src"
"C:\valente_conecta\node_modules\@reduxjs\toolkit\src\index.ts","index.ts","C:\valente_conecta\node_modules\@reduxjs\toolkit\src"
"C:\valente_conecta\node_modules\@reduxjs\toolkit\src\mapBuilders.ts","mapBuilders.ts","C:\valente_conecta\node_modules\@reduxjs\toolkit\src"
"C:\valente_conecta\node_modules\@reduxjs\toolkit\src\matchers.ts","matchers.ts","C:\valente_conecta\node_modules\@reduxjs\toolkit\src"
"C:\valente_conecta\node_modules\@reduxjs\toolkit\src\nanoid.ts","nanoid.ts","C:\valente_conecta\node_modules\@reduxjs\toolkit\src"
"C:\valente_conecta\node_modules\@reduxjs\toolkit\src\reduxImports.ts","reduxImports.ts","C:\valente_conecta\node_modules\@reduxjs\toolkit\src"
"C:\valente_conecta\node_modules\@reduxjs\toolkit\src\reselectImports.ts","reselectImports.ts","C:\valente_conecta\node_modules\@reduxjs\toolkit\src"
"C:\valente_conecta\node_modules\@reduxjs\toolkit\src\serializableStateInvariantMiddleware.ts","serializableStateInvariantMiddleware.ts","C:\valente_conecta\node_modules\@reduxjs\toolkit\src"
"C:\valente_conecta\node_modules\@reduxjs\toolkit\src\tsHelpers.ts","tsHelpers.ts","C:\valente_conecta\node_modules\@reduxjs\toolkit\src"
"C:\valente_conecta\node_modules\@reduxjs\toolkit\src\uncheckedindexed.ts","uncheckedindexed.ts","C:\valente_conecta\node_modules\@reduxjs\toolkit\src"
"C:\valente_conecta\node_modules\@standard-schema\spec\dist\index.d.ts","index.d.ts","C:\valente_conecta\node_modules\@standard-schema\spec\dist"
"C:\valente_conecta\node_modules\@standard-schema\utils\dist\index.d.ts","index.d.ts","C:\valente_conecta\node_modules\@standard-schema\utils\dist"
"C:\valente_conecta\node_modules\@supabase\auth-js\dist\main\lib\web3\ethereum.d.ts","ethereum.d.ts","C:\valente_conecta\node_modules\@supabase\auth-js\dist\main\lib\web3"
"C:\valente_conecta\node_modules\@supabase\auth-js\dist\main\lib\web3\solana.d.ts","solana.d.ts","C:\valente_conecta\node_modules\@supabase\auth-js\dist\main\lib\web3"
"C:\valente_conecta\node_modules\@supabase\auth-js\dist\main\lib\base64url.d.ts","base64url.d.ts","C:\valente_conecta\node_modules\@supabase\auth-js\dist\main\lib"
"C:\valente_conecta\node_modules\@supabase\auth-js\dist\main\lib\constants.d.ts","constants.d.ts","C:\valente_conecta\node_modules\@supabase\auth-js\dist\main\lib"
"C:\valente_conecta\node_modules\@supabase\auth-js\dist\main\lib\error-codes.d.ts","error-codes.d.ts","C:\valente_conecta\node_modules\@supabase\auth-js\dist\main\lib"
"C:\valente_conecta\node_modules\@supabase\auth-js\dist\main\lib\errors.d.ts","errors.d.ts","C:\valente_conecta\node_modules\@supabase\auth-js\dist\main\lib"
"C:\valente_conecta\node_modules\@supabase\auth-js\dist\main\lib\fetch.d.ts","fetch.d.ts","C:\valente_conecta\node_modules\@supabase\auth-js\dist\main\lib"
"C:\valente_conecta\node_modules\@supabase\auth-js\dist\main\lib\helpers.d.ts","helpers.d.ts","C:\valente_conecta\node_modules\@supabase\auth-js\dist\main\lib"
"C:\valente_conecta\node_modules\@supabase\auth-js\dist\main\lib\local-storage.d.ts","local-storage.d.ts","C:\valente_conecta\node_modules\@supabase\auth-js\dist\main\lib"
"C:\valente_conecta\node_modules\@supabase\auth-js\dist\main\lib\locks.d.ts","locks.d.ts","C:\valente_conecta\node_modules\@supabase\auth-js\dist\main\lib"
"C:\valente_conecta\node_modules\@supabase\auth-js\dist\main\lib\polyfills.d.ts","polyfills.d.ts","C:\valente_conecta\node_modules\@supabase\auth-js\dist\main\lib"
"C:\valente_conecta\node_modules\@supabase\auth-js\dist\main\lib\types.d.ts","types.d.ts","C:\valente_conecta\node_modules\@supabase\auth-js\dist\main\lib"
"C:\valente_conecta\node_modules\@supabase\auth-js\dist\main\lib\version.d.ts","version.d.ts","C:\valente_conecta\node_modules\@supabase\auth-js\dist\main\lib"
"C:\valente_conecta\node_modules\@supabase\auth-js\dist\main\lib\webauthn.d.ts","webauthn.d.ts","C:\valente_conecta\node_modules\@supabase\auth-js\dist\main\lib"
"C:\valente_conecta\node_modules\@supabase\auth-js\dist\main\lib\webauthn.dom.d.ts","webauthn.dom.d.ts","C:\valente_conecta\node_modules\@supabase\auth-js\dist\main\lib"
"C:\valente_conecta\node_modules\@supabase\auth-js\dist\main\lib\webauthn.errors.d.ts","webauthn.errors.d.ts","C:\valente_conecta\node_modules\@supabase\auth-js\dist\main\lib"
"C:\valente_conecta\node_modules\@supabase\auth-js\dist\main\AuthAdminApi.d.ts","AuthAdminApi.d.ts","C:\valente_conecta\node_modules\@supabase\auth-js\dist\main"
"C:\valente_conecta\node_modules\@supabase\auth-js\dist\main\AuthClient.d.ts","AuthClient.d.ts","C:\valente_conecta\node_modules\@supabase\auth-js\dist\main"
"C:\valente_conecta\node_modules\@supabase\auth-js\dist\main\GoTrueAdminApi.d.ts","GoTrueAdminApi.d.ts","C:\valente_conecta\node_modules\@supabase\auth-js\dist\main"
"C:\valente_conecta\node_modules\@supabase\auth-js\dist\main\GoTrueClient.d.ts","GoTrueClient.d.ts","C:\valente_conecta\node_modules\@supabase\auth-js\dist\main"
"C:\valente_conecta\node_modules\@supabase\auth-js\dist\main\index.d.ts","index.d.ts","C:\valente_conecta\node_modules\@supabase\auth-js\dist\main"
"C:\valente_conecta\node_modules\@supabase\auth-js\dist\module\lib\web3\ethereum.d.ts","ethereum.d.ts","C:\valente_conecta\node_modules\@supabase\auth-js\dist\module\lib\web3"
"C:\valente_conecta\node_modules\@supabase\auth-js\dist\module\lib\web3\solana.d.ts","solana.d.ts","C:\valente_conecta\node_modules\@supabase\auth-js\dist\module\lib\web3"
"C:\valente_conecta\node_modules\@supabase\auth-js\dist\module\lib\base64url.d.ts","base64url.d.ts","C:\valente_conecta\node_modules\@supabase\auth-js\dist\module\lib"
"C:\valente_conecta\node_modules\@supabase\auth-js\dist\module\lib\constants.d.ts","constants.d.ts","C:\valente_conecta\node_modules\@supabase\auth-js\dist\module\lib"
"C:\valente_conecta\node_modules\@supabase\auth-js\dist\module\lib\error-codes.d.ts","error-codes.d.ts","C:\valente_conecta\node_modules\@supabase\auth-js\dist\module\lib"
"C:\valente_conecta\node_modules\@supabase\auth-js\dist\module\lib\errors.d.ts","errors.d.ts","C:\valente_conecta\node_modules\@supabase\auth-js\dist\module\lib"
"C:\valente_conecta\node_modules\@supabase\auth-js\dist\module\lib\fetch.d.ts","fetch.d.ts","C:\valente_conecta\node_modules\@supabase\auth-js\dist\module\lib"
"C:\valente_conecta\node_modules\@supabase\auth-js\dist\module\lib\helpers.d.ts","helpers.d.ts","C:\valente_conecta\node_modules\@supabase\auth-js\dist\module\lib"
"C:\valente_conecta\node_modules\@supabase\auth-js\dist\module\lib\local-storage.d.ts","local-storage.d.ts","C:\valente_conecta\node_modules\@supabase\auth-js\dist\module\lib"
"C:\valente_conecta\node_modules\@supabase\auth-js\dist\module\lib\locks.d.ts","locks.d.ts","C:\valente_conecta\node_modules\@supabase\auth-js\dist\module\lib"
"C:\valente_conecta\node_modules\@supabase\auth-js\dist\module\lib\polyfills.d.ts","polyfills.d.ts","C:\valente_conecta\node_modules\@supabase\auth-js\dist\module\lib"
"C:\valente_conecta\node_modules\@supabase\auth-js\dist\module\lib\types.d.ts","types.d.ts","C:\valente_conecta\node_modules\@supabase\auth-js\dist\module\lib"
"C:\valente_conecta\node_modules\@supabase\auth-js\dist\module\lib\version.d.ts","version.d.ts","C:\valente_conecta\node_modules\@supabase\auth-js\dist\module\lib"
"C:\valente_conecta\node_modules\@supabase\auth-js\dist\module\lib\webauthn.d.ts","webauthn.d.ts","C:\valente_conecta\node_modules\@supabase\auth-js\dist\module\lib"
"C:\valente_conecta\node_modules\@supabase\auth-js\dist\module\lib\webauthn.dom.d.ts","webauthn.dom.d.ts","C:\valente_conecta\node_modules\@supabase\auth-js\dist\module\lib"
"C:\valente_conecta\node_modules\@supabase\auth-js\dist\module\lib\webauthn.errors.d.ts","webauthn.errors.d.ts","C:\valente_conecta\node_modules\@supabase\auth-js\dist\module\lib"
"C:\valente_conecta\node_modules\@supabase\auth-js\dist\module\AuthAdminApi.d.ts","AuthAdminApi.d.ts","C:\valente_conecta\node_modules\@supabase\auth-js\dist\module"
"C:\valente_conecta\node_modules\@supabase\auth-js\dist\module\AuthClient.d.ts","AuthClient.d.ts","C:\valente_conecta\node_modules\@supabase\auth-js\dist\module"
"C:\valente_conecta\node_modules\@supabase\auth-js\dist\module\GoTrueAdminApi.d.ts","GoTrueAdminApi.d.ts","C:\valente_conecta\node_modules\@supabase\auth-js\dist\module"
"C:\valente_conecta\node_modules\@supabase\auth-js\dist\module\GoTrueClient.d.ts","GoTrueClient.d.ts","C:\valente_conecta\node_modules\@supabase\auth-js\dist\module"
"C:\valente_conecta\node_modules\@supabase\auth-js\dist\module\index.d.ts","index.d.ts","C:\valente_conecta\node_modules\@supabase\auth-js\dist\module"
"C:\valente_conecta\node_modules\@supabase\auth-js\src\lib\web3\ethereum.ts","ethereum.ts","C:\valente_conecta\node_modules\@supabase\auth-js\src\lib\web3"
"C:\valente_conecta\node_modules\@supabase\auth-js\src\lib\web3\solana.ts","solana.ts","C:\valente_conecta\node_modules\@supabase\auth-js\src\lib\web3"
"C:\valente_conecta\node_modules\@supabase\auth-js\src\lib\base64url.ts","base64url.ts","C:\valente_conecta\node_modules\@supabase\auth-js\src\lib"
"C:\valente_conecta\node_modules\@supabase\auth-js\src\lib\error-codes.ts","error-codes.ts","C:\valente_conecta\node_modules\@supabase\auth-js\src\lib"
"C:\valente_conecta\node_modules\@supabase\auth-js\src\lib\errors.ts","errors.ts","C:\valente_conecta\node_modules\@supabase\auth-js\src\lib"
"C:\valente_conecta\node_modules\@supabase\auth-js\src\lib\fetch.ts","fetch.ts","C:\valente_conecta\node_modules\@supabase\auth-js\src\lib"
"C:\valente_conecta\node_modules\@supabase\auth-js\src\lib\helpers.ts","helpers.ts","C:\valente_conecta\node_modules\@supabase\auth-js\src\lib"
"C:\valente_conecta\node_modules\@supabase\auth-js\src\lib\local-storage.ts","local-storage.ts","C:\valente_conecta\node_modules\@supabase\auth-js\src\lib"
"C:\valente_conecta\node_modules\@supabase\auth-js\src\lib\locks.ts","locks.ts","C:\valente_conecta\node_modules\@supabase\auth-js\src\lib"
"C:\valente_conecta\node_modules\@supabase\auth-js\src\lib\polyfills.ts","polyfills.ts","C:\valente_conecta\node_modules\@supabase\auth-js\src\lib"
"C:\valente_conecta\node_modules\@supabase\auth-js\src\lib\version.ts","version.ts","C:\valente_conecta\node_modules\@supabase\auth-js\src\lib"
"C:\valente_conecta\node_modules\@supabase\auth-js\src\lib\webauthn.dom.ts","webauthn.dom.ts","C:\valente_conecta\node_modules\@supabase\auth-js\src\lib"
"C:\valente_conecta\node_modules\@supabase\auth-js\src\lib\webauthn.errors.ts","webauthn.errors.ts","C:\valente_conecta\node_modules\@supabase\auth-js\src\lib"
"C:\valente_conecta\node_modules\@supabase\auth-js\src\lib\webauthn.ts","webauthn.ts","C:\valente_conecta\node_modules\@supabase\auth-js\src\lib"
"C:\valente_conecta\node_modules\@supabase\auth-js\src\AuthAdminApi.ts","AuthAdminApi.ts","C:\valente_conecta\node_modules\@supabase\auth-js\src"
"C:\valente_conecta\node_modules\@supabase\auth-js\src\AuthClient.ts","AuthClient.ts","C:\valente_conecta\node_modules\@supabase\auth-js\src"
"C:\valente_conecta\node_modules\@supabase\auth-js\src\GoTrueAdminApi.ts","GoTrueAdminApi.ts","C:\valente_conecta\node_modules\@supabase\auth-js\src"
"C:\valente_conecta\node_modules\@supabase\auth-js\src\GoTrueClient.ts","GoTrueClient.ts","C:\valente_conecta\node_modules\@supabase\auth-js\src"
"C:\valente_conecta\node_modules\@supabase\auth-js\src\index.ts","index.ts","C:\valente_conecta\node_modules\@supabase\auth-js\src"
"C:\valente_conecta\node_modules\@supabase\functions-js\dist\main\FunctionsClient.d.ts","FunctionsClient.d.ts","C:\valente_conecta\node_modules\@supabase\functions-js\dist\main"
"C:\valente_conecta\node_modules\@supabase\functions-js\dist\main\helper.d.ts","helper.d.ts","C:\valente_conecta\node_modules\@supabase\functions-js\dist\main"
"C:\valente_conecta\node_modules\@supabase\functions-js\dist\main\index.d.ts","index.d.ts","C:\valente_conecta\node_modules\@supabase\functions-js\dist\main"
"C:\valente_conecta\node_modules\@supabase\functions-js\dist\main\types.d.ts","types.d.ts","C:\valente_conecta\node_modules\@supabase\functions-js\dist\main"
"C:\valente_conecta\node_modules\@supabase\functions-js\dist\main\version.d.ts","version.d.ts","C:\valente_conecta\node_modules\@supabase\functions-js\dist\main"
"C:\valente_conecta\node_modules\@supabase\functions-js\dist\module\FunctionsClient.d.ts","FunctionsClient.d.ts","C:\valente_conecta\node_modules\@supabase\functions-js\dist\module"
"C:\valente_conecta\node_modules\@supabase\functions-js\dist\module\helper.d.ts","helper.d.ts","C:\valente_conecta\node_modules\@supabase\functions-js\dist\module"
"C:\valente_conecta\node_modules\@supabase\functions-js\dist\module\index.d.ts","index.d.ts","C:\valente_conecta\node_modules\@supabase\functions-js\dist\module"
"C:\valente_conecta\node_modules\@supabase\functions-js\dist\module\types.d.ts","types.d.ts","C:\valente_conecta\node_modules\@supabase\functions-js\dist\module"
"C:\valente_conecta\node_modules\@supabase\functions-js\dist\module\version.d.ts","version.d.ts","C:\valente_conecta\node_modules\@supabase\functions-js\dist\module"
"C:\valente_conecta\node_modules\@supabase\functions-js\src\edge-runtime.d.ts","edge-runtime.d.ts","C:\valente_conecta\node_modules\@supabase\functions-js\src"
"C:\valente_conecta\node_modules\@supabase\functions-js\src\FunctionsClient.ts","FunctionsClient.ts","C:\valente_conecta\node_modules\@supabase\functions-js\src"
"C:\valente_conecta\node_modules\@supabase\functions-js\src\helper.ts","helper.ts","C:\valente_conecta\node_modules\@supabase\functions-js\src"
"C:\valente_conecta\node_modules\@supabase\functions-js\src\index.ts","index.ts","C:\valente_conecta\node_modules\@supabase\functions-js\src"
"C:\valente_conecta\node_modules\@supabase\functions-js\src\version.ts","version.ts","C:\valente_conecta\node_modules\@supabase\functions-js\src"
"C:\valente_conecta\node_modules\@supabase\phoenix\priv\static\types\ajax.d.ts","ajax.d.ts","C:\valente_conecta\node_modules\@supabase\phoenix\priv\static\types"
"C:\valente_conecta\node_modules\@supabase\phoenix\priv\static\types\channel.d.ts","channel.d.ts","C:\valente_conecta\node_modules\@supabase\phoenix\priv\static\types"
"C:\valente_conecta\node_modules\@supabase\phoenix\priv\static\types\constants.d.ts","constants.d.ts","C:\valente_conecta\node_modules\@supabase\phoenix\priv\static\types"
"C:\valente_conecta\node_modules\@supabase\phoenix\priv\static\types\index.d.ts","index.d.ts","C:\valente_conecta\node_modules\@supabase\phoenix\priv\static\types"
"C:\valente_conecta\node_modules\@supabase\phoenix\priv\static\types\longpoll.d.ts","longpoll.d.ts","C:\valente_conecta\node_modules\@supabase\phoenix\priv\static\types"
"C:\valente_conecta\node_modules\@supabase\phoenix\priv\static\types\presence.d.ts","presence.d.ts","C:\valente_conecta\node_modules\@supabase\phoenix\priv\static\types"
"C:\valente_conecta\node_modules\@supabase\phoenix\priv\static\types\push.d.ts","push.d.ts","C:\valente_conecta\node_modules\@supabase\phoenix\priv\static\types"
"C:\valente_conecta\node_modules\@supabase\phoenix\priv\static\types\serializer.d.ts","serializer.d.ts","C:\valente_conecta\node_modules\@supabase\phoenix\priv\static\types"
"C:\valente_conecta\node_modules\@supabase\phoenix\priv\static\types\socket.d.ts","socket.d.ts","C:\valente_conecta\node_modules\@supabase\phoenix\priv\static\types"
"C:\valente_conecta\node_modules\@supabase\phoenix\priv\static\types\timer.d.ts","timer.d.ts","C:\valente_conecta\node_modules\@supabase\phoenix\priv\static\types"
"C:\valente_conecta\node_modules\@supabase\phoenix\priv\static\types\types.d.ts","types.d.ts","C:\valente_conecta\node_modules\@supabase\phoenix\priv\static\types"
"C:\valente_conecta\node_modules\@supabase\phoenix\priv\static\types\utils.d.ts","utils.d.ts","C:\valente_conecta\node_modules\@supabase\phoenix\priv\static\types"
"C:\valente_conecta\node_modules\@supabase\postgrest-js\src\select-query-parser\parser.ts","parser.ts","C:\valente_conecta\node_modules\@supabase\postgrest-js\src\select-query-parser"
"C:\valente_conecta\node_modules\@supabase\postgrest-js\src\select-query-parser\result.ts","result.ts","C:\valente_conecta\node_modules\@supabase\postgrest-js\src\select-query-parser"
"C:\valente_conecta\node_modules\@supabase\postgrest-js\src\types\common\common.ts","common.ts","C:\valente_conecta\node_modules\@supabase\postgrest-js\src\types\common"
"C:\valente_conecta\node_modules\@supabase\postgrest-js\src\types\common\rpc.ts","rpc.ts","C:\valente_conecta\node_modules\@supabase\postgrest-js\src\types\common"
"C:\valente_conecta\node_modules\@supabase\postgrest-js\src\types\feature-flags.ts","feature-flags.ts","C:\valente_conecta\node_modules\@supabase\postgrest-js\src\types"
"C:\valente_conecta\node_modules\@supabase\postgrest-js\src\index.ts","index.ts","C:\valente_conecta\node_modules\@supabase\postgrest-js\src"
"C:\valente_conecta\node_modules\@supabase\postgrest-js\src\PostgrestBuilder.ts","PostgrestBuilder.ts","C:\valente_conecta\node_modules\@supabase\postgrest-js\src"
"C:\valente_conecta\node_modules\@supabase\postgrest-js\src\PostgrestClient.ts","PostgrestClient.ts","C:\valente_conecta\node_modules\@supabase\postgrest-js\src"
"C:\valente_conecta\node_modules\@supabase\postgrest-js\src\PostgrestError.ts","PostgrestError.ts","C:\valente_conecta\node_modules\@supabase\postgrest-js\src"
"C:\valente_conecta\node_modules\@supabase\postgrest-js\src\PostgrestFilterBuilder.ts","PostgrestFilterBuilder.ts","C:\valente_conecta\node_modules\@supabase\postgrest-js\src"
"C:\valente_conecta\node_modules\@supabase\postgrest-js\src\PostgrestQueryBuilder.ts","PostgrestQueryBuilder.ts","C:\valente_conecta\node_modules\@supabase\postgrest-js\src"
"C:\valente_conecta\node_modules\@supabase\postgrest-js\src\PostgrestTransformBuilder.ts","PostgrestTransformBuilder.ts","C:\valente_conecta\node_modules\@supabase\postgrest-js\src"
"C:\valente_conecta\node_modules\@supabase\postgrest-js\src\version.ts","version.ts","C:\valente_conecta\node_modules\@supabase\postgrest-js\src"
"C:\valente_conecta\node_modules\@supabase\realtime-js\dist\main\lib\constants.d.ts","constants.d.ts","C:\valente_conecta\node_modules\@supabase\realtime-js\dist\main\lib"
"C:\valente_conecta\node_modules\@supabase\realtime-js\dist\main\lib\normalizeChannelError.d.ts","normalizeChannelError.d.ts","C:\valente_conecta\node_modules\@supabase\realtime-js\dist\main\lib"
"C:\valente_conecta\node_modules\@supabase\realtime-js\dist\main\lib\serializer.d.ts","serializer.d.ts","C:\valente_conecta\node_modules\@supabase\realtime-js\dist\main\lib"
"C:\valente_conecta\node_modules\@supabase\realtime-js\dist\main\lib\transformers.d.ts","transformers.d.ts","C:\valente_conecta\node_modules\@supabase\realtime-js\dist\main\lib"
"C:\valente_conecta\node_modules\@supabase\realtime-js\dist\main\lib\version.d.ts","version.d.ts","C:\valente_conecta\node_modules\@supabase\realtime-js\dist\main\lib"
"C:\valente_conecta\node_modules\@supabase\realtime-js\dist\main\lib\websocket-factory.d.ts","websocket-factory.d.ts","C:\valente_conecta\node_modules\@supabase\realtime-js\dist\main\lib"
"C:\valente_conecta\node_modules\@supabase\realtime-js\dist\main\phoenix\channelAdapter.d.ts","channelAdapter.d.ts","C:\valente_conecta\node_modules\@supabase\realtime-js\dist\main\phoenix"
"C:\valente_conecta\node_modules\@supabase\realtime-js\dist\main\phoenix\presenceAdapter.d.ts","presenceAdapter.d.ts","C:\valente_conecta\node_modules\@supabase\realtime-js\dist\main\phoenix"
"C:\valente_conecta\node_modules\@supabase\realtime-js\dist\main\phoenix\socketAdapter.d.ts","socketAdapter.d.ts","C:\valente_conecta\node_modules\@supabase\realtime-js\dist\main\phoenix"
"C:\valente_conecta\node_modules\@supabase\realtime-js\dist\main\phoenix\types.d.ts","types.d.ts","C:\valente_conecta\node_modules\@supabase\realtime-js\dist\main\phoenix"
"C:\valente_conecta\node_modules\@supabase\realtime-js\dist\main\index.d.ts","index.d.ts","C:\valente_conecta\node_modules\@supabase\realtime-js\dist\main"
"C:\valente_conecta\node_modules\@supabase\realtime-js\dist\main\RealtimeChannel.d.ts","RealtimeChannel.d.ts","C:\valente_conecta\node_modules\@supabase\realtime-js\dist\main"
"C:\valente_conecta\node_modules\@supabase\realtime-js\dist\main\RealtimeClient.d.ts","RealtimeClient.d.ts","C:\valente_conecta\node_modules\@supabase\realtime-js\dist\main"
"C:\valente_conecta\node_modules\@supabase\realtime-js\dist\main\RealtimePostgresFilterBuilder.d.ts","RealtimePostgresFilterBuilder.d.ts","C:\valente_conecta\node_modules\@supabase\realtime-js\dist\main"
"C:\valente_conecta\node_modules\@supabase\realtime-js\dist\main\RealtimePresence.d.ts","RealtimePresence.d.ts","C:\valente_conecta\node_modules\@supabase\realtime-js\dist\main"
"C:\valente_conecta\node_modules\@supabase\realtime-js\dist\module\lib\constants.d.ts","constants.d.ts","C:\valente_conecta\node_modules\@supabase\realtime-js\dist\module\lib"
"C:\valente_conecta\node_modules\@supabase\realtime-js\dist\module\lib\normalizeChannelError.d.ts","normalizeChannelError.d.ts","C:\valente_conecta\node_modules\@supabase\realtime-js\dist\module\lib"
"C:\valente_conecta\node_modules\@supabase\realtime-js\dist\module\lib\serializer.d.ts","serializer.d.ts","C:\valente_conecta\node_modules\@supabase\realtime-js\dist\module\lib"
"C:\valente_conecta\node_modules\@supabase\realtime-js\dist\module\lib\transformers.d.ts","transformers.d.ts","C:\valente_conecta\node_modules\@supabase\realtime-js\dist\module\lib"
"C:\valente_conecta\node_modules\@supabase\realtime-js\dist\module\lib\version.d.ts","version.d.ts","C:\valente_conecta\node_modules\@supabase\realtime-js\dist\module\lib"
"C:\valente_conecta\node_modules\@supabase\realtime-js\dist\module\lib\websocket-factory.d.ts","websocket-factory.d.ts","C:\valente_conecta\node_modules\@supabase\realtime-js\dist\module\lib"
"C:\valente_conecta\node_modules\@supabase\realtime-js\dist\module\phoenix\channelAdapter.d.ts","channelAdapter.d.ts","C:\valente_conecta\node_modules\@supabase\realtime-js\dist\module\phoenix"
"C:\valente_conecta\node_modules\@supabase\realtime-js\dist\module\phoenix\presenceAdapter.d.ts","presenceAdapter.d.ts","C:\valente_conecta\node_modules\@supabase\realtime-js\dist\module\phoenix"
"C:\valente_conecta\node_modules\@supabase\realtime-js\dist\module\phoenix\socketAdapter.d.ts","socketAdapter.d.ts","C:\valente_conecta\node_modules\@supabase\realtime-js\dist\module\phoenix"
"C:\valente_conecta\node_modules\@supabase\realtime-js\dist\module\phoenix\types.d.ts","types.d.ts","C:\valente_conecta\node_modules\@supabase\realtime-js\dist\module\phoenix"
"C:\valente_conecta\node_modules\@supabase\realtime-js\dist\module\index.d.ts","index.d.ts","C:\valente_conecta\node_modules\@supabase\realtime-js\dist\module"
"C:\valente_conecta\node_modules\@supabase\realtime-js\dist\module\RealtimeChannel.d.ts","RealtimeChannel.d.ts","C:\valente_conecta\node_modules\@supabase\realtime-js\dist\module"
"C:\valente_conecta\node_modules\@supabase\realtime-js\dist\module\RealtimeClient.d.ts","RealtimeClient.d.ts","C:\valente_conecta\node_modules\@supabase\realtime-js\dist\module"
"C:\valente_conecta\node_modules\@supabase\realtime-js\dist\module\RealtimePostgresFilterBuilder.d.ts","RealtimePostgresFilterBuilder.d.ts","C:\valente_conecta\node_modules\@supabase\realtime-js\dist\module"
"C:\valente_conecta\node_modules\@supabase\realtime-js\dist\module\RealtimePresence.d.ts","RealtimePresence.d.ts","C:\valente_conecta\node_modules\@supabase\realtime-js\dist\module"
"C:\valente_conecta\node_modules\@supabase\realtime-js\src\lib\normalizeChannelError.ts","normalizeChannelError.ts","C:\valente_conecta\node_modules\@supabase\realtime-js\src\lib"
"C:\valente_conecta\node_modules\@supabase\realtime-js\src\lib\serializer.ts","serializer.ts","C:\valente_conecta\node_modules\@supabase\realtime-js\src\lib"
"C:\valente_conecta\node_modules\@supabase\realtime-js\src\lib\transformers.ts","transformers.ts","C:\valente_conecta\node_modules\@supabase\realtime-js\src\lib"
"C:\valente_conecta\node_modules\@supabase\realtime-js\src\lib\version.ts","version.ts","C:\valente_conecta\node_modules\@supabase\realtime-js\src\lib"
"C:\valente_conecta\node_modules\@supabase\realtime-js\src\lib\websocket-factory.ts","websocket-factory.ts","C:\valente_conecta\node_modules\@supabase\realtime-js\src\lib"
"C:\valente_conecta\node_modules\@supabase\realtime-js\src\phoenix\channelAdapter.ts","channelAdapter.ts","C:\valente_conecta\node_modules\@supabase\realtime-js\src\phoenix"
"C:\valente_conecta\node_modules\@supabase\realtime-js\src\phoenix\presenceAdapter.ts","presenceAdapter.ts","C:\valente_conecta\node_modules\@supabase\realtime-js\src\phoenix"
"C:\valente_conecta\node_modules\@supabase\realtime-js\src\phoenix\socketAdapter.ts","socketAdapter.ts","C:\valente_conecta\node_modules\@supabase\realtime-js\src\phoenix"
"C:\valente_conecta\node_modules\@supabase\realtime-js\src\index.ts","index.ts","C:\valente_conecta\node_modules\@supabase\realtime-js\src"
"C:\valente_conecta\node_modules\@supabase\realtime-js\src\RealtimeChannel.ts","RealtimeChannel.ts","C:\valente_conecta\node_modules\@supabase\realtime-js\src"
"C:\valente_conecta\node_modules\@supabase\realtime-js\src\RealtimeClient.ts","RealtimeClient.ts","C:\valente_conecta\node_modules\@supabase\realtime-js\src"
"C:\valente_conecta\node_modules\@supabase\realtime-js\src\RealtimePostgresFilterBuilder.ts","RealtimePostgresFilterBuilder.ts","C:\valente_conecta\node_modules\@supabase\realtime-js\src"
"C:\valente_conecta\node_modules\@supabase\realtime-js\src\RealtimePresence.ts","RealtimePresence.ts","C:\valente_conecta\node_modules\@supabase\realtime-js\src"
"C:\valente_conecta\node_modules\@supabase\storage-js\src\lib\common\BaseApiClient.ts","BaseApiClient.ts","C:\valente_conecta\node_modules\@supabase\storage-js\src\lib\common"
"C:\valente_conecta\node_modules\@supabase\storage-js\src\lib\common\errors.ts","errors.ts","C:\valente_conecta\node_modules\@supabase\storage-js\src\lib\common"
"C:\valente_conecta\node_modules\@supabase\storage-js\src\lib\common\fetch.ts","fetch.ts","C:\valente_conecta\node_modules\@supabase\storage-js\src\lib\common"
"C:\valente_conecta\node_modules\@supabase\storage-js\src\lib\common\headers.ts","headers.ts","C:\valente_conecta\node_modules\@supabase\storage-js\src\lib\common"
"C:\valente_conecta\node_modules\@supabase\storage-js\src\lib\common\helpers.ts","helpers.ts","C:\valente_conecta\node_modules\@supabase\storage-js\src\lib\common"
"C:\valente_conecta\node_modules\@supabase\storage-js\src\lib\version.ts","version.ts","C:\valente_conecta\node_modules\@supabase\storage-js\src\lib"
"C:\valente_conecta\node_modules\@supabase\storage-js\src\packages\BlobDownloadBuilder.ts","BlobDownloadBuilder.ts","C:\valente_conecta\node_modules\@supabase\storage-js\src\packages"
"C:\valente_conecta\node_modules\@supabase\storage-js\src\packages\StorageAnalyticsClient.ts","StorageAnalyticsClient.ts","C:\valente_conecta\node_modules\@supabase\storage-js\src\packages"
"C:\valente_conecta\node_modules\@supabase\storage-js\src\packages\StorageBucketApi.ts","StorageBucketApi.ts","C:\valente_conecta\node_modules\@supabase\storage-js\src\packages"
"C:\valente_conecta\node_modules\@supabase\storage-js\src\packages\StorageFileApi.ts","StorageFileApi.ts","C:\valente_conecta\node_modules\@supabase\storage-js\src\packages"
"C:\valente_conecta\node_modules\@supabase\storage-js\src\packages\StorageVectorsClient.ts","StorageVectorsClient.ts","C:\valente_conecta\node_modules\@supabase\storage-js\src\packages"
"C:\valente_conecta\node_modules\@supabase\storage-js\src\packages\StreamDownloadBuilder.ts","StreamDownloadBuilder.ts","C:\valente_conecta\node_modules\@supabase\storage-js\src\packages"
"C:\valente_conecta\node_modules\@supabase\storage-js\src\packages\VectorBucketApi.ts","VectorBucketApi.ts","C:\valente_conecta\node_modules\@supabase\storage-js\src\packages"
"C:\valente_conecta\node_modules\@supabase\storage-js\src\packages\VectorDataApi.ts","VectorDataApi.ts","C:\valente_conecta\node_modules\@supabase\storage-js\src\packages"
"C:\valente_conecta\node_modules\@supabase\storage-js\src\packages\VectorIndexApi.ts","VectorIndexApi.ts","C:\valente_conecta\node_modules\@supabase\storage-js\src\packages"
"C:\valente_conecta\node_modules\@supabase\storage-js\src\index.ts","index.ts","C:\valente_conecta\node_modules\@supabase\storage-js\src"
"C:\valente_conecta\node_modules\@supabase\storage-js\src\StorageClient.ts","StorageClient.ts","C:\valente_conecta\node_modules\@supabase\storage-js\src"
"C:\valente_conecta\node_modules\@supabase\supabase-js\src\lib\rest\types\common\common.ts","common.ts","C:\valente_conecta\node_modules\@supabase\supabase-js\src\lib\rest\types\common"
"C:\valente_conecta\node_modules\@supabase\supabase-js\src\lib\rest\types\common\rpc.ts","rpc.ts","C:\valente_conecta\node_modules\@supabase\supabase-js\src\lib\rest\types\common"
"C:\valente_conecta\node_modules\@supabase\supabase-js\src\lib\fetch.ts","fetch.ts","C:\valente_conecta\node_modules\@supabase\supabase-js\src\lib"
"C:\valente_conecta\node_modules\@supabase\supabase-js\src\lib\helpers.ts","helpers.ts","C:\valente_conecta\node_modules\@supabase\supabase-js\src\lib"
"C:\valente_conecta\node_modules\@supabase\supabase-js\src\lib\SupabaseAuthClient.ts","SupabaseAuthClient.ts","C:\valente_conecta\node_modules\@supabase\supabase-js\src\lib"
"C:\valente_conecta\node_modules\@supabase\supabase-js\src\lib\version.ts","version.ts","C:\valente_conecta\node_modules\@supabase\supabase-js\src\lib"
"C:\valente_conecta\node_modules\@supabase\supabase-js\src\cors.ts","cors.ts","C:\valente_conecta\node_modules\@supabase\supabase-js\src"
"C:\valente_conecta\node_modules\@supabase\supabase-js\src\index.ts","index.ts","C:\valente_conecta\node_modules\@supabase\supabase-js\src"
"C:\valente_conecta\node_modules\@supabase\supabase-js\src\SupabaseClient.ts","SupabaseClient.ts","C:\valente_conecta\node_modules\@supabase\supabase-js\src"
"C:\valente_conecta\node_modules\@types\d3-array\index.d.ts","index.d.ts","C:\valente_conecta\node_modules\@types\d3-array"
"C:\valente_conecta\node_modules\@types\d3-color\index.d.ts","index.d.ts","C:\valente_conecta\node_modules\@types\d3-color"
"C:\valente_conecta\node_modules\@types\d3-ease\index.d.ts","index.d.ts","C:\valente_conecta\node_modules\@types\d3-ease"
"C:\valente_conecta\node_modules\@types\d3-interpolate\index.d.ts","index.d.ts","C:\valente_conecta\node_modules\@types\d3-interpolate"
"C:\valente_conecta\node_modules\@types\d3-path\index.d.ts","index.d.ts","C:\valente_conecta\node_modules\@types\d3-path"
"C:\valente_conecta\node_modules\@types\d3-scale\index.d.ts","index.d.ts","C:\valente_conecta\node_modules\@types\d3-scale"
"C:\valente_conecta\node_modules\@types\d3-shape\index.d.ts","index.d.ts","C:\valente_conecta\node_modules\@types\d3-shape"
"C:\valente_conecta\node_modules\@types\d3-time\index.d.ts","index.d.ts","C:\valente_conecta\node_modules\@types\d3-time"
"C:\valente_conecta\node_modules\@types\d3-timer\index.d.ts","index.d.ts","C:\valente_conecta\node_modules\@types\d3-timer"
"C:\valente_conecta\node_modules\@types\emscripten\index.d.ts","index.d.ts","C:\valente_conecta\node_modules\@types\emscripten"
"C:\valente_conecta\node_modules\@types\node\assert\strict.d.ts","strict.d.ts","C:\valente_conecta\node_modules\@types\node\assert"
"C:\valente_conecta\node_modules\@types\node\compatibility\disposable.d.ts","disposable.d.ts","C:\valente_conecta\node_modules\@types\node\compatibility"
"C:\valente_conecta\node_modules\@types\node\compatibility\index.d.ts","index.d.ts","C:\valente_conecta\node_modules\@types\node\compatibility"
"C:\valente_conecta\node_modules\@types\node\compatibility\indexable.d.ts","indexable.d.ts","C:\valente_conecta\node_modules\@types\node\compatibility"
"C:\valente_conecta\node_modules\@types\node\compatibility\iterators.d.ts","iterators.d.ts","C:\valente_conecta\node_modules\@types\node\compatibility"
"C:\valente_conecta\node_modules\@types\node\dns\promises.d.ts","promises.d.ts","C:\valente_conecta\node_modules\@types\node\dns"
"C:\valente_conecta\node_modules\@types\node\fs\promises.d.ts","promises.d.ts","C:\valente_conecta\node_modules\@types\node\fs"
"C:\valente_conecta\node_modules\@types\node\readline\promises.d.ts","promises.d.ts","C:\valente_conecta\node_modules\@types\node\readline"
"C:\valente_conecta\node_modules\@types\node\stream\consumers.d.ts","consumers.d.ts","C:\valente_conecta\node_modules\@types\node\stream"
"C:\valente_conecta\node_modules\@types\node\stream\promises.d.ts","promises.d.ts","C:\valente_conecta\node_modules\@types\node\stream"
"C:\valente_conecta\node_modules\@types\node\stream\web.d.ts","web.d.ts","C:\valente_conecta\node_modules\@types\node\stream"
"C:\valente_conecta\node_modules\@types\node\timers\promises.d.ts","promises.d.ts","C:\valente_conecta\node_modules\@types\node\timers"
"C:\valente_conecta\node_modules\@types\node\ts5.6\buffer.buffer.d.ts","buffer.buffer.d.ts","C:\valente_conecta\node_modules\@types\node\ts5.6"
"C:\valente_conecta\node_modules\@types\node\ts5.6\globals.typedarray.d.ts","globals.typedarray.d.ts","C:\valente_conecta\node_modules\@types\node\ts5.6"
"C:\valente_conecta\node_modules\@types\node\ts5.6\index.d.ts","index.d.ts","C:\valente_conecta\node_modules\@types\node\ts5.6"
"C:\valente_conecta\node_modules\@types\node\web-globals\abortcontroller.d.ts","abortcontroller.d.ts","C:\valente_conecta\node_modules\@types\node\web-globals"
"C:\valente_conecta\node_modules\@types\node\web-globals\domexception.d.ts","domexception.d.ts","C:\valente_conecta\node_modules\@types\node\web-globals"
"C:\valente_conecta\node_modules\@types\node\web-globals\events.d.ts","events.d.ts","C:\valente_conecta\node_modules\@types\node\web-globals"
"C:\valente_conecta\node_modules\@types\node\web-globals\fetch.d.ts","fetch.d.ts","C:\valente_conecta\node_modules\@types\node\web-globals"
"C:\valente_conecta\node_modules\@types\node\assert.d.ts","assert.d.ts","C:\valente_conecta\node_modules\@types\node"
"C:\valente_conecta\node_modules\@types\node\async_hooks.d.ts","async_hooks.d.ts","C:\valente_conecta\node_modules\@types\node"
"C:\valente_conecta\node_modules\@types\node\buffer.buffer.d.ts","buffer.buffer.d.ts","C:\valente_conecta\node_modules\@types\node"
"C:\valente_conecta\node_modules\@types\node\buffer.d.ts","buffer.d.ts","C:\valente_conecta\node_modules\@types\node"
"C:\valente_conecta\node_modules\@types\node\child_process.d.ts","child_process.d.ts","C:\valente_conecta\node_modules\@types\node"
"C:\valente_conecta\node_modules\@types\node\cluster.d.ts","cluster.d.ts","C:\valente_conecta\node_modules\@types\node"
"C:\valente_conecta\node_modules\@types\node\console.d.ts","console.d.ts","C:\valente_conecta\node_modules\@types\node"
"C:\valente_conecta\node_modules\@types\node\constants.d.ts","constants.d.ts","C:\valente_conecta\node_modules\@types\node"
"C:\valente_conecta\node_modules\@types\node\crypto.d.ts","crypto.d.ts","C:\valente_conecta\node_modules\@types\node"
"C:\valente_conecta\node_modules\@types\node\dgram.d.ts","dgram.d.ts","C:\valente_conecta\node_modules\@types\node"
"C:\valente_conecta\node_modules\@types\node\diagnostics_channel.d.ts","diagnostics_channel.d.ts","C:\valente_conecta\node_modules\@types\node"
"C:\valente_conecta\node_modules\@types\node\dns.d.ts","dns.d.ts","C:\valente_conecta\node_modules\@types\node"
"C:\valente_conecta\node_modules\@types\node\domain.d.ts","domain.d.ts","C:\valente_conecta\node_modules\@types\node"
"C:\valente_conecta\node_modules\@types\node\events.d.ts","events.d.ts","C:\valente_conecta\node_modules\@types\node"
"C:\valente_conecta\node_modules\@types\node\fs.d.ts","fs.d.ts","C:\valente_conecta\node_modules\@types\node"
"C:\valente_conecta\node_modules\@types\node\globals.d.ts","globals.d.ts","C:\valente_conecta\node_modules\@types\node"
"C:\valente_conecta\node_modules\@types\node\globals.typedarray.d.ts","globals.typedarray.d.ts","C:\valente_conecta\node_modules\@types\node"
"C:\valente_conecta\node_modules\@types\node\http.d.ts","http.d.ts","C:\valente_conecta\node_modules\@types\node"
"C:\valente_conecta\node_modules\@types\node\http2.d.ts","http2.d.ts","C:\valente_conecta\node_modules\@types\node"
"C:\valente_conecta\node_modules\@types\node\https.d.ts","https.d.ts","C:\valente_conecta\node_modules\@types\node"
"C:\valente_conecta\node_modules\@types\node\index.d.ts","index.d.ts","C:\valente_conecta\node_modules\@types\node"
"C:\valente_conecta\node_modules\@types\node\inspector.generated.d.ts","inspector.generated.d.ts","C:\valente_conecta\node_modules\@types\node"
"C:\valente_conecta\node_modules\@types\node\module.d.ts","module.d.ts","C:\valente_conecta\node_modules\@types\node"
"C:\valente_conecta\node_modules\@types\node\net.d.ts","net.d.ts","C:\valente_conecta\node_modules\@types\node"
"C:\valente_conecta\node_modules\@types\node\path.d.ts","path.d.ts","C:\valente_conecta\node_modules\@types\node"
"C:\valente_conecta\node_modules\@types\node\perf_hooks.d.ts","perf_hooks.d.ts","C:\valente_conecta\node_modules\@types\node"
"C:\valente_conecta\node_modules\@types\node\process.d.ts","process.d.ts","C:\valente_conecta\node_modules\@types\node"
"C:\valente_conecta\node_modules\@types\node\punycode.d.ts","punycode.d.ts","C:\valente_conecta\node_modules\@types\node"
"C:\valente_conecta\node_modules\@types\node\querystring.d.ts","querystring.d.ts","C:\valente_conecta\node_modules\@types\node"
"C:\valente_conecta\node_modules\@types\node\readline.d.ts","readline.d.ts","C:\valente_conecta\node_modules\@types\node"
"C:\valente_conecta\node_modules\@types\node\repl.d.ts","repl.d.ts","C:\valente_conecta\node_modules\@types\node"
"C:\valente_conecta\node_modules\@types\node\sea.d.ts","sea.d.ts","C:\valente_conecta\node_modules\@types\node"
"C:\valente_conecta\node_modules\@types\node\stream.d.ts","stream.d.ts","C:\valente_conecta\node_modules\@types\node"
"C:\valente_conecta\node_modules\@types\node\string_decoder.d.ts","string_decoder.d.ts","C:\valente_conecta\node_modules\@types\node"
"C:\valente_conecta\node_modules\@types\node\test.d.ts","test.d.ts","C:\valente_conecta\node_modules\@types\node"
"C:\valente_conecta\node_modules\@types\node\timers.d.ts","timers.d.ts","C:\valente_conecta\node_modules\@types\node"
"C:\valente_conecta\node_modules\@types\node\tls.d.ts","tls.d.ts","C:\valente_conecta\node_modules\@types\node"
"C:\valente_conecta\node_modules\@types\node\trace_events.d.ts","trace_events.d.ts","C:\valente_conecta\node_modules\@types\node"
"C:\valente_conecta\node_modules\@types\node\tty.d.ts","tty.d.ts","C:\valente_conecta\node_modules\@types\node"
"C:\valente_conecta\node_modules\@types\node\url.d.ts","url.d.ts","C:\valente_conecta\node_modules\@types\node"
"C:\valente_conecta\node_modules\@types\node\util.d.ts","util.d.ts","C:\valente_conecta\node_modules\@types\node"
"C:\valente_conecta\node_modules\@types\node\v8.d.ts","v8.d.ts","C:\valente_conecta\node_modules\@types\node"
"C:\valente_conecta\node_modules\@types\node\vm.d.ts","vm.d.ts","C:\valente_conecta\node_modules\@types\node"
"C:\valente_conecta\node_modules\@types\node\wasi.d.ts","wasi.d.ts","C:\valente_conecta\node_modules\@types\node"
"C:\valente_conecta\node_modules\@types\node\worker_threads.d.ts","worker_threads.d.ts","C:\valente_conecta\node_modules\@types\node"
"C:\valente_conecta\node_modules\@types\node\zlib.d.ts","zlib.d.ts","C:\valente_conecta\node_modules\@types\node"
"C:\valente_conecta\node_modules\@types\pako\index.d.ts","index.d.ts","C:\valente_conecta\node_modules\@types\pako"
"C:\valente_conecta\node_modules\@types\prop-types\index.d.ts","index.d.ts","C:\valente_conecta\node_modules\@types\prop-types"
"C:\valente_conecta\node_modules\@types\raf\index.d.ts","index.d.ts","C:\valente_conecta\node_modules\@types\raf"
"C:\valente_conecta\node_modules\@types\react\ts5.0\canary.d.ts","canary.d.ts","C:\valente_conecta\node_modules\@types\react\ts5.0"
"C:\valente_conecta\node_modules\@types\react\ts5.0\experimental.d.ts","experimental.d.ts","C:\valente_conecta\node_modules\@types\react\ts5.0"
"C:\valente_conecta\node_modules\@types\react\ts5.0\global.d.ts","global.d.ts","C:\valente_conecta\node_modules\@types\react\ts5.0"
"C:\valente_conecta\node_modules\@types\react\ts5.0\index.d.ts","index.d.ts","C:\valente_conecta\node_modules\@types\react\ts5.0"
"C:\valente_conecta\node_modules\@types\react\ts5.0\jsx-dev-runtime.d.ts","jsx-dev-runtime.d.ts","C:\valente_conecta\node_modules\@types\react\ts5.0"
"C:\valente_conecta\node_modules\@types\react\ts5.0\jsx-runtime.d.ts","jsx-runtime.d.ts","C:\valente_conecta\node_modules\@types\react\ts5.0"
"C:\valente_conecta\node_modules\@types\react\canary.d.ts","canary.d.ts","C:\valente_conecta\node_modules\@types\react"
"C:\valente_conecta\node_modules\@types\react\experimental.d.ts","experimental.d.ts","C:\valente_conecta\node_modules\@types\react"
"C:\valente_conecta\node_modules\@types\react\global.d.ts","global.d.ts","C:\valente_conecta\node_modules\@types\react"
"C:\valente_conecta\node_modules\@types\react\index.d.ts","index.d.ts","C:\valente_conecta\node_modules\@types\react"
"C:\valente_conecta\node_modules\@types\react\jsx-dev-runtime.d.ts","jsx-dev-runtime.d.ts","C:\valente_conecta\node_modules\@types\react"
"C:\valente_conecta\node_modules\@types\react\jsx-runtime.d.ts","jsx-runtime.d.ts","C:\valente_conecta\node_modules\@types\react"
"C:\valente_conecta\node_modules\@types\react-dom\test-utils\index.d.ts","index.d.ts","C:\valente_conecta\node_modules\@types\react-dom\test-utils"
"C:\valente_conecta\node_modules\@types\react-dom\canary.d.ts","canary.d.ts","C:\valente_conecta\node_modules\@types\react-dom"
"C:\valente_conecta\node_modules\@types\react-dom\client.d.ts","client.d.ts","C:\valente_conecta\node_modules\@types\react-dom"
"C:\valente_conecta\node_modules\@types\react-dom\experimental.d.ts","experimental.d.ts","C:\valente_conecta\node_modules\@types\react-dom"
"C:\valente_conecta\node_modules\@types\react-dom\index.d.ts","index.d.ts","C:\valente_conecta\node_modules\@types\react-dom"
"C:\valente_conecta\node_modules\@types\react-dom\server.d.ts","server.d.ts","C:\valente_conecta\node_modules\@types\react-dom"
"C:\valente_conecta\node_modules\@types\trusted-types\lib\index.d.ts","index.d.ts","C:\valente_conecta\node_modules\@types\trusted-types\lib"
"C:\valente_conecta\node_modules\@types\trusted-types\index.d.ts","index.d.ts","C:\valente_conecta\node_modules\@types\trusted-types"
"C:\valente_conecta\node_modules\@types\use-sync-external-store\shim\index.d.ts","index.d.ts","C:\valente_conecta\node_modules\@types\use-sync-external-store\shim"
"C:\valente_conecta\node_modules\@types\use-sync-external-store\shim\with-selector.d.ts","with-selector.d.ts","C:\valente_conecta\node_modules\@types\use-sync-external-store\shim"
"C:\valente_conecta\node_modules\@types\use-sync-external-store\index.d.ts","index.d.ts","C:\valente_conecta\node_modules\@types\use-sync-external-store"
"C:\valente_conecta\node_modules\@types\use-sync-external-store\with-selector.d.ts","with-selector.d.ts","C:\valente_conecta\node_modules\@types\use-sync-external-store"
"C:\valente_conecta\node_modules\@types\web-push\index.d.ts","index.d.ts","C:\valente_conecta\node_modules\@types\web-push"
"C:\valente_conecta\node_modules\@yudiel\react-qr-scanner\dist\assets\base64Beep.d.ts","base64Beep.d.ts","C:\valente_conecta\node_modules\@yudiel\react-qr-scanner\dist\assets"
"C:\valente_conecta\node_modules\@yudiel\react-qr-scanner\dist\assets\CameraOffIcon.d.ts","CameraOffIcon.d.ts","C:\valente_conecta\node_modules\@yudiel\react-qr-scanner\dist\assets"
"C:\valente_conecta\node_modules\@yudiel\react-qr-scanner\dist\assets\CameraOnIcon.d.ts","CameraOnIcon.d.ts","C:\valente_conecta\node_modules\@yudiel\react-qr-scanner\dist\assets"
"C:\valente_conecta\node_modules\@yudiel\react-qr-scanner\dist\assets\TorchOffIcon.d.ts","TorchOffIcon.d.ts","C:\valente_conecta\node_modules\@yudiel\react-qr-scanner\dist\assets"
"C:\valente_conecta\node_modules\@yudiel\react-qr-scanner\dist\assets\TorchOnIcon.d.ts","TorchOnIcon.d.ts","C:\valente_conecta\node_modules\@yudiel\react-qr-scanner\dist\assets"
"C:\valente_conecta\node_modules\@yudiel\react-qr-scanner\dist\assets\ZoomInIcon.d.ts","ZoomInIcon.d.ts","C:\valente_conecta\node_modules\@yudiel\react-qr-scanner\dist\assets"
"C:\valente_conecta\node_modules\@yudiel\react-qr-scanner\dist\assets\ZoomOutIcon.d.ts","ZoomOutIcon.d.ts","C:\valente_conecta\node_modules\@yudiel\react-qr-scanner\dist\assets"
"C:\valente_conecta\node_modules\@yudiel\react-qr-scanner\dist\components\Finder.d.ts","Finder.d.ts","C:\valente_conecta\node_modules\@yudiel\react-qr-scanner\dist\components"
"C:\valente_conecta\node_modules\@yudiel\react-qr-scanner\dist\components\OnOff.d.ts","OnOff.d.ts","C:\valente_conecta\node_modules\@yudiel\react-qr-scanner\dist\components"
"C:\valente_conecta\node_modules\@yudiel\react-qr-scanner\dist\components\Scanner.d.ts","Scanner.d.ts","C:\valente_conecta\node_modules\@yudiel\react-qr-scanner\dist\components"
"C:\valente_conecta\node_modules\@yudiel\react-qr-scanner\dist\components\Torch.d.ts","Torch.d.ts","C:\valente_conecta\node_modules\@yudiel\react-qr-scanner\dist\components"
"C:\valente_conecta\node_modules\@yudiel\react-qr-scanner\dist\components\Zoom.d.ts","Zoom.d.ts","C:\valente_conecta\node_modules\@yudiel\react-qr-scanner\dist\components"
"C:\valente_conecta\node_modules\@yudiel\react-qr-scanner\dist\hooks\useCamera.d.ts","useCamera.d.ts","C:\valente_conecta\node_modules\@yudiel\react-qr-scanner\dist\hooks"
"C:\valente_conecta\node_modules\@yudiel\react-qr-scanner\dist\hooks\useDevices.d.ts","useDevices.d.ts","C:\valente_conecta\node_modules\@yudiel\react-qr-scanner\dist\hooks"
"C:\valente_conecta\node_modules\@yudiel\react-qr-scanner\dist\hooks\useScanner.d.ts","useScanner.d.ts","C:\valente_conecta\node_modules\@yudiel\react-qr-scanner\dist\hooks"
"C:\valente_conecta\node_modules\@yudiel\react-qr-scanner\dist\misc\defaultComponents.d.ts","defaultComponents.d.ts","C:\valente_conecta\node_modules\@yudiel\react-qr-scanner\dist\misc"
"C:\valente_conecta\node_modules\@yudiel\react-qr-scanner\dist\misc\defaultConstraints.d.ts","defaultConstraints.d.ts","C:\valente_conecta\node_modules\@yudiel\react-qr-scanner\dist\misc"
"C:\valente_conecta\node_modules\@yudiel\react-qr-scanner\dist\misc\defaultStyles.d.ts","defaultStyles.d.ts","C:\valente_conecta\node_modules\@yudiel\react-qr-scanner\dist\misc"
"C:\valente_conecta\node_modules\@yudiel\react-qr-scanner\dist\misc\index.d.ts","index.d.ts","C:\valente_conecta\node_modules\@yudiel\react-qr-scanner\dist\misc"
"C:\valente_conecta\node_modules\@yudiel\react-qr-scanner\dist\misc\overlays.d.ts","overlays.d.ts","C:\valente_conecta\node_modules\@yudiel\react-qr-scanner\dist\misc"
"C:\valente_conecta\node_modules\@yudiel\react-qr-scanner\dist\types\IBoundingBox.d.ts","IBoundingBox.d.ts","C:\valente_conecta\node_modules\@yudiel\react-qr-scanner\dist\types"
"C:\valente_conecta\node_modules\@yudiel\react-qr-scanner\dist\types\IDetectedBarcode.d.ts","IDetectedBarcode.d.ts","C:\valente_conecta\node_modules\@yudiel\react-qr-scanner\dist\types"
"C:\valente_conecta\node_modules\@yudiel\react-qr-scanner\dist\types\index.d.ts","index.d.ts","C:\valente_conecta\node_modules\@yudiel\react-qr-scanner\dist\types"
"C:\valente_conecta\node_modules\@yudiel\react-qr-scanner\dist\types\IPoint.d.ts","IPoint.d.ts","C:\valente_conecta\node_modules\@yudiel\react-qr-scanner\dist\types"
"C:\valente_conecta\node_modules\@yudiel\react-qr-scanner\dist\types\IScannerClassNames.d.ts","IScannerClassNames.d.ts","C:\valente_conecta\node_modules\@yudiel\react-qr-scanner\dist\types"
"C:\valente_conecta\node_modules\@yudiel\react-qr-scanner\dist\types\IScannerComponents.d.ts","IScannerComponents.d.ts","C:\valente_conecta\node_modules\@yudiel\react-qr-scanner\dist\types"
"C:\valente_conecta\node_modules\@yudiel\react-qr-scanner\dist\types\IScannerError.d.ts","IScannerError.d.ts","C:\valente_conecta\node_modules\@yudiel\react-qr-scanner\dist\types"
"C:\valente_conecta\node_modules\@yudiel\react-qr-scanner\dist\types\IScannerHandle.d.ts","IScannerHandle.d.ts","C:\valente_conecta\node_modules\@yudiel\react-qr-scanner\dist\types"
"C:\valente_conecta\node_modules\@yudiel\react-qr-scanner\dist\types\IScannerStyles.d.ts","IScannerStyles.d.ts","C:\valente_conecta\node_modules\@yudiel\react-qr-scanner\dist\types"
"C:\valente_conecta\node_modules\@yudiel\react-qr-scanner\dist\types\IStartCamera.d.ts","IStartCamera.d.ts","C:\valente_conecta\node_modules\@yudiel\react-qr-scanner\dist\types"
"C:\valente_conecta\node_modules\@yudiel\react-qr-scanner\dist\types\IStartTaskResult.d.ts","IStartTaskResult.d.ts","C:\valente_conecta\node_modules\@yudiel\react-qr-scanner\dist\types"
"C:\valente_conecta\node_modules\@yudiel\react-qr-scanner\dist\types\IStopTaskResult.d.ts","IStopTaskResult.d.ts","C:\valente_conecta\node_modules\@yudiel\react-qr-scanner\dist\types"
"C:\valente_conecta\node_modules\@yudiel\react-qr-scanner\dist\types\IUseScannerState.d.ts","IUseScannerState.d.ts","C:\valente_conecta\node_modules\@yudiel\react-qr-scanner\dist\types"
"C:\valente_conecta\node_modules\@yudiel\react-qr-scanner\dist\types\TrackFunction.d.ts","TrackFunction.d.ts","C:\valente_conecta\node_modules\@yudiel\react-qr-scanner\dist\types"
"C:\valente_conecta\node_modules\@yudiel\react-qr-scanner\dist\utilities\createScannerError.d.ts","createScannerError.d.ts","C:\valente_conecta\node_modules\@yudiel\react-qr-scanner\dist\utilities"
"C:\valente_conecta\node_modules\@yudiel\react-qr-scanner\dist\utilities\deepEqual.d.ts","deepEqual.d.ts","C:\valente_conecta\node_modules\@yudiel\react-qr-scanner\dist\utilities"
"C:\valente_conecta\node_modules\@yudiel\react-qr-scanner\dist\utilities\isBarcodeDetectorSupported.d.ts","isBarcodeDetectorSupported.d.ts","C:\valente_conecta\node_modules\@yudiel\react-qr-scanner\dist\utilities"
"C:\valente_conecta\node_modules\@yudiel\react-qr-scanner\dist\utilities\isDateObject.d.ts","isDateObject.d.ts","C:\valente_conecta\node_modules\@yudiel\react-qr-scanner\dist\utilities"
"C:\valente_conecta\node_modules\@yudiel\react-qr-scanner\dist\utilities\isNullOrUndefined.d.ts","isNullOrUndefined.d.ts","C:\valente_conecta\node_modules\@yudiel\react-qr-scanner\dist\utilities"
"C:\valente_conecta\node_modules\@yudiel\react-qr-scanner\dist\utilities\isObject.d.ts","isObject.d.ts","C:\valente_conecta\node_modules\@yudiel\react-qr-scanner\dist\utilities"
"C:\valente_conecta\node_modules\@yudiel\react-qr-scanner\dist\utilities\isPrimitive.d.ts","isPrimitive.d.ts","C:\valente_conecta\node_modules\@yudiel\react-qr-scanner\dist\utilities"
"C:\valente_conecta\node_modules\@yudiel\react-qr-scanner\dist\index.d.ts","index.d.ts","C:\valente_conecta\node_modules\@yudiel\react-qr-scanner\dist"
"C:\valente_conecta\node_modules\agent-base\dist\helpers.d.ts","helpers.d.ts","C:\valente_conecta\node_modules\agent-base\dist"
"C:\valente_conecta\node_modules\agent-base\dist\index.d.ts","index.d.ts","C:\valente_conecta\node_modules\agent-base\dist"
"C:\valente_conecta\node_modules\any-promise\register\bluebird.d.ts","bluebird.d.ts","C:\valente_conecta\node_modules\any-promise\register"
"C:\valente_conecta\node_modules\any-promise\register\es6-promise.d.ts","es6-promise.d.ts","C:\valente_conecta\node_modules\any-promise\register"
"C:\valente_conecta\node_modules\any-promise\register\lie.d.ts","lie.d.ts","C:\valente_conecta\node_modules\any-promise\register"
"C:\valente_conecta\node_modules\any-promise\register\native-promise-only.d.ts","native-promise-only.d.ts","C:\valente_conecta\node_modules\any-promise\register"
"C:\valente_conecta\node_modules\any-promise\register\pinkie.d.ts","pinkie.d.ts","C:\valente_conecta\node_modules\any-promise\register"
"C:\valente_conecta\node_modules\any-promise\register\promise.d.ts","promise.d.ts","C:\valente_conecta\node_modules\any-promise\register"
"C:\valente_conecta\node_modules\any-promise\register\q.d.ts","q.d.ts","C:\valente_conecta\node_modules\any-promise\register"
"C:\valente_conecta\node_modules\any-promise\register\rsvp.d.ts","rsvp.d.ts","C:\valente_conecta\node_modules\any-promise\register"
"C:\valente_conecta\node_modules\any-promise\register\vow.d.ts","vow.d.ts","C:\valente_conecta\node_modules\any-promise\register"
"C:\valente_conecta\node_modules\any-promise\register\when.d.ts","when.d.ts","C:\valente_conecta\node_modules\any-promise\register"
"C:\valente_conecta\node_modules\any-promise\implementation.d.ts","implementation.d.ts","C:\valente_conecta\node_modules\any-promise"
"C:\valente_conecta\node_modules\any-promise\index.d.ts","index.d.ts","C:\valente_conecta\node_modules\any-promise"
"C:\valente_conecta\node_modules\any-promise\register.d.ts","register.d.ts","C:\valente_conecta\node_modules\any-promise"
"C:\valente_conecta\node_modules\anymatch\index.d.ts","index.d.ts","C:\valente_conecta\node_modules\anymatch"
"C:\valente_conecta\node_modules\arg\index.d.ts","index.d.ts","C:\valente_conecta\node_modules\arg"
"C:\valente_conecta\node_modules\autoprefixer\lib\autoprefixer.d.ts","autoprefixer.d.ts","C:\valente_conecta\node_modules\autoprefixer\lib"
"C:\valente_conecta\node_modules\barcode-detector\dist\cjs\core.d.ts","core.d.ts","C:\valente_conecta\node_modules\barcode-detector\dist\cjs"
"C:\valente_conecta\node_modules\barcode-detector\dist\cjs\index.d.ts","index.d.ts","C:\valente_conecta\node_modules\barcode-detector\dist\cjs"
"C:\valente_conecta\node_modules\barcode-detector\dist\cjs\polyfill.d.ts","polyfill.d.ts","C:\valente_conecta\node_modules\barcode-detector\dist\cjs"
"C:\valente_conecta\node_modules\barcode-detector\dist\cjs\ponyfill.d.ts","ponyfill.d.ts","C:\valente_conecta\node_modules\barcode-detector\dist\cjs"
"C:\valente_conecta\node_modules\barcode-detector\dist\cjs\utils.d.ts","utils.d.ts","C:\valente_conecta\node_modules\barcode-detector\dist\cjs"
"C:\valente_conecta\node_modules\barcode-detector\dist\cjs\zxing-exported.d.ts","zxing-exported.d.ts","C:\valente_conecta\node_modules\barcode-detector\dist\cjs"
"C:\valente_conecta\node_modules\barcode-detector\dist\es\core.d.ts","core.d.ts","C:\valente_conecta\node_modules\barcode-detector\dist\es"
"C:\valente_conecta\node_modules\barcode-detector\dist\es\index.d.ts","index.d.ts","C:\valente_conecta\node_modules\barcode-detector\dist\es"
"C:\valente_conecta\node_modules\barcode-detector\dist\es\polyfill.d.ts","polyfill.d.ts","C:\valente_conecta\node_modules\barcode-detector\dist\es"
"C:\valente_conecta\node_modules\barcode-detector\dist\es\ponyfill.d.ts","ponyfill.d.ts","C:\valente_conecta\node_modules\barcode-detector\dist\es"
"C:\valente_conecta\node_modules\barcode-detector\dist\es\utils.d.ts","utils.d.ts","C:\valente_conecta\node_modules\barcode-detector\dist\es"
"C:\valente_conecta\node_modules\barcode-detector\dist\es\zxing-exported.d.ts","zxing-exported.d.ts","C:\valente_conecta\node_modules\barcode-detector\dist\es"
"C:\valente_conecta\node_modules\base64-arraybuffer\dist\types\index.d.ts","index.d.ts","C:\valente_conecta\node_modules\base64-arraybuffer\dist\types"
"C:\valente_conecta\node_modules\base64-arraybuffer\rollup.config.ts","rollup.config.ts","C:\valente_conecta\node_modules\base64-arraybuffer"
"C:\valente_conecta\node_modules\base64-js\index.d.ts","index.d.ts","C:\valente_conecta\node_modules\base64-js"
"C:\valente_conecta\node_modules\baseline-browser-mapping\dist\index.d.ts","index.d.ts","C:\valente_conecta\node_modules\baseline-browser-mapping\dist"
"C:\valente_conecta\node_modules\binary-extensions\binary-extensions.json.d.ts","binary-extensions.json.d.ts","C:\valente_conecta\node_modules\binary-extensions"
"C:\valente_conecta\node_modules\binary-extensions\index.d.ts","index.d.ts","C:\valente_conecta\node_modules\binary-extensions"
"C:\valente_conecta\node_modules\body-parser\node_modules\content-type\dist\index.d.ts","index.d.ts","C:\valente_conecta\node_modules\body-parser\node_modules\content-type\dist"
"C:\valente_conecta\node_modules\browserslist\error.d.ts","error.d.ts","C:\valente_conecta\node_modules\browserslist"
"C:\valente_conecta\node_modules\browserslist\index.d.ts","index.d.ts","C:\valente_conecta\node_modules\browserslist"
"C:\valente_conecta\node_modules\buffer\index.d.ts","index.d.ts","C:\valente_conecta\node_modules\buffer"
"C:\valente_conecta\node_modules\bull\index.d.ts","index.d.ts","C:\valente_conecta\node_modules\bull"
"C:\valente_conecta\node_modules\call-bind-apply-helpers\actualApply.d.ts","actualApply.d.ts","C:\valente_conecta\node_modules\call-bind-apply-helpers"
"C:\valente_conecta\node_modules\call-bind-apply-helpers\applyBind.d.ts","applyBind.d.ts","C:\valente_conecta\node_modules\call-bind-apply-helpers"
"C:\valente_conecta\node_modules\call-bind-apply-helpers\functionApply.d.ts","functionApply.d.ts","C:\valente_conecta\node_modules\call-bind-apply-helpers"
"C:\valente_conecta\node_modules\call-bind-apply-helpers\functionCall.d.ts","functionCall.d.ts","C:\valente_conecta\node_modules\call-bind-apply-helpers"
"C:\valente_conecta\node_modules\call-bind-apply-helpers\index.d.ts","index.d.ts","C:\valente_conecta\node_modules\call-bind-apply-helpers"
"C:\valente_conecta\node_modules\call-bind-apply-helpers\reflectApply.d.ts","reflectApply.d.ts","C:\valente_conecta\node_modules\call-bind-apply-helpers"
"C:\valente_conecta\node_modules\call-bound\index.d.ts","index.d.ts","C:\valente_conecta\node_modules\call-bound"
"C:\valente_conecta\node_modules\canvg\lib\Document\AElement.d.ts","AElement.d.ts","C:\valente_conecta\node_modules\canvg\lib\Document"
"C:\valente_conecta\node_modules\canvg\lib\Document\AnimateColorElement.d.ts","AnimateColorElement.d.ts","C:\valente_conecta\node_modules\canvg\lib\Document"
"C:\valente_conecta\node_modules\canvg\lib\Document\AnimateElement.d.ts","AnimateElement.d.ts","C:\valente_conecta\node_modules\canvg\lib\Document"
"C:\valente_conecta\node_modules\canvg\lib\Document\AnimateTransformElement.d.ts","AnimateTransformElement.d.ts","C:\valente_conecta\node_modules\canvg\lib\Document"
"C:\valente_conecta\node_modules\canvg\lib\Document\CircleElement.d.ts","CircleElement.d.ts","C:\valente_conecta\node_modules\canvg\lib\Document"
"C:\valente_conecta\node_modules\canvg\lib\Document\ClipPathElement.d.ts","ClipPathElement.d.ts","C:\valente_conecta\node_modules\canvg\lib\Document"
"C:\valente_conecta\node_modules\canvg\lib\Document\DefsElement.d.ts","DefsElement.d.ts","C:\valente_conecta\node_modules\canvg\lib\Document"
"C:\valente_conecta\node_modules\canvg\lib\Document\DescElement.d.ts","DescElement.d.ts","C:\valente_conecta\node_modules\canvg\lib\Document"
"C:\valente_conecta\node_modules\canvg\lib\Document\Document.d.ts","Document.d.ts","C:\valente_conecta\node_modules\canvg\lib\Document"
"C:\valente_conecta\node_modules\canvg\lib\Document\Element.d.ts","Element.d.ts","C:\valente_conecta\node_modules\canvg\lib\Document"
"C:\valente_conecta\node_modules\canvg\lib\Document\elements.d.ts","elements.d.ts","C:\valente_conecta\node_modules\canvg\lib\Document"
"C:\valente_conecta\node_modules\canvg\lib\Document\EllipseElement.d.ts","EllipseElement.d.ts","C:\valente_conecta\node_modules\canvg\lib\Document"
"C:\valente_conecta\node_modules\canvg\lib\Document\FeColorMatrixElement.d.ts","FeColorMatrixElement.d.ts","C:\valente_conecta\node_modules\canvg\lib\Document"
"C:\valente_conecta\node_modules\canvg\lib\Document\FeCompositeElement.d.ts","FeCompositeElement.d.ts","C:\valente_conecta\node_modules\canvg\lib\Document"
"C:\valente_conecta\node_modules\canvg\lib\Document\FeDropShadowElement.d.ts","FeDropShadowElement.d.ts","C:\valente_conecta\node_modules\canvg\lib\Document"
"C:\valente_conecta\node_modules\canvg\lib\Document\FeGaussianBlurElement.d.ts","FeGaussianBlurElement.d.ts","C:\valente_conecta\node_modules\canvg\lib\Document"
"C:\valente_conecta\node_modules\canvg\lib\Document\FeMorphologyElement.d.ts","FeMorphologyElement.d.ts","C:\valente_conecta\node_modules\canvg\lib\Document"
"C:\valente_conecta\node_modules\canvg\lib\Document\FilterElement.d.ts","FilterElement.d.ts","C:\valente_conecta\node_modules\canvg\lib\Document"
"C:\valente_conecta\node_modules\canvg\lib\Document\FontElement.d.ts","FontElement.d.ts","C:\valente_conecta\node_modules\canvg\lib\Document"
"C:\valente_conecta\node_modules\canvg\lib\Document\FontFaceElement.d.ts","FontFaceElement.d.ts","C:\valente_conecta\node_modules\canvg\lib\Document"
"C:\valente_conecta\node_modules\canvg\lib\Document\GElement.d.ts","GElement.d.ts","C:\valente_conecta\node_modules\canvg\lib\Document"
"C:\valente_conecta\node_modules\canvg\lib\Document\GlyphElement.d.ts","GlyphElement.d.ts","C:\valente_conecta\node_modules\canvg\lib\Document"
"C:\valente_conecta\node_modules\canvg\lib\Document\GradientElement.d.ts","GradientElement.d.ts","C:\valente_conecta\node_modules\canvg\lib\Document"
"C:\valente_conecta\node_modules\canvg\lib\Document\ImageElement.d.ts","ImageElement.d.ts","C:\valente_conecta\node_modules\canvg\lib\Document"
"C:\valente_conecta\node_modules\canvg\lib\Document\index.d.ts","index.d.ts","C:\valente_conecta\node_modules\canvg\lib\Document"
"C:\valente_conecta\node_modules\canvg\lib\Document\LinearGradientElement.d.ts","LinearGradientElement.d.ts","C:\valente_conecta\node_modules\canvg\lib\Document"
"C:\valente_conecta\node_modules\canvg\lib\Document\LineElement.d.ts","LineElement.d.ts","C:\valente_conecta\node_modules\canvg\lib\Document"
"C:\valente_conecta\node_modules\canvg\lib\Document\MarkerElement.d.ts","MarkerElement.d.ts","C:\valente_conecta\node_modules\canvg\lib\Document"
"C:\valente_conecta\node_modules\canvg\lib\Document\MaskElement.d.ts","MaskElement.d.ts","C:\valente_conecta\node_modules\canvg\lib\Document"
"C:\valente_conecta\node_modules\canvg\lib\Document\MissingGlyphElement.d.ts","MissingGlyphElement.d.ts","C:\valente_conecta\node_modules\canvg\lib\Document"
"C:\valente_conecta\node_modules\canvg\lib\Document\PathElement.d.ts","PathElement.d.ts","C:\valente_conecta\node_modules\canvg\lib\Document"
"C:\valente_conecta\node_modules\canvg\lib\Document\PatternElement.d.ts","PatternElement.d.ts","C:\valente_conecta\node_modules\canvg\lib\Document"
"C:\valente_conecta\node_modules\canvg\lib\Document\PolygonElement.d.ts","PolygonElement.d.ts","C:\valente_conecta\node_modules\canvg\lib\Document"
"C:\valente_conecta\node_modules\canvg\lib\Document\PolylineElement.d.ts","PolylineElement.d.ts","C:\valente_conecta\node_modules\canvg\lib\Document"
"C:\valente_conecta\node_modules\canvg\lib\Document\RadialGradientElement.d.ts","RadialGradientElement.d.ts","C:\valente_conecta\node_modules\canvg\lib\Document"
"C:\valente_conecta\node_modules\canvg\lib\Document\RectElement.d.ts","RectElement.d.ts","C:\valente_conecta\node_modules\canvg\lib\Document"
"C:\valente_conecta\node_modules\canvg\lib\Document\RenderedElement.d.ts","RenderedElement.d.ts","C:\valente_conecta\node_modules\canvg\lib\Document"
"C:\valente_conecta\node_modules\canvg\lib\Document\StopElement.d.ts","StopElement.d.ts","C:\valente_conecta\node_modules\canvg\lib\Document"
"C:\valente_conecta\node_modules\canvg\lib\Document\StyleElement.d.ts","StyleElement.d.ts","C:\valente_conecta\node_modules\canvg\lib\Document"
"C:\valente_conecta\node_modules\canvg\lib\Document\SVGElement.d.ts","SVGElement.d.ts","C:\valente_conecta\node_modules\canvg\lib\Document"
"C:\valente_conecta\node_modules\canvg\lib\Document\SymbolElement.d.ts","SymbolElement.d.ts","C:\valente_conecta\node_modules\canvg\lib\Document"
"C:\valente_conecta\node_modules\canvg\lib\Document\TextElement.d.ts","TextElement.d.ts","C:\valente_conecta\node_modules\canvg\lib\Document"
"C:\valente_conecta\node_modules\canvg\lib\Document\TextNode.d.ts","TextNode.d.ts","C:\valente_conecta\node_modules\canvg\lib\Document"
"C:\valente_conecta\node_modules\canvg\lib\Document\TextPathElement.d.ts","TextPathElement.d.ts","C:\valente_conecta\node_modules\canvg\lib\Document"
"C:\valente_conecta\node_modules\canvg\lib\Document\TitleElement.d.ts","TitleElement.d.ts","C:\valente_conecta\node_modules\canvg\lib\Document"
"C:\valente_conecta\node_modules\canvg\lib\Document\TRefElement.d.ts","TRefElement.d.ts","C:\valente_conecta\node_modules\canvg\lib\Document"
"C:\valente_conecta\node_modules\canvg\lib\Document\TSpanElement.d.ts","TSpanElement.d.ts","C:\valente_conecta\node_modules\canvg\lib\Document"
"C:\valente_conecta\node_modules\canvg\lib\Document\UnknownElement.d.ts","UnknownElement.d.ts","C:\valente_conecta\node_modules\canvg\lib\Document"
"C:\valente_conecta\node_modules\canvg\lib\Document\UseElement.d.ts","UseElement.d.ts","C:\valente_conecta\node_modules\canvg\lib\Document"
"C:\valente_conecta\node_modules\canvg\lib\presets\index.d.ts","index.d.ts","C:\valente_conecta\node_modules\canvg\lib\presets"
"C:\valente_conecta\node_modules\canvg\lib\presets\node.d.ts","node.d.ts","C:\valente_conecta\node_modules\canvg\lib\presets"
"C:\valente_conecta\node_modules\canvg\lib\presets\offscreen.d.ts","offscreen.d.ts","C:\valente_conecta\node_modules\canvg\lib\presets"
"C:\valente_conecta\node_modules\canvg\lib\presets\types.d.ts","types.d.ts","C:\valente_conecta\node_modules\canvg\lib\presets"
"C:\valente_conecta\node_modules\canvg\lib\Transform\index.d.ts","index.d.ts","C:\valente_conecta\node_modules\canvg\lib\Transform"
"C:\valente_conecta\node_modules\canvg\lib\Transform\Matrix.d.ts","Matrix.d.ts","C:\valente_conecta\node_modules\canvg\lib\Transform"
"C:\valente_conecta\node_modules\canvg\lib\Transform\Rotate.d.ts","Rotate.d.ts","C:\valente_conecta\node_modules\canvg\lib\Transform"
"C:\valente_conecta\node_modules\canvg\lib\Transform\Scale.d.ts","Scale.d.ts","C:\valente_conecta\node_modules\canvg\lib\Transform"
"C:\valente_conecta\node_modules\canvg\lib\Transform\Skew.d.ts","Skew.d.ts","C:\valente_conecta\node_modules\canvg\lib\Transform"
"C:\valente_conecta\node_modules\canvg\lib\Transform\SkewX.d.ts","SkewX.d.ts","C:\valente_conecta\node_modules\canvg\lib\Transform"
"C:\valente_conecta\node_modules\canvg\lib\Transform\SkewY.d.ts","SkewY.d.ts","C:\valente_conecta\node_modules\canvg\lib\Transform"
"C:\valente_conecta\node_modules\canvg\lib\Transform\Transform.d.ts","Transform.d.ts","C:\valente_conecta\node_modules\canvg\lib\Transform"
"C:\valente_conecta\node_modules\canvg\lib\Transform\Translate.d.ts","Translate.d.ts","C:\valente_conecta\node_modules\canvg\lib\Transform"
"C:\valente_conecta\node_modules\canvg\lib\Transform\types.d.ts","types.d.ts","C:\valente_conecta\node_modules\canvg\lib\Transform"
"C:\valente_conecta\node_modules\canvg\lib\util\debug.d.ts","debug.d.ts","C:\valente_conecta\node_modules\canvg\lib\util"
"C:\valente_conecta\node_modules\canvg\lib\util\index.d.ts","index.d.ts","C:\valente_conecta\node_modules\canvg\lib\util"
"C:\valente_conecta\node_modules\canvg\lib\util\math.d.ts","math.d.ts","C:\valente_conecta\node_modules\canvg\lib\util"
"C:\valente_conecta\node_modules\canvg\lib\util\string.d.ts","string.d.ts","C:\valente_conecta\node_modules\canvg\lib\util"
"C:\valente_conecta\node_modules\canvg\lib\util\styles.d.ts","styles.d.ts","C:\valente_conecta\node_modules\canvg\lib\util"
"C:\valente_conecta\node_modules\canvg\lib\BoundingBox.d.ts","BoundingBox.d.ts","C:\valente_conecta\node_modules\canvg\lib"
"C:\valente_conecta\node_modules\canvg\lib\Canvg.d.ts","Canvg.d.ts","C:\valente_conecta\node_modules\canvg\lib"
"C:\valente_conecta\node_modules\canvg\lib\Font.d.ts","Font.d.ts","C:\valente_conecta\node_modules\canvg\lib"
"C:\valente_conecta\node_modules\canvg\lib\index.d.ts","index.d.ts","C:\valente_conecta\node_modules\canvg\lib"
"C:\valente_conecta\node_modules\canvg\lib\Mouse.d.ts","Mouse.d.ts","C:\valente_conecta\node_modules\canvg\lib"
"C:\valente_conecta\node_modules\canvg\lib\Parser.d.ts","Parser.d.ts","C:\valente_conecta\node_modules\canvg\lib"
"C:\valente_conecta\node_modules\canvg\lib\PathParser.d.ts","PathParser.d.ts","C:\valente_conecta\node_modules\canvg\lib"
"C:\valente_conecta\node_modules\canvg\lib\Point.d.ts","Point.d.ts","C:\valente_conecta\node_modules\canvg\lib"
"C:\valente_conecta\node_modules\canvg\lib\Property.d.ts","Property.d.ts","C:\valente_conecta\node_modules\canvg\lib"
"C:\valente_conecta\node_modules\canvg\lib\Screen.d.ts","Screen.d.ts","C:\valente_conecta\node_modules\canvg\lib"
"C:\valente_conecta\node_modules\canvg\lib\SVGFontLoader.d.ts","SVGFontLoader.d.ts","C:\valente_conecta\node_modules\canvg\lib"
"C:\valente_conecta\node_modules\canvg\lib\types.d.ts","types.d.ts","C:\valente_conecta\node_modules\canvg\lib"
"C:\valente_conecta\node_modules\canvg\lib\ViewPort.d.ts","ViewPort.d.ts","C:\valente_conecta\node_modules\canvg\lib"
"C:\valente_conecta\node_modules\chart.js\auto\auto.d.ts","auto.d.ts","C:\valente_conecta\node_modules\chart.js\auto"
"C:\valente_conecta\node_modules\chart.js\dist\controllers\controller.bar.d.ts","controller.bar.d.ts","C:\valente_conecta\node_modules\chart.js\dist\controllers"
"C:\valente_conecta\node_modules\chart.js\dist\controllers\controller.bubble.d.ts","controller.bubble.d.ts","C:\valente_conecta\node_modules\chart.js\dist\controllers"
"C:\valente_conecta\node_modules\chart.js\dist\controllers\controller.doughnut.d.ts","controller.doughnut.d.ts","C:\valente_conecta\node_modules\chart.js\dist\controllers"
"C:\valente_conecta\node_modules\chart.js\dist\controllers\controller.line.d.ts","controller.line.d.ts","C:\valente_conecta\node_modules\chart.js\dist\controllers"
"C:\valente_conecta\node_modules\chart.js\dist\controllers\controller.pie.d.ts","controller.pie.d.ts","C:\valente_conecta\node_modules\chart.js\dist\controllers"
"C:\valente_conecta\node_modules\chart.js\dist\controllers\controller.polarArea.d.ts","controller.polarArea.d.ts","C:\valente_conecta\node_modules\chart.js\dist\controllers"
"C:\valente_conecta\node_modules\chart.js\dist\controllers\controller.radar.d.ts","controller.radar.d.ts","C:\valente_conecta\node_modules\chart.js\dist\controllers"
"C:\valente_conecta\node_modules\chart.js\dist\controllers\controller.scatter.d.ts","controller.scatter.d.ts","C:\valente_conecta\node_modules\chart.js\dist\controllers"
"C:\valente_conecta\node_modules\chart.js\dist\controllers\index.d.ts","index.d.ts","C:\valente_conecta\node_modules\chart.js\dist\controllers"
"C:\valente_conecta\node_modules\chart.js\dist\core\core.adapters.d.ts","core.adapters.d.ts","C:\valente_conecta\node_modules\chart.js\dist\core"
"C:\valente_conecta\node_modules\chart.js\dist\core\core.animation.d.ts","core.animation.d.ts","C:\valente_conecta\node_modules\chart.js\dist\core"
"C:\valente_conecta\node_modules\chart.js\dist\core\core.animations.d.ts","core.animations.d.ts","C:\valente_conecta\node_modules\chart.js\dist\core"
"C:\valente_conecta\node_modules\chart.js\dist\core\core.animations.defaults.d.ts","core.animations.defaults.d.ts","C:\valente_conecta\node_modules\chart.js\dist\core"
"C:\valente_conecta\node_modules\chart.js\dist\core\core.animator.d.ts","core.animator.d.ts","C:\valente_conecta\node_modules\chart.js\dist\core"
"C:\valente_conecta\node_modules\chart.js\dist\core\core.config.d.ts","core.config.d.ts","C:\valente_conecta\node_modules\chart.js\dist\core"
"C:\valente_conecta\node_modules\chart.js\dist\core\core.controller.d.ts","core.controller.d.ts","C:\valente_conecta\node_modules\chart.js\dist\core"
"C:\valente_conecta\node_modules\chart.js\dist\core\core.datasetController.d.ts","core.datasetController.d.ts","C:\valente_conecta\node_modules\chart.js\dist\core"
"C:\valente_conecta\node_modules\chart.js\dist\core\core.defaults.d.ts","core.defaults.d.ts","C:\valente_conecta\node_modules\chart.js\dist\core"
"C:\valente_conecta\node_modules\chart.js\dist\core\core.element.d.ts","core.element.d.ts","C:\valente_conecta\node_modules\chart.js\dist\core"
"C:\valente_conecta\node_modules\chart.js\dist\core\core.interaction.d.ts","core.interaction.d.ts","C:\valente_conecta\node_modules\chart.js\dist\core"
"C:\valente_conecta\node_modules\chart.js\dist\core\core.layouts.d.ts","core.layouts.d.ts","C:\valente_conecta\node_modules\chart.js\dist\core"
"C:\valente_conecta\node_modules\chart.js\dist\core\core.layouts.defaults.d.ts","core.layouts.defaults.d.ts","C:\valente_conecta\node_modules\chart.js\dist\core"
"C:\valente_conecta\node_modules\chart.js\dist\core\core.plugins.d.ts","core.plugins.d.ts","C:\valente_conecta\node_modules\chart.js\dist\core"
"C:\valente_conecta\node_modules\chart.js\dist\core\core.registry.d.ts","core.registry.d.ts","C:\valente_conecta\node_modules\chart.js\dist\core"
"C:\valente_conecta\node_modules\chart.js\dist\core\core.scale.autoskip.d.ts","core.scale.autoskip.d.ts","C:\valente_conecta\node_modules\chart.js\dist\core"
"C:\valente_conecta\node_modules\chart.js\dist\core\core.scale.d.ts","core.scale.d.ts","C:\valente_conecta\node_modules\chart.js\dist\core"
"C:\valente_conecta\node_modules\chart.js\dist\core\core.scale.defaults.d.ts","core.scale.defaults.d.ts","C:\valente_conecta\node_modules\chart.js\dist\core"
"C:\valente_conecta\node_modules\chart.js\dist\core\core.ticks.d.ts","core.ticks.d.ts","C:\valente_conecta\node_modules\chart.js\dist\core"
"C:\valente_conecta\node_modules\chart.js\dist\core\core.typedRegistry.d.ts","core.typedRegistry.d.ts","C:\valente_conecta\node_modules\chart.js\dist\core"
"C:\valente_conecta\node_modules\chart.js\dist\core\index.d.ts","index.d.ts","C:\valente_conecta\node_modules\chart.js\dist\core"
"C:\valente_conecta\node_modules\chart.js\dist\elements\element.arc.d.ts","element.arc.d.ts","C:\valente_conecta\node_modules\chart.js\dist\elements"
"C:\valente_conecta\node_modules\chart.js\dist\elements\element.bar.d.ts","element.bar.d.ts","C:\valente_conecta\node_modules\chart.js\dist\elements"
"C:\valente_conecta\node_modules\chart.js\dist\elements\element.line.d.ts","element.line.d.ts","C:\valente_conecta\node_modules\chart.js\dist\elements"
"C:\valente_conecta\node_modules\chart.js\dist\elements\element.point.d.ts","element.point.d.ts","C:\valente_conecta\node_modules\chart.js\dist\elements"
"C:\valente_conecta\node_modules\chart.js\dist\elements\index.d.ts","index.d.ts","C:\valente_conecta\node_modules\chart.js\dist\elements"
"C:\valente_conecta\node_modules\chart.js\dist\helpers\helpers.canvas.d.ts","helpers.canvas.d.ts","C:\valente_conecta\node_modules\chart.js\dist\helpers"
"C:\valente_conecta\node_modules\chart.js\dist\helpers\helpers.collection.d.ts","helpers.collection.d.ts","C:\valente_conecta\node_modules\chart.js\dist\helpers"
"C:\valente_conecta\node_modules\chart.js\dist\helpers\helpers.color.d.ts","helpers.color.d.ts","C:\valente_conecta\node_modules\chart.js\dist\helpers"
"C:\valente_conecta\node_modules\chart.js\dist\helpers\helpers.config.d.ts","helpers.config.d.ts","C:\valente_conecta\node_modules\chart.js\dist\helpers"
"C:\valente_conecta\node_modules\chart.js\dist\helpers\helpers.config.types.d.ts","helpers.config.types.d.ts","C:\valente_conecta\node_modules\chart.js\dist\helpers"
"C:\valente_conecta\node_modules\chart.js\dist\helpers\helpers.core.d.ts","helpers.core.d.ts","C:\valente_conecta\node_modules\chart.js\dist\helpers"
"C:\valente_conecta\node_modules\chart.js\dist\helpers\helpers.curve.d.ts","helpers.curve.d.ts","C:\valente_conecta\node_modules\chart.js\dist\helpers"
"C:\valente_conecta\node_modules\chart.js\dist\helpers\helpers.dataset.d.ts","helpers.dataset.d.ts","C:\valente_conecta\node_modules\chart.js\dist\helpers"
"C:\valente_conecta\node_modules\chart.js\dist\helpers\helpers.dom.d.ts","helpers.dom.d.ts","C:\valente_conecta\node_modules\chart.js\dist\helpers"
"C:\valente_conecta\node_modules\chart.js\dist\helpers\helpers.easing.d.ts","helpers.easing.d.ts","C:\valente_conecta\node_modules\chart.js\dist\helpers"
"C:\valente_conecta\node_modules\chart.js\dist\helpers\helpers.extras.d.ts","helpers.extras.d.ts","C:\valente_conecta\node_modules\chart.js\dist\helpers"
"C:\valente_conecta\node_modules\chart.js\dist\helpers\helpers.interpolation.d.ts","helpers.interpolation.d.ts","C:\valente_conecta\node_modules\chart.js\dist\helpers"
"C:\valente_conecta\node_modules\chart.js\dist\helpers\helpers.intl.d.ts","helpers.intl.d.ts","C:\valente_conecta\node_modules\chart.js\dist\helpers"
"C:\valente_conecta\node_modules\chart.js\dist\helpers\helpers.math.d.ts","helpers.math.d.ts","C:\valente_conecta\node_modules\chart.js\dist\helpers"
"C:\valente_conecta\node_modules\chart.js\dist\helpers\helpers.options.d.ts","helpers.options.d.ts","C:\valente_conecta\node_modules\chart.js\dist\helpers"
"C:\valente_conecta\node_modules\chart.js\dist\helpers\helpers.rtl.d.ts","helpers.rtl.d.ts","C:\valente_conecta\node_modules\chart.js\dist\helpers"
"C:\valente_conecta\node_modules\chart.js\dist\helpers\helpers.segment.d.ts","helpers.segment.d.ts","C:\valente_conecta\node_modules\chart.js\dist\helpers"
"C:\valente_conecta\node_modules\chart.js\dist\helpers\index.d.ts","index.d.ts","C:\valente_conecta\node_modules\chart.js\dist\helpers"
"C:\valente_conecta\node_modules\chart.js\dist\platform\index.d.ts","index.d.ts","C:\valente_conecta\node_modules\chart.js\dist\platform"
"C:\valente_conecta\node_modules\chart.js\dist\platform\platform.base.d.ts","platform.base.d.ts","C:\valente_conecta\node_modules\chart.js\dist\platform"
"C:\valente_conecta\node_modules\chart.js\dist\platform\platform.basic.d.ts","platform.basic.d.ts","C:\valente_conecta\node_modules\chart.js\dist\platform"
"C:\valente_conecta\node_modules\chart.js\dist\platform\platform.dom.d.ts","platform.dom.d.ts","C:\valente_conecta\node_modules\chart.js\dist\platform"
"C:\valente_conecta\node_modules\chart.js\dist\plugins\plugin.filler\filler.drawing.d.ts","filler.drawing.d.ts","C:\valente_conecta\node_modules\chart.js\dist\plugins\plugin.filler"
"C:\valente_conecta\node_modules\chart.js\dist\plugins\plugin.filler\filler.helper.d.ts","filler.helper.d.ts","C:\valente_conecta\node_modules\chart.js\dist\plugins\plugin.filler"
"C:\valente_conecta\node_modules\chart.js\dist\plugins\plugin.filler\filler.options.d.ts","filler.options.d.ts","C:\valente_conecta\node_modules\chart.js\dist\plugins\plugin.filler"
"C:\valente_conecta\node_modules\chart.js\dist\plugins\plugin.filler\filler.segment.d.ts","filler.segment.d.ts","C:\valente_conecta\node_modules\chart.js\dist\plugins\plugin.filler"
"C:\valente_conecta\node_modules\chart.js\dist\plugins\plugin.filler\filler.target.d.ts","filler.target.d.ts","C:\valente_conecta\node_modules\chart.js\dist\plugins\plugin.filler"
"C:\valente_conecta\node_modules\chart.js\dist\plugins\plugin.filler\filler.target.stack.d.ts","filler.target.stack.d.ts","C:\valente_conecta\node_modules\chart.js\dist\plugins\plugin.filler"
"C:\valente_conecta\node_modules\chart.js\dist\plugins\plugin.filler\index.d.ts","index.d.ts","C:\valente_conecta\node_modules\chart.js\dist\plugins\plugin.filler"
"C:\valente_conecta\node_modules\chart.js\dist\plugins\plugin.filler\simpleArc.d.ts","simpleArc.d.ts","C:\valente_conecta\node_modules\chart.js\dist\plugins\plugin.filler"
"C:\valente_conecta\node_modules\chart.js\dist\plugins\index.d.ts","index.d.ts","C:\valente_conecta\node_modules\chart.js\dist\plugins"
"C:\valente_conecta\node_modules\chart.js\dist\plugins\plugin.colors.d.ts","plugin.colors.d.ts","C:\valente_conecta\node_modules\chart.js\dist\plugins"
"C:\valente_conecta\node_modules\chart.js\dist\plugins\plugin.decimation.d.ts","plugin.decimation.d.ts","C:\valente_conecta\node_modules\chart.js\dist\plugins"
"C:\valente_conecta\node_modules\chart.js\dist\plugins\plugin.legend.d.ts","plugin.legend.d.ts","C:\valente_conecta\node_modules\chart.js\dist\plugins"
"C:\valente_conecta\node_modules\chart.js\dist\plugins\plugin.subtitle.d.ts","plugin.subtitle.d.ts","C:\valente_conecta\node_modules\chart.js\dist\plugins"
"C:\valente_conecta\node_modules\chart.js\dist\plugins\plugin.title.d.ts","plugin.title.d.ts","C:\valente_conecta\node_modules\chart.js\dist\plugins"
"C:\valente_conecta\node_modules\chart.js\dist\plugins\plugin.tooltip.d.ts","plugin.tooltip.d.ts","C:\valente_conecta\node_modules\chart.js\dist\plugins"
"C:\valente_conecta\node_modules\chart.js\dist\scales\index.d.ts","index.d.ts","C:\valente_conecta\node_modules\chart.js\dist\scales"
"C:\valente_conecta\node_modules\chart.js\dist\scales\scale.category.d.ts","scale.category.d.ts","C:\valente_conecta\node_modules\chart.js\dist\scales"
"C:\valente_conecta\node_modules\chart.js\dist\scales\scale.linear.d.ts","scale.linear.d.ts","C:\valente_conecta\node_modules\chart.js\dist\scales"
"C:\valente_conecta\node_modules\chart.js\dist\scales\scale.linearbase.d.ts","scale.linearbase.d.ts","C:\valente_conecta\node_modules\chart.js\dist\scales"
"C:\valente_conecta\node_modules\chart.js\dist\scales\scale.logarithmic.d.ts","scale.logarithmic.d.ts","C:\valente_conecta\node_modules\chart.js\dist\scales"
"C:\valente_conecta\node_modules\chart.js\dist\scales\scale.radialLinear.d.ts","scale.radialLinear.d.ts","C:\valente_conecta\node_modules\chart.js\dist\scales"
"C:\valente_conecta\node_modules\chart.js\dist\scales\scale.time.d.ts","scale.time.d.ts","C:\valente_conecta\node_modules\chart.js\dist\scales"
"C:\valente_conecta\node_modules\chart.js\dist\scales\scale.timeseries.d.ts","scale.timeseries.d.ts","C:\valente_conecta\node_modules\chart.js\dist\scales"
"C:\valente_conecta\node_modules\chart.js\dist\types\animation.d.ts","animation.d.ts","C:\valente_conecta\node_modules\chart.js\dist\types"
"C:\valente_conecta\node_modules\chart.js\dist\types\basic.d.ts","basic.d.ts","C:\valente_conecta\node_modules\chart.js\dist\types"
"C:\valente_conecta\node_modules\chart.js\dist\types\color.d.ts","color.d.ts","C:\valente_conecta\node_modules\chart.js\dist\types"
"C:\valente_conecta\node_modules\chart.js\dist\types\geometric.d.ts","geometric.d.ts","C:\valente_conecta\node_modules\chart.js\dist\types"
"C:\valente_conecta\node_modules\chart.js\dist\types\index.d.ts","index.d.ts","C:\valente_conecta\node_modules\chart.js\dist\types"
"C:\valente_conecta\node_modules\chart.js\dist\types\layout.d.ts","layout.d.ts","C:\valente_conecta\node_modules\chart.js\dist\types"
"C:\valente_conecta\node_modules\chart.js\dist\types\utils.d.ts","utils.d.ts","C:\valente_conecta\node_modules\chart.js\dist\types"
"C:\valente_conecta\node_modules\chart.js\dist\index.d.ts","index.d.ts","C:\valente_conecta\node_modules\chart.js\dist"
"C:\valente_conecta\node_modules\chart.js\dist\index.umd.d.ts","index.umd.d.ts","C:\valente_conecta\node_modules\chart.js\dist"
"C:\valente_conecta\node_modules\chart.js\dist\types.d.ts","types.d.ts","C:\valente_conecta\node_modules\chart.js\dist"
"C:\valente_conecta\node_modules\chart.js\helpers\helpers.d.ts","helpers.d.ts","C:\valente_conecta\node_modules\chart.js\helpers"
"C:\valente_conecta\node_modules\chokidar\types\index.d.ts","index.d.ts","C:\valente_conecta\node_modules\chokidar\types"
"C:\valente_conecta\node_modules\clsx\clsx.d.ts","clsx.d.ts","C:\valente_conecta\node_modules\clsx"
"C:\valente_conecta\node_modules\commander\typings\index.d.ts","index.d.ts","C:\valente_conecta\node_modules\commander\typings"
"C:\valente_conecta\node_modules\cron-parser\types\ts3\index.d.ts","index.d.ts","C:\valente_conecta\node_modules\cron-parser\types\ts3"
"C:\valente_conecta\node_modules\cron-parser\types\common.d.ts","common.d.ts","C:\valente_conecta\node_modules\cron-parser\types"
"C:\valente_conecta\node_modules\cron-parser\types\index.d.ts","index.d.ts","C:\valente_conecta\node_modules\cron-parser\types"
"C:\valente_conecta\node_modules\css-line-break\dist\types\index.d.ts","index.d.ts","C:\valente_conecta\node_modules\css-line-break\dist\types"
"C:\valente_conecta\node_modules\css-line-break\dist\types\linebreak-trie.d.ts","linebreak-trie.d.ts","C:\valente_conecta\node_modules\css-line-break\dist\types"
"C:\valente_conecta\node_modules\css-line-break\dist\types\LineBreak.d.ts","LineBreak.d.ts","C:\valente_conecta\node_modules\css-line-break\dist\types"
"C:\valente_conecta\node_modules\css-line-break\dist\types\Util.d.ts","Util.d.ts","C:\valente_conecta\node_modules\css-line-break\dist\types"
"C:\valente_conecta\node_modules\css-line-break\rollup.config.ts","rollup.config.ts","C:\valente_conecta\node_modules\css-line-break"
"C:\valente_conecta\node_modules\csstype\index.d.ts","index.d.ts","C:\valente_conecta\node_modules\csstype"
"C:\valente_conecta\node_modules\decimal.js-light\decimal.d.ts","decimal.d.ts","C:\valente_conecta\node_modules\decimal.js-light"
"C:\valente_conecta\node_modules\decompress-response\index.d.ts","index.d.ts","C:\valente_conecta\node_modules\decompress-response"
"C:\valente_conecta\node_modules\denque\index.d.ts","index.d.ts","C:\valente_conecta\node_modules\denque"
"C:\valente_conecta\node_modules\detect-libc\index.d.ts","index.d.ts","C:\valente_conecta\node_modules\detect-libc"
"C:\valente_conecta\node_modules\dompurify\dist\purify.cjs.d.ts","purify.cjs.d.ts","C:\valente_conecta\node_modules\dompurify\dist"
"C:\valente_conecta\node_modules\dompurify\src\attrs.ts","attrs.ts","C:\valente_conecta\node_modules\dompurify\src"
"C:\valente_conecta\node_modules\dompurify\src\purify.ts","purify.ts","C:\valente_conecta\node_modules\dompurify\src"
"C:\valente_conecta\node_modules\dompurify\src\regexp.ts","regexp.ts","C:\valente_conecta\node_modules\dompurify\src"
"C:\valente_conecta\node_modules\dompurify\src\tags.ts","tags.ts","C:\valente_conecta\node_modules\dompurify\src"
"C:\valente_conecta\node_modules\dunder-proto\get.d.ts","get.d.ts","C:\valente_conecta\node_modules\dunder-proto"
"C:\valente_conecta\node_modules\dunder-proto\set.d.ts","set.d.ts","C:\valente_conecta\node_modules\dunder-proto"
"C:\valente_conecta\node_modules\ecdsa-sig-formatter\src\ecdsa-sig-formatter.d.ts","ecdsa-sig-formatter.d.ts","C:\valente_conecta\node_modules\ecdsa-sig-formatter\src"
"C:\valente_conecta\node_modules\es-define-property\index.d.ts","index.d.ts","C:\valente_conecta\node_modules\es-define-property"
"C:\valente_conecta\node_modules\es-errors\eval.d.ts","eval.d.ts","C:\valente_conecta\node_modules\es-errors"
"C:\valente_conecta\node_modules\es-errors\index.d.ts","index.d.ts","C:\valente_conecta\node_modules\es-errors"
"C:\valente_conecta\node_modules\es-errors\range.d.ts","range.d.ts","C:\valente_conecta\node_modules\es-errors"
"C:\valente_conecta\node_modules\es-errors\ref.d.ts","ref.d.ts","C:\valente_conecta\node_modules\es-errors"
"C:\valente_conecta\node_modules\es-errors\syntax.d.ts","syntax.d.ts","C:\valente_conecta\node_modules\es-errors"
"C:\valente_conecta\node_modules\es-errors\type.d.ts","type.d.ts","C:\valente_conecta\node_modules\es-errors"
"C:\valente_conecta\node_modules\es-errors\uri.d.ts","uri.d.ts","C:\valente_conecta\node_modules\es-errors"
"C:\valente_conecta\node_modules\es-object-atoms\index.d.ts","index.d.ts","C:\valente_conecta\node_modules\es-object-atoms"
"C:\valente_conecta\node_modules\es-object-atoms\isObject.d.ts","isObject.d.ts","C:\valente_conecta\node_modules\es-object-atoms"
"C:\valente_conecta\node_modules\es-object-atoms\RequireObjectCoercible.d.ts","RequireObjectCoercible.d.ts","C:\valente_conecta\node_modules\es-object-atoms"
"C:\valente_conecta\node_modules\es-object-atoms\ToObject.d.ts","ToObject.d.ts","C:\valente_conecta\node_modules\es-object-atoms"
"C:\valente_conecta\node_modules\es-toolkit\compat\add.d.ts","add.d.ts","C:\valente_conecta\node_modules\es-toolkit\compat"
"C:\valente_conecta\node_modules\es-toolkit\compat\after.d.ts","after.d.ts","C:\valente_conecta\node_modules\es-toolkit\compat"
"C:\valente_conecta\node_modules\es-toolkit\compat\ary.d.ts","ary.d.ts","C:\valente_conecta\node_modules\es-toolkit\compat"
"C:\valente_conecta\node_modules\es-toolkit\compat\assign.d.ts","assign.d.ts","C:\valente_conecta\node_modules\es-toolkit\compat"
"C:\valente_conecta\node_modules\es-toolkit\compat\assignIn.d.ts","assignIn.d.ts","C:\valente_conecta\node_modules\es-toolkit\compat"
"C:\valente_conecta\node_modules\es-toolkit\compat\assignInWith.d.ts","assignInWith.d.ts","C:\valente_conecta\node_modules\es-toolkit\compat"
"C:\valente_conecta\node_modules\es-toolkit\compat\assignWith.d.ts","assignWith.d.ts","C:\valente_conecta\node_modules\es-toolkit\compat"
"C:\valente_conecta\node_modules\es-toolkit\compat\attempt.d.ts","attempt.d.ts","C:\valente_conecta\node_modules\es-toolkit\compat"
"C:\valente_conecta\node_modules\es-toolkit\compat\before.d.ts","before.d.ts","C:\valente_conecta\node_modules\es-toolkit\compat"
"C:\valente_conecta\node_modules\es-toolkit\compat\bind.d.ts","bind.d.ts","C:\valente_conecta\node_modules\es-toolkit\compat"
"C:\valente_conecta\node_modules\es-toolkit\compat\bindAll.d.ts","bindAll.d.ts","C:\valente_conecta\node_modules\es-toolkit\compat"
"C:\valente_conecta\node_modules\es-toolkit\compat\bindKey.d.ts","bindKey.d.ts","C:\valente_conecta\node_modules\es-toolkit\compat"
"C:\valente_conecta\node_modules\es-toolkit\compat\camelCase.d.ts","camelCase.d.ts","C:\valente_conecta\node_modules\es-toolkit\compat"
"C:\valente_conecta\node_modules\es-toolkit\compat\capitalize.d.ts","capitalize.d.ts","C:\valente_conecta\node_modules\es-toolkit\compat"
"C:\valente_conecta\node_modules\es-toolkit\compat\castArray.d.ts","castArray.d.ts","C:\valente_conecta\node_modules\es-toolkit\compat"
"C:\valente_conecta\node_modules\es-toolkit\compat\ceil.d.ts","ceil.d.ts","C:\valente_conecta\node_modules\es-toolkit\compat"
"C:\valente_conecta\node_modules\es-toolkit\compat\chunk.d.ts","chunk.d.ts","C:\valente_conecta\node_modules\es-toolkit\compat"
"C:\valente_conecta\node_modules\es-toolkit\compat\clamp.d.ts","clamp.d.ts","C:\valente_conecta\node_modules\es-toolkit\compat"
"C:\valente_conecta\node_modules\es-toolkit\compat\clone.d.ts","clone.d.ts","C:\valente_conecta\node_modules\es-toolkit\compat"
"C:\valente_conecta\node_modules\es-toolkit\compat\cloneDeep.d.ts","cloneDeep.d.ts","C:\valente_conecta\node_modules\es-toolkit\compat"
"C:\valente_conecta\node_modules\es-toolkit\compat\cloneDeepWith.d.ts","cloneDeepWith.d.ts","C:\valente_conecta\node_modules\es-toolkit\compat"
"C:\valente_conecta\node_modules\es-toolkit\compat\cloneWith.d.ts","cloneWith.d.ts","C:\valente_conecta\node_modules\es-toolkit\compat"
"C:\valente_conecta\node_modules\es-toolkit\compat\compact.d.ts","compact.d.ts","C:\valente_conecta\node_modules\es-toolkit\compat"
"C:\valente_conecta\node_modules\es-toolkit\compat\concat.d.ts","concat.d.ts","C:\valente_conecta\node_modules\es-toolkit\compat"
"C:\valente_conecta\node_modules\es-toolkit\compat\cond.d.ts","cond.d.ts","C:\valente_conecta\node_modules\es-toolkit\compat"
"C:\valente_conecta\node_modules\es-toolkit\compat\conforms.d.ts","conforms.d.ts","C:\valente_conecta\node_modules\es-toolkit\compat"
"C:\valente_conecta\node_modules\es-toolkit\compat\conformsTo.d.ts","conformsTo.d.ts","C:\valente_conecta\node_modules\es-toolkit\compat"
"C:\valente_conecta\node_modules\es-toolkit\compat\constant.d.ts","constant.d.ts","C:\valente_conecta\node_modules\es-toolkit\compat"
"C:\valente_conecta\node_modules\es-toolkit\compat\countBy.d.ts","countBy.d.ts","C:\valente_conecta\node_modules\es-toolkit\compat"
"C:\valente_conecta\node_modules\es-toolkit\compat\create.d.ts","create.d.ts","C:\valente_conecta\node_modules\es-toolkit\compat"
"C:\valente_conecta\node_modules\es-toolkit\compat\curry.d.ts","curry.d.ts","C:\valente_conecta\node_modules\es-toolkit\compat"
"C:\valente_conecta\node_modules\es-toolkit\compat\curryRight.d.ts","curryRight.d.ts","C:\valente_conecta\node_modules\es-toolkit\compat"
"C:\valente_conecta\node_modules\es-toolkit\compat\debounce.d.ts","debounce.d.ts","C:\valente_conecta\node_modules\es-toolkit\compat"
"C:\valente_conecta\node_modules\es-toolkit\compat\deburr.d.ts","deburr.d.ts","C:\valente_conecta\node_modules\es-toolkit\compat"
"C:\valente_conecta\node_modules\es-toolkit\compat\defaults.d.ts","defaults.d.ts","C:\valente_conecta\node_modules\es-toolkit\compat"
"C:\valente_conecta\node_modules\es-toolkit\compat\defaultsDeep.d.ts","defaultsDeep.d.ts","C:\valente_conecta\node_modules\es-toolkit\compat"
"C:\valente_conecta\node_modules\es-toolkit\compat\defaultTo.d.ts","defaultTo.d.ts","C:\valente_conecta\node_modules\es-toolkit\compat"
"C:\valente_conecta\node_modules\es-toolkit\compat\defer.d.ts","defer.d.ts","C:\valente_conecta\node_modules\es-toolkit\compat"
"C:\valente_conecta\node_modules\es-toolkit\compat\delay.d.ts","delay.d.ts","C:\valente_conecta\node_modules\es-toolkit\compat"
"C:\valente_conecta\node_modules\es-toolkit\compat\difference.d.ts","difference.d.ts","C:\valente_conecta\node_modules\es-toolkit\compat"
"C:\valente_conecta\node_modules\es-toolkit\compat\differenceBy.d.ts","differenceBy.d.ts","C:\valente_conecta\node_modules\es-toolkit\compat"
"C:\valente_conecta\node_modules\es-toolkit\compat\differenceWith.d.ts","differenceWith.d.ts","C:\valente_conecta\node_modules\es-toolkit\compat"
"C:\valente_conecta\node_modules\es-toolkit\compat\divide.d.ts","divide.d.ts","C:\valente_conecta\node_modules\es-toolkit\compat"
"C:\valente_conecta\node_modules\es-toolkit\compat\drop.d.ts","drop.d.ts","C:\valente_conecta\node_modules\es-toolkit\compat"
"C:\valente_conecta\node_modules\es-toolkit\compat\dropRight.d.ts","dropRight.d.ts","C:\valente_conecta\node_modules\es-toolkit\compat"
"C:\valente_conecta\node_modules\es-toolkit\compat\dropRightWhile.d.ts","dropRightWhile.d.ts","C:\valente_conecta\node_modules\es-toolkit\compat"
"C:\valente_conecta\node_modules\es-toolkit\compat\dropWhile.d.ts","dropWhile.d.ts","C:\valente_conecta\node_modules\es-toolkit\compat"
"C:\valente_conecta\node_modules\es-toolkit\compat\each.d.ts","each.d.ts","C:\valente_conecta\node_modules\es-toolkit\compat"
"C:\valente_conecta\node_modules\es-toolkit\compat\eachRight.d.ts","eachRight.d.ts","C:\valente_conecta\node_modules\es-toolkit\compat"
"C:\valente_conecta\node_modules\es-toolkit\compat\endsWith.d.ts","endsWith.d.ts","C:\valente_conecta\node_modules\es-toolkit\compat"
"C:\valente_conecta\node_modules\es-toolkit\compat\eq.d.ts","eq.d.ts","C:\valente_conecta\node_modules\es-toolkit\compat"
"C:\valente_conecta\node_modules\es-toolkit\compat\escape.d.ts","escape.d.ts","C:\valente_conecta\node_modules\es-toolkit\compat"
"C:\valente_conecta\node_modules\es-toolkit\compat\escapeRegExp.d.ts","escapeRegExp.d.ts","C:\valente_conecta\node_modules\es-toolkit\compat"
"C:\valente_conecta\node_modules\es-toolkit\compat\every.d.ts","every.d.ts","C:\valente_conecta\node_modules\es-toolkit\compat"
"C:\valente_conecta\node_modules\es-toolkit\compat\extend.d.ts","extend.d.ts","C:\valente_conecta\node_modules\es-toolkit\compat"
"C:\valente_conecta\node_modules\es-toolkit\compat\extendWith.d.ts","extendWith.d.ts","C:\valente_conecta\node_modules\es-toolkit\compat"
"C:\valente_conecta\node_modules\es-toolkit\compat\fill.d.ts","fill.d.ts","C:\valente_conecta\node_modules\es-toolkit\compat"
"C:\valente_conecta\node_modules\es-toolkit\compat\filter.d.ts","filter.d.ts","C:\valente_conecta\node_modules\es-toolkit\compat"
"C:\valente_conecta\node_modules\es-toolkit\compat\find.d.ts","find.d.ts","C:\valente_conecta\node_modules\es-toolkit\compat"
"C:\valente_conecta\node_modules\es-toolkit\compat\findIndex.d.ts","findIndex.d.ts","C:\valente_conecta\node_modules\es-toolkit\compat"
"C:\valente_conecta\node_modules\es-toolkit\compat\findKey.d.ts","findKey.d.ts","C:\valente_conecta\node_modules\es-toolkit\compat"
"C:\valente_conecta\node_modules\es-toolkit\compat\findLast.d.ts","findLast.d.ts","C:\valente_conecta\node_modules\es-toolkit\compat"
"C:\valente_conecta\node_modules\es-toolkit\compat\findLastIndex.d.ts","findLastIndex.d.ts","C:\valente_conecta\node_modules\es-toolkit\compat"
"C:\valente_conecta\node_modules\es-toolkit\compat\findLastKey.d.ts","findLastKey.d.ts","C:\valente_conecta\node_modules\es-toolkit\compat"
"C:\valente_conecta\node_modules\es-toolkit\compat\first.d.ts","first.d.ts","C:\valente_conecta\node_modules\es-toolkit\compat"
"C:\valente_conecta\node_modules\es-toolkit\compat\flatMap.d.ts","flatMap.d.ts","C:\valente_conecta\node_modules\es-toolkit\compat"
"C:\valente_conecta\node_modules\es-toolkit\compat\flatMapDeep.d.ts","flatMapDeep.d.ts","C:\valente_conecta\node_modules\es-toolkit\compat"
"C:\valente_conecta\node_modules\es-toolkit\compat\flatMapDepth.d.ts","flatMapDepth.d.ts","C:\valente_conecta\node_modules\es-toolkit\compat"
"C:\valente_conecta\node_modules\es-toolkit\compat\flatten.d.ts","flatten.d.ts","C:\valente_conecta\node_modules\es-toolkit\compat"
"C:\valente_conecta\node_modules\es-toolkit\compat\flattenDeep.d.ts","flattenDeep.d.ts","C:\valente_conecta\node_modules\es-toolkit\compat"
"C:\valente_conecta\node_modules\es-toolkit\compat\flattenDepth.d.ts","flattenDepth.d.ts","C:\valente_conecta\node_modules\es-toolkit\compat"
"C:\valente_conecta\node_modules\es-toolkit\compat\flip.d.ts","flip.d.ts","C:\valente_conecta\node_modules\es-toolkit\compat"
"C:\valente_conecta\node_modules\es-toolkit\compat\floor.d.ts","floor.d.ts","C:\valente_conecta\node_modules\es-toolkit\compat"
"C:\valente_conecta\node_modules\es-toolkit\compat\flow.d.ts","flow.d.ts","C:\valente_conecta\node_modules\es-toolkit\compat"
"C:\valente_conecta\node_modules\es-toolkit\compat\flowRight.d.ts","flowRight.d.ts","C:\valente_conecta\node_modules\es-toolkit\compat"
"C:\valente_conecta\node_modules\es-toolkit\compat\forEach.d.ts","forEach.d.ts","C:\valente_conecta\node_modules\es-toolkit\compat"
"C:\valente_conecta\node_modules\es-toolkit\compat\forEachRight.d.ts","forEachRight.d.ts","C:\valente_conecta\node_modules\es-toolkit\compat"
"C:\valente_conecta\node_modules\es-toolkit\compat\forIn.d.ts","forIn.d.ts","C:\valente_conecta\node_modules\es-toolkit\compat"
"C:\valente_conecta\node_modules\es-toolkit\compat\forInRight.d.ts","forInRight.d.ts","C:\valente_conecta\node_modules\es-toolkit\compat"
"C:\valente_conecta\node_modules\es-toolkit\compat\forOwn.d.ts","forOwn.d.ts","C:\valente_conecta\node_modules\es-toolkit\compat"
"C:\valente_conecta\node_modules\es-toolkit\compat\forOwnRight.d.ts","forOwnRight.d.ts","C:\valente_conecta\node_modules\es-toolkit\compat"
"C:\valente_conecta\node_modules\es-toolkit\compat\fromPairs.d.ts","fromPairs.d.ts","C:\valente_conecta\node_modules\es-toolkit\compat"
"C:\valente_conecta\node_modules\es-toolkit\compat\functions.d.ts","functions.d.ts","C:\valente_conecta\node_modules\es-toolkit\compat"
"C:\valente_conecta\node_modules\es-toolkit\compat\functionsIn.d.ts","functionsIn.d.ts","C:\valente_conecta\node_modules\es-toolkit\compat"
"C:\valente_conecta\node_modules\es-toolkit\compat\get.d.ts","get.d.ts","C:\valente_conecta\node_modules\es-toolkit\compat"
"C:\valente_conecta\node_modules\es-toolkit\compat\groupBy.d.ts","groupBy.d.ts","C:\valente_conecta\node_modules\es-toolkit\compat"
"C:\valente_conecta\node_modules\es-toolkit\compat\gt.d.ts","gt.d.ts","C:\valente_conecta\node_modules\es-toolkit\compat"
"C:\valente_conecta\node_modules\es-toolkit\compat\gte.d.ts","gte.d.ts","C:\valente_conecta\node_modules\es-toolkit\compat"
"C:\valente_conecta\node_modules\es-toolkit\compat\has.d.ts","has.d.ts","C:\valente_conecta\node_modules\es-toolkit\compat"
"C:\valente_conecta\node_modules\es-toolkit\compat\hasIn.d.ts","hasIn.d.ts","C:\valente_conecta\node_modules\es-toolkit\compat"
"C:\valente_conecta\node_modules\es-toolkit\compat\head.d.ts","head.d.ts","C:\valente_conecta\node_modules\es-toolkit\compat"
"C:\valente_conecta\node_modules\es-toolkit\compat\identity.d.ts","identity.d.ts","C:\valente_conecta\node_modules\es-toolkit\compat"
"C:\valente_conecta\node_modules\es-toolkit\compat\includes.d.ts","includes.d.ts","C:\valente_conecta\node_modules\es-toolkit\compat"
"C:\valente_conecta\node_modules\es-toolkit\compat\indexOf.d.ts","indexOf.d.ts","C:\valente_conecta\node_modules\es-toolkit\compat"
"C:\valente_conecta\node_modules\es-toolkit\compat\initial.d.ts","initial.d.ts","C:\valente_conecta\node_modules\es-toolkit\compat"
"C:\valente_conecta\node_modules\es-toolkit\compat\inRange.d.ts","inRange.d.ts","C:\valente_conecta\node_modules\es-toolkit\compat"
"C:\valente_conecta\node_modules\es-toolkit\compat\intersection.d.ts","intersection.d.ts","C:\valente_conecta\node_modules\es-toolkit\compat"
"C:\valente_conecta\node_modules\es-toolkit\compat\intersectionBy.d.ts","intersectionBy.d.ts","C:\valente_conecta\node_modules\es-toolkit\compat"
"C:\valente_conecta\node_modules\es-toolkit\compat\intersectionWith.d.ts","intersectionWith.d.ts","C:\valente_conecta\node_modules\es-toolkit\compat"
"C:\valente_conecta\node_modules\es-toolkit\compat\invert.d.ts","invert.d.ts","C:\valente_conecta\node_modules\es-toolkit\compat"
"C:\valente_conecta\node_modules\es-toolkit\compat\invertBy.d.ts","invertBy.d.ts","C:\valente_conecta\node_modules\es-toolkit\compat"
"C:\valente_conecta\node_modules\es-toolkit\compat\invoke.d.ts","invoke.d.ts","C:\valente_conecta\node_modules\es-toolkit\compat"
"C:\valente_conecta\node_modules\es-toolkit\compat\invokeMap.d.ts","invokeMap.d.ts","C:\valente_conecta\node_modules\es-toolkit\compat"
"C:\valente_conecta\node_modules\es-toolkit\compat\isArguments.d.ts","isArguments.d.ts","C:\valente_conecta\node_modules\es-toolkit\compat"
"C:\valente_conecta\node_modules\es-toolkit\compat\isArray.d.ts","isArray.d.ts","C:\valente_conecta\node_modules\es-toolkit\compat"
"C:\valente_conecta\node_modules\es-toolkit\compat\isArrayBuffer.d.ts","isArrayBuffer.d.ts","C:\valente_conecta\node_modules\es-toolkit\compat"
"C:\valente_conecta\node_modules\es-toolkit\compat\isArrayLike.d.ts","isArrayLike.d.ts","C:\valente_conecta\node_modules\es-toolkit\compat"
"C:\valente_conecta\node_modules\es-toolkit\compat\isArrayLikeObject.d.ts","isArrayLikeObject.d.ts","C:\valente_conecta\node_modules\es-toolkit\compat"
"C:\valente_conecta\node_modules\es-toolkit\compat\isBoolean.d.ts","isBoolean.d.ts","C:\valente_conecta\node_modules\es-toolkit\compat"
"C:\valente_conecta\node_modules\es-toolkit\compat\isBuffer.d.ts","isBuffer.d.ts","C:\valente_conecta\node_modules\es-toolkit\compat"
"C:\valente_conecta\node_modules\es-toolkit\compat\isDate.d.ts","isDate.d.ts","C:\valente_conecta\node_modules\es-toolkit\compat"
"C:\valente_conecta\node_modules\es-toolkit\compat\isElement.d.ts","isElement.d.ts","C:\valente_conecta\node_modules\es-toolkit\compat"
"C:\valente_conecta\node_modules\es-toolkit\compat\isEmpty.d.ts","isEmpty.d.ts","C:\valente_conecta\node_modules\es-toolkit\compat"
"C:\valente_conecta\node_modules\es-toolkit\compat\isEqual.d.ts","isEqual.d.ts","C:\valente_conecta\node_modules\es-toolkit\compat"
"C:\valente_conecta\node_modules\es-toolkit\compat\isEqualWith.d.ts","isEqualWith.d.ts","C:\valente_conecta\node_modules\es-toolkit\compat"
"C:\valente_conecta\node_modules\es-toolkit\compat\isError.d.ts","isError.d.ts","C:\valente_conecta\node_modules\es-toolkit\compat"
"C:\valente_conecta\node_modules\es-toolkit\compat\isFinite.d.ts","isFinite.d.ts","C:\valente_conecta\node_modules\es-toolkit\compat"
"C:\valente_conecta\node_modules\es-toolkit\compat\isFunction.d.ts","isFunction.d.ts","C:\valente_conecta\node_modules\es-toolkit\compat"
"C:\valente_conecta\node_modules\es-toolkit\compat\isInteger.d.ts","isInteger.d.ts","C:\valente_conecta\node_modules\es-toolkit\compat"
"C:\valente_conecta\node_modules\es-toolkit\compat\isLength.d.ts","isLength.d.ts","C:\valente_conecta\node_modules\es-toolkit\compat"
"C:\valente_conecta\node_modules\es-toolkit\compat\isMap.d.ts","isMap.d.ts","C:\valente_conecta\node_modules\es-toolkit\compat"
"C:\valente_conecta\node_modules\es-toolkit\compat\isMatch.d.ts","isMatch.d.ts","C:\valente_conecta\node_modules\es-toolkit\compat"
"C:\valente_conecta\node_modules\es-toolkit\compat\isMatchWith.d.ts","isMatchWith.d.ts","C:\valente_conecta\node_modules\es-toolkit\compat"
"C:\valente_conecta\node_modules\es-toolkit\compat\isNaN.d.ts","isNaN.d.ts","C:\valente_conecta\node_modules\es-toolkit\compat"
"C:\valente_conecta\node_modules\es-toolkit\compat\isNative.d.ts","isNative.d.ts","C:\valente_conecta\node_modules\es-toolkit\compat"
"C:\valente_conecta\node_modules\es-toolkit\compat\isNil.d.ts","isNil.d.ts","C:\valente_conecta\node_modules\es-toolkit\compat"
"C:\valente_conecta\node_modules\es-toolkit\compat\isNull.d.ts","isNull.d.ts","C:\valente_conecta\node_modules\es-toolkit\compat"
"C:\valente_conecta\node_modules\es-toolkit\compat\isNumber.d.ts","isNumber.d.ts","C:\valente_conecta\node_modules\es-toolkit\compat"
"C:\valente_conecta\node_modules\es-toolkit\compat\isObject.d.ts","isObject.d.ts","C:\valente_conecta\node_modules\es-toolkit\compat"
"C:\valente_conecta\node_modules\es-toolkit\compat\isObjectLike.d.ts","isObjectLike.d.ts","C:\valente_conecta\node_modules\es-toolkit\compat"
"C:\valente_conecta\node_modules\es-toolkit\compat\isPlainObject.d.ts","isPlainObject.d.ts","C:\valente_conecta\node_modules\es-toolkit\compat"
"C:\valente_conecta\node_modules\es-toolkit\compat\isRegExp.d.ts","isRegExp.d.ts","C:\valente_conecta\node_modules\es-toolkit\compat"
"C:\valente_conecta\node_modules\es-toolkit\compat\isSafeInteger.d.ts","isSafeInteger.d.ts","C:\valente_conecta\node_modules\es-toolkit\compat"
"C:\valente_conecta\node_modules\es-toolkit\compat\isSet.d.ts","isSet.d.ts","C:\valente_conecta\node_modules\es-toolkit\compat"
"C:\valente_conecta\node_modules\es-toolkit\compat\isString.d.ts","isString.d.ts","C:\valente_conecta\node_modules\es-toolkit\compat"
"C:\valente_conecta\node_modules\es-toolkit\compat\isSymbol.d.ts","isSymbol.d.ts","C:\valente_conecta\node_modules\es-toolkit\compat"
"C:\valente_conecta\node_modules\es-toolkit\compat\isTypedArray.d.ts","isTypedArray.d.ts","C:\valente_conecta\node_modules\es-toolkit\compat"
"C:\valente_conecta\node_modules\es-toolkit\compat\isUndefined.d.ts","isUndefined.d.ts","C:\valente_conecta\node_modules\es-toolkit\compat"
"C:\valente_conecta\node_modules\es-toolkit\compat\isWeakMap.d.ts","isWeakMap.d.ts","C:\valente_conecta\node_modules\es-toolkit\compat"
"C:\valente_conecta\node_modules\es-toolkit\compat\isWeakSet.d.ts","isWeakSet.d.ts","C:\valente_conecta\node_modules\es-toolkit\compat"
"C:\valente_conecta\node_modules\es-toolkit\compat\iteratee.d.ts","iteratee.d.ts","C:\valente_conecta\node_modules\es-toolkit\compat"
"C:\valente_conecta\node_modules\es-toolkit\compat\join.d.ts","join.d.ts","C:\valente_conecta\node_modules\es-toolkit\compat"
"C:\valente_conecta\node_modules\es-toolkit\compat\kebabCase.d.ts","kebabCase.d.ts","C:\valente_conecta\node_modules\es-toolkit\compat"
"C:\valente_conecta\node_modules\es-toolkit\compat\keyBy.d.ts","keyBy.d.ts","C:\valente_conecta\node_modules\es-toolkit\compat"
"C:\valente_conecta\node_modules\es-toolkit\compat\keys.d.ts","keys.d.ts","C:\valente_conecta\node_modules\es-toolkit\compat"
"C:\valente_conecta\node_modules\es-toolkit\compat\keysIn.d.ts","keysIn.d.ts","C:\valente_conecta\node_modules\es-toolkit\compat"
"C:\valente_conecta\node_modules\es-toolkit\compat\last.d.ts","last.d.ts","C:\valente_conecta\node_modules\es-toolkit\compat"
"C:\valente_conecta\node_modules\es-toolkit\compat\lastIndexOf.d.ts","lastIndexOf.d.ts","C:\valente_conecta\node_modules\es-toolkit\compat"
"C:\valente_conecta\node_modules\es-toolkit\compat\lowerCase.d.ts","lowerCase.d.ts","C:\valente_conecta\node_modules\es-toolkit\compat"
"C:\valente_conecta\node_modules\es-toolkit\compat\lowerFirst.d.ts","lowerFirst.d.ts","C:\valente_conecta\node_modules\es-toolkit\compat"
"C:\valente_conecta\node_modules\es-toolkit\compat\lt.d.ts","lt.d.ts","C:\valente_conecta\node_modules\es-toolkit\compat"
"C:\valente_conecta\node_modules\es-toolkit\compat\lte.d.ts","lte.d.ts","C:\valente_conecta\node_modules\es-toolkit\compat"
"C:\valente_conecta\node_modules\es-toolkit\compat\map.d.ts","map.d.ts","C:\valente_conecta\node_modules\es-toolkit\compat"
"C:\valente_conecta\node_modules\es-toolkit\compat\mapKeys.d.ts","mapKeys.d.ts","C:\valente_conecta\node_modules\es-toolkit\compat"
"C:\valente_conecta\node_modules\es-toolkit\compat\mapValues.d.ts","mapValues.d.ts","C:\valente_conecta\node_modules\es-toolkit\compat"
"C:\valente_conecta\node_modules\es-toolkit\compat\matches.d.ts","matches.d.ts","C:\valente_conecta\node_modules\es-toolkit\compat"
"C:\valente_conecta\node_modules\es-toolkit\compat\matchesProperty.d.ts","matchesProperty.d.ts","C:\valente_conecta\node_modules\es-toolkit\compat"
"C:\valente_conecta\node_modules\es-toolkit\compat\max.d.ts","max.d.ts","C:\valente_conecta\node_modules\es-toolkit\compat"
"C:\valente_conecta\node_modules\es-toolkit\compat\maxBy.d.ts","maxBy.d.ts","C:\valente_conecta\node_modules\es-toolkit\compat"
"C:\valente_conecta\node_modules\es-toolkit\compat\mean.d.ts","mean.d.ts","C:\valente_conecta\node_modules\es-toolkit\compat"
"C:\valente_conecta\node_modules\es-toolkit\compat\meanBy.d.ts","meanBy.d.ts","C:\valente_conecta\node_modules\es-toolkit\compat"
"C:\valente_conecta\node_modules\es-toolkit\compat\memoize.d.ts","memoize.d.ts","C:\valente_conecta\node_modules\es-toolkit\compat"
"C:\valente_conecta\node_modules\es-toolkit\compat\merge.d.ts","merge.d.ts","C:\valente_conecta\node_modules\es-toolkit\compat"
"C:\valente_conecta\node_modules\es-toolkit\compat\mergeWith.d.ts","mergeWith.d.ts","C:\valente_conecta\node_modules\es-toolkit\compat"
"C:\valente_conecta\node_modules\es-toolkit\compat\method.d.ts","method.d.ts","C:\valente_conecta\node_modules\es-toolkit\compat"
"C:\valente_conecta\node_modules\es-toolkit\compat\methodOf.d.ts","methodOf.d.ts","C:\valente_conecta\node_modules\es-toolkit\compat"
"C:\valente_conecta\node_modules\es-toolkit\compat\min.d.ts","min.d.ts","C:\valente_conecta\node_modules\es-toolkit\compat"
"C:\valente_conecta\node_modules\es-toolkit\compat\minBy.d.ts","minBy.d.ts","C:\valente_conecta\node_modules\es-toolkit\compat"
"C:\valente_conecta\node_modules\es-toolkit\compat\multiply.d.ts","multiply.d.ts","C:\valente_conecta\node_modules\es-toolkit\compat"
"C:\valente_conecta\node_modules\es-toolkit\compat\negate.d.ts","negate.d.ts","C:\valente_conecta\node_modules\es-toolkit\compat"
"C:\valente_conecta\node_modules\es-toolkit\compat\noop.d.ts","noop.d.ts","C:\valente_conecta\node_modules\es-toolkit\compat"
"C:\valente_conecta\node_modules\es-toolkit\compat\now.d.ts","now.d.ts","C:\valente_conecta\node_modules\es-toolkit\compat"
"C:\valente_conecta\node_modules\es-toolkit\compat\nth.d.ts","nth.d.ts","C:\valente_conecta\node_modules\es-toolkit\compat"
"C:\valente_conecta\node_modules\es-toolkit\compat\nthArg.d.ts","nthArg.d.ts","C:\valente_conecta\node_modules\es-toolkit\compat"
"C:\valente_conecta\node_modules\es-toolkit\compat\omit.d.ts","omit.d.ts","C:\valente_conecta\node_modules\es-toolkit\compat"
"C:\valente_conecta\node_modules\es-toolkit\compat\omitBy.d.ts","omitBy.d.ts","C:\valente_conecta\node_modules\es-toolkit\compat"
"C:\valente_conecta\node_modules\es-toolkit\compat\once.d.ts","once.d.ts","C:\valente_conecta\node_modules\es-toolkit\compat"
"C:\valente_conecta\node_modules\es-toolkit\compat\orderBy.d.ts","orderBy.d.ts","C:\valente_conecta\node_modules\es-toolkit\compat"
"C:\valente_conecta\node_modules\es-toolkit\compat\over.d.ts","over.d.ts","C:\valente_conecta\node_modules\es-toolkit\compat"
"C:\valente_conecta\node_modules\es-toolkit\compat\overArgs.d.ts","overArgs.d.ts","C:\valente_conecta\node_modules\es-toolkit\compat"
"C:\valente_conecta\node_modules\es-toolkit\compat\overEvery.d.ts","overEvery.d.ts","C:\valente_conecta\node_modules\es-toolkit\compat"
"C:\valente_conecta\node_modules\es-toolkit\compat\overSome.d.ts","overSome.d.ts","C:\valente_conecta\node_modules\es-toolkit\compat"
"C:\valente_conecta\node_modules\es-toolkit\compat\pad.d.ts","pad.d.ts","C:\valente_conecta\node_modules\es-toolkit\compat"
"C:\valente_conecta\node_modules\es-toolkit\compat\padEnd.d.ts","padEnd.d.ts","C:\valente_conecta\node_modules\es-toolkit\compat"
"C:\valente_conecta\node_modules\es-toolkit\compat\padStart.d.ts","padStart.d.ts","C:\valente_conecta\node_modules\es-toolkit\compat"
"C:\valente_conecta\node_modules\es-toolkit\compat\parseInt.d.ts","parseInt.d.ts","C:\valente_conecta\node_modules\es-toolkit\compat"
"C:\valente_conecta\node_modules\es-toolkit\compat\partial.d.ts","partial.d.ts","C:\valente_conecta\node_modules\es-toolkit\compat"
"C:\valente_conecta\node_modules\es-toolkit\compat\partialRight.d.ts","partialRight.d.ts","C:\valente_conecta\node_modules\es-toolkit\compat"
"C:\valente_conecta\node_modules\es-toolkit\compat\partition.d.ts","partition.d.ts","C:\valente_conecta\node_modules\es-toolkit\compat"
"C:\valente_conecta\node_modules\es-toolkit\compat\pick.d.ts","pick.d.ts","C:\valente_conecta\node_modules\es-toolkit\compat"
"C:\valente_conecta\node_modules\es-toolkit\compat\pickBy.d.ts","pickBy.d.ts","C:\valente_conecta\node_modules\es-toolkit\compat"
"C:\valente_conecta\node_modules\es-toolkit\compat\property.d.ts","property.d.ts","C:\valente_conecta\node_modules\es-toolkit\compat"
"C:\valente_conecta\node_modules\es-toolkit\compat\propertyOf.d.ts","propertyOf.d.ts","C:\valente_conecta\node_modules\es-toolkit\compat"
"C:\valente_conecta\node_modules\es-toolkit\compat\pull.d.ts","pull.d.ts","C:\valente_conecta\node_modules\es-toolkit\compat"
"C:\valente_conecta\node_modules\es-toolkit\compat\pullAll.d.ts","pullAll.d.ts","C:\valente_conecta\node_modules\es-toolkit\compat"
"C:\valente_conecta\node_modules\es-toolkit\compat\pullAllBy.d.ts","pullAllBy.d.ts","C:\valente_conecta\node_modules\es-toolkit\compat"
"C:\valente_conecta\node_modules\es-toolkit\compat\pullAllWith.d.ts","pullAllWith.d.ts","C:\valente_conecta\node_modules\es-toolkit\compat"
"C:\valente_conecta\node_modules\es-toolkit\compat\pullAt.d.ts","pullAt.d.ts","C:\valente_conecta\node_modules\es-toolkit\compat"
"C:\valente_conecta\node_modules\es-toolkit\compat\random.d.ts","random.d.ts","C:\valente_conecta\node_modules\es-toolkit\compat"
"C:\valente_conecta\node_modules\es-toolkit\compat\range.d.ts","range.d.ts","C:\valente_conecta\node_modules\es-toolkit\compat"
"C:\valente_conecta\node_modules\es-toolkit\compat\rangeRight.d.ts","rangeRight.d.ts","C:\valente_conecta\node_modules\es-toolkit\compat"
"C:\valente_conecta\node_modules\es-toolkit\compat\rearg.d.ts","rearg.d.ts","C:\valente_conecta\node_modules\es-toolkit\compat"
"C:\valente_conecta\node_modules\es-toolkit\compat\reduce.d.ts","reduce.d.ts","C:\valente_conecta\node_modules\es-toolkit\compat"
"C:\valente_conecta\node_modules\es-toolkit\compat\reduceRight.d.ts","reduceRight.d.ts","C:\valente_conecta\node_modules\es-toolkit\compat"
"C:\valente_conecta\node_modules\es-toolkit\compat\reject.d.ts","reject.d.ts","C:\valente_conecta\node_modules\es-toolkit\compat"
"C:\valente_conecta\node_modules\es-toolkit\compat\remove.d.ts","remove.d.ts","C:\valente_conecta\node_modules\es-toolkit\compat"
"C:\valente_conecta\node_modules\es-toolkit\compat\repeat.d.ts","repeat.d.ts","C:\valente_conecta\node_modules\es-toolkit\compat"
"C:\valente_conecta\node_modules\es-toolkit\compat\replace.d.ts","replace.d.ts","C:\valente_conecta\node_modules\es-toolkit\compat"
"C:\valente_conecta\node_modules\es-toolkit\compat\rest.d.ts","rest.d.ts","C:\valente_conecta\node_modules\es-toolkit\compat"
"C:\valente_conecta\node_modules\es-toolkit\compat\result.d.ts","result.d.ts","C:\valente_conecta\node_modules\es-toolkit\compat"
"C:\valente_conecta\node_modules\es-toolkit\compat\reverse.d.ts","reverse.d.ts","C:\valente_conecta\node_modules\es-toolkit\compat"
"C:\valente_conecta\node_modules\es-toolkit\compat\round.d.ts","round.d.ts","C:\valente_conecta\node_modules\es-toolkit\compat"
"C:\valente_conecta\node_modules\es-toolkit\compat\sample.d.ts","sample.d.ts","C:\valente_conecta\node_modules\es-toolkit\compat"
"C:\valente_conecta\node_modules\es-toolkit\compat\sampleSize.d.ts","sampleSize.d.ts","C:\valente_conecta\node_modules\es-toolkit\compat"
"C:\valente_conecta\node_modules\es-toolkit\compat\set.d.ts","set.d.ts","C:\valente_conecta\node_modules\es-toolkit\compat"
"C:\valente_conecta\node_modules\es-toolkit\compat\setWith.d.ts","setWith.d.ts","C:\valente_conecta\node_modules\es-toolkit\compat"
"C:\valente_conecta\node_modules\es-toolkit\compat\shuffle.d.ts","shuffle.d.ts","C:\valente_conecta\node_modules\es-toolkit\compat"
"C:\valente_conecta\node_modules\es-toolkit\compat\size.d.ts","size.d.ts","C:\valente_conecta\node_modules\es-toolkit\compat"
"C:\valente_conecta\node_modules\es-toolkit\compat\slice.d.ts","slice.d.ts","C:\valente_conecta\node_modules\es-toolkit\compat"
"C:\valente_conecta\node_modules\es-toolkit\compat\snakeCase.d.ts","snakeCase.d.ts","C:\valente_conecta\node_modules\es-toolkit\compat"
"C:\valente_conecta\node_modules\es-toolkit\compat\some.d.ts","some.d.ts","C:\valente_conecta\node_modules\es-toolkit\compat"
"C:\valente_conecta\node_modules\es-toolkit\compat\sortBy.d.ts","sortBy.d.ts","C:\valente_conecta\node_modules\es-toolkit\compat"
"C:\valente_conecta\node_modules\es-toolkit\compat\sortedIndex.d.ts","sortedIndex.d.ts","C:\valente_conecta\node_modules\es-toolkit\compat"
"C:\valente_conecta\node_modules\es-toolkit\compat\sortedIndexBy.d.ts","sortedIndexBy.d.ts","C:\valente_conecta\node_modules\es-toolkit\compat"
"C:\valente_conecta\node_modules\es-toolkit\compat\sortedIndexOf.d.ts","sortedIndexOf.d.ts","C:\valente_conecta\node_modules\es-toolkit\compat"
"C:\valente_conecta\node_modules\es-toolkit\compat\sortedLastIndex.d.ts","sortedLastIndex.d.ts","C:\valente_conecta\node_modules\es-toolkit\compat"
"C:\valente_conecta\node_modules\es-toolkit\compat\sortedLastIndexBy.d.ts","sortedLastIndexBy.d.ts","C:\valente_conecta\node_modules\es-toolkit\compat"
"C:\valente_conecta\node_modules\es-toolkit\compat\sortedLastIndexOf.d.ts","sortedLastIndexOf.d.ts","C:\valente_conecta\node_modules\es-toolkit\compat"
"C:\valente_conecta\node_modules\es-toolkit\compat\split.d.ts","split.d.ts","C:\valente_conecta\node_modules\es-toolkit\compat"
"C:\valente_conecta\node_modules\es-toolkit\compat\spread.d.ts","spread.d.ts","C:\valente_conecta\node_modules\es-toolkit\compat"
"C:\valente_conecta\node_modules\es-toolkit\compat\startCase.d.ts","startCase.d.ts","C:\valente_conecta\node_modules\es-toolkit\compat"
"C:\valente_conecta\node_modules\es-toolkit\compat\startsWith.d.ts","startsWith.d.ts","C:\valente_conecta\node_modules\es-toolkit\compat"
"C:\valente_conecta\node_modules\es-toolkit\compat\stubArray.d.ts","stubArray.d.ts","C:\valente_conecta\node_modules\es-toolkit\compat"
"C:\valente_conecta\node_modules\es-toolkit\compat\stubFalse.d.ts","stubFalse.d.ts","C:\valente_conecta\node_modules\es-toolkit\compat"
"C:\valente_conecta\node_modules\es-toolkit\compat\stubObject.d.ts","stubObject.d.ts","C:\valente_conecta\node_modules\es-toolkit\compat"
"C:\valente_conecta\node_modules\es-toolkit\compat\stubString.d.ts","stubString.d.ts","C:\valente_conecta\node_modules\es-toolkit\compat"
"C:\valente_conecta\node_modules\es-toolkit\compat\stubTrue.d.ts","stubTrue.d.ts","C:\valente_conecta\node_modules\es-toolkit\compat"
"C:\valente_conecta\node_modules\es-toolkit\compat\subtract.d.ts","subtract.d.ts","C:\valente_conecta\node_modules\es-toolkit\compat"
"C:\valente_conecta\node_modules\es-toolkit\compat\sum.d.ts","sum.d.ts","C:\valente_conecta\node_modules\es-toolkit\compat"
"C:\valente_conecta\node_modules\es-toolkit\compat\sumBy.d.ts","sumBy.d.ts","C:\valente_conecta\node_modules\es-toolkit\compat"
"C:\valente_conecta\node_modules\es-toolkit\compat\tail.d.ts","tail.d.ts","C:\valente_conecta\node_modules\es-toolkit\compat"
"C:\valente_conecta\node_modules\es-toolkit\compat\take.d.ts","take.d.ts","C:\valente_conecta\node_modules\es-toolkit\compat"
"C:\valente_conecta\node_modules\es-toolkit\compat\takeRight.d.ts","takeRight.d.ts","C:\valente_conecta\node_modules\es-toolkit\compat"
"C:\valente_conecta\node_modules\es-toolkit\compat\takeRightWhile.d.ts","takeRightWhile.d.ts","C:\valente_conecta\node_modules\es-toolkit\compat"
"C:\valente_conecta\node_modules\es-toolkit\compat\takeWhile.d.ts","takeWhile.d.ts","C:\valente_conecta\node_modules\es-toolkit\compat"
"C:\valente_conecta\node_modules\es-toolkit\compat\template.d.ts","template.d.ts","C:\valente_conecta\node_modules\es-toolkit\compat"
"C:\valente_conecta\node_modules\es-toolkit\compat\templateSettings.d.ts","templateSettings.d.ts","C:\valente_conecta\node_modules\es-toolkit\compat"
"C:\valente_conecta\node_modules\es-toolkit\compat\throttle.d.ts","throttle.d.ts","C:\valente_conecta\node_modules\es-toolkit\compat"
"C:\valente_conecta\node_modules\es-toolkit\compat\times.d.ts","times.d.ts","C:\valente_conecta\node_modules\es-toolkit\compat"
"C:\valente_conecta\node_modules\es-toolkit\compat\toArray.d.ts","toArray.d.ts","C:\valente_conecta\node_modules\es-toolkit\compat"
"C:\valente_conecta\node_modules\es-toolkit\compat\toDefaulted.d.ts","toDefaulted.d.ts","C:\valente_conecta\node_modules\es-toolkit\compat"
"C:\valente_conecta\node_modules\es-toolkit\compat\toFinite.d.ts","toFinite.d.ts","C:\valente_conecta\node_modules\es-toolkit\compat"
"C:\valente_conecta\node_modules\es-toolkit\compat\toInteger.d.ts","toInteger.d.ts","C:\valente_conecta\node_modules\es-toolkit\compat"
"C:\valente_conecta\node_modules\es-toolkit\compat\toLength.d.ts","toLength.d.ts","C:\valente_conecta\node_modules\es-toolkit\compat"
"C:\valente_conecta\node_modules\es-toolkit\compat\toLower.d.ts","toLower.d.ts","C:\valente_conecta\node_modules\es-toolkit\compat"
"C:\valente_conecta\node_modules\es-toolkit\compat\toNumber.d.ts","toNumber.d.ts","C:\valente_conecta\node_modules\es-toolkit\compat"
"C:\valente_conecta\node_modules\es-toolkit\compat\toPairs.d.ts","toPairs.d.ts","C:\valente_conecta\node_modules\es-toolkit\compat"
"C:\valente_conecta\node_modules\es-toolkit\compat\toPairsIn.d.ts","toPairsIn.d.ts","C:\valente_conecta\node_modules\es-toolkit\compat"
"C:\valente_conecta\node_modules\es-toolkit\compat\toPath.d.ts","toPath.d.ts","C:\valente_conecta\node_modules\es-toolkit\compat"
"C:\valente_conecta\node_modules\es-toolkit\compat\toPlainObject.d.ts","toPlainObject.d.ts","C:\valente_conecta\node_modules\es-toolkit\compat"
"C:\valente_conecta\node_modules\es-toolkit\compat\toSafeInteger.d.ts","toSafeInteger.d.ts","C:\valente_conecta\node_modules\es-toolkit\compat"
"C:\valente_conecta\node_modules\es-toolkit\compat\toString.d.ts","toString.d.ts","C:\valente_conecta\node_modules\es-toolkit\compat"
"C:\valente_conecta\node_modules\es-toolkit\compat\toUpper.d.ts","toUpper.d.ts","C:\valente_conecta\node_modules\es-toolkit\compat"
"C:\valente_conecta\node_modules\es-toolkit\compat\transform.d.ts","transform.d.ts","C:\valente_conecta\node_modules\es-toolkit\compat"
"C:\valente_conecta\node_modules\es-toolkit\compat\trim.d.ts","trim.d.ts","C:\valente_conecta\node_modules\es-toolkit\compat"
"C:\valente_conecta\node_modules\es-toolkit\compat\trimEnd.d.ts","trimEnd.d.ts","C:\valente_conecta\node_modules\es-toolkit\compat"
"C:\valente_conecta\node_modules\es-toolkit\compat\trimStart.d.ts","trimStart.d.ts","C:\valente_conecta\node_modules\es-toolkit\compat"
"C:\valente_conecta\node_modules\es-toolkit\compat\truncate.d.ts","truncate.d.ts","C:\valente_conecta\node_modules\es-toolkit\compat"
"C:\valente_conecta\node_modules\es-toolkit\compat\unary.d.ts","unary.d.ts","C:\valente_conecta\node_modules\es-toolkit\compat"
"C:\valente_conecta\node_modules\es-toolkit\compat\unescape.d.ts","unescape.d.ts","C:\valente_conecta\node_modules\es-toolkit\compat"
"C:\valente_conecta\node_modules\es-toolkit\compat\union.d.ts","union.d.ts","C:\valente_conecta\node_modules\es-toolkit\compat"
"C:\valente_conecta\node_modules\es-toolkit\compat\unionBy.d.ts","unionBy.d.ts","C:\valente_conecta\node_modules\es-toolkit\compat"
"C:\valente_conecta\node_modules\es-toolkit\compat\unionWith.d.ts","unionWith.d.ts","C:\valente_conecta\node_modules\es-toolkit\compat"
"C:\valente_conecta\node_modules\es-toolkit\compat\uniq.d.ts","uniq.d.ts","C:\valente_conecta\node_modules\es-toolkit\compat"
"C:\valente_conecta\node_modules\es-toolkit\compat\uniqBy.d.ts","uniqBy.d.ts","C:\valente_conecta\node_modules\es-toolkit\compat"
"C:\valente_conecta\node_modules\es-toolkit\compat\uniqueId.d.ts","uniqueId.d.ts","C:\valente_conecta\node_modules\es-toolkit\compat"
"C:\valente_conecta\node_modules\es-toolkit\compat\uniqWith.d.ts","uniqWith.d.ts","C:\valente_conecta\node_modules\es-toolkit\compat"
"C:\valente_conecta\node_modules\es-toolkit\compat\unset.d.ts","unset.d.ts","C:\valente_conecta\node_modules\es-toolkit\compat"
"C:\valente_conecta\node_modules\es-toolkit\compat\unzip.d.ts","unzip.d.ts","C:\valente_conecta\node_modules\es-toolkit\compat"
"C:\valente_conecta\node_modules\es-toolkit\compat\unzipWith.d.ts","unzipWith.d.ts","C:\valente_conecta\node_modules\es-toolkit\compat"
"C:\valente_conecta\node_modules\es-toolkit\compat\update.d.ts","update.d.ts","C:\valente_conecta\node_modules\es-toolkit\compat"
"C:\valente_conecta\node_modules\es-toolkit\compat\updateWith.d.ts","updateWith.d.ts","C:\valente_conecta\node_modules\es-toolkit\compat"
"C:\valente_conecta\node_modules\es-toolkit\compat\upperCase.d.ts","upperCase.d.ts","C:\valente_conecta\node_modules\es-toolkit\compat"
"C:\valente_conecta\node_modules\es-toolkit\compat\upperFirst.d.ts","upperFirst.d.ts","C:\valente_conecta\node_modules\es-toolkit\compat"
"C:\valente_conecta\node_modules\es-toolkit\compat\values.d.ts","values.d.ts","C:\valente_conecta\node_modules\es-toolkit\compat"
"C:\valente_conecta\node_modules\es-toolkit\compat\valuesIn.d.ts","valuesIn.d.ts","C:\valente_conecta\node_modules\es-toolkit\compat"
"C:\valente_conecta\node_modules\es-toolkit\compat\without.d.ts","without.d.ts","C:\valente_conecta\node_modules\es-toolkit\compat"
"C:\valente_conecta\node_modules\es-toolkit\compat\words.d.ts","words.d.ts","C:\valente_conecta\node_modules\es-toolkit\compat"
"C:\valente_conecta\node_modules\es-toolkit\compat\wrap.d.ts","wrap.d.ts","C:\valente_conecta\node_modules\es-toolkit\compat"
"C:\valente_conecta\node_modules\es-toolkit\compat\xor.d.ts","xor.d.ts","C:\valente_conecta\node_modules\es-toolkit\compat"
"C:\valente_conecta\node_modules\es-toolkit\compat\xorBy.d.ts","xorBy.d.ts","C:\valente_conecta\node_modules\es-toolkit\compat"
"C:\valente_conecta\node_modules\es-toolkit\compat\xorWith.d.ts","xorWith.d.ts","C:\valente_conecta\node_modules\es-toolkit\compat"
"C:\valente_conecta\node_modules\es-toolkit\compat\zip.d.ts","zip.d.ts","C:\valente_conecta\node_modules\es-toolkit\compat"
"C:\valente_conecta\node_modules\es-toolkit\compat\zipObject.d.ts","zipObject.d.ts","C:\valente_conecta\node_modules\es-toolkit\compat"
"C:\valente_conecta\node_modules\es-toolkit\compat\zipObjectDeep.d.ts","zipObjectDeep.d.ts","C:\valente_conecta\node_modules\es-toolkit\compat"
"C:\valente_conecta\node_modules\es-toolkit\compat\zipWith.d.ts","zipWith.d.ts","C:\valente_conecta\node_modules\es-toolkit\compat"
"C:\valente_conecta\node_modules\es-toolkit\dist\array\cartesianProduct.d.ts","cartesianProduct.d.ts","C:\valente_conecta\node_modules\es-toolkit\dist\array"
"C:\valente_conecta\node_modules\es-toolkit\dist\array\chunk.d.ts","chunk.d.ts","C:\valente_conecta\node_modules\es-toolkit\dist\array"
"C:\valente_conecta\node_modules\es-toolkit\dist\array\combinations.d.ts","combinations.d.ts","C:\valente_conecta\node_modules\es-toolkit\dist\array"
"C:\valente_conecta\node_modules\es-toolkit\dist\array\compact.d.ts","compact.d.ts","C:\valente_conecta\node_modules\es-toolkit\dist\array"
"C:\valente_conecta\node_modules\es-toolkit\dist\array\countBy.d.ts","countBy.d.ts","C:\valente_conecta\node_modules\es-toolkit\dist\array"
"C:\valente_conecta\node_modules\es-toolkit\dist\array\difference.d.ts","difference.d.ts","C:\valente_conecta\node_modules\es-toolkit\dist\array"
"C:\valente_conecta\node_modules\es-toolkit\dist\array\differenceBy.d.ts","differenceBy.d.ts","C:\valente_conecta\node_modules\es-toolkit\dist\array"
"C:\valente_conecta\node_modules\es-toolkit\dist\array\differenceWith.d.ts","differenceWith.d.ts","C:\valente_conecta\node_modules\es-toolkit\dist\array"
"C:\valente_conecta\node_modules\es-toolkit\dist\array\drop.d.ts","drop.d.ts","C:\valente_conecta\node_modules\es-toolkit\dist\array"
"C:\valente_conecta\node_modules\es-toolkit\dist\array\dropRight.d.ts","dropRight.d.ts","C:\valente_conecta\node_modules\es-toolkit\dist\array"
"C:\valente_conecta\node_modules\es-toolkit\dist\array\dropRightWhile.d.ts","dropRightWhile.d.ts","C:\valente_conecta\node_modules\es-toolkit\dist\array"
"C:\valente_conecta\node_modules\es-toolkit\dist\array\dropWhile.d.ts","dropWhile.d.ts","C:\valente_conecta\node_modules\es-toolkit\dist\array"
"C:\valente_conecta\node_modules\es-toolkit\dist\array\fill.d.ts","fill.d.ts","C:\valente_conecta\node_modules\es-toolkit\dist\array"
"C:\valente_conecta\node_modules\es-toolkit\dist\array\filterAsync.d.ts","filterAsync.d.ts","C:\valente_conecta\node_modules\es-toolkit\dist\array"
"C:\valente_conecta\node_modules\es-toolkit\dist\array\flatMap.d.ts","flatMap.d.ts","C:\valente_conecta\node_modules\es-toolkit\dist\array"
"C:\valente_conecta\node_modules\es-toolkit\dist\array\flatMapAsync.d.ts","flatMapAsync.d.ts","C:\valente_conecta\node_modules\es-toolkit\dist\array"
"C:\valente_conecta\node_modules\es-toolkit\dist\array\flatMapDeep.d.ts","flatMapDeep.d.ts","C:\valente_conecta\node_modules\es-toolkit\dist\array"
"C:\valente_conecta\node_modules\es-toolkit\dist\array\flatten.d.ts","flatten.d.ts","C:\valente_conecta\node_modules\es-toolkit\dist\array"
"C:\valente_conecta\node_modules\es-toolkit\dist\array\flattenDeep.d.ts","flattenDeep.d.ts","C:\valente_conecta\node_modules\es-toolkit\dist\array"
"C:\valente_conecta\node_modules\es-toolkit\dist\array\forEachAsync.d.ts","forEachAsync.d.ts","C:\valente_conecta\node_modules\es-toolkit\dist\array"
"C:\valente_conecta\node_modules\es-toolkit\dist\array\forEachRight.d.ts","forEachRight.d.ts","C:\valente_conecta\node_modules\es-toolkit\dist\array"
"C:\valente_conecta\node_modules\es-toolkit\dist\array\groupBy.d.ts","groupBy.d.ts","C:\valente_conecta\node_modules\es-toolkit\dist\array"
"C:\valente_conecta\node_modules\es-toolkit\dist\array\head.d.ts","head.d.ts","C:\valente_conecta\node_modules\es-toolkit\dist\array"
"C:\valente_conecta\node_modules\es-toolkit\dist\array\index.d.ts","index.d.ts","C:\valente_conecta\node_modules\es-toolkit\dist\array"
"C:\valente_conecta\node_modules\es-toolkit\dist\array\initial.d.ts","initial.d.ts","C:\valente_conecta\node_modules\es-toolkit\dist\array"
"C:\valente_conecta\node_modules\es-toolkit\dist\array\intersection.d.ts","intersection.d.ts","C:\valente_conecta\node_modules\es-toolkit\dist\array"
"C:\valente_conecta\node_modules\es-toolkit\dist\array\intersectionBy.d.ts","intersectionBy.d.ts","C:\valente_conecta\node_modules\es-toolkit\dist\array"
"C:\valente_conecta\node_modules\es-toolkit\dist\array\intersectionWith.d.ts","intersectionWith.d.ts","C:\valente_conecta\node_modules\es-toolkit\dist\array"
"C:\valente_conecta\node_modules\es-toolkit\dist\array\isSubset.d.ts","isSubset.d.ts","C:\valente_conecta\node_modules\es-toolkit\dist\array"
"C:\valente_conecta\node_modules\es-toolkit\dist\array\isSubsetWith.d.ts","isSubsetWith.d.ts","C:\valente_conecta\node_modules\es-toolkit\dist\array"
"C:\valente_conecta\node_modules\es-toolkit\dist\array\keyBy.d.ts","keyBy.d.ts","C:\valente_conecta\node_modules\es-toolkit\dist\array"
"C:\valente_conecta\node_modules\es-toolkit\dist\array\last.d.ts","last.d.ts","C:\valente_conecta\node_modules\es-toolkit\dist\array"
"C:\valente_conecta\node_modules\es-toolkit\dist\array\limitAsync.d.ts","limitAsync.d.ts","C:\valente_conecta\node_modules\es-toolkit\dist\array"
"C:\valente_conecta\node_modules\es-toolkit\dist\array\mapAsync.d.ts","mapAsync.d.ts","C:\valente_conecta\node_modules\es-toolkit\dist\array"
"C:\valente_conecta\node_modules\es-toolkit\dist\array\maxBy.d.ts","maxBy.d.ts","C:\valente_conecta\node_modules\es-toolkit\dist\array"
"C:\valente_conecta\node_modules\es-toolkit\dist\array\minBy.d.ts","minBy.d.ts","C:\valente_conecta\node_modules\es-toolkit\dist\array"
"C:\valente_conecta\node_modules\es-toolkit\dist\array\orderBy.d.ts","orderBy.d.ts","C:\valente_conecta\node_modules\es-toolkit\dist\array"
"C:\valente_conecta\node_modules\es-toolkit\dist\array\partition.d.ts","partition.d.ts","C:\valente_conecta\node_modules\es-toolkit\dist\array"
"C:\valente_conecta\node_modules\es-toolkit\dist\array\pull.d.ts","pull.d.ts","C:\valente_conecta\node_modules\es-toolkit\dist\array"
"C:\valente_conecta\node_modules\es-toolkit\dist\array\pullAt.d.ts","pullAt.d.ts","C:\valente_conecta\node_modules\es-toolkit\dist\array"
"C:\valente_conecta\node_modules\es-toolkit\dist\array\reduceAsync.d.ts","reduceAsync.d.ts","C:\valente_conecta\node_modules\es-toolkit\dist\array"
"C:\valente_conecta\node_modules\es-toolkit\dist\array\remove.d.ts","remove.d.ts","C:\valente_conecta\node_modules\es-toolkit\dist\array"
"C:\valente_conecta\node_modules\es-toolkit\dist\array\sample.d.ts","sample.d.ts","C:\valente_conecta\node_modules\es-toolkit\dist\array"
"C:\valente_conecta\node_modules\es-toolkit\dist\array\sampleSize.d.ts","sampleSize.d.ts","C:\valente_conecta\node_modules\es-toolkit\dist\array"
"C:\valente_conecta\node_modules\es-toolkit\dist\array\shuffle.d.ts","shuffle.d.ts","C:\valente_conecta\node_modules\es-toolkit\dist\array"
"C:\valente_conecta\node_modules\es-toolkit\dist\array\sortBy.d.ts","sortBy.d.ts","C:\valente_conecta\node_modules\es-toolkit\dist\array"
"C:\valente_conecta\node_modules\es-toolkit\dist\array\tail.d.ts","tail.d.ts","C:\valente_conecta\node_modules\es-toolkit\dist\array"
"C:\valente_conecta\node_modules\es-toolkit\dist\array\take.d.ts","take.d.ts","C:\valente_conecta\node_modules\es-toolkit\dist\array"
"C:\valente_conecta\node_modules\es-toolkit\dist\array\takeRight.d.ts","takeRight.d.ts","C:\valente_conecta\node_modules\es-toolkit\dist\array"
"C:\valente_conecta\node_modules\es-toolkit\dist\array\takeRightWhile.d.ts","takeRightWhile.d.ts","C:\valente_conecta\node_modules\es-toolkit\dist\array"
"C:\valente_conecta\node_modules\es-toolkit\dist\array\takeWhile.d.ts","takeWhile.d.ts","C:\valente_conecta\node_modules\es-toolkit\dist\array"
"C:\valente_conecta\node_modules\es-toolkit\dist\array\toFilled.d.ts","toFilled.d.ts","C:\valente_conecta\node_modules\es-toolkit\dist\array"
"C:\valente_conecta\node_modules\es-toolkit\dist\array\union.d.ts","union.d.ts","C:\valente_conecta\node_modules\es-toolkit\dist\array"
"C:\valente_conecta\node_modules\es-toolkit\dist\array\unionBy.d.ts","unionBy.d.ts","C:\valente_conecta\node_modules\es-toolkit\dist\array"
"C:\valente_conecta\node_modules\es-toolkit\dist\array\unionWith.d.ts","unionWith.d.ts","C:\valente_conecta\node_modules\es-toolkit\dist\array"
"C:\valente_conecta\node_modules\es-toolkit\dist\array\uniq.d.ts","uniq.d.ts","C:\valente_conecta\node_modules\es-toolkit\dist\array"
"C:\valente_conecta\node_modules\es-toolkit\dist\array\uniqBy.d.ts","uniqBy.d.ts","C:\valente_conecta\node_modules\es-toolkit\dist\array"
"C:\valente_conecta\node_modules\es-toolkit\dist\array\uniqWith.d.ts","uniqWith.d.ts","C:\valente_conecta\node_modules\es-toolkit\dist\array"
"C:\valente_conecta\node_modules\es-toolkit\dist\array\unzip.d.ts","unzip.d.ts","C:\valente_conecta\node_modules\es-toolkit\dist\array"
"C:\valente_conecta\node_modules\es-toolkit\dist\array\unzipWith.d.ts","unzipWith.d.ts","C:\valente_conecta\node_modules\es-toolkit\dist\array"
"C:\valente_conecta\node_modules\es-toolkit\dist\array\windowed.d.ts","windowed.d.ts","C:\valente_conecta\node_modules\es-toolkit\dist\array"
"C:\valente_conecta\node_modules\es-toolkit\dist\array\without.d.ts","without.d.ts","C:\valente_conecta\node_modules\es-toolkit\dist\array"
"C:\valente_conecta\node_modules\es-toolkit\dist\array\xor.d.ts","xor.d.ts","C:\valente_conecta\node_modules\es-toolkit\dist\array"
"C:\valente_conecta\node_modules\es-toolkit\dist\array\xorBy.d.ts","xorBy.d.ts","C:\valente_conecta\node_modules\es-toolkit\dist\array"
"C:\valente_conecta\node_modules\es-toolkit\dist\array\xorWith.d.ts","xorWith.d.ts","C:\valente_conecta\node_modules\es-toolkit\dist\array"
"C:\valente_conecta\node_modules\es-toolkit\dist\array\zip.d.ts","zip.d.ts","C:\valente_conecta\node_modules\es-toolkit\dist\array"
"C:\valente_conecta\node_modules\es-toolkit\dist\array\zipObject.d.ts","zipObject.d.ts","C:\valente_conecta\node_modules\es-toolkit\dist\array"
